id,amount,amount_paid,amount_due,currency,receipt,offer_id,status,attempts,notes,created_at
order_YWMuVUEW5SsEZk,6490.00,6490.00,0.00,INR,rcpt-36031,,paid,1,[],2026-06-01 00:00:00
order_itk7gpIC35mbDR,4090.50,4090.50,0.00,INR,rcpt-34649,,paid,1,[],2026-06-01 07:13:29
order_NLnvKtDrIhUZsY,23664.50,23664.50,0.00,INR,rcpt-15965,,paid,1,[],01/06/2026 14:26:58
order_zfoCneSqMaICLU,19544.00,19544.00,0.00,INR,rcpt-60089,,paid,1,[],2026-06-01 21:39:27
order_9YIL8HWKhYlQYR,328.00,328.00,0.00,INR,rcpt-29893,,paid,1,[],2026-06-01 04:52:56
order_WHuiURde0kiQoE,5335.00,5335.00,0.00,INR,rcpt-37063,,paid,1,[],2026-06-01 11:05:25
order_qjwS2jS7MoEQsp,3369.00,3369.00,0.00,INR,rcpt-17166,,paid,1,[],2026-06-01 18:18:54
order_pUG2slxDrrHtD2,24285.50,24285.50,0.00,INR,rcpt-27929,,paid,1,[],01/06/2026 01:31:23
order_YSTum7cIrAvPBx,20549.00,20549.00,0.00,INR,rcpt-59193,,paid,1,[],2026-06-01 08:44:52
order_ToYLurfqZ52VYb,2841.50,2841.50,0.00,INR,rcpt-82558,,paid,1,[],01/06/2026 15:57:21
order_lStvH6azqmdVvx,613.50,613.50,0.00,INR,rcpt-39531,,paid,1,[],2026-06-01 22:10:50
order_EA54qGA2TyJt3w,8867.00,8867.00,0.00,INR,rcpt-74600,,paid,1,[],2026-06-01 05:23:19
order_vV4CtLAqTUwY7v,2839.00,2839.00,0.00,INR,rcpt-62527,,paid,1,[],2026-01-06 12:36:48
order_SMm1RZlHaEMkBL,20192.00,20192.00,0.00,INR,rcpt-38696,,paid,1,[],01/06/2026 19:49:17
order_i0L9MO2aj0rxGI,20170.00,20170.00,0.00,INR,rcpt-64208,,paid,1,[],2026-01-06 02:02:46
order_1PJCBFDwvKa251,7319.00,7319.00,0.00,INR,rcpt-17431,,paid,1,[],01/06/2026 09:15:15
order_g23aNs0JGWXaHC,4666.50,4666.50,0.00,INR,rcpt-79011,,paid,1,[],01/06/2026 16:28:44
order_84wRbCOgdMk725,14995.00,14995.00,0.00,INR,rcpt-71121,,paid,1,[],46174.98695601852
order_8Hrz1PPjfz7CdV,4567.00,4567.00,0.00,INR,rcpt-42235,,paid,1,[],2026-06-01 06:54:42
order_HQaYetK5V26lCM,8121.00,8121.00,0.00,INR,rcpt-58423,,paid,1,[],46174.54665509259
order_pdqnIfNB8501de,1939.00,1939.00,0.00,INR,rcpt-69402,,paid,1,[],2026-06-01 20:20:40
order_BaZze90QvZMtMC,978.00,978.00,0.00,INR,rcpt-85142,,paid,1,[],01/06/2026 03:33:09
order_ieElURQooeNqEt,4235.50,4235.50,0.00,INR,rcpt-74710,,paid,1,[],2026-01-06 10:46:38
order_2LBn9meZsffSb6,9767.00,9767.00,0.00,INR,rcpt-78689,,paid,1,[],2026-06-02 17:59:07
order_azjiyTMuq7Fd2l,4792.50,4792.50,0.00,INR,rcpt-33261,,paid,1,[],2026-06-02 00:12:36
order_FxjuYkQc6EobTQ,673.00,673.00,0.00,INR,rcpt-38921,,paid,1,[],2026-06-02 07:25:05
order_5PkcFBhpCQ7zGY,977.00,977.00,0.00,INR,rcpt-76556,,paid,1,[],02/06/2026 14:38:34
order_lx7sKp6FqPg5V0,682.00,682.00,0.00,INR,rcpt-97916,,paid,1,[],2026-06-02 21:51:03
order_lisfexeCdradDT,18613.50,18613.50,0.00,INR,rcpt-52219,,paid,1,[],02/06/2026 04:04:32
order_aTYS4PCFJfONB3,7244.50,7244.50,0.00,INR,rcpt-51065,,paid,1,[],2026-06-02 11:17:01
order_jAQoVkUnzT5X9J,7584.00,7584.00,0.00,INR,rcpt-98985,,paid,1,[],2026-06-02 18:30:30
order_71L13Z7Fxigpyc,6235.50,6235.50,0.00,INR,rcpt-78418,,paid,1,[],2026-06-02 01:43:59
order_YBRxXMajaNegfI,4733.00,4733.00,0.00,INR,rcpt-11189,,paid,1,[],02/06/2026 08:56:28
order_B6sEOHwnNawbQD,17445.50,17445.50,0.00,INR,rcpt-42519,,paid,1,[],2026-06-02 15:09:57
order_RNA6XRqsC2YqU6,13597.50,13597.50,0.00,INR,rcpt-72046,,paid,1,[],2026-06-02 22:22:26
order_GlAi1UIjYKqkeO,16062.00,16062.00,0.00,INR,rcpt-33071,,paid,1,[],2026-06-02 05:35:55
order_6kGI9i8axrYvCL,381.50,381.50,0.00,INR,rcpt-47066,,paid,1,[],2026-06-02 12:48:24
order_qebSWO4l5ksqCR,3924.50,3924.50,0.00,INR,rcpt-29581,,paid,1,[],02/06/2026 19:01:53
order_XJ2MoweoRmHTpo,4709.50,4709.50,0.00,INR,rcpt-44712,,paid,1,[],2026-06-02 02:14:22
order_1iqaRKPDFr7Acn,10904.50,10904.50,0.00,INR,rcpt-97549,,paid,1,[],2026-06-02 09:27:51
order_i9lWt56xlX7HlE,3541.00,3541.00,0.00,INR,rcpt-28065,,paid,1,[],02/06/2026 16:40:20
order_iaD3HPPC6amRzc,1366.00,1366.00,0.00,INR,rcpt-13092,,paid,1,[],2026-06-02 23:53:49
order_MtUsU3QE7tkJh2,21839.00,21839.00,0.00,INR,rcpt-58180,,paid,1,[],2026-06-02 06:06:18
order_BEYwzyUiOVckF9,1642.00,1642.00,0.00,INR,rcpt-37403,,paid,1,[],46175.55540509259
order_KkQWBTGaU23Fm6,411.50,411.50,0.00,INR,rcpt-77678,,paid,1,[],2026-06-02 20:32:16
order_LC5ZoKLP7voN8c,772.50,772.50,0.00,INR,rcpt-55904,,paid,1,[],02/06/2026 03:45:45
order_1lQ8TuY0UHgsKh,12238.00,12238.00,0.00,INR,rcpt-65614,,paid,1,[],2026-06-02 10:58:14
order_LYtH8WPSBqc9Bi,360.50,360.50,0.00,INR,rcpt-29662,,paid,1,[],46175.716469907406
order_RfBptFO1yudakf,9678.00,9678.00,0.00,INR,rcpt-78267,,paid,1,[],2026-06-02 00:24:12
order_xV0AzGoRJLT5em,4772.00,4772.00,0.00,INR,rcpt-31394,,paid,1,[],02/06/2026 07:37:41
order_rqR0hzDM1gnmp9,1926.50,1926.50,0.00,INR,rcpt-85821,,paid,1,[],2026-06-02 14:50:10
order_JWPS7YmHIPz02l,2700.00,2700.00,0.00,INR,rcpt-82743,,paid,1,[],2026-02-06 21:03:39
order_OK7j8zFe3P4edy,11655.50,11655.50,0.00,INR,rcpt-34988,,paid,1,[],02/06/2026 04:16:08
order_pZ3mTlOpqtBusg,235.50,235.50,0.00,INR,rcpt-52438,,paid,1,[],02/06/2026 11:29:37
order_4Xz8jud9fNOlIA,338.50,338.50,0.00,INR,rcpt-54047,,paid,1,[],2026-06-03 18:42:06
order_3TxRSdR7D2JHph,658.00,658.00,0.00,INR,rcpt-22909,,paid,1,[],46176.0802662037
order_XUfu2Z8F3uAEnT,368.50,368.50,0.00,INR,rcpt-99381,,paid,1,[],2026-06-03 08:08:04
order_1i86cz8AjemvaB,492.00,492.00,0.00,INR,rcpt-36769,,paid,1,[],2026-06-03 15:21:33
order_32u5jDap7z7x9B,501.50,501.50,0.00,INR,rcpt-18448,,paid,1,[],2026-06-03 22:34:02
order_GkwwU8tPGOHnJn,1025.50,1025.50,0.00,INR,rcpt-34816,,paid,1,[],2026-06-03 05:47:31
order_KXEheLRl7s5arr,15607.00,15607.00,0.00,INR,rcpt-19152,,paid,1,[],03/06/2026 12:00:00
order_PoRubSPmfUsFkp,3998.50,3998.50,0.00,INR,rcpt-49991,,paid,1,[],2026-06-03 19:13:29
order_v6JUpuszbMf0NQ,1887.50,1887.50,0.00,INR,rcpt-82184,,paid,1,[],2026-06-03 02:26:58
order_SgfcRZQlRAxmEx,13861.50,13861.50,0.00,INR,rcpt-32937,,paid,1,[],2026-06-03 09:39:27
order_8tX7UPuxI7hGSH,15360.00,15360.00,0.00,INR,rcpt-61418,,paid,1,[],03/06/2026 16:52:56
order_ARjxW2Z9VuvCMt,16431.50,16431.50,0.00,INR,rcpt-30688,,paid,1,[],2026-06-03 23:05:25
order_la8ixUg1D0TDJE,318.00,318.00,0.00,INR,rcpt-82527,,paid,1,[],03/06/2026 06:18:54
order_hVdLH69IC0xCZ8,20538.50,20538.50,0.00,INR,rcpt-81032,,paid,1,[],2026-06-03 13:31:23
order_OgkJFSNuGifHjL,683.00,683.00,0.00,INR,rcpt-90284,,paid,1,[],46176.86449074074
order_rGWMAROSmZeZ8V,20295.00,20295.00,0.00,INR,rcpt-86062,,paid,1,[],2026-06-03 03:57:21
order_ARqkz9GzFVzBXw,17997.50,17997.50,0.00,INR,rcpt-10071,,paid,1,[],03/06/2026 10:10:50
order_VHm9f2rDSPD7Mf,13461.00,13461.00,0.00,INR,rcpt-93929,,paid,1,[],03/06/2026 17:23:19
order_7Ug79xXO4m6fx4,380.50,380.50,0.00,INR,rcpt-93231,,paid,1,[],2026-06-03 00:36:48
order_vjzUNQq1osP04o,243.00,243.00,0.00,INR,rcpt-27013,,paid,1,[],2026-06-03 07:49:17
order_x3dFZuDvylYiPn,13571.00,13571.00,0.00,INR,rcpt-68947,,paid,1,[],2026-06-03 14:02:46
order_libPNCE2XPeevW,996.00,996.00,0.00,INR,rcpt-42830,,paid,1,[],2026-06-03 21:15:15
order_mLR4SJdpohlKyM,400.00,400.00,0.00,INR,rcpt-69447,,paid,1,[],2026-06-03 04:28:44
order_b6a8tkbuOclewB,16573.50,16573.50,0.00,INR,rcpt-72065,,paid,1,[],2026-06-03 11:41:13
order_ZxHA4nIys6fh88,3070.00,3070.00,0.00,INR,rcpt-78978,,paid,1,[],2026-06-03 18:54:42
order_KLfdsSd2oaSnGR,11548.00,11548.00,0.00,INR,rcpt-88216,,paid,1,[],46176.04665509259
order_EkTmaCDJoErjGU,893.00,893.00,0.00,INR,rcpt-35884,,paid,1,[],2026-06-03 08:20:40
order_Ey6ZUls7dz3bpb,642.00,642.00,0.00,INR,rcpt-45724,,paid,1,[],46176.64802083333
order_LbXn5Lej9CWEiF,4964.50,4964.50,0.00,INR,rcpt-62507,,paid,1,[],2026-06-03 22:46:38
order_qYo7DFBv0JFGSc,819.50,819.50,0.00,INR,rcpt-61336,,paid,1,[],2026-06-03 05:59:07
order_nKa6A8erGYfWxb,401.50,401.50,0.00,INR,rcpt-16446,,paid,1,[],03/06/2026 12:12:36
order_kdEiFBS8qUcL3m,10119.00,10119.00,0.00,INR,rcpt-55575,,paid,1,[],2026-06-03 19:25:05
order_riSoKpN0aykPND,445.50,445.50,0.00,INR,rcpt-76384,,paid,1,[],2026-06-03 02:38:34
order_OJ6I6ul2xMW0wh,920.00,920.00,0.00,INR,rcpt-75430,,paid,1,[],03/06/2026 09:51:03
order_5PKjvdhrC4rpi9,4875.00,4875.00,0.00,INR,rcpt-66448,,paid,1,[],03/06/2026 16:04:32
order_ewy0jawI87jJh2,610.50,610.50,0.00,INR,rcpt-43208,,paid,1,[],2026-06-03 23:17:01
order_7VCxM0p6tCRd08,12972.50,12972.50,0.00,INR,rcpt-35437,,paid,1,[],03/06/2026 06:30:30
order_Gse4eyaFoCsGHu,3169.50,3169.50,0.00,INR,rcpt-55159,,paid,1,[],03/06/2026 13:43:59
order_s5qHznTVZDHtsU,405.00,405.00,0.00,INR,rcpt-62081,,paid,1,[],2026-06-03 20:56:28
order_FwFBYBCOrdiuBR,11098.50,11098.50,0.00,INR,rcpt-79587,,paid,1,[],2026-06-03 03:09:57
order_FMhAQSfEZ0WqaJ,8094.50,8094.50,0.00,INR,rcpt-51688,,paid,1,[],2026-06-04 10:22:26
order_lEMBSDTihYXaHg,3365.50,3365.50,0.00,INR,rcpt-64334,,paid,1,[],2026-06-04 17:35:55
order_qNprZssZpJOOlu,2744.50,2744.50,0.00,INR,rcpt-31135,,paid,1,[],46177.03361111111
order_rkwwB6Y4blh6mZ,467.00,467.00,0.00,INR,rcpt-16309,,paid,1,[],2026-06-04 07:01:53
order_y9xX2m81dM0QoK,11946.50,11946.50,0.00,INR,rcpt-73779,,paid,1,[],2026-06-04 14:14:22
order_2jVoM9hbbMCxEp,855.00,855.00,0.00,INR,rcpt-87235,,paid,1,[],2026-06-04 21:27:51
order_8xgBlLdqkywlbl,1264.00,1264.00,0.00,INR,rcpt-72483,,paid,1,[],46177.19467592592
order_o7km4mDycBUa9e,4923.00,4923.00,0.00,INR,rcpt-69082,,paid,1,[],04/06/2026 11:53:49
order_Liqly69fkii7Aq,9668.50,9668.50,0.00,INR,rcpt-17227,,paid,1,[],46177.754375
order_oPofB0HdwSbW8Y,1958.50,1958.50,0.00,INR,rcpt-75790,,paid,1,[],2026-06-04 01:19:47
order_GYbK2NBxOB6SVL,928.50,928.50,0.00,INR,rcpt-56410,,paid,1,[],2026-06-04 08:32:16
order_8cqhVW9gnutnsW,11473.00,11473.00,0.00,INR,rcpt-23606,,paid,1,[],2026-06-04 15:45:45
order_lbhEA7r8lJtpci,1384.50,1384.50,0.00,INR,rcpt-66045,,paid,1,[],2026-06-04 22:58:14
order_8OzHFUblUEmkts,886.50,886.50,0.00,INR,rcpt-57833,,paid,1,[],2026-04-06 05:11:43
order_S6giUAfcBolIkz,229.50,229.50,0.00,INR,rcpt-34727,,paid,1,[],2026-06-04 12:24:12
order_IjVZvwhVIpVjIN,3301.00,3301.00,0.00,INR,rcpt-60791,,paid,1,[],2026-04-06 19:37:41
order_7LBrShXtUQpYWx,616.00,616.00,0.00,INR,rcpt-56416,,paid,1,[],04/06/2026 02:50:10
order_zsL8VvjGw0JWzN,13427.50,13427.50,0.00,INR,rcpt-31707,,paid,1,[],2026-06-04 09:03:39
order_lMdXzt7g9QEsBh,1091.50,1091.50,0.00,INR,rcpt-18968,,paid,1,[],2026-06-04 16:16:08
order_rVUNjk8oi0CCLd,424.50,424.50,0.00,INR,rcpt-63388,,paid,1,[],2026-06-04 23:29:37
order_fMYWat75NkDBuc,4905.00,4905.00,0.00,INR,rcpt-95813,,paid,1,[],46177.27923611111
order_cFvLEV3tQXH3UK,7696.00,7696.00,0.00,INR,rcpt-43213,,paid,1,[],04/06/2026 13:55:35
order_7V23xW4lFQCk3k,4415.50,4415.50,0.00,INR,rcpt-57369,,paid,1,[],2026-06-04 20:08:04
order_jy4OstGZPZ58xk,1304.50,1304.50,0.00,INR,rcpt-14907,,paid,1,[],2026-06-04 03:21:33
order_DkpvTrS7GevIBV,3420.00,3420.00,0.00,INR,rcpt-17281,,paid,1,[],2026-06-04 10:34:02
order_pTEnox7gOLHDM9,2681.50,2681.50,0.00,INR,rcpt-94856,,paid,1,[],46177.74133101852
order_NBpMgghrjx3jph,2976.50,2976.50,0.00,INR,rcpt-67826,,paid,1,[],2026-06-04 00:00:00
order_7dyPSh2BWKHUiz,18490.00,18490.00,0.00,INR,rcpt-69300,,paid,1,[],46177.301030092596
order_ZRriFJM8oAwvZP,12529.00,12529.00,0.00,INR,rcpt-53753,,paid,1,[],2026-06-04 14:26:58
order_cp53b1QeM15giE,4637.50,4637.50,0.00,INR,rcpt-31966,,paid,1,[],2026-06-04 21:39:27
order_DfNBZrS99RF5ed,9946.00,9946.00,0.00,INR,rcpt-78210,,paid,1,[],2026-06-04 04:52:56
order_fUgmhXeO2xUHz8,21211.50,21211.50,0.00,INR,rcpt-89660,,paid,1,[],2026-06-04 11:05:25
order_uzEpVbvPrkuSOi,964.00,964.00,0.00,INR,rcpt-10209,,paid,1,[],2026-06-04 18:18:54
order_MVNV8GcTfX6APg,697.50,697.50,0.00,INR,rcpt-27544,,paid,1,[],2026-06-04 01:31:23
order_6DMrvUXnXChCna,2081.00,2081.00,0.00,INR,rcpt-28275,,paid,1,[],46177.36449074074
order_gYT4GoP0HkyWMB,5865.00,5865.00,0.00,INR,rcpt-31774,,paid,1,[],2026-06-04 15:57:21
order_vXgPkqoHWvucMa,3536.50,3536.50,0.00,INR,rcpt-19079,,paid,1,[],2026-06-04 22:10:50
order_bVnJtYHlgYIUkO,2587.50,2587.50,0.00,INR,rcpt-33207,,paid,1,[],2026-06-05 05:23:19
order_GNV5A1lswW1M8l,1020.00,1020.00,0.00,INR,rcpt-77362,,paid,1,[],2026-06-06 12:36:48
order_nPPDewlYVb44Fd,9950.00,9950.00,0.00,INR,rcpt-39981,,paid,1,[],2026-06-06 19:49:17
order_Aa7YYnDF4Wdg9P,2365.00,2365.00,0.00,INR,rcpt-30775,,paid,1,[],2026-06-06 02:02:46
order_kJUhuZJ5NX6vJA,3886.50,3886.50,0.00,INR,rcpt-11681,,paid,1,[],06/06/2026 09:15:15
order_egD4J2TvazJJ5a,21342.50,21342.50,0.00,INR,rcpt-73297,,paid,1,[],46179.68662037037
order_x9fWrPIos5MdRV,1399.50,1399.50,0.00,INR,rcpt-13171,,paid,1,[],06/06/2026 23:41:13
order_sNwTPRYYX9Vmwa,746.00,746.00,0.00,INR,rcpt-72697,,paid,1,[],06/06/2026 06:54:42
order_WxpFmwxdzPXcGS,1945.00,1945.00,0.00,INR,rcpt-87707,,paid,1,[],2026-06-06 13:07:11
order_PFQTvdVK6blxqk,4789.00,4789.00,0.00,INR,rcpt-99907,,paid,1,[],06/06/2026 20:20:40
order_i6B6fWfy4cqsdI,4745.00,4745.00,0.00,INR,rcpt-41605,,paid,1,[],46179.14802083333
order_7eErhc1g29Cobc,567.50,567.50,0.00,INR,rcpt-65628,,paid,1,[],06/06/2026 10:46:38
order_uLMf9Eoaz9NCMU,19790.00,19790.00,0.00,INR,rcpt-83217,,paid,1,[],2026-06-06 17:59:07
order_qwDH0pyaiWN4rc,20658.00,20658.00,0.00,INR,rcpt-61994,,paid,1,[],46179.00875
order_O3gPAPYR8qgq5c,800.00,800.00,0.00,INR,rcpt-40740,,paid,1,[],06/06/2026 07:25:05
order_8yPDYHn9qGzH5x,9321.00,9321.00,0.00,INR,rcpt-43926,,paid,1,[],2026-06-06 14:38:34
order_Sfi6QMtrhsEcsF,8558.50,8558.50,0.00,INR,rcpt-15510,,paid,1,[],2026-06-06 21:51:03
order_YPZQvyEeAg69FC,10870.00,10870.00,0.00,INR,rcpt-17386,,paid,1,[],2026-06-06 04:04:32
order_V0nZEm5sEX3xO1,354.50,354.50,0.00,INR,rcpt-68146,,paid,1,[],06/06/2026 11:17:01
order_AfAwZ8jnYs9v7o,15611.00,15611.00,0.00,INR,rcpt-73914,,paid,1,[],06/06/2026 18:30:30
order_3lLltlzSGYcB6Q,23008.50,23008.50,0.00,INR,rcpt-87600,,paid,1,[],06/06/2026 01:43:59
order_d3yymsKE1ivYfN,753.00,753.00,0.00,INR,rcpt-27058,,paid,1,[],46179.3725462963
order_GU1FQlhtRbGnKE,5546.00,5546.00,0.00,INR,rcpt-19824,,paid,1,[],46179.63190972222
order_60APjKPoScbLt3,8344.00,8344.00,0.00,INR,rcpt-14510,,paid,1,[],2026-06-06 22:22:26
order_cKCgi8b6SpyyEh,14363.50,14363.50,0.00,INR,rcpt-67330,,paid,1,[],06/06/2026 05:35:55
order_uvAcuGWNH34L0H,445.00,445.00,0.00,INR,rcpt-47018,,paid,1,[],46179.53361111111
order_4mXqyUGxi3ieuH,717.50,717.50,0.00,INR,rcpt-28794,,paid,1,[],2026-06-06 19:01:53
order_8uHxtJ79BYJq4X,18105.00,18105.00,0.00,INR,rcpt-16157,,paid,1,[],06/06/2026 02:14:22
order_LwR9jzvHibN2H9,21141.00,21141.00,0.00,INR,rcpt-69374,,paid,1,[],2026-06-06 09:27:51
order_nitfoI9cS8Fccy,14991.50,14991.50,0.00,INR,rcpt-64405,,paid,1,[],2026-06-06 16:40:20
order_0MOGsRsvFIN2I3,8591.50,8591.50,0.00,INR,rcpt-64625,,paid,1,[],2026-06-06 23:53:49
order_IAH1UDVfbvrYww,589.00,589.00,0.00,INR,rcpt-29122,,paid,1,[],2026-06-06 06:06:18
order_57QUsrqNNoEH3y,399.50,399.50,0.00,INR,rcpt-93347,,paid,1,[],06/06/2026 13:19:47
order_Lwe6qOjbGsheGE,842.00,842.00,0.00,INR,rcpt-71156,,paid,1,[],2026-06-06 20:32:16
order_61IDaizB1NA3WQ,17316.50,17316.50,0.00,INR,rcpt-17828,,paid,1,[],2026-06-06 03:45:45
order_1PxN3kifmPFy5G,9270.00,9270.00,0.00,INR,rcpt-37309,,paid,1,[],2026-06-06 10:58:14
order_dxkQfghrqJ2grO,2055.00,2055.00,0.00,INR,rcpt-81808,,paid,1,[],2026-06-06 17:11:43
order_JZ6zT5IHPe9mC9,304.00,304.00,0.00,INR,rcpt-21867,,paid,1,[],2026-06-06 00:24:12
order_SBiMsAK96bycVz,8545.00,8545.00,0.00,INR,rcpt-66033,,paid,1,[],2026-06-06 07:37:41
order_6zieEPYCaDw7vx,7532.50,7532.50,0.00,INR,rcpt-90312,,paid,1,[],2026-06-06 14:50:10
order_U6HNX3PgG3gI4e,7454.50,7454.50,0.00,INR,rcpt-35489,,paid,1,[],2026-06-06 21:03:39
order_VrwlccEy9AOGdt,24772.00,24772.00,0.00,INR,rcpt-65644,,paid,1,[],46180.17787037037
order_GjJM34BkLUTYL2,1340.50,1340.50,0.00,INR,rcpt-62730,,paid,1,[],2026-06-07 11:29:37
order_UvsivSU1BNGc9x,873.50,873.50,0.00,INR,rcpt-73588,,paid,1,[],46180.77923611111
order_zLQNZeBo32RqrA,11480.50,11480.50,0.00,INR,rcpt-16722,,paid,1,[],2026-06-07 01:55:35
order_cso9GRNyOeZTTH,17612.50,17612.50,0.00,INR,rcpt-50811,,paid,1,[],2026-06-07 08:08:04
order_5Lk3xr0JGWsIoE,12626.00,12626.00,0.00,INR,rcpt-33062,,paid,1,[],2026-06-07 15:21:33
order_RkBTwMCdwZ0hKH,6420.50,6420.50,0.00,INR,rcpt-21158,,paid,1,[],2026-06-07 22:34:02
order_MluUsCopuSJIBd,892.00,892.00,0.00,INR,rcpt-46322,,paid,1,[],2026-06-07 05:47:31
order_XbD6DKoMGf9l3N,3928.50,3928.50,0.00,INR,rcpt-32520,,paid,1,[],2026-06-07 12:00:00
order_iGWTd52q8jUrt4,5777.00,5777.00,0.00,INR,rcpt-29135,,paid,1,[],2026-07-06 19:13:29
order_ibnVjq88YFWT3r,7691.00,7691.00,0.00,INR,rcpt-78799,,paid,1,[],2026-06-07 02:26:58
order_aUg7HYZo0MMpWW,1718.50,1718.50,0.00,INR,rcpt-72258,,paid,1,[],07/06/2026 09:39:27
order_SZgCB6BZzT55xu,11375.50,11375.50,0.00,INR,rcpt-29149,,paid,1,[],2026-06-07 16:52:56
order_BUgOgtXLGZinUl,16241.50,16241.50,0.00,INR,rcpt-43640,,paid,1,[],07/06/2026 23:05:25
order_i9aghVrOR1Fqf1,3128.00,3128.00,0.00,INR,rcpt-65569,,paid,1,[],46180.263125
order_3o4Xa24sUiuapp,402.00,402.00,0.00,INR,rcpt-22994,,paid,1,[],2026-06-07 13:31:23
order_9yFOyXfrY3Tl1P,3087.50,3087.50,0.00,INR,rcpt-87690,,paid,1,[],2026-06-07 20:44:52
order_RWhSsMFsquIW50,19531.50,19531.50,0.00,INR,rcpt-85209,,paid,1,[],07/06/2026 03:57:21
order_bcAicrAddmoUYB,3471.00,3471.00,0.00,INR,rcpt-12403,,paid,1,[],07/06/2026 10:10:50
order_JKCqbmorZdgtFZ,16149.00,16149.00,0.00,INR,rcpt-65925,,paid,1,[],46180.72452546296
order_lWFLQZ70voM3qK,838.00,838.00,0.00,INR,rcpt-12855,,paid,1,[],2026-06-07 00:36:48
order_wUc5BdhufCbSGI,10279.50,10279.50,0.00,INR,rcpt-59419,,paid,1,[],07/06/2026 07:49:17
order_gElx2ly9dkibWI,22049.50,22049.50,0.00,INR,rcpt-48108,,paid,1,[],2026-06-07 14:02:46
order_LCNhcHABZkDBxB,19355.50,19355.50,0.00,INR,rcpt-87684,,paid,1,[],07/06/2026 21:15:15
order_cBNocUgByN7H5w,369.00,369.00,0.00,INR,rcpt-24775,,paid,1,[],46180.18662037037
order_Ak9Fy9PXu4LCxd,3451.50,3451.50,0.00,INR,rcpt-78760,,paid,1,[],2026-06-07 11:41:13
order_wE04s3CLhtu8wG,14820.50,14820.50,0.00,INR,rcpt-12663,,paid,1,[],2026-06-07 18:54:42
order_5gmia9SIdfRB7k,2514.00,2514.00,0.00,INR,rcpt-93138,,paid,1,[],07/06/2026 01:07:11
order_L9Bxp2dYo9Ovgh,3358.50,3358.50,0.00,INR,rcpt-20865,,paid,1,[],2026-07-06 08:20:40
order_6isnosOUmcRQG5,347.00,347.00,0.00,INR,rcpt-37414,,paid,1,[],2026-06-07 15:33:09
order_0TlbUItE5bybng,2581.00,2581.00,0.00,INR,rcpt-75142,,paid,1,[],2026-06-07 22:46:38
order_RDKNpguNe125rR,15606.00,15606.00,0.00,INR,rcpt-93174,,paid,1,[],2026-06-07 05:59:07
order_6FyZGC5raVazfG,8402.00,8402.00,0.00,INR,rcpt-36727,,paid,1,[],07/06/2026 12:12:36
order_sQdHYKhnu1mkr4,357.50,357.50,0.00,INR,rcpt-51630,,paid,1,[],46180.80908564815
order_k8TNZU9oTYJebl,500.50,500.50,0.00,INR,rcpt-94660,,paid,1,[],2026-06-07 02:38:34
order_jbNIs68bgfaDOs,13810.00,13810.00,0.00,INR,rcpt-28204,,paid,1,[],2026-06-07 09:51:03
order_3V7wfQqbWcJqGA,18927.50,18927.50,0.00,INR,rcpt-38813,,paid,1,[],07/06/2026 16:04:32
order_7CfZcVm0358W9d,4613.50,4613.50,0.00,INR,rcpt-25397,,paid,1,[],2026-06-08 23:17:01
order_U8hFfzBkgG4mZQ,8850.50,8850.50,0.00,INR,rcpt-32768,,paid,1,[],2026-06-08 06:30:30
order_IYg4mwzcjXHyRX,1423.50,1423.50,0.00,INR,rcpt-90330,,paid,1,[],2026-06-08 13:43:59
order_McCo1qjyFt3LSm,4478.50,4478.50,0.00,INR,rcpt-30762,,paid,1,[],2026-06-08 20:56:28
order_35dHA70acSILDv,609.50,609.50,0.00,INR,rcpt-82703,,paid,1,[],46181.13190972222
order_z9LvUJeRoAhTfI,20412.50,20412.50,0.00,INR,rcpt-81343,,paid,1,[],2026-06-08 10:22:26
order_n7yLPjhAEta7hW,819.50,819.50,0.00,INR,rcpt-64808,,paid,1,[],2026-06-08 17:35:55
order_NBUNMbEzz24NJU,5829.50,5829.50,0.00,INR,rcpt-30955,,paid,1,[],2026-06-08 00:48:24
order_TN3wk5QXcYyTFw,4080.00,4080.00,0.00,INR,rcpt-22930,,paid,1,[],46181.292974537035
order_wT8lQGO5ztw7DW,2099.00,2099.00,0.00,INR,rcpt-98690,,paid,1,[],2026-06-08 14:14:22
order_aMFyG9N7onubUI,362.50,362.50,0.00,INR,rcpt-27774,,paid,1,[],08/06/2026 21:27:51
order_8QwdlImC8EmSi9,2498.50,2498.50,0.00,INR,rcpt-83774,,paid,1,[],46181.19467592592
order_YyfbjZD6bkmAdj,14956.50,14956.50,0.00,INR,rcpt-43053,,paid,1,[],08/06/2026 11:53:49
order_Q9DzV3rnh1OxRy,1542.00,1542.00,0.00,INR,rcpt-71050,,paid,1,[],2026-06-08 18:06:18
order_WL9JUH9oBOxRfq,10878.50,10878.50,0.00,INR,rcpt-44546,,paid,1,[],2026-06-08 01:19:47
order_i8w1sooNXfDvCj,2830.00,2830.00,0.00,INR,rcpt-63131,,paid,1,[],46181.35574074074
order_jsLOXJetOeS8TF,2738.00,2738.00,0.00,INR,rcpt-80170,,paid,1,[],2026-06-08 15:45:45
order_jf9f9MEHNO87ky,204.00,204.00,0.00,INR,rcpt-38332,,paid,1,[],46181.95710648148
order_X49aBvjKTOBRgu,2847.00,2847.00,0.00,INR,rcpt-56085,,paid,1,[],46181.216469907406
order_9Oa07X9CnPyZXa,3026.50,3026.50,0.00,INR,rcpt-87477,,paid,1,[],2026-06-08 12:24:12
order_S9t95cvXRsTEBn,24979.50,24979.50,0.00,INR,rcpt-24442,,paid,1,[],2026-06-08 19:37:41
order_nRgPYjXRhjws84,3197.00,3197.00,0.00,INR,rcpt-49042,,paid,1,[],2026-06-08 02:50:10
order_TgDOAWYvoRP4Dz,600.50,600.50,0.00,INR,rcpt-31872,,paid,1,[],46181.377534722225
order_ES8PVFQ1bCFCB4,9526.50,9526.50,0.00,INR,rcpt-51852,,paid,1,[],08/06/2026 16:16:08
order_D77E9EDsEIO40O,3155.50,3155.50,0.00,INR,rcpt-25999,,paid,1,[],2026-06-08 23:29:37
order_lY5Tc5hSUD49WJ,481.50,481.50,0.00,INR,rcpt-66102,,paid,1,[],08/06/2026 06:42:06
order_4vZinjXj3C3xbT,8573.00,8573.00,0.00,INR,rcpt-63024,,paid,1,[],08/06/2026 13:55:35
order_QkmniNNyGlvUNj,4308.50,4308.50,0.00,INR,rcpt-87950,,paid,1,[],2026-06-08 20:08:04
order_U980trtOmxntR0,4047.50,4047.50,0.00,INR,rcpt-33848,,paid,1,[],08/06/2026 03:21:33
order_RzI3WcJZT1nVJ2,763.00,763.00,0.00,INR,rcpt-66041,,paid,1,[],2026-06-08 10:34:02
order_BDI8pGUCfKoLpI,1783.00,1783.00,0.00,INR,rcpt-72493,,paid,1,[],2026-08-06 17:47:31
order_hLRR79pIA7RZlH,24409.50,24409.50,0.00,INR,rcpt-42961,,paid,1,[],2026-06-08 00:00:00
order_mj8aYTGM2sCqmd,419.50,419.50,0.00,INR,rcpt-66715,,paid,1,[],46181.301030092596
order_R0eOx3oA53GyoR,287.50,287.50,0.00,INR,rcpt-94189,,paid,1,[],08/06/2026 14:26:58
order_jJn1aLDPS3Kllu,9430.50,9430.50,0.00,INR,rcpt-71936,,paid,1,[],2026-06-08 21:39:27
order_DFY0QKf4xcA0DL,21118.50,21118.50,0.00,INR,rcpt-21572,,paid,1,[],2026-06-08 04:52:56
order_zSnGWxx1dJGdCV,1489.00,1489.00,0.00,INR,rcpt-61797,,paid,1,[],2026-08-06 11:05:25
order_zzNOq9QFVhCyMn,255.00,255.00,0.00,INR,rcpt-14044,,paid,1,[],2026-06-08 18:18:54
order_LULCbL1ubaJhZM,2622.50,2622.50,0.00,INR,rcpt-12253,,paid,1,[],2026-06-08 01:31:23
order_jz8OY2lZvO07MQ,238.50,238.50,0.00,INR,rcpt-61421,,paid,1,[],2026-06-08 08:44:52
order_oTjoMYX0V6n4cW,16109.00,16109.00,0.00,INR,rcpt-53847,,paid,1,[],2026-06-08 15:57:21
order_Ky8aE2zZRaFTTh,2448.00,2448.00,0.00,INR,rcpt-56347,,paid,1,[],08/06/2026 22:10:50
order_ms85ajEeKeiL75,3460.50,3460.50,0.00,INR,rcpt-90123,,paid,1,[],46181.22452546296
order_6HK1luCKaBFDOE,9852.50,9852.50,0.00,INR,rcpt-29310,,paid,1,[],2026-08-06 12:36:48
order_3nHNYnRFx2aNNa,6265.50,6265.50,0.00,INR,rcpt-94612,,paid,1,[],2026-06-08 19:49:17
order_HB0MhLVKGD8gwZ,341.50,341.50,0.00,INR,rcpt-47965,,paid,1,[],2026-06-08 02:02:46
order_SbBIJ4NRCWbT6O,19942.00,19942.00,0.00,INR,rcpt-55190,,paid,1,[],46181.38559027778
order_EJBmFjMh9MBv6o,3760.50,3760.50,0.00,INR,rcpt-78061,,paid,1,[],2026-06-09 16:28:44
order_KTmDBqjqkYvs7t,4845.50,4845.50,0.00,INR,rcpt-71267,,paid,1,[],2026-06-09 23:41:13
order_nVwy0HAd3E2L5S,19637.50,19637.50,0.00,INR,rcpt-30008,,paid,1,[],09/06/2026 06:54:42
order_6Ruc72siurTzug,17440.00,17440.00,0.00,INR,rcpt-63743,,paid,1,[],46182.54665509259
order_e56gCdaDvpKVPB,385.00,385.00,0.00,INR,rcpt-11271,,paid,1,[],09/06/2026 20:20:40
order_O2RnuMhlG43NI5,671.00,671.00,0.00,INR,rcpt-98554,,paid,1,[],2026-06-09 03:33:09
order_8oUtjOFubhMvuJ,8173.00,8173.00,0.00,INR,rcpt-78342,,paid,1,[],46182.44905092593
order_FmKCefsUCc4h9f,610.50,610.50,0.00,INR,rcpt-10247,,paid,1,[],2026-06-09 17:59:07
order_zmrdkg6coTK29m,23688.00,23688.00,0.00,INR,rcpt-38891,,paid,1,[],09/06/2026 00:12:36
order_SH0nIplpbs61FC,647.00,647.00,0.00,INR,rcpt-73426,,paid,1,[],2026-06-09 07:25:05
order_2MCztkTITCPpjo,770.50,770.50,0.00,INR,rcpt-23951,,paid,1,[],2026-06-09 14:38:34
order_tvqEYgRefaAttv,8168.00,8168.00,0.00,INR,rcpt-94432,,paid,1,[],2026-06-09 21:51:03
order_neCVZcp5YpjM8I,2690.00,2690.00,0.00,INR,rcpt-48562,,paid,1,[],2026-06-09 04:04:32
order_C2qayOyXp49dHZ,17448.50,17448.50,0.00,INR,rcpt-79743,,paid,1,[],2026-06-09 11:17:01
order_ZW3teQP5bOCUAQ,16261.50,16261.50,0.00,INR,rcpt-71037,,paid,1,[],2026-06-09 18:30:30
order_Mq0qEMkwClhRe4,17618.00,17618.00,0.00,INR,rcpt-60974,,paid,1,[],2026-06-09 01:43:59
order_BSmirpFi8BgWgO,853.50,853.50,0.00,INR,rcpt-60089,,paid,1,[],2026-06-09 08:56:28
order_kOeUBST5TgyFaR,809.50,809.50,0.00,INR,rcpt-26922,,paid,1,[],46182.63190972222
order_y0DnFXBnM5jHZe,23802.50,23802.50,0.00,INR,rcpt-77107,,paid,1,[],2026-06-09 22:22:26
order_6j0ZABZ2yHQZ8J,3218.50,3218.50,0.00,INR,rcpt-84068,,paid,1,[],2026-06-09 05:35:55
order_tOtgtdq75mJH3Y,213.00,213.00,0.00,INR,rcpt-33380,,paid,1,[],46182.53361111111
order_ENqPb2irrotXup,589.00,589.00,0.00,INR,rcpt-52787,,paid,1,[],09/06/2026 19:01:53
order_V58oZWzk7iC592,13803.00,13803.00,0.00,INR,rcpt-90347,,paid,1,[],2026-06-09 02:14:22
order_NmlqRcGhUuXamN,464.00,464.00,0.00,INR,rcpt-31202,,paid,1,[],09/06/2026 09:27:51
order_Tfkwo1EIpvH1ly,5918.00,5918.00,0.00,INR,rcpt-62610,,paid,1,[],46182.69467592592
order_7IeHqwDdScQaj7,15339.00,15339.00,0.00,INR,rcpt-43754,,paid,1,[],2026-06-09 23:53:49
order_vEOTX27Wt1RAHL,4237.00,4237.00,0.00,INR,rcpt-39915,,paid,1,[],2026-06-09 06:06:18
order_iXhqxYZW5lxpdw,3552.00,3552.00,0.00,INR,rcpt-11689,,paid,1,[],2026-09-06 13:19:47
order_gWsYqoUPrQDRGh,4434.00,4434.00,0.00,INR,rcpt-31097,,paid,1,[],2026-06-09 20:32:16
order_gFm8rwf1CGG4PM,382.50,382.50,0.00,INR,rcpt-42768,,paid,1,[],2026-06-09 03:45:45
order_vFLslKrIwEQ187,17138.50,17138.50,0.00,INR,rcpt-13006,,paid,1,[],09/06/2026 10:58:14
order_NSKmPgzVDkk21I,1305.50,1305.50,0.00,INR,rcpt-33588,,paid,1,[],09/06/2026 17:11:43
order_cAa2ZLxEifkjyw,3678.50,3678.50,0.00,INR,rcpt-86351,,paid,1,[],2026-06-09 00:24:12
order_gHtnijHrOTg13Q,4735.50,4735.50,0.00,INR,rcpt-73604,,paid,1,[],2026-06-09 07:37:41
order_mmXTwcZvQtHhym,9241.00,9241.00,0.00,INR,rcpt-15490,,paid,1,[],2026-06-10 14:50:10
order_4Czagjzo2spI91,7931.00,7931.00,0.00,INR,rcpt-65114,,paid,1,[],2026-06-11 21:03:39
order_o7okuBAVPu8c1Y,2931.00,2931.00,0.00,INR,rcpt-88044,,paid,1,[],46184.17787037037
order_HjI5K7TVGgjMSJ,3776.50,3776.50,0.00,INR,rcpt-61045,,paid,1,[],11/06/2026 11:29:37
order_otwOnoQx1pYAMR,3892.50,3892.50,0.00,INR,rcpt-90741,,paid,1,[],11/06/2026 18:42:06
order_exILRjRDUyrhho,2515.50,2515.50,0.00,INR,rcpt-22722,,paid,1,[],2026-06-11 01:55:35
order_VNCi7JpRofIGtS,272.50,272.50,0.00,INR,rcpt-93284,,paid,1,[],2026-06-11 08:08:04
order_ucLYicgCIhvB9d,11036.50,11036.50,0.00,INR,rcpt-19014,,paid,1,[],2026-06-11 15:21:33
order_z8IVf3MFItoyOU,710.50,710.50,0.00,INR,rcpt-85473,,paid,1,[],2026-06-11 22:34:02
order_dp1sp0DWIcE0Vh,12799.00,12799.00,0.00,INR,rcpt-26377,,paid,1,[],11/06/2026 05:47:31
order_eT6jCaTPa4w90X,21090.50,21090.50,0.00,INR,rcpt-14957,,paid,1,[],2026-06-11 12:00:00
order_yU9tGzna3Ya0DT,970.50,970.50,0.00,INR,rcpt-24413,,paid,1,[],11/06/2026 19:13:29
order_YLPuHfybzNfyvL,510.50,510.50,0.00,INR,rcpt-89655,,paid,1,[],11/06/2026 02:26:58
order_UANMLpz1ZnY7eR,6717.00,6717.00,0.00,INR,rcpt-51853,,paid,1,[],46184.402395833335
order_OFd9EvjfSc78EQ,3057.50,3057.50,0.00,INR,rcpt-67904,,paid,1,[],11/06/2026 16:52:56
order_4XfUUM2Qg5eHoN,411.50,411.50,0.00,INR,rcpt-86019,,paid,1,[],2026-11-06 23:05:25
order_7CWdKl3DWYgunH,3515.00,3515.00,0.00,INR,rcpt-20205,,paid,1,[],2026-06-11 06:18:54
order_AjDcotkvmgouN6,528.50,528.50,0.00,INR,rcpt-29340,,paid,1,[],2026-06-11 13:31:23
order_HFcxcOtPwaaV9I,22240.50,22240.50,0.00,INR,rcpt-49174,,paid,1,[],11/06/2026 20:44:52
order_lOZ6ne3qw3tXGB,22244.50,22244.50,0.00,INR,rcpt-34534,,paid,1,[],2026-11-06 03:57:21
order_1lFnHcrr1ZW5sG,647.00,647.00,0.00,INR,rcpt-84019,,paid,1,[],2026-06-11 10:10:50
order_4AL518gZEBPE3U,2263.00,2263.00,0.00,INR,rcpt-41260,,paid,1,[],11/06/2026 17:23:19
order_cVTaeVfjME1JBZ,4464.00,4464.00,0.00,INR,rcpt-67965,,paid,1,[],2026-11-06 00:36:48
order_HAeSpih9er1P28,21088.50,21088.50,0.00,INR,rcpt-41593,,paid,1,[],11/06/2026 07:49:17
order_OR5W3y3urTDx1t,20270.00,20270.00,0.00,INR,rcpt-86410,,paid,1,[],11/06/2026 14:02:46
order_QWqoOl97BYu2dX,996.50,996.50,0.00,INR,rcpt-83592,,paid,1,[],46184.88559027778
order_xmpA5aYNrUHoXv,485.50,485.50,0.00,INR,rcpt-66953,,paid,1,[],11/06/2026 04:28:44
order_zsuHoB4z5kz5RI,2464.50,2464.50,0.00,INR,rcpt-41753,,paid,1,[],2026-06-11 11:41:13
order_joNIXH1DKnpkQM,12949.50,12949.50,0.00,INR,rcpt-27387,,paid,1,[],2026-06-11 18:54:42
order_DUhsASrg6ryFKC,7657.00,7657.00,0.00,INR,rcpt-40555,,paid,1,[],2026-06-11 01:07:11
order_w8zbEuNetbR31z,7240.50,7240.50,0.00,INR,rcpt-16087,,paid,1,[],11/06/2026 08:20:40
order_m4dsqW3Bf4ZcXc,504.00,504.00,0.00,INR,rcpt-18162,,paid,1,[],11/06/2026 15:33:09
order_WTnJhF7xNXSVWr,10473.00,10473.00,0.00,INR,rcpt-19833,,paid,1,[],11/06/2026 22:46:38
order_AmFaqLbeNgV54L,2886.50,2886.50,0.00,INR,rcpt-30791,,paid,1,[],2026-06-11 05:59:07
order_dMSSQfaPHPlajD,6515.00,6515.00,0.00,INR,rcpt-30647,,paid,1,[],11/06/2026 12:12:36
order_gxZFKDjvMFraGf,692.00,692.00,0.00,INR,rcpt-93465,,paid,1,[],2026-06-11 19:25:05
order_2NQdQZfPK21fFf,4290.00,4290.00,0.00,INR,rcpt-99933,,paid,1,[],46184.11011574074
order_OTlAMKmwJBaYHE,12715.00,12715.00,0.00,INR,rcpt-72411,,paid,1,[],2026-11-06 09:51:03
order_EGqLCsBqZH1b0z,362.00,362.00,0.00,INR,rcpt-17655,,paid,1,[],11/06/2026 16:04:32
order_PR3Sk1e2a0OYDZ,1082.50,1082.50,0.00,INR,rcpt-95369,,paid,1,[],2026-06-11 23:17:01
order_k7VomPGXb80ZAQ,4637.50,4637.50,0.00,INR,rcpt-65665,,paid,1,[],11/06/2026 06:30:30
order_91vj3dTt17aT9A,422.50,422.50,0.00,INR,rcpt-93060,,paid,1,[],2026-06-11 13:43:59
order_51prtpjJJpzIri,2158.00,2158.00,0.00,INR,rcpt-85206,,paid,1,[],2026-06-12 20:56:28
order_0L3ql3EDOTwOHd,14358.00,14358.00,0.00,INR,rcpt-51201,,paid,1,[],46185.13190972222
order_sWrRuOmkyDBFyg,2879.50,2879.50,0.00,INR,rcpt-86123,,paid,1,[],2026-06-12 10:22:26
order_S92RKw1InxcPaC,1094.50,1094.50,0.00,INR,rcpt-36784,,paid,1,[],2026-06-12 17:35:55
order_ZQyDLxy5LJED3s,614.50,614.50,0.00,INR,rcpt-89416,,paid,1,[],2026-06-12 00:48:24
order_5KmF6OMK7pTXOC,2096.00,2096.00,0.00,INR,rcpt-23659,,paid,1,[],2026-06-12 07:01:53
order_72F7zsH72tzyfv,6171.50,6171.50,0.00,INR,rcpt-86404,,paid,1,[],12/06/2026 14:14:22
order_JizSHEM1H61IgV,745.50,745.50,0.00,INR,rcpt-36232,,paid,1,[],46185.89434027778
order_fWghlwqOrIfmiP,17775.00,17775.00,0.00,INR,rcpt-79104,,paid,1,[],2026-12-06 04:40:20
order_VoX5qt1XitJYHa,3070.50,3070.50,0.00,INR,rcpt-97693,,paid,1,[],2026-06-12 11:53:49
order_HDsoKi2CBXYquE,967.00,967.00,0.00,INR,rcpt-29536,,paid,1,[],2026-06-12 18:06:18
order_CWR5vSGqR9k9r9,2486.50,2486.50,0.00,INR,rcpt-98811,,paid,1,[],2026-12-06 01:19:47
order_2vpD0Aoph6TM1d,4671.00,4671.00,0.00,INR,rcpt-44371,,paid,1,[],2026-06-12 08:32:16
order_bHCmfLGT34YNpK,337.50,337.50,0.00,INR,rcpt-30738,,paid,1,[],2026-06-12 15:45:45
order_KxGFwwkZxrNcMZ,6270.00,6270.00,0.00,INR,rcpt-49414,,paid,1,[],12/06/2026 22:58:14
order_YCMoTJIksn0cfj,300.50,300.50,0.00,INR,rcpt-70237,,paid,1,[],2026-06-12 05:11:43
order_ROERXnFiefOXAA,979.00,979.00,0.00,INR,rcpt-41932,,paid,1,[],2026-06-12 12:24:12
order_Is8yZFo8LKSnsN,1579.50,1579.50,0.00,INR,rcpt-69010,,paid,1,[],12/06/2026 19:37:41
order_nZgN7qE8Ses6Ve,15725.00,15725.00,0.00,INR,rcpt-61245,,paid,1,[],2026-12-06 02:50:10
order_hHS5Jv9v1G35c4,18531.50,18531.50,0.00,INR,rcpt-39997,,paid,1,[],46185.377534722225
order_MlyEnPs9MePc8D,567.50,567.50,0.00,INR,rcpt-78612,,paid,1,[],12/06/2026 16:16:08
order_9148onIB6Opv0B,15822.00,15822.00,0.00,INR,rcpt-18686,,paid,1,[],2026-12-06 23:29:37
order_Z0pEh37oJydg2w,16475.50,16475.50,0.00,INR,rcpt-55372,,paid,1,[],2026-06-12 06:42:06
order_3v0S3JkwHSMiEl,7029.50,7029.50,0.00,INR,rcpt-13888,,paid,1,[],2026-06-12 13:55:35
order_Gv2IAWR7yY4TbL,400.00,400.00,0.00,INR,rcpt-59702,,paid,1,[],2026-06-12 20:08:04
order_R48Rzyws3yh8eV,448.00,448.00,0.00,INR,rcpt-48372,,paid,1,[],46185.139965277776
order_GpNQb9WdymcpRP,4059.50,4059.50,0.00,INR,rcpt-63058,,paid,1,[],12/06/2026 10:34:02
order_0FB2gbGeemZVLM,15987.00,15987.00,0.00,INR,rcpt-72893,,paid,1,[],2026-06-12 17:47:31
order_jYdREWRB3TNtxA,9241.50,9241.50,0.00,INR,rcpt-60044,,paid,1,[],46185.0
order_CwqPbYttGETnB8,4756.00,4756.00,0.00,INR,rcpt-87391,,paid,1,[],46185.301030092596
order_a29bkk9NUeBr88,4811.50,4811.50,0.00,INR,rcpt-29080,,paid,1,[],2026-06-12 14:26:58
order_9wXzoyDVkuXHu9,3056.00,3056.00,0.00,INR,rcpt-64845,,paid,1,[],2026-06-12 21:39:27
order_u2WHMYMbSKgAmr,523.50,523.50,0.00,INR,rcpt-91532,,paid,1,[],2026-06-12 04:52:56
order_5u5RnqVvKAFPrG,1438.50,1438.50,0.00,INR,rcpt-90028,,paid,1,[],2026-06-12 11:05:25
order_yg36VMVjO8NL5Z,952.50,952.50,0.00,INR,rcpt-19572,,paid,1,[],13/06/2026 18:18:54
order_4WBdgsJuGCVs8o,19874.00,19874.00,0.00,INR,rcpt-82180,,paid,1,[],2026-06-13 01:31:23
order_4wqqiZEBDVXorY,835.00,835.00,0.00,INR,rcpt-16825,,paid,1,[],2026-06-13 08:44:52
order_7HPyyo94HRbgMp,6595.00,6595.00,0.00,INR,rcpt-43126,,paid,1,[],2026-06-13 15:57:21
order_v7fW91GjVvRgdF,4625.00,4625.00,0.00,INR,rcpt-13394,,paid,1,[],2026-06-13 22:10:50
order_TcHYoWbNGh3x6M,7892.50,7892.50,0.00,INR,rcpt-57052,,paid,1,[],2026-06-13 05:23:19
order_iSPFFZrE5BpS9L,17518.50,17518.50,0.00,INR,rcpt-83240,,paid,1,[],46186.525555555556
order_n8bo4jD67N4d2f,1459.50,1459.50,0.00,INR,rcpt-25609,,paid,1,[],2026-13-06 19:49:17
order_ABBer7AcYWaWvY,2246.00,2246.00,0.00,INR,rcpt-47243,,paid,1,[],2026-06-13 02:02:46
order_QexvS0T2jDDWg2,882.50,882.50,0.00,INR,rcpt-14244,,paid,1,[],2026-06-13 09:15:15
order_EHkKjkQvWge0ZE,10999.00,10999.00,0.00,INR,rcpt-90245,,paid,1,[],2026-06-13 16:28:44
order_wDDxqD63Aq3CM9,1013.50,1013.50,0.00,INR,rcpt-11193,,paid,1,[],2026-06-13 23:41:13
order_aPOPWv1VZaW12f,569.00,569.00,0.00,INR,rcpt-90621,,paid,1,[],2026-06-13 06:54:42
order_iWpL7RqTKqZTrc,312.00,312.00,0.00,INR,rcpt-11759,,paid,1,[],13/06/2026 13:07:11
order_3RrdrUuVD8WlVh,16938.00,16938.00,0.00,INR,rcpt-66748,,paid,1,[],46186.84768518519
order_zZXyd2Y42p6XpI,2860.50,2860.50,0.00,INR,rcpt-32173,,paid,1,[],2026-06-13 03:33:09
order_DpRBZjfQ2FpBPg,622.00,622.00,0.00,INR,rcpt-86389,,paid,1,[],2026-06-13 10:46:38
order_oa5DcvTwhXxjx4,2666.50,2666.50,0.00,INR,rcpt-88577,,paid,1,[],2026-06-13 17:59:07
order_Xbjeshic47wgWs,620.50,620.50,0.00,INR,rcpt-39435,,paid,1,[],13/06/2026 00:12:36
order_qb3OpYwWrgAa7A,620.50,620.50,0.00,INR,rcpt-52280,,paid,1,[],2026-06-13 07:25:05
order_QVOoc43IR9r7gr,2233.50,2233.50,0.00,INR,rcpt-40386,,paid,1,[],46186.61011574074
order_NA30kdLiGo8H4K,959.50,959.50,0.00,INR,rcpt-64245,,paid,1,[],2026-06-13 21:51:03
order_qhu6mFXNfynCTf,438.00,438.00,0.00,INR,rcpt-69562,,paid,1,[],2026-06-13 04:04:32
order_DMXp4FVRi7ygD6,3231.00,3231.00,0.00,INR,rcpt-45946,,paid,1,[],46186.47015046296
order_FisN1aqBtJqhDH,455.50,455.50,0.00,INR,rcpt-59719,,paid,1,[],13/06/2026 18:30:30
order_VHi6fLS34viu1W,845.50,845.50,0.00,INR,rcpt-84050,,paid,1,[],2026-06-13 01:43:59
order_1KeGGMZszm1AiT,20626.50,20626.50,0.00,INR,rcpt-86173,,paid,1,[],13/06/2026 08:56:28
order_C0QyFYvnEOBqPo,4054.50,4054.50,0.00,INR,rcpt-79221,,paid,1,[],2026-06-13 15:09:57
order_fiOdQmPfxOBBVy,3560.00,3560.00,0.00,INR,rcpt-52012,,paid,1,[],13/06/2026 22:22:26
order_5ePeU4u4nxbomn,22848.50,22848.50,0.00,INR,rcpt-65032,,paid,1,[],13/06/2026 05:35:55
order_Y24Q06O7Gkw4iP,3537.50,3537.50,0.00,INR,rcpt-60918,,paid,1,[],13/06/2026 12:48:24
order_l46Yk6LMjPglBU,20750.50,20750.50,0.00,INR,rcpt-46053,,paid,1,[],2026-13-06 19:01:53
order_nDw7O4KQ4Jheqv,522.50,522.50,0.00,INR,rcpt-10109,,paid,1,[],13/06/2026 02:14:22
order_1Ud9Iu9lidpsDb,11604.50,11604.50,0.00,INR,rcpt-34630,,paid,1,[],13/06/2026 09:27:51
order_rAgpjbpBvIL81l,20221.00,20221.00,0.00,INR,rcpt-87043,,paid,1,[],2026-06-13 16:40:20
order_HASByqK1xbiB6d,212.50,212.50,0.00,INR,rcpt-68650,,paid,1,[],2026-06-13 23:53:49
order_WUbmrj6oR1w98x,4452.50,4452.50,0.00,INR,rcpt-25244,,paid,1,[],46186.254375
order_0k1vEPza3u24Zm,393.00,393.00,0.00,INR,rcpt-90543,,paid,1,[],2026-06-13 13:19:47
order_OapXQuQ4pbNRkF,16908.00,16908.00,0.00,INR,rcpt-39328,,paid,1,[],2026-06-13 20:32:16
order_H05cJGr0Eh49tp,14212.00,14212.00,0.00,INR,rcpt-63692,,paid,1,[],2026-06-13 03:45:45
order_T7Ixwa9GieEp4E,4971.50,4971.50,0.00,INR,rcpt-68569,,paid,1,[],2026-06-14 10:58:14
order_pzYSndc0hQEPxF,4990.50,4990.50,0.00,INR,rcpt-74143,,paid,1,[],2026-06-14 17:11:43
order_ASLkWRjL95mADU,1141.00,1141.00,0.00,INR,rcpt-67899,,paid,1,[],2026-06-14 00:24:12
order_y7Wi8re0aPS0KP,1053.00,1053.00,0.00,INR,rcpt-63963,,paid,1,[],14/06/2026 07:37:41
order_h0nLYPRMMkiuGa,1563.50,1563.50,0.00,INR,rcpt-31259,,paid,1,[],2026-06-14 14:50:10
order_7yZYescfZnpJGu,14754.50,14754.50,0.00,INR,rcpt-92743,,paid,1,[],2026-06-14 21:03:39
order_6VORwm9D8uaNBD,20756.50,20756.50,0.00,INR,rcpt-62773,,paid,1,[],2026-06-14 04:16:08
order_o6SMUJ5QvqUbS1,1542.50,1542.50,0.00,INR,rcpt-95137,,paid,1,[],2026-06-14 11:29:37
order_pAh9TouL0ex9Gb,3555.50,3555.50,0.00,INR,rcpt-98798,,paid,1,[],2026-06-14 18:42:06
order_fWWxHGbHsUZa77,403.50,403.50,0.00,INR,rcpt-93572,,paid,1,[],2026-06-14 01:55:35
order_xKPAUMS7ybk0JM,4637.00,4637.00,0.00,INR,rcpt-50851,,paid,1,[],2026-14-06 08:08:04
order_OpupWPoQh2xayy,1331.00,1331.00,0.00,INR,rcpt-78660,,paid,1,[],14/06/2026 15:21:33
order_tAYmj2q5ycT47g,735.00,735.00,0.00,INR,rcpt-29629,,paid,1,[],14/06/2026 22:34:02
order_cixwJDyB0cJdrc,725.00,725.00,0.00,INR,rcpt-90022,,paid,1,[],2026-06-14 05:47:31
order_UVuZYk5EmT2GdO,15236.50,15236.50,0.00,INR,rcpt-98790,,paid,1,[],2026-06-14 12:00:00
order_DZiEWcEQS2p56j,23018.00,23018.00,0.00,INR,rcpt-37005,,paid,1,[],46187.801030092596
order_geGdPzmqSeugVs,707.00,707.00,0.00,INR,rcpt-59887,,paid,1,[],2026-06-14 02:26:58
order_0e2r8yipBOD58C,21932.00,21932.00,0.00,INR,rcpt-93758,,paid,1,[],46187.402395833335
order_fsXKjjZ1oilwW1,9123.00,9123.00,0.00,INR,rcpt-63920,,paid,1,[],14/06/2026 16:52:56
order_z1sDzX3ZxgZjyU,949.00,949.00,0.00,INR,rcpt-54922,,paid,1,[],2026-06-14 23:05:25
order_bQSnEdh2IlrKYR,4162.50,4162.50,0.00,INR,rcpt-39037,,paid,1,[],2026-06-14 06:18:54
order_IJ2VRpMWA26zRF,5897.00,5897.00,0.00,INR,rcpt-39475,,paid,1,[],14/06/2026 13:31:23
order_9uuBhh8LRj4Jlh,9045.00,9045.00,0.00,INR,rcpt-23497,,paid,1,[],14/06/2026 20:44:52
order_xHPsGiyQvJ8WSN,2321.00,2321.00,0.00,INR,rcpt-94801,,paid,1,[],2026-06-14 03:57:21
order_6uYqYoUmollUzR,462.00,462.00,0.00,INR,rcpt-39877,,paid,1,[],46187.42418981482
order_uvD1gE41YmnYxZ,19992.50,19992.50,0.00,INR,rcpt-80083,,paid,1,[],2026-06-14 17:23:19
order_gGUR9NqbMEGJkC,368.00,368.00,0.00,INR,rcpt-45187,,paid,1,[],2026-06-15 00:36:48
order_yyNeCK3oAbyJWZ,11148.50,11148.50,0.00,INR,rcpt-53665,,paid,1,[],2026-06-15 07:49:17
order_azAk6rUsvY68Xm,3159.00,3159.00,0.00,INR,rcpt-88502,,paid,1,[],2026-06-15 14:02:46
order_C83tARLWxR2dBz,2590.50,2590.50,0.00,INR,rcpt-21878,,paid,1,[],2026-06-15 21:15:15
order_z9ita0xmWToYKY,11751.50,11751.50,0.00,INR,rcpt-95560,,paid,1,[],46188.18662037037
order_7CJ5oSV5SiOc96,22942.00,22942.00,0.00,INR,rcpt-98565,,paid,1,[],46188.48695601852
order_mg0fqHfaDxpY2f,6861.50,6861.50,0.00,INR,rcpt-56188,,paid,1,[],2026-06-15 18:54:42
order_6Q2x3p3uBoE47Z,420.50,420.50,0.00,INR,rcpt-71620,,paid,1,[],46188.04665509259
order_U4oEn6gJAf0fnp,844.50,844.50,0.00,INR,rcpt-34580,,paid,1,[],15/06/2026 08:20:40
order_oZ2Oa5V3DCsuC4,4785.00,4785.00,0.00,INR,rcpt-42812,,paid,1,[],46188.64802083333
order_N4MeCMWbAQvxRV,1574.00,1574.00,0.00,INR,rcpt-71402,,paid,1,[],15/06/2026 22:46:38
order_gRbm3HCckRXIxx,9458.00,9458.00,0.00,INR,rcpt-59166,,paid,1,[],46188.249386574076
order_BrnQGskwpmQcD5,11499.00,11499.00,0.00,INR,rcpt-65536,,paid,1,[],15/06/2026 12:12:36
order_Ljjr3RU4v8RZLZ,4835.50,4835.50,0.00,INR,rcpt-35825,,paid,1,[],46188.80908564815
order_BwwgRTL4qlaxPY,2792.00,2792.00,0.00,INR,rcpt-41137,,paid,1,[],15/06/2026 02:38:34
order_d2s4cqDFgRoJDe,387.00,387.00,0.00,INR,rcpt-98178,,paid,1,[],2026-06-15 09:51:03
order_DRrZz8cvk77FmI,534.50,534.50,0.00,INR,rcpt-56027,,paid,1,[],2026-06-15 16:04:32
order_ccRP0i8mwAaC0T,1766.50,1766.50,0.00,INR,rcpt-49096,,paid,1,[],2026-06-15 23:17:01
order_jlLJHAlxR8gh5T,2509.50,2509.50,0.00,INR,rcpt-20329,,paid,1,[],2026-06-15 06:30:30
order_Y1ZdXcACCzAsQM,740.00,740.00,0.00,INR,rcpt-50674,,paid,1,[],2026-06-15 13:43:59
order_MZIIbMpTAVekDB,4153.00,4153.00,0.00,INR,rcpt-25918,,paid,1,[],2026-06-15 20:56:28
order_MIUtAwTd2eVXIO,875.50,875.50,0.00,INR,rcpt-30873,,paid,1,[],15/06/2026 03:09:57
order_CTa04drE8UOyDt,351.00,351.00,0.00,INR,rcpt-32934,,paid,1,[],2026-15-06 10:22:26
order_B8dBZoywvdji7Y,7409.50,7409.50,0.00,INR,rcpt-30587,,paid,1,[],2026-06-15 17:35:55
order_9XcVrgKNEBnuaF,2937.00,2937.00,0.00,INR,rcpt-83885,,paid,1,[],2026-06-15 00:48:24
order_1EviuXV8esZnp0,10985.50,10985.50,0.00,INR,rcpt-95480,,paid,1,[],46188.292974537035
order_S1A8BRGzOJCYL6,946.00,946.00,0.00,INR,rcpt-38427,,paid,1,[],15/06/2026 14:14:22
order_cLr45Xn7xu48bj,432.50,432.50,0.00,INR,rcpt-28215,,paid,1,[],15/06/2026 21:27:51
order_TJXvFYWo7IzkCK,3904.50,3904.50,0.00,INR,rcpt-21537,,paid,1,[],2026-06-15 04:40:20
order_8GrGspqopp6Zm3,4831.50,4831.50,0.00,INR,rcpt-20531,,paid,1,[],2026-06-16 11:53:49
order_5c7wK5rfadLnla,7599.00,7599.00,0.00,INR,rcpt-47560,,paid,1,[],2026-06-16 18:06:18
order_9B7ZBH0I11ZNh9,948.00,948.00,0.00,INR,rcpt-10814,,paid,1,[],46189.05540509259
order_2F80v1gCeP04Aa,3669.00,3669.00,0.00,INR,rcpt-65180,,paid,1,[],2026-06-16 08:32:16
order_avmIZqYCvx2LSS,19418.00,19418.00,0.00,INR,rcpt-77158,,paid,1,[],16/06/2026 15:45:45
order_pR2eNBKhS8uqBi,4482.00,4482.00,0.00,INR,rcpt-96319,,paid,1,[],2026-06-16 22:58:14
order_UaqaXUNkV820QZ,24520.00,24520.00,0.00,INR,rcpt-74979,,paid,1,[],16/06/2026 05:11:43
order_ue8wrmJNOSpcIK,532.00,532.00,0.00,INR,rcpt-41739,,paid,1,[],16/06/2026 12:24:12
order_pmBdr9AdHFhCcM,4353.00,4353.00,0.00,INR,rcpt-88932,,paid,1,[],2026-06-16 19:37:41
order_gFVc0n56fgHpLD,324.50,324.50,0.00,INR,rcpt-56103,,paid,1,[],2026-06-16 02:50:10
order_itJI74gICeLDjA,19951.50,19951.50,0.00,INR,rcpt-61561,,paid,1,[],46189.377534722225
order_ymVq7vWmufvXRO,10123.50,10123.50,0.00,INR,rcpt-44945,,paid,1,[],46189.67787037037
order_aii2iQPAhpbpPO,22997.50,22997.50,0.00,INR,rcpt-36469,,paid,1,[],16/06/2026 23:29:37
order_L7trHdbISsyXam,10891.50,10891.50,0.00,INR,rcpt-41127,,paid,1,[],46189.27923611111
order_qjFJWM2wAInR1H,2676.50,2676.50,0.00,INR,rcpt-75115,,paid,1,[],2026-06-16 13:55:35
order_THkLLuyPfqwDMY,650.50,650.50,0.00,INR,rcpt-64860,,paid,1,[],2026-06-16 20:08:04
order_rtVlhzpf6eVWMp,4592.50,4592.50,0.00,INR,rcpt-54951,,paid,1,[],2026-06-16 03:21:33
order_nnUt5bSKAQeSvf,3095.50,3095.50,0.00,INR,rcpt-69014,,paid,1,[],46189.440300925926
order_wwE78jglYk6yE9,23863.50,23863.50,0.00,INR,rcpt-23114,,paid,1,[],16/06/2026 17:47:31
order_VWX2ODyq0SNY1Z,935.00,935.00,0.00,INR,rcpt-57606,,paid,1,[],2026-06-16 00:00:00
order_dXTMDtKxzTB4Ak,335.00,335.00,0.00,INR,rcpt-56113,,paid,1,[],46189.301030092596
order_CJndNhLlUucWXg,14470.50,14470.50,0.00,INR,rcpt-48864,,paid,1,[],2026-06-16 14:26:58
order_6zQM6MCBRTWfU8,388.50,388.50,0.00,INR,rcpt-35964,,paid,1,[],2026-16-06 21:39:27
order_O7mqFRXktmgTHG,750.00,750.00,0.00,INR,rcpt-30601,,paid,1,[],2026-06-16 04:52:56
order_VOhe3wKzsR6HWb,22018.50,22018.50,0.00,INR,rcpt-11020,,paid,1,[],46190.46209490741
order_LLKjNNIJqHNEoW,24161.00,24161.00,0.00,INR,rcpt-63309,,paid,1,[],46190.763125
order_QsrC2crGrVMCvT,15236.00,15236.00,0.00,INR,rcpt-47881,,paid,1,[],2026-06-17 01:31:23
order_db2B51J0YjT6VF,20271.00,20271.00,0.00,INR,rcpt-71694,,paid,1,[],2026-06-17 08:44:52
order_DAElX6HcyKBEk8,24292.50,24292.50,0.00,INR,rcpt-82921,,paid,1,[],17/06/2026 15:57:21
order_5pKAFxk0NeaEuF,20424.00,20424.00,0.00,INR,rcpt-81486,,paid,1,[],46190.92418981482
order_h6IuRJ9XohWGkQ,4319.50,4319.50,0.00,INR,rcpt-92323,,paid,1,[],2026-06-17 05:23:19
order_Ehu7mXzgHLJCg1,1802.00,1802.00,0.00,INR,rcpt-73887,,paid,1,[],46190.525555555556
order_llQN2rO7I5Zp2B,392.00,392.00,0.00,INR,rcpt-82859,,paid,1,[],2026-06-17 19:49:17
order_pgopFCcdIyqFXN,20198.00,20198.00,0.00,INR,rcpt-10324,,paid,1,[],2026-06-17 02:02:46
order_QUx6F3wEkO2PlP,1703.50,1703.50,0.00,INR,rcpt-17620,,paid,1,[],2026-06-17 09:15:15
order_782N3XMvIzd2mf,837.00,837.00,0.00,INR,rcpt-74048,,paid,1,[],2026-06-17 16:28:44
order_8HubRrkb7DNVGA,685.50,685.50,0.00,INR,rcpt-79055,,paid,1,[],17/06/2026 23:41:13
order_JE8VxgD3ZW5t4A,737.50,737.50,0.00,INR,rcpt-50238,,paid,1,[],46190.287986111114
order_JgqwHAAM5ScOoO,10951.00,10951.00,0.00,INR,rcpt-40671,,paid,1,[],2026-06-17 13:07:11
order_t8FznxATD2UPA3,1122.00,1122.00,0.00,INR,rcpt-13244,,paid,1,[],2026-17-06 20:20:40
order_hlIMf60AtFbB0k,17915.00,17915.00,0.00,INR,rcpt-51083,,paid,1,[],46190.14802083333
order_Ty86VkWz762WmC,11602.50,11602.50,0.00,INR,rcpt-53754,,paid,1,[],17/06/2026 10:46:38
order_qXQqV9aY2zifW3,4893.00,4893.00,0.00,INR,rcpt-69201,,paid,1,[],2026-06-17 17:59:07
order_RTgGCy2gR1nQU1,4283.00,4283.00,0.00,INR,rcpt-97738,,paid,1,[],46190.00875
order_2P3UgYJx3gyg83,758.50,758.50,0.00,INR,rcpt-38404,,paid,1,[],2026-06-17 07:25:05
order_mSO0qiACBvI4PX,2481.00,2481.00,0.00,INR,rcpt-95059,,paid,1,[],17/06/2026 14:38:34
order_NjTRi3l2MuCE01,21190.50,21190.50,0.00,INR,rcpt-86320,,paid,1,[],2026-06-17 21:51:03
order_2mMwfwnlGZsLAm,4130.00,4130.00,0.00,INR,rcpt-50706,,paid,1,[],2026-06-17 04:04:32
order_ItszA40beYUQnZ,4444.00,4444.00,0.00,INR,rcpt-57053,,paid,1,[],46190.47015046296
order_WC6N7OZGjR5FU1,10829.50,10829.50,0.00,INR,rcpt-83722,,paid,1,[],2026-06-17 18:30:30
order_zrG0P5RHJPMgIH,3691.50,3691.50,0.00,INR,rcpt-74317,,paid,1,[],2026-06-17 01:43:59
order_Muc2e62kUpvunq,847.00,847.00,0.00,INR,rcpt-70235,,paid,1,[],2026-06-17 08:56:28
order_w4TgeLiK8Csl17,16428.50,16428.50,0.00,INR,rcpt-27177,,paid,1,[],2026-06-17 15:09:57
order_wRrU5WPbiCY8pO,1279.50,1279.50,0.00,INR,rcpt-73478,,paid,1,[],2026-17-06 22:22:26
order_iutKAD3xkI68yG,1985.50,1985.50,0.00,INR,rcpt-84757,,paid,1,[],17/06/2026 05:35:55
order_apHuEAbnODcH3B,6100.00,6100.00,0.00,INR,rcpt-11511,,paid,1,[],2026-06-18 12:48:24
order_TlHKsrX5T2uhYY,1179.50,1179.50,0.00,INR,rcpt-29211,,paid,1,[],2026-06-18 19:01:53
order_pqx0EY30bPBZpt,23819.50,23819.50,0.00,INR,rcpt-58236,,paid,1,[],2026-06-18 02:14:22
order_H4DmBt9TZnFNu0,535.00,535.00,0.00,INR,rcpt-48388,,paid,1,[],2026-06-18 09:27:51
order_zikLPC5OWlIlZk,502.50,502.50,0.00,INR,rcpt-27434,,paid,1,[],18/06/2026 16:40:20
order_wWIfq9Y51xcBYR,3411.50,3411.50,0.00,INR,rcpt-44213,,paid,1,[],2026-06-18 23:53:49
order_1EBZXCBXVELGds,3042.50,3042.50,0.00,INR,rcpt-19180,,paid,1,[],18/06/2026 06:06:18
order_hluLKnu0DmjcpO,5082.00,5082.00,0.00,INR,rcpt-31205,,paid,1,[],2026-06-18 13:19:47
order_lv2moBkMUNUHdn,5556.00,5556.00,0.00,INR,rcpt-54463,,paid,1,[],2026-06-18 20:32:16
order_u1ckUxOFUWU0DW,7408.00,7408.00,0.00,INR,rcpt-48592,,paid,1,[],2026-06-18 03:45:45
order_TOXFIbKVFJfKUy,524.00,524.00,0.00,INR,rcpt-93260,,paid,1,[],2026-06-18 10:58:14
order_Ztf5R1B8SwGWHi,4115.00,4115.00,0.00,INR,rcpt-69273,,paid,1,[],46191.716469907406
order_tMGOC5Rhvd0gMu,13278.50,13278.50,0.00,INR,rcpt-97828,,paid,1,[],2026-06-18 00:24:12
order_QoCGXONwKEmcIW,15688.00,15688.00,0.00,INR,rcpt-91877,,paid,1,[],18/06/2026 07:37:41
order_GIRzl2RxC9GtuJ,10749.50,10749.50,0.00,INR,rcpt-26225,,paid,1,[],2026-06-18 14:50:10
order_VJ9FYJrgCCTcBr,2140.50,2140.50,0.00,INR,rcpt-21841,,paid,1,[],2026-06-18 21:03:39
order_L5Pxd8KqB12Sej,4096.50,4096.50,0.00,INR,rcpt-92601,,paid,1,[],2026-18-06 04:16:08
order_tcfCABw0cZgNAy,17734.50,17734.50,0.00,INR,rcpt-97328,,paid,1,[],2026-06-18 11:29:37
order_cr53epHxM0xT1c,960.00,960.00,0.00,INR,rcpt-68101,,paid,1,[],2026-06-18 18:42:06
order_v7Hudx3vh7vaPG,476.00,476.00,0.00,INR,rcpt-55181,,paid,1,[],2026-06-18 01:55:35
order_bZuXT2NNIuBvBp,1354.50,1354.50,0.00,INR,rcpt-39559,,paid,1,[],2026-06-18 08:08:04
order_ivMoGTizbydCiF,2869.00,2869.00,0.00,INR,rcpt-37402,,paid,1,[],46191.639965277776
order_sNzNTxx97aYEmY,679.50,679.50,0.00,INR,rcpt-65602,,paid,1,[],18/06/2026 22:34:02
order_ohfZbdJlRPGEnE,2510.50,2510.50,0.00,INR,rcpt-37131,,paid,1,[],18/06/2026 05:47:31
order_6LZskBj5ZnPM8S,1629.00,1629.00,0.00,INR,rcpt-26114,,paid,1,[],2026-06-18 12:00:00
order_081457wK2w77vU,21358.50,21358.50,0.00,INR,rcpt-19869,,paid,1,[],18/06/2026 19:13:29
order_0UYnhWLzPaNs2U,22959.00,22959.00,0.00,INR,rcpt-76652,,paid,1,[],2026-18-06 02:26:58
order_TIpTNWD4T4mxNp,21392.00,21392.00,0.00,INR,rcpt-92640,,paid,1,[],2026-06-18 09:39:27
order_nKlRoQhV5LTEBL,298.50,298.50,0.00,INR,rcpt-84202,,paid,1,[],2026-06-18 16:52:56
order_sDfn5h2Lv6AyBP,301.00,301.00,0.00,INR,rcpt-66241,,paid,1,[],2026-06-18 23:05:25
order_oZa3OazAtgZsP1,16170.00,16170.00,0.00,INR,rcpt-28287,,paid,1,[],2026-06-18 06:18:54
order_j8BfVhIje9L5IC,379.00,379.00,0.00,INR,rcpt-67338,,paid,1,[],2026-06-18 13:31:23
order_ePOEabp248cR6I,776.50,776.50,0.00,INR,rcpt-42898,,paid,1,[],18/06/2026 20:44:52
order_RKA4OhRgkU26t2,6632.50,6632.50,0.00,INR,rcpt-74698,,paid,1,[],2026-06-18 03:57:21
order_IJi5azT8QBr2IO,613.00,613.00,0.00,INR,rcpt-45267,,paid,1,[],18/06/2026 10:10:50
order_aV1hdigOn5edn3,3576.00,3576.00,0.00,INR,rcpt-70225,,paid,1,[],2026-06-18 17:23:19
order_eejkah8D9bHaJK,449.00,449.00,0.00,INR,rcpt-23905,,paid,1,[],46192.025555555556
order_tpIzWEirB3IWPm,11759.00,11759.00,0.00,INR,rcpt-93902,,paid,1,[],2026-06-19 07:49:17
order_BBSMczrmHGwEjl,467.50,467.50,0.00,INR,rcpt-52064,,paid,1,[],2026-06-19 14:02:46
order_LjECa9yb2lRCoj,2230.50,2230.50,0.00,INR,rcpt-12261,,paid,1,[],2026-06-19 21:15:15
order_3AmNHVFTlhkte7,422.00,422.00,0.00,INR,rcpt-97090,,paid,1,[],19/06/2026 04:28:44
order_H6r2JezuIHo2BI,276.00,276.00,0.00,INR,rcpt-10899,,paid,1,[],19/06/2026 11:41:13
order_BLFpWpmPlF9gKI,15865.50,15865.50,0.00,INR,rcpt-37563,,paid,1,[],19/06/2026 18:54:42
order_TvGTldjpZvupYG,16702.50,16702.50,0.00,INR,rcpt-58017,,paid,1,[],2026-06-19 01:07:11
order_HMhWERojSnMeLI,510.00,510.00,0.00,INR,rcpt-96504,,paid,1,[],19/06/2026 08:20:40
order_RU4smAWNtfht5B,562.50,562.50,0.00,INR,rcpt-35243,,paid,1,[],2026-06-19 15:33:09
order_kaNPB4GnfYdfT7,11414.50,11414.50,0.00,INR,rcpt-38847,,paid,1,[],2026-06-19 22:46:38
order_lnTLvaxeZSGDOL,665.00,665.00,0.00,INR,rcpt-83777,,paid,1,[],46192.249386574076
order_NkOdNwBsnnCuuc,452.00,452.00,0.00,INR,rcpt-67341,,paid,1,[],19/06/2026 12:12:36
order_OCWBtOg6WD5rBo,995.50,995.50,0.00,INR,rcpt-75527,,paid,1,[],2026-06-19 19:25:05
order_cb2JDs4lF2Xk7O,8917.00,8917.00,0.00,INR,rcpt-26120,,paid,1,[],2026-06-19 02:38:34
order_B3dDhx8WIdPKfI,1887.50,1887.50,0.00,INR,rcpt-86541,,paid,1,[],19/06/2026 09:51:03
order_uEXixUGG4BkxJi,4730.50,4730.50,0.00,INR,rcpt-27180,,paid,1,[],19/06/2026 16:04:32
order_734LUDc4qYUZvj,14053.50,14053.50,0.00,INR,rcpt-97511,,paid,1,[],19/06/2026 23:17:01
order_d308n4ipMaxIbq,4687.00,4687.00,0.00,INR,rcpt-92886,,paid,1,[],2026-06-19 06:30:30
order_3obuL070xqt0sI,16630.50,16630.50,0.00,INR,rcpt-81045,,paid,1,[],2026-06-19 13:43:59
order_g3Tkq2Ltvgv7Re,474.00,474.00,0.00,INR,rcpt-24954,,paid,1,[],2026-06-19 20:56:28
order_4SSBGKYm1KBfwf,12370.50,12370.50,0.00,INR,rcpt-12864,,paid,1,[],46192.13190972222
order_rACFvwSugED6yJ,675.00,675.00,0.00,INR,rcpt-79332,,paid,1,[],2026-06-19 10:22:26
order_lsxBolaustP7Mw,1598.50,1598.50,0.00,INR,rcpt-51646,,paid,1,[],2026-06-19 17:35:55
order_1orM0cxC8e2rpy,14106.00,14106.00,0.00,INR,rcpt-65150,,paid,1,[],2026-06-19 00:48:24
order_4F0QRmyd02AuBA,11035.00,11035.00,0.00,INR,rcpt-23039,,paid,1,[],2026-06-19 07:01:53
order_rp2C74Y1Jqt3d4,4558.00,4558.00,0.00,INR,rcpt-83575,,paid,1,[],2026-06-19 14:14:22
order_x9fDOvqss0cXyY,21788.50,21788.50,0.00,INR,rcpt-21225,,paid,1,[],46192.89434027778
order_kjlIlpgSJ1cm9J,18990.50,18990.50,0.00,INR,rcpt-67638,,paid,1,[],2026-06-19 04:40:20
order_2ct5jGGlmZ6oBr,3115.50,3115.50,0.00,INR,rcpt-90247,,paid,1,[],46192.49570601852
order_l8b4AlnRgGJLKJ,16813.00,16813.00,0.00,INR,rcpt-18713,,paid,1,[],19/06/2026 18:06:18
order_Yok96uzltoocii,4593.00,4593.00,0.00,INR,rcpt-13166,,paid,1,[],46192.05540509259
order_CvzAOPHwOXWWS8,19744.50,19744.50,0.00,INR,rcpt-31860,,paid,1,[],19/06/2026 08:32:16
order_jdVQCxsmcX9sBM,4939.50,4939.50,0.00,INR,rcpt-43053,,paid,1,[],2026-06-19 15:45:45
order_00KEqD0Ku0G9sH,491.50,491.50,0.00,INR,rcpt-23266,,paid,1,[],46192.95710648148
order_2Jmf2RRK9tDKZv,246.50,246.50,0.00,INR,rcpt-61921,,paid,1,[],2026-06-19 05:11:43
order_t68NQ9RRaImy2F,8192.00,8192.00,0.00,INR,rcpt-93917,,paid,1,[],19/06/2026 12:24:12
order_8AToSwstoSuXZc,4256.50,4256.50,0.00,INR,rcpt-59823,,paid,1,[],2026-19-06 19:37:41
order_eC2eBtUBuNHTki,848.00,848.00,0.00,INR,rcpt-31543,,paid,1,[],2026-06-20 02:50:10
order_QLjPRRQZI3LixJ,24434.00,24434.00,0.00,INR,rcpt-68909,,paid,1,[],20/06/2026 09:03:39
order_7kgskG6fUUDFCV,657.00,657.00,0.00,INR,rcpt-20107,,paid,1,[],46193.67787037037
order_VArJ5f9XdPfpV6,10222.50,10222.50,0.00,INR,rcpt-96271,,paid,1,[],2026-20-06 23:29:37
order_AqGZstgK1gPsgh,579.50,579.50,0.00,INR,rcpt-18506,,paid,1,[],2026-06-20 06:42:06
order_HMxQVAtQkMN2I1,8065.50,8065.50,0.00,INR,rcpt-95640,,paid,1,[],20/06/2026 13:55:35
order_gzddLaTtWVpBy3,3035.50,3035.50,0.00,INR,rcpt-79713,,paid,1,[],20/06/2026 20:08:04
order_92SHWDP8R0ASW2,609.50,609.50,0.00,INR,rcpt-24688,,paid,1,[],46193.139965277776
order_BEZiLhoQmelgIS,17299.00,17299.00,0.00,INR,rcpt-94479,,paid,1,[],46193.440300925926
order_fw2My9NUMiguv9,19027.50,19027.50,0.00,INR,rcpt-60117,,paid,1,[],2026-20-06 17:47:31
order_OMaafqQlVSQ1w5,2271.00,2271.00,0.00,INR,rcpt-91826,,paid,1,[],2026-06-20 00:00:00
order_T4atR1oGq87Ftg,11932.00,11932.00,0.00,INR,rcpt-10652,,paid,1,[],2026-06-20 07:13:29
order_bVOCeQu3j2oHBO,4046.00,4046.00,0.00,INR,rcpt-91434,,paid,1,[],46193.602060185185
order_e7V55XecYV18cd,4982.00,4982.00,0.00,INR,rcpt-34867,,paid,1,[],2026-06-20 21:39:27
order_wZADZUYFE51LH4,868.50,868.50,0.00,INR,rcpt-62340,,paid,1,[],46193.20342592592
order_ey6ML3adaVk9HO,1267.00,1267.00,0.00,INR,rcpt-96266,,paid,1,[],2026-06-20 11:05:25
order_aoUdJJskDtnP7a,3026.50,3026.50,0.00,INR,rcpt-52604,,paid,1,[],2026-06-20 18:18:54
order_1C4f9j4AIh78kR,716.50,716.50,0.00,INR,rcpt-40873,,paid,1,[],2026-20-06 01:31:23
order_AWBnHqUlkp3K0N,291.00,291.00,0.00,INR,rcpt-69605,,paid,1,[],2026-06-20 08:44:52
order_32vOsL8fFzNDk3,23357.00,23357.00,0.00,INR,rcpt-40626,,paid,1,[],2026-06-20 15:57:21
order_FHbqLiHYZvzWpm,4518.00,4518.00,0.00,INR,rcpt-83796,,paid,1,[],20/06/2026 22:10:50
order_PbtcUYKknF9r9y,4736.50,4736.50,0.00,INR,rcpt-54337,,paid,1,[],46193.22452546296
order_UEhT1NcQPiw4dl,4591.00,4591.00,0.00,INR,rcpt-23038,,paid,1,[],2026-06-20 12:36:48
order_lg3UvJuRQU13Am,22050.00,22050.00,0.00,INR,rcpt-53650,,paid,1,[],2026-06-21 19:49:17
order_BwaIGmu9Es8VqB,977.50,977.50,0.00,INR,rcpt-92804,,paid,1,[],2026-06-21 02:02:46
order_HRicQjrOtAkwW6,5639.00,5639.00,0.00,INR,rcpt-38442,,paid,1,[],2026-06-21 09:15:15
order_UTtZykBcbW4Vfo,7223.00,7223.00,0.00,INR,rcpt-22913,,paid,1,[],2026-06-21 16:28:44
order_LSrtabm9sgq2X3,4239.50,4239.50,0.00,INR,rcpt-58363,,paid,1,[],2026-21-06 23:41:13
order_O0KPtONs375iI3,2872.00,2872.00,0.00,INR,rcpt-25832,,paid,1,[],46194.287986111114
order_jSZhMEyD8depsd,774.50,774.50,0.00,INR,rcpt-60216,,paid,1,[],2026-06-21 13:07:11
order_Iha8t5mhFvCYDP,19395.50,19395.50,0.00,INR,rcpt-17998,,paid,1,[],21/06/2026 20:20:40
order_ZjFXdWgIb92Qbb,1884.00,1884.00,0.00,INR,rcpt-49933,,paid,1,[],21/06/2026 03:33:09
order_58tyVW4mKITWRs,978.50,978.50,0.00,INR,rcpt-95784,,paid,1,[],2026-06-21 10:46:38
order_KDBBHflcuZERxG,14226.00,14226.00,0.00,INR,rcpt-13898,,paid,1,[],2026-06-21 17:59:07
order_raTIFahU4TPCwt,836.50,836.50,0.00,INR,rcpt-86973,,paid,1,[],21/06/2026 00:12:36
order_YSxskDcwjwhwrs,950.00,950.00,0.00,INR,rcpt-61910,,paid,1,[],2026-06-21 07:25:05
order_r3t6oiMhSfIP91,896.00,896.00,0.00,INR,rcpt-27466,,paid,1,[],2026-21-06 14:38:34
order_AF0lfjJTDqeW3k,8515.00,8515.00,0.00,INR,rcpt-98916,,paid,1,[],2026-06-21 21:51:03
order_Gs9VMiPUNLMoCI,4168.50,4168.50,0.00,INR,rcpt-12377,,paid,1,[],2026-06-21 04:04:32
order_TatsmquRJHKWeS,832.50,832.50,0.00,INR,rcpt-43289,,paid,1,[],2026-06-21 11:17:01
order_aMiCUvbaBUtFja,10749.50,10749.50,0.00,INR,rcpt-45084,,paid,1,[],2026-06-21 18:30:30
order_EF8qLiWLyNXdi8,704.50,704.50,0.00,INR,rcpt-15908,,paid,1,[],2026-06-21 01:43:59
order_mBh66akXrWvtcz,872.50,872.50,0.00,INR,rcpt-21153,,paid,1,[],46194.3725462963
order_36grgomX2XWIwR,908.50,908.50,0.00,INR,rcpt-33581,,paid,1,[],2026-06-21 15:09:57
order_G4SBuoD03AycMo,17653.00,17653.00,0.00,INR,rcpt-79661,,paid,1,[],2026-06-21 22:22:26
order_1o7dc4lsnwVcMt,1102.00,1102.00,0.00,INR,rcpt-70454,,paid,1,[],2026-06-21 05:35:55
order_UOkldwmfoN5afL,2236.50,2236.50,0.00,INR,rcpt-71349,,paid,1,[],21/06/2026 12:48:24
order_Mk4UipgihRwT4F,562.00,562.00,0.00,INR,rcpt-74829,,paid,1,[],46194.792974537035
order_ZHaEPjZBsdEQ3i,3532.00,3532.00,0.00,INR,rcpt-29551,,paid,1,[],21/06/2026 02:14:22
order_eJtKDtQrnMq5T0,934.00,934.00,0.00,INR,rcpt-22836,,paid,1,[],2026-06-21 09:27:51
order_dgj0WLXCGAcZaT,274.50,274.50,0.00,INR,rcpt-17904,,paid,1,[],21/06/2026 16:40:20
order_wpcQllEOQysoeh,15018.50,15018.50,0.00,INR,rcpt-31444,,paid,1,[],2026-21-06 23:53:49
order_3mEXCnA4zHLj20,386.50,386.50,0.00,INR,rcpt-18992,,paid,1,[],21/06/2026 06:06:18
order_OHDo78e4sE7EOg,879.50,879.50,0.00,INR,rcpt-20843,,paid,1,[],2026-06-21 13:19:47
order_MfX5rY6sz0c23E,997.50,997.50,0.00,INR,rcpt-98319,,paid,1,[],2026-06-21 20:32:16
order_5B9ipCRC5Pk3SR,22836.00,22836.00,0.00,INR,rcpt-77236,,paid,1,[],2026-06-21 03:45:45
order_2B616JR3xiSENX,12929.00,12929.00,0.00,INR,rcpt-35101,,paid,1,[],2026-21-06 10:58:14
order_9ODEgJAvzTGAgi,1068.00,1068.00,0.00,INR,rcpt-10787,,paid,1,[],2026-06-21 17:11:43
order_1rOxUYDXmU7Y1J,3288.50,3288.50,0.00,INR,rcpt-81849,,paid,1,[],46194.016805555555
order_MJrYHOxaxJYnuy,4713.50,4713.50,0.00,INR,rcpt-19214,,paid,1,[],2026-06-21 07:37:41
order_u4gyrqrSa5CQUE,23805.50,23805.50,0.00,INR,rcpt-19755,,paid,1,[],21/06/2026 14:50:10
order_lw2dAp4FbRiUaU,513.50,513.50,0.00,INR,rcpt-89680,,paid,1,[],46194.877534722225
order_LI5e7iyn7iaIrY,475.00,475.00,0.00,INR,rcpt-56694,,paid,1,[],46194.17787037037
order_8ADIeA3maU22G1,856.50,856.50,0.00,INR,rcpt-45242,,paid,1,[],46194.478900462964
order_kspDMMIzGHKOME,23390.00,23390.00,0.00,INR,rcpt-73736,,paid,1,[],2026-06-21 18:42:06
order_QxNJ0AlR51q1jp,224.00,224.00,0.00,INR,rcpt-34585,,paid,1,[],2026-06-21 01:55:35
order_A9b5jDvTsUL5NY,275.00,275.00,0.00,INR,rcpt-82777,,paid,1,[],46194.33893518519
order_6mQmrS3sKW9FtV,23043.50,23043.50,0.00,INR,rcpt-65130,,paid,1,[],2026-21-06 15:21:33
order_N5yLzvjq0Fyevf,494.50,494.50,0.00,INR,rcpt-64113,,paid,1,[],2026-06-21 22:34:02
order_BCpAxmRIm1VAGy,3825.50,3825.50,0.00,INR,rcpt-32788,,paid,1,[],21/06/2026 05:47:31
order_uPUBFUWvQnTuzw,3550.50,3550.50,0.00,INR,rcpt-68978,,paid,1,[],21/06/2026 12:00:00
order_7jREeGFky6PJFB,18802.00,18802.00,0.00,INR,rcpt-54012,,paid,1,[],2026-06-22 19:13:29
order_bdtQcpT2TT8ZKg,20379.50,20379.50,0.00,INR,rcpt-63072,,paid,1,[],2026-06-22 02:26:58
order_jMzLC7gysV5RTL,1294.50,1294.50,0.00,INR,rcpt-70769,,paid,1,[],2026-06-22 09:39:27
order_KW3kDW0bHtxuvp,12598.50,12598.50,0.00,INR,rcpt-96177,,paid,1,[],2026-06-22 16:52:56
order_m9bkDRxj9W2h5W,2947.50,2947.50,0.00,INR,rcpt-63038,,paid,1,[],2026-06-22 23:05:25
order_mlUpa2PUZ5siiY,14947.50,14947.50,0.00,INR,rcpt-44815,,paid,1,[],2026-06-22 06:18:54
order_6DFl0pbqlsb9uU,20540.50,20540.50,0.00,INR,rcpt-95159,,paid,1,[],22/06/2026 13:31:23
order_TiwsIyLmOygeiH,13764.50,13764.50,0.00,INR,rcpt-54454,,paid,1,[],2026-06-22 20:44:52
order_lYDewcrpK1KcJP,420.50,420.50,0.00,INR,rcpt-94389,,paid,1,[],2026-06-22 03:57:21
order_VyMpdkbHm6aCH6,10854.50,10854.50,0.00,INR,rcpt-80291,,paid,1,[],2026-06-22 10:10:50
order_lcOZnssnk69KsO,406.00,406.00,0.00,INR,rcpt-44441,,paid,1,[],2026-06-22 17:23:19
order_tHQgBKhpFmHaNt,4860.50,4860.50,0.00,INR,rcpt-94361,,paid,1,[],22/06/2026 00:36:48
order_fu59mksTnGBhhd,1620.50,1620.50,0.00,INR,rcpt-79430,,paid,1,[],2026-06-22 07:49:17
order_ITeDwlSkZxVJL9,8515.00,8515.00,0.00,INR,rcpt-28462,,paid,1,[],2026-06-22 14:02:46
order_47o1x8QUPtZrZM,18402.50,18402.50,0.00,INR,rcpt-72046,,paid,1,[],2026-22-06 21:15:15
order_froP1UL0QJEu1r,2513.50,2513.50,0.00,INR,rcpt-32303,,paid,1,[],22/06/2026 04:28:44
order_86py81qE0KwDTN,3010.50,3010.50,0.00,INR,rcpt-96638,,paid,1,[],22/06/2026 11:41:13
order_lsy6AWUvauzuaU,3192.00,3192.00,0.00,INR,rcpt-88255,,paid,1,[],2026-06-22 18:54:42
order_gkNlWqpqmxibxI,1618.50,1618.50,0.00,INR,rcpt-91476,,paid,1,[],2026-06-22 01:07:11
order_FIpASIDHkuIB9J,568.00,568.00,0.00,INR,rcpt-86709,,paid,1,[],46195.34768518519
order_B8H0RQGTEdTHhp,2053.00,2053.00,0.00,INR,rcpt-12974,,paid,1,[],22/06/2026 15:33:09
order_vHcejdGmCIXkp2,6238.50,6238.50,0.00,INR,rcpt-33461,,paid,1,[],2026-06-22 22:46:38
order_85T3y93vp1RQLz,450.00,450.00,0.00,INR,rcpt-74895,,paid,1,[],2026-06-22 05:59:07
order_lMoaCNZgqifoC3,2066.50,2066.50,0.00,INR,rcpt-91907,,paid,1,[],2026-22-06 12:12:36
order_0US0NRnvbHSYVn,10295.00,10295.00,0.00,INR,rcpt-97384,,paid,1,[],46195.80908564815
order_QwHx2Yh6j3OT5y,3477.50,3477.50,0.00,INR,rcpt-19641,,paid,1,[],46195.11011574074
order_6Zhflhp9T3E1Vl,4292.50,4292.50,0.00,INR,rcpt-22598,,paid,1,[],22/06/2026 09:51:03
order_0ocFZRpD8zKbld,1078.50,1078.50,0.00,INR,rcpt-44283,,paid,1,[],46195.66981481481
order_z2193FPaBxQY2B,4903.00,4903.00,0.00,INR,rcpt-15892,,paid,1,[],22/06/2026 23:17:01
order_l5vwkufBKgDO7k,428.50,428.50,0.00,INR,rcpt-87062,,paid,1,[],2026-06-22 06:30:30
order_uWm6OROwzNRE5y,18941.00,18941.00,0.00,INR,rcpt-17568,,paid,1,[],22/06/2026 13:43:59
order_AxYeTHAb8YTLuu,207.00,207.00,0.00,INR,rcpt-39154,,paid,1,[],2026-06-22 20:56:28
order_HOxdDpTNsgzT94,986.50,986.50,0.00,INR,rcpt-28212,,paid,1,[],22/06/2026 03:09:57
order_B9TM5x2B5khBzx,449.50,449.50,0.00,INR,rcpt-97661,,paid,1,[],22/06/2026 10:22:26
order_1kBPuQy4NxJaW4,2403.00,2403.00,0.00,INR,rcpt-34977,,paid,1,[],2026-06-22 17:35:55
order_H5UAA39lXMmolz,8990.00,8990.00,0.00,INR,rcpt-68397,,paid,1,[],2026-22-06 00:48:24
order_Zfqfh5ORD9Wsk8,12990.00,12990.00,0.00,INR,rcpt-84904,,paid,1,[],2026-06-22 07:01:53
order_3w3p039zfFBzZz,294.00,294.00,0.00,INR,rcpt-51351,,paid,1,[],2026-06-22 14:14:22
order_3PYTJ4NwiPBIe8,4441.00,4441.00,0.00,INR,rcpt-87502,,paid,1,[],2026-06-22 21:27:51
order_NCoLCGog9GuAyk,369.50,369.50,0.00,INR,rcpt-85630,,paid,1,[],46195.19467592592
order_yvrQxskgnACNBF,3389.00,3389.00,0.00,INR,rcpt-54344,,paid,1,[],46195.49570601852
order_ZN7rW97g0nV26f,639.00,639.00,0.00,INR,rcpt-96003,,paid,1,[],22/06/2026 18:06:18
order_sFdUq7v004gbCD,12522.00,12522.00,0.00,INR,rcpt-50506,,paid,1,[],46195.05540509259
order_LUJ15Fi5M2Pzzi,15590.00,15590.00,0.00,INR,rcpt-81153,,paid,1,[],2026-06-22 08:32:16
order_CctBOFBr90yVAG,22889.00,22889.00,0.00,INR,rcpt-36223,,paid,1,[],46195.65677083333
order_7BHBD8swywGS84,2150.00,2150.00,0.00,INR,rcpt-40708,,paid,1,[],22/06/2026 22:58:14
order_x2jrCTysLWQzNm,8815.50,8815.50,0.00,INR,rcpt-35256,,paid,1,[],2026-22-06 05:11:43
order_kfzLH8U2qTy8rf,1828.50,1828.50,0.00,INR,rcpt-42090,,paid,1,[],22/06/2026 12:24:12
order_kOOSGgnJz64HOK,23132.00,23132.00,0.00,INR,rcpt-57186,,paid,1,[],23/06/2026 19:37:41
order_99FHUmkGVSrLar,15864.00,15864.00,0.00,INR,rcpt-13784,,paid,1,[],2026-06-23 02:50:10
order_nZq515xmL9RncH,9790.00,9790.00,0.00,INR,rcpt-86335,,paid,1,[],2026-06-23 09:03:39
order_YbkLUzJbCIDZuT,325.50,325.50,0.00,INR,rcpt-79872,,paid,1,[],23/06/2026 16:16:08
order_iBiqMjW1sHc0pZ,712.50,712.50,0.00,INR,rcpt-89593,,paid,1,[],23/06/2026 23:29:37
order_BZT35bFXJLKBsM,3842.00,3842.00,0.00,INR,rcpt-82906,,paid,1,[],2026-06-23 06:42:06
order_oFEIUUET7OIhLB,2588.50,2588.50,0.00,INR,rcpt-24943,,paid,1,[],46196.5802662037
order_7p8r6QZluCip82,3037.50,3037.50,0.00,INR,rcpt-24591,,paid,1,[],2026-06-23 20:08:04
order_fNAWpimXtR17cu,852.00,852.00,0.00,INR,rcpt-80719,,paid,1,[],23/06/2026 03:21:33
order_BgOXS8Tfz6LJfn,22739.50,22739.50,0.00,INR,rcpt-35765,,paid,1,[],2026-06-23 10:34:02
order_1oNUD3TrbU4PbN,1911.00,1911.00,0.00,INR,rcpt-59982,,paid,1,[],2026-06-23 17:47:31
order_x8A9Z0zxkPCN97,878.00,878.00,0.00,INR,rcpt-32458,,paid,1,[],2026-06-23 00:00:00
order_6LCug5oBGhk6SX,1540.50,1540.50,0.00,INR,rcpt-89075,,paid,1,[],23/06/2026 07:13:29
order_jBVANHDMlZhsV7,3743.00,3743.00,0.00,INR,rcpt-33474,,paid,1,[],46196.602060185185
order_r8Q1M4eKYR9Dnn,12346.50,12346.50,0.00,INR,rcpt-30442,,paid,1,[],2026-06-23 21:39:27
order_9SyoXsUUmiSsUQ,10119.00,10119.00,0.00,INR,rcpt-70221,,paid,1,[],23/06/2026 04:52:56
order_5CdaSRVGup0bmV,236.50,236.50,0.00,INR,rcpt-97558,,paid,1,[],2026-06-23 11:05:25
order_8Hi0GiYCnIFUKs,978.50,978.50,0.00,INR,rcpt-68633,,paid,1,[],46196.763125
order_xBcRmjSxd7PSbu,19296.50,19296.50,0.00,INR,rcpt-19122,,paid,1,[],2026-23-06 01:31:23
order_iBZjSqjKHnD5Lt,787.00,787.00,0.00,INR,rcpt-54613,,paid,1,[],2026-06-23 08:44:52
order_ZcHoHhtvSXNcum,2878.00,2878.00,0.00,INR,rcpt-45895,,paid,1,[],46196.664826388886
order_f5VgHQEVGhsXY6,1514.50,1514.50,0.00,INR,rcpt-37566,,paid,1,[],2026-06-23 22:10:50
order_P7IHeMEKJhXurt,1911.50,1911.50,0.00,INR,rcpt-65275,,paid,1,[],23/06/2026 05:23:19
order_Lnp5hI14hRVDrY,2946.00,2946.00,0.00,INR,rcpt-77157,,paid,1,[],2026-06-23 12:36:48
order_H2OYBjabBivPPJ,4542.50,4542.50,0.00,INR,rcpt-87777,,paid,1,[],2026-06-23 19:49:17
order_WrcO95raMFtQFo,616.50,616.50,0.00,INR,rcpt-82928,,paid,1,[],23/06/2026 02:02:46
order_bfpTmFDPKQQfdP,2596.00,2596.00,0.00,INR,rcpt-28334,,paid,1,[],23/06/2026 09:15:15
order_PcJeQPZzIFUjcz,4001.50,4001.50,0.00,INR,rcpt-49287,,paid,1,[],2026-23-06 16:28:44
order_jemaGhkHBcgYr9,24666.50,24666.50,0.00,INR,rcpt-62980,,paid,1,[],46196.98695601852
order_67prqNjcjthEMX,2114.00,2114.00,0.00,INR,rcpt-41836,,paid,1,[],23/06/2026 06:54:42
order_g9C3JitvTbyTkC,11694.00,11694.00,0.00,INR,rcpt-25308,,paid,1,[],2026-06-23 13:07:11
order_frHsyg8atDNf0V,1655.50,1655.50,0.00,INR,rcpt-63020,,paid,1,[],23/06/2026 20:20:40
order_AxmIo51OOzSdbr,1899.50,1899.50,0.00,INR,rcpt-87506,,paid,1,[],46196.14802083333
order_DsjkDPaYSbzkQn,674.50,674.50,0.00,INR,rcpt-98111,,paid,1,[],46196.44905092593
order_ojAlOYioBFiDal,9504.50,9504.50,0.00,INR,rcpt-56647,,paid,1,[],2026-06-23 17:59:07
order_fnmn84PV2CWf59,19348.50,19348.50,0.00,INR,rcpt-18275,,paid,1,[],2026-06-23 00:12:36
order_2jkch45MuOkVNG,826.50,826.50,0.00,INR,rcpt-78100,,paid,1,[],23/06/2026 07:25:05
order_2fJmI50hzw7oau,386.00,386.00,0.00,INR,rcpt-36260,,paid,1,[],46196.61011574074
order_aFmmxJ4haUVNn6,554.00,554.00,0.00,INR,rcpt-53181,,paid,1,[],23/06/2026 21:51:03
order_GUJ67TaX8R5lsh,2607.00,2607.00,0.00,INR,rcpt-17991,,paid,1,[],2026-06-23 04:04:32
order_BlVmTBOVinMPAZ,17627.50,17627.50,0.00,INR,rcpt-73443,,paid,1,[],2026-06-23 11:17:01
order_dk8ovt3sURXiL0,210.50,210.50,0.00,INR,rcpt-87106,,paid,1,[],2026-06-23 18:30:30
order_OunzlQeb4EcY07,994.50,994.50,0.00,INR,rcpt-46806,,paid,1,[],2026-06-23 01:43:59
order_TEDEmS2NClcMTV,264.00,264.00,0.00,INR,rcpt-82539,,paid,1,[],46196.3725462963
order_yCdNhAOrlRVIiV,693.50,693.50,0.00,INR,rcpt-49192,,paid,1,[],2026-06-23 15:09:57
order_UOnQMyjX9fivVT,946.50,946.50,0.00,INR,rcpt-73262,,paid,1,[],2026-23-06 22:22:26
order_Ls2WncHg1VOjmN,1370.50,1370.50,0.00,INR,rcpt-27708,,paid,1,[],2026-06-23 05:35:55
order_YboDQqgtnSi5wI,1599.00,1599.00,0.00,INR,rcpt-15775,,paid,1,[],2026-06-24 12:48:24
order_WtBbPRG3JmOKiV,785.50,785.50,0.00,INR,rcpt-31883,,paid,1,[],24/06/2026 19:01:53
order_elAjTNW55CvjYh,18094.50,18094.50,0.00,INR,rcpt-59372,,paid,1,[],2026-06-24 02:14:22
order_Q8OTcfuo93ooKW,10683.00,10683.00,0.00,INR,rcpt-98018,,paid,1,[],2026-06-24 09:27:51
order_pbxKT77uRXO9PM,4801.00,4801.00,0.00,INR,rcpt-27399,,paid,1,[],24/06/2026 16:40:20
order_Un54Y85uZH4y9C,20117.00,20117.00,0.00,INR,rcpt-73412,,paid,1,[],2026-06-24 23:53:49
order_slzS7977nhRkS8,14937.00,14937.00,0.00,INR,rcpt-93726,,paid,1,[],24/06/2026 06:06:18
order_iLuM8YRq56cgOr,3576.50,3576.50,0.00,INR,rcpt-54798,,paid,1,[],2026-06-24 13:19:47
order_YCf65cXTnJOJfR,535.00,535.00,0.00,INR,rcpt-18641,,paid,1,[],46197.85574074074
order_4UBufLVni2G67V,15466.00,15466.00,0.00,INR,rcpt-89868,,paid,1,[],2026-24-06 03:45:45
order_qTab0d9zVzIfB8,6296.50,6296.50,0.00,INR,rcpt-77272,,paid,1,[],24/06/2026 10:58:14
order_3jZM0QqCu9OoIG,21132.50,21132.50,0.00,INR,rcpt-41293,,paid,1,[],2026-06-24 17:11:43
order_MDFKWfHJHAqsBa,12656.00,12656.00,0.00,INR,rcpt-81208,,paid,1,[],24/06/2026 00:24:12
order_IJj1IV2JegRoDu,11331.50,11331.50,0.00,INR,rcpt-38463,,paid,1,[],24/06/2026 07:37:41
order_bzYVYWa4MD06w2,774.00,774.00,0.00,INR,rcpt-97771,,paid,1,[],2026-06-24 14:50:10
order_aXsN1JFvF9WKAt,1665.00,1665.00,0.00,INR,rcpt-49838,,paid,1,[],24/06/2026 21:03:39
order_WL3Rikie1Z3rxZ,12804.00,12804.00,0.00,INR,rcpt-16796,,paid,1,[],2026-06-24 04:16:08
order_3l5ndh54khjQ42,487.00,487.00,0.00,INR,rcpt-74179,,paid,1,[],24/06/2026 11:29:37
order_YqTTBWkxtiYVr0,710.00,710.00,0.00,INR,rcpt-54712,,paid,1,[],2026-06-24 18:42:06
order_sQ7yU5uRluNpwV,3112.00,3112.00,0.00,INR,rcpt-54394,,paid,1,[],46197.0802662037
order_bwvO8iJhHiIsQx,318.50,318.50,0.00,INR,rcpt-94681,,paid,1,[],24/06/2026 08:08:04
order_MLJIfxxFK66lGM,12565.50,12565.50,0.00,INR,rcpt-17305,,paid,1,[],46197.639965277776
order_8bAHvEFBiLyohy,1546.00,1546.00,0.00,INR,rcpt-48462,,paid,1,[],2026-06-24 22:34:02
order_MOmJUkwLkHLFpJ,4727.50,4727.50,0.00,INR,rcpt-25651,,paid,1,[],2026-06-24 05:47:31
order_Pgry7mq2QFEO0h,4125.00,4125.00,0.00,INR,rcpt-30525,,paid,1,[],2026-06-24 12:00:00
order_Q1GMWxEn5DydC2,694.50,694.50,0.00,INR,rcpt-57143,,paid,1,[],2026-06-24 19:13:29
order_BaIQg9ub1SvXKd,4188.00,4188.00,0.00,INR,rcpt-71523,,paid,1,[],24/06/2026 02:26:58
order_3yToUihYs1o7in,1249.00,1249.00,0.00,INR,rcpt-25873,,paid,1,[],24/06/2026 09:39:27
order_ZLUxb5ymnv5276,407.50,407.50,0.00,INR,rcpt-54271,,paid,1,[],46197.70342592592
order_qyrXgqb0Fvqtxf,1112.00,1112.00,0.00,INR,rcpt-79779,,paid,1,[],2026-06-24 23:05:25
order_XTXfjRUYYPtJcU,761.00,761.00,0.00,INR,rcpt-12603,,paid,1,[],24/06/2026 06:18:54
order_2GFSX6Jm1eIcf8,1585.50,1585.50,0.00,INR,rcpt-84350,,paid,1,[],24/06/2026 13:31:23
order_uuqY4kIBAz3rCH,216.50,216.50,0.00,INR,rcpt-76738,,paid,1,[],2026-06-24 20:44:52
order_1F7xZ6eQcS13ND,3449.00,3449.00,0.00,INR,rcpt-11254,,paid,1,[],2026-06-24 03:57:21
order_mZxQbYabGivhKm,2319.50,2319.50,0.00,INR,rcpt-38861,,paid,1,[],2026-06-24 10:10:50
order_2Eqr9MZMgwcYm1,291.50,291.50,0.00,INR,rcpt-66279,,paid,1,[],24/06/2026 17:23:19
order_uXPbKuQRHI8P8k,909.00,909.00,0.00,INR,rcpt-13144,,paid,1,[],46197.025555555556
order_xDV1pjLLOdo6Om,1294.00,1294.00,0.00,INR,rcpt-27463,,paid,1,[],24/06/2026 07:49:17
order_laAcpNh9Ggnc5t,3510.50,3510.50,0.00,INR,rcpt-80743,,paid,1,[],24/06/2026 14:02:46
order_yK6Uc3Ipe0bXKO,2663.00,2663.00,0.00,INR,rcpt-12635,,paid,1,[],2026-06-24 21:15:15
order_P0AyoOo4Sj8eWe,533.50,533.50,0.00,INR,rcpt-59893,,paid,1,[],2026-06-24 04:28:44
order_GjQmONDGPbZeme,13187.00,13187.00,0.00,INR,rcpt-61445,,paid,1,[],24/06/2026 11:41:13
order_GSdq3n1kEACbIi,13435.00,13435.00,0.00,INR,rcpt-12227,,paid,1,[],2026-06-24 18:54:42
order_CQnIkaCwHULuwo,23061.50,23061.50,0.00,INR,rcpt-38142,,paid,1,[],46197.04665509259
order_Cx7wxTtu4DZrGV,391.50,391.50,0.00,INR,rcpt-19188,,paid,1,[],2026-06-25 08:20:40
order_XJn6aYTEzNHdYo,305.50,305.50,0.00,INR,rcpt-52349,,paid,1,[],46198.64802083333
order_y4S5gOuoCNIAXT,20293.00,20293.00,0.00,INR,rcpt-44281,,paid,1,[],2026-06-25 22:46:38
order_QFmI1onYh0KlOx,3005.50,3005.50,0.00,INR,rcpt-30796,,paid,1,[],2026-06-25 05:59:07
order_RRMt7CqDwqwEo4,18582.50,18582.50,0.00,INR,rcpt-91274,,paid,1,[],25/06/2026 12:12:36
order_ctAIVmnP3yP3jZ,572.50,572.50,0.00,INR,rcpt-47376,,paid,1,[],25/06/2026 19:25:05
order_2qfCjZVDR5UTcR,566.00,566.00,0.00,INR,rcpt-96644,,paid,1,[],46198.11011574074
order_vvl1Abr05Qiv55,3052.00,3052.00,0.00,INR,rcpt-17745,,paid,1,[],2026-06-25 09:51:03
order_1WCa0VFRkgr9qv,21850.50,21850.50,0.00,INR,rcpt-83722,,paid,1,[],2026-06-25 16:04:32
order_K5tY7Mn8lfml0I,22749.50,22749.50,0.00,INR,rcpt-53756,,paid,1,[],25/06/2026 23:17:01
order_Teeb8qshqJEzMR,1526.50,1526.50,0.00,INR,rcpt-99436,,paid,1,[],25/06/2026 06:30:30
order_z2OIFjbx2BQXjF,1690.50,1690.50,0.00,INR,rcpt-54116,,paid,1,[],25/06/2026 13:43:59
order_rpiBQydjTq2BLi,1369.00,1369.00,0.00,INR,rcpt-97602,,paid,1,[],2026-06-25 20:56:28
order_NxC83NtYLf2qnO,1252.00,1252.00,0.00,INR,rcpt-78269,,paid,1,[],2026-06-25 03:09:57
order_zqSDg7acLwQQRh,874.50,874.50,0.00,INR,rcpt-91778,,paid,1,[],2026-06-25 10:22:26
order_eipJnvCb91DM5V,529.00,529.00,0.00,INR,rcpt-27047,,paid,1,[],2026-06-25 17:35:55
order_AtVcDEJDs5uXRx,712.50,712.50,0.00,INR,rcpt-88358,,paid,1,[],25/06/2026 00:48:24
order_dvKL5qraBgvAc2,2465.00,2465.00,0.00,INR,rcpt-95967,,paid,1,[],46198.292974537035
order_CJrIewe1IeyZWR,18895.00,18895.00,0.00,INR,rcpt-17603,,paid,1,[],2026-06-25 14:14:22
order_0k1UcYtbY7YuJv,886.00,886.00,0.00,INR,rcpt-81865,,paid,1,[],46198.89434027778
order_MT0IPKxQRRJkSz,5795.50,5795.50,0.00,INR,rcpt-23586,,paid,1,[],2026-06-25 04:40:20
order_OwamMosoDYM1E4,585.00,585.00,0.00,INR,rcpt-66788,,paid,1,[],2026-06-25 11:53:49
order_DF6wiO0HoWkReY,2531.50,2531.50,0.00,INR,rcpt-31555,,paid,1,[],25/06/2026 18:06:18
order_IrE2rJkG00CtiI,930.50,930.50,0.00,INR,rcpt-28592,,paid,1,[],2026-06-25 01:19:47
order_G5yPUzsNOKaVXB,21656.50,21656.50,0.00,INR,rcpt-49911,,paid,1,[],25/06/2026 08:32:16
order_PuqNzxHHHte0BR,3217.00,3217.00,0.00,INR,rcpt-96546,,paid,1,[],2026-06-25 15:45:45
order_XLqnqDzztuDhyM,583.50,583.50,0.00,INR,rcpt-47925,,paid,1,[],46198.95710648148
order_ImbWFPSo3DYorg,752.00,752.00,0.00,INR,rcpt-27587,,paid,1,[],2026-06-25 05:11:43
order_YOzhbdHHrfjATK,2578.50,2578.50,0.00,INR,rcpt-37879,,paid,1,[],46198.516805555555
order_1zD0wfVAWd8mQm,8709.00,8709.00,0.00,INR,rcpt-56853,,paid,1,[],25/06/2026 19:37:41
order_UPy3DvJQaVpy3L,217.00,217.00,0.00,INR,rcpt-82627,,paid,1,[],25/06/2026 02:50:10
order_gu8uE8m7diTihQ,10210.50,10210.50,0.00,INR,rcpt-83800,,paid,1,[],2026-06-25 09:03:39
order_wYXWkbCujvN3Ye,2474.00,2474.00,0.00,INR,rcpt-93735,,paid,1,[],2026-25-06 16:16:08
order_PS6Pr3E0sNAJR4,5708.00,5708.00,0.00,INR,rcpt-21833,,paid,1,[],46198.978900462964
order_U71jS4Ze5wt7kV,12282.50,12282.50,0.00,INR,rcpt-25241,,paid,1,[],25/06/2026 06:42:06
order_n7HYhXNW8ZT93r,5165.00,5165.00,0.00,INR,rcpt-13462,,paid,1,[],25/06/2026 13:55:35
order_KAAsDKEvxScZs2,14396.50,14396.50,0.00,INR,rcpt-72227,,paid,1,[],25/06/2026 20:08:04
order_KSWtPeZWNkrN13,922.50,922.50,0.00,INR,rcpt-49034,,paid,1,[],2026-06-25 03:21:33
order_3srl2WKbvRYlU1,1364.50,1364.50,0.00,INR,rcpt-45863,,paid,1,[],2026-06-25 10:34:02
order_RS6kjOdqsdgC4H,739.50,739.50,0.00,INR,rcpt-12310,,paid,1,[],46198.74133101852
order_RjwU5Q2eCc87CZ,360.50,360.50,0.00,INR,rcpt-13796,,paid,1,[],2026-06-25 00:00:00
order_Ai2eGD0cn3Y4TU,736.50,736.50,0.00,INR,rcpt-89525,,paid,1,[],26/06/2026 07:13:29
order_2txkKI3uC8cj2I,228.00,228.00,0.00,INR,rcpt-59344,,paid,1,[],26/06/2026 14:26:58
order_CSN7ej590BP9NK,20918.00,20918.00,0.00,INR,rcpt-47305,,paid,1,[],2026-06-26 21:39:27
order_1zURZZhRgl7tXH,3208.50,3208.50,0.00,INR,rcpt-58884,,paid,1,[],2026-06-26 04:52:56
order_YNL3wxGfcMRFH7,2021.50,2021.50,0.00,INR,rcpt-83674,,paid,1,[],2026-26-06 11:05:25
order_w24RNL2HKXVeDZ,9032.50,9032.50,0.00,INR,rcpt-38252,,paid,1,[],26/06/2026 18:18:54
order_G79g2gU2Mda2an,1681.50,1681.50,0.00,INR,rcpt-11922,,paid,1,[],2026-06-26 01:31:23
order_u2AjouJ3YZxFA5,1620.00,1620.00,0.00,INR,rcpt-10461,,paid,1,[],2026-06-26 08:44:52
order_LTpXB47zdY2c8z,496.50,496.50,0.00,INR,rcpt-78648,,paid,1,[],2026-26-06 15:57:21
order_qbO08xmhfwSy1K,837.00,837.00,0.00,INR,rcpt-11513,,paid,1,[],2026-06-26 22:10:50
order_9JVimuz6LpKDGN,2714.50,2714.50,0.00,INR,rcpt-61089,,paid,1,[],26/06/2026 05:23:19
order_lqxtuOqMT9DNsf,3285.00,3285.00,0.00,INR,rcpt-34542,,paid,1,[],26/06/2026 12:36:48
order_3blCTQnqwlszb2,3057.00,3057.00,0.00,INR,rcpt-86335,,paid,1,[],2026-06-26 19:49:17
order_7v9y4fuLl37ilz,4938.00,4938.00,0.00,INR,rcpt-89605,,paid,1,[],2026-06-26 02:02:46
order_CEPQ5x3jpuFVMu,5495.00,5495.00,0.00,INR,rcpt-46305,,paid,1,[],26/06/2026 09:15:15
order_YSgo7Xe0cuS2Ok,682.50,682.50,0.00,INR,rcpt-30787,,paid,1,[],26/06/2026 16:28:44
order_G6h6W2ifE8u7Bl,770.50,770.50,0.00,INR,rcpt-55675,,paid,1,[],26/06/2026 23:41:13
order_rBlLPmso0uhjhp,354.50,354.50,0.00,INR,rcpt-64657,,paid,1,[],26/06/2026 06:54:42
order_rF1OYT9ig5QLXN,586.00,586.00,0.00,INR,rcpt-54430,,paid,1,[],2026-06-26 13:07:11
order_i4TjS1PjqaktQ7,16702.50,16702.50,0.00,INR,rcpt-50540,,paid,1,[],26/06/2026 20:20:40
order_4PwPArwIfIPShQ,12285.50,12285.50,0.00,INR,rcpt-86042,,paid,1,[],2026-06-26 03:33:09
order_e7Grp8XyihiQY3,13098.50,13098.50,0.00,INR,rcpt-51116,,paid,1,[],2026-06-26 10:46:38
order_woFb0ZtQEsodx1,10762.00,10762.00,0.00,INR,rcpt-47367,,paid,1,[],2026-06-26 17:59:07
order_pNz1BErfxo6gOv,609.50,609.50,0.00,INR,rcpt-81918,,paid,1,[],2026-06-27 00:12:36
order_4nDCqwaWosyYNN,1333.50,1333.50,0.00,INR,rcpt-87282,,paid,1,[],2026-06-27 07:25:05
order_PZqsgnrqiWHR0f,799.00,799.00,0.00,INR,rcpt-66144,,paid,1,[],2026-06-27 14:38:34
order_LeKz4BG8siT1bm,22657.00,22657.00,0.00,INR,rcpt-26471,,paid,1,[],2026-06-27 21:51:03
order_hp7HyB1X217N2G,2228.00,2228.00,0.00,INR,rcpt-92202,,paid,1,[],2026-27-06 04:04:32
order_3rJnWYA6hSqwqy,323.50,323.50,0.00,INR,rcpt-93781,,paid,1,[],27/06/2026 11:17:01
order_FiOu6UhuskDOU4,5093.50,5093.50,0.00,INR,rcpt-22423,,paid,1,[],27/06/2026 18:30:30
order_rkm6Kf1c42QTz7,298.50,298.50,0.00,INR,rcpt-70988,,paid,1,[],2026-06-27 01:43:59
order_hVwy52LKdT2wdU,364.00,364.00,0.00,INR,rcpt-43914,,paid,1,[],2026-06-27 08:56:28
order_RZuHxjj60soSzU,913.50,913.50,0.00,INR,rcpt-81305,,paid,1,[],27/06/2026 15:09:57
order_mzsBmAJq4n2MYf,17678.50,17678.50,0.00,INR,rcpt-65150,,paid,1,[],2026-06-27 22:22:26
order_M6cLxkfdsGzY7O,20572.00,20572.00,0.00,INR,rcpt-42909,,paid,1,[],2026-27-06 05:35:55
order_73hc1oZTn07tWT,2306.00,2306.00,0.00,INR,rcpt-46092,,paid,1,[],27/06/2026 12:48:24
order_qPYSuUMftHX9F1,826.00,826.00,0.00,INR,rcpt-31961,,paid,1,[],2026-06-27 19:01:53
order_olRjmYUW09fmEG,17363.50,17363.50,0.00,INR,rcpt-18600,,paid,1,[],2026-06-27 02:14:22
order_K4JwPOHPsIy829,9580.50,9580.50,0.00,INR,rcpt-48523,,paid,1,[],2026-06-27 09:27:51
order_NWP20mmJsFStFT,2274.00,2274.00,0.00,INR,rcpt-63937,,paid,1,[],2026-06-27 16:40:20
order_P1PbTyWhPkXteY,414.00,414.00,0.00,INR,rcpt-23191,,paid,1,[],2026-06-27 23:53:49
order_JICPBHR91eC4Ev,24314.00,24314.00,0.00,INR,rcpt-45345,,paid,1,[],46200.254375
order_5Qhd0sxXDrxC7K,255.00,255.00,0.00,INR,rcpt-78314,,paid,1,[],46200.55540509259
order_ZDlQrkPvB9nRq7,3652.50,3652.50,0.00,INR,rcpt-70640,,paid,1,[],2026-06-27 20:32:16
order_brKkbCrWodWa3k,21857.00,21857.00,0.00,INR,rcpt-12147,,paid,1,[],2026-06-27 03:45:45
order_0ngzFTf9Eh8MNj,2270.50,2270.50,0.00,INR,rcpt-64193,,paid,1,[],27/06/2026 10:58:14
order_7tJdXXHkhseFra,4697.00,4697.00,0.00,INR,rcpt-42565,,paid,1,[],27/06/2026 17:11:43
order_CmHDA5y7DQtMCs,688.00,688.00,0.00,INR,rcpt-92720,,paid,1,[],27/06/2026 00:24:12
order_7cvPZ8tT9aEPfH,12758.00,12758.00,0.00,INR,rcpt-47333,,paid,1,[],2026-06-27 07:37:41
order_vGOFHhJ2B7fs9i,1733.50,1733.50,0.00,INR,rcpt-30378,,paid,1,[],46200.61817129629
order_gkmPgRppWGI2NM,18871.00,18871.00,0.00,INR,rcpt-46114,,paid,1,[],2026-06-27 21:03:39
order_82gF4995LBGgL1,9960.50,9960.50,0.00,INR,rcpt-88933,,paid,1,[],46200.17787037037
order_8C04XNHvD0kZy5,8748.50,8748.50,0.00,INR,rcpt-63315,,paid,1,[],2026-06-27 11:29:37
order_hEnzGtnI2wyaoR,431.50,431.50,0.00,INR,rcpt-39830,,paid,1,[],2026-06-27 18:42:06
order_gxl03Z4jYuOz89,647.50,647.50,0.00,INR,rcpt-39158,,paid,1,[],46200.0802662037
order_XlGZaQwcDDsnou,3511.00,3511.00,0.00,INR,rcpt-22010,,paid,1,[],2026-06-27 08:08:04
order_XdgwwyJZ2j8Qf9,207.00,207.00,0.00,INR,rcpt-96671,,paid,1,[],27/06/2026 15:21:33
order_hDHQhJdpK8VsF4,4457.00,4457.00,0.00,INR,rcpt-33075,,paid,1,[],27/06/2026 22:34:02
order_V2vczwnRWG8goZ,1798.00,1798.00,0.00,INR,rcpt-70637,,paid,1,[],2026-06-27 05:47:31
order_mGuOj34vZQR3Ct,699.50,699.50,0.00,INR,rcpt-32559,,paid,1,[],2026-28-06 12:00:00
order_T3tGttbGOPvShN,3958.00,3958.00,0.00,INR,rcpt-28678,,paid,1,[],28/06/2026 19:13:29
order_YG4EkkQXJ3OAYa,1432.50,1432.50,0.00,INR,rcpt-85820,,paid,1,[],46202.102060185185
order_FOr5MFB6b6JAqt,1667.50,1667.50,0.00,INR,rcpt-81601,,paid,1,[],29/06/2026 09:39:27
order_FW5Bfw01r0zIk4,844.50,844.50,0.00,INR,rcpt-39839,,paid,1,[],2026-06-29 16:52:56
order_eptT6WaNgctumu,21096.50,21096.50,0.00,INR,rcpt-33605,,paid,1,[],29/06/2026 23:05:25
order_cPQu2JNG0Lh4U8,1084.00,1084.00,0.00,INR,rcpt-63725,,paid,1,[],46202.263125
order_mO8CBaCRWbLA22,6757.50,6757.50,0.00,INR,rcpt-18918,,paid,1,[],2026-06-29 13:31:23
order_Jozxt2ETM4wllY,6457.50,6457.50,0.00,INR,rcpt-38067,,paid,1,[],2026-06-29 20:44:52
order_2IXi0aW2f25JVE,9865.50,9865.50,0.00,INR,rcpt-18605,,paid,1,[],46202.164826388886
order_t53ZMFSF8ja9TO,571.00,571.00,0.00,INR,rcpt-27293,,paid,1,[],46202.42418981482
order_DJI1WOKWAmoYNi,11329.00,11329.00,0.00,INR,rcpt-56593,,paid,1,[],2026-06-29 17:23:19
order_XeCD3tfYKTHf5t,2140.50,2140.50,0.00,INR,rcpt-70667,,paid,1,[],29/06/2026 00:36:48
order_hmvrABcYABiu9j,533.50,533.50,0.00,INR,rcpt-97305,,paid,1,[],2026-06-29 07:49:17
order_9y3RK2e6ta4mWA,2098.00,2098.00,0.00,INR,rcpt-94682,,paid,1,[],2026-06-29 14:02:46
order_DlxgzeLt6u6WUL,4721.50,4721.50,0.00,INR,rcpt-30683,,paid,1,[],2026-06-29 21:15:15
order_y9SWm041sBF8ij,17219.00,17219.00,0.00,INR,rcpt-23780,,paid,1,[],2026-06-29 04:28:44
order_k8M6jksvHKZdAa,15116.50,15116.50,0.00,INR,rcpt-92204,,paid,1,[],2026-06-29 11:41:13
order_IrIHIx4umu4dhr,700.50,700.50,0.00,INR,rcpt-23613,,paid,1,[],2026-06-29 18:54:42
order_XfZ2GHYoDfZASm,378.50,378.50,0.00,INR,rcpt-55168,,paid,1,[],2026-06-29 01:07:11
order_hRlDqTQRqBCfmc,22330.50,22330.50,0.00,INR,rcpt-35075,,paid,1,[],46202.34768518519
order_NTSmv40akAb4dF,15186.50,15186.50,0.00,INR,rcpt-29029,,paid,1,[],29/06/2026 15:33:09
order_syQuk6gOtAkvUF,1312.00,1312.00,0.00,INR,rcpt-40726,,paid,1,[],46202.94905092593
order_fnH5szWjxazTne,516.50,516.50,0.00,INR,rcpt-74871,,paid,1,[],46202.249386574076
order_jZWjeDA3vfSXfV,13566.00,13566.00,0.00,INR,rcpt-85911,,paid,1,[],2026-06-29 12:12:36
order_D05yloLjZBMv8Y,19147.50,19147.50,0.00,INR,rcpt-61504,,paid,1,[],2026-06-30 19:25:05
order_EDy7K88F6mICju,11458.50,11458.50,0.00,INR,rcpt-26539,,paid,1,[],2026-06-30 02:38:34
order_okLKqEPV1g0dyV,294.00,294.00,0.00,INR,rcpt-72809,,paid,1,[],2026-30-06 09:51:03
order_7XzMU6E6S6mSbr,4029.50,4029.50,0.00,INR,rcpt-49241,,paid,1,[],30/06/2026 16:04:32
order_xn81JwRmpu2gec,459.50,459.50,0.00,INR,rcpt-39247,,paid,1,[],2026-06-30 23:17:01
order_q7uz58upKtqG7N,4500.00,4500.00,0.00,INR,rcpt-91939,,paid,1,[],46203.27118055556
order_qT2zY1AVNQyRnD,12478.50,12478.50,0.00,INR,rcpt-32720,,paid,1,[],2026-06-30 13:43:59
order_MjQ5yVWmbJvGcj,18387.50,18387.50,0.00,INR,rcpt-84228,,paid,1,[],30/06/2026 20:56:28
order_RlmgCG70kVtUQr,3930.00,3930.00,0.00,INR,rcpt-10470,,paid,1,[],46203.13190972222
order_G3b2xSiDDhoLy4,4076.50,4076.50,0.00,INR,rcpt-24453,,paid,1,[],2026-06-30 10:22:26
order_nob8E1fIekCJ3c,302.00,302.00,0.00,INR,rcpt-34999,,paid,1,[],30/06/2026 17:35:55
order_cZOkF2VnTcCBob,2557.50,2557.50,0.00,INR,rcpt-30873,,paid,1,[],30/06/2026 00:48:24
order_jH4bcWhfT6UrN0,3975.00,3975.00,0.00,INR,rcpt-44519,,paid,1,[],46203.292974537035
order_06wHSBMy4KXNId,199.50,199.50,0.00,INR,rcpt-60307,,paid,1,[],2026-30-06 14:14:22
order_OvxheIQUznytn5,1443.50,1443.50,0.00,INR,rcpt-28551,,paid,1,[],46203.89434027778
order_fa26B7AbQ8QmFq,23017.50,23017.50,0.00,INR,rcpt-42369,,paid,1,[],2026-06-30 04:40:20
order_4r3hKmeLydIHeW,9082.00,9082.00,0.00,INR,rcpt-49098,,paid,1,[],2026-06-30 11:53:49
order_JDM9WzcVBjxDcl,578.50,578.50,0.00,INR,rcpt-82037,,paid,1,[],2026-06-30 18:06:18
order_cL4D4JsnBgzOjT,7000.50,7000.50,0.00,INR,rcpt-19175,,paid,1,[],30/06/2026 01:19:47
order_UfR5BxL2jjkTtu,1666.50,1666.50,0.00,INR,rcpt-40952,,paid,1,[],2026-06-30 08:32:16
order_tGxqKLc15aJkcp,21336.00,21336.00,0.00,INR,rcpt-82433,,paid,1,[],30/06/2026 15:45:45
order_98m5tHsQjfwMFQ,6064.50,6064.50,0.00,INR,rcpt-55462,,paid,1,[],30/06/2026 22:58:14
order_WmgIjwFRKYhh01,1924.50,1924.50,0.00,INR,rcpt-48053,,paid,1,[],30/06/2026 05:11:43
order_0zSgoWyTAdnlo5,24294.00,24294.00,0.00,INR,rcpt-11529,,paid,1,[],30/06/2026 12:24:12
order_wI5LQj7lfjsYNO,2808.00,2808.00,0.00,INR,rcpt-15464,,paid,1,[],2026-06-30 19:37:41
order_bCpVmFLSM6jFxs,19409.50,19409.50,0.00,INR,rcpt-78116,,paid,1,[],30/06/2026 02:50:10
order_rGIesal43cLv9A,4750.00,4750.00,0.00,INR,rcpt-30175,,paid,1,[],2026-06-30 09:03:39
order_obyUe20O3VNree,17242.00,17242.00,0.00,INR,rcpt-84351,,paid,1,[],2026-06-30 16:16:08
order_pNcr8MsYFOWtOJ,18483.00,18483.00,0.00,INR,rcpt-65588,,paid,1,[],30/06/2026 23:29:37
order_fv4lwJEiJKFPE0,3481.00,3481.00,0.00,INR,rcpt-43487,,paid,1,[],2026-06-30 06:42:06
order_HNrf0W5GHtLkXJ,20283.50,20283.50,0.00,INR,rcpt-85320,,paid,1,[],30/06/2026 13:55:35
order_hiJtFIybxB2jo2,485.00,485.00,0.00,INR,rcpt-37490,,paid,1,[],46203.83893518519
order_IOEEG2jLPLUnWx,308.00,308.00,0.00,INR,rcpt-70125,,paid,1,[],46203.139965277776
order_ZnGD9Mhuub0b7z,727.00,727.00,0.00,INR,rcpt-88520,,paid,1,[],2026-30-06 10:34:02
order_Kaey42EwEJFTYT,523.50,523.50,0.00,INR,rcpt-74271,,paid,1,[],2026-06-30 17:47:31
order_QhBsC2u0ZreBuo,883.50,883.50,0.00,INR,rcpt-86016,,paid,1,[],2026-30-06 00:00:00
order_9vZU2wep3rAQmQ,15820.50,15820.50,0.00,INR,rcpt-52438,,paid,1,[],2026-06-30 07:13:29
order_wVKCVBJHWZ32Vj,4756.00,4756.00,0.00,INR,rcpt-13141,,paid,1,[],2026-30-06 14:26:58
order_lscxyUCtfkJHdu,367.00,367.00,0.00,INR,rcpt-97418,,paid,1,[],30/06/2026 21:39:27
order_l5htS6ytbFK9FG,23643.50,23643.50,0.00,INR,rcpt-93485,,paid,1,[],2026-06-30 04:52:56
order_sc2yTidnXIAwxf,641.50,641.50,0.00,INR,rcpt-21075,,paid,1,[],2026-06-30 11:05:25
order_3zyRw6KRMY5nbh,1624.00,1624.00,0.00,INR,rcpt-54455,,paid,1,[],2026-06-30 18:18:54
order_1sI2HmSMBkW5I0,3519.50,3519.50,0.00,INR,rcpt-27369,,paid,1,[],46203.06346064815
order_DeAD9cjkYiOnVx,14904.00,14904.00,0.00,INR,rcpt-99044,,paid,1,[],46203.36449074074
order_fRzWjFBqu5FsIv,794.00,794.00,0.00,INR,rcpt-35979,,paid,1,[],2026-06-30 15:57:21
order_C9KwfdRc3wnp2q,619.00,619.00,0.00,INR,rcpt-66350,,paid,1,[],01/07/2026 22:10:50
order_fMsLltToHFz7L5,533.50,533.50,0.00,INR,rcpt-16321,,paid,1,[],2026-07-01 05:23:19
order_NLmOhmUxESx4Kh,5775.50,5775.50,0.00,INR,rcpt-97982,,paid,1,[],46204.525555555556
order_KlM69EoTBsxnNd,14819.50,14819.50,0.00,INR,rcpt-69488,,paid,1,[],2026-07-01 19:49:17
order_iKIpiIcIIA5YOS,23617.00,23617.00,0.00,INR,rcpt-25688,,paid,1,[],2026-07-01 02:02:46
order_y9qSMSTth60edL,898.00,898.00,0.00,INR,rcpt-83592,,paid,1,[],2026-07-01 09:15:15
order_8HQyMxOIeH3sXN,8392.50,8392.50,0.00,INR,rcpt-11098,,paid,1,[],2026-07-01 16:28:44
order_LB7jV5sWXkX8No,8136.50,8136.50,0.00,INR,rcpt-36595,,paid,1,[],2026-07-01 23:41:13
order_FwJCoYGu6kKWvn,4188.00,4188.00,0.00,INR,rcpt-81681,,paid,1,[],2026-07-01 06:54:42
order_CSZQdN2RCuaLhH,891.50,891.50,0.00,INR,rcpt-42302,,paid,1,[],2026-07-01 13:07:11
order_AZR5jtoKNRv48L,684.00,684.00,0.00,INR,rcpt-28324,,paid,1,[],2026-07-01 20:20:40
order_r0G0iFlmzEmyXH,439.00,439.00,0.00,INR,rcpt-26185,,paid,1,[],2026-07-01 03:33:09
order_rhqzXHsUDN5D71,10761.50,10761.50,0.00,INR,rcpt-43100,,paid,1,[],2026-07-01 10:46:38
order_rtJlCV2oIwW2d0,20368.50,20368.50,0.00,INR,rcpt-94946,,paid,1,[],2026-01-07 17:59:07
order_z8oxPlQGWZUP0V,5686.00,5686.00,0.00,INR,rcpt-54809,,paid,1,[],01/07/2026 00:12:36
order_JiliJrFDJDXrh5,1634.00,1634.00,0.00,INR,rcpt-86883,,paid,1,[],2026-07-01 07:25:05
order_2Y95Y4X3fOtJUM,23041.00,23041.00,0.00,INR,rcpt-75902,,paid,1,[],2026-07-01 14:38:34
order_kS4MQ7caP6v0iL,702.50,702.50,0.00,INR,rcpt-31727,,paid,1,[],2026-07-01 21:51:03
order_0aDxZVpy3wHp5j,670.50,670.50,0.00,INR,rcpt-39958,,paid,1,[],46204.16981481481
order_B5uKzZMCe9jb4O,520.50,520.50,0.00,INR,rcpt-49286,,paid,1,[],01/07/2026 11:17:01
order_5HsJbjBnpOrJf2,563.00,563.00,0.00,INR,rcpt-20804,,paid,1,[],01/07/2026 18:30:30
order_5NaFh2uFcdWaMh,23489.50,23489.50,0.00,INR,rcpt-28061,,paid,1,[],01/07/2026 01:43:59
order_c9cepKjxlX7APU,3897.00,3897.00,0.00,INR,rcpt-53501,,paid,1,[],2026-07-01 08:56:28
order_H26PEz6uPAmEGr,12059.00,12059.00,0.00,INR,rcpt-40029,,paid,1,[],2026-07-01 15:09:57
order_pYbeVNfALWs5Da,20001.00,20001.00,0.00,INR,rcpt-64509,,paid,1,[],46204.93224537037
order_CPTq1MaegZH4Dm,22280.50,22280.50,0.00,INR,rcpt-33689,,paid,1,[],2026-07-01 05:35:55
order_iA8xT69gKBhVPa,3385.50,3385.50,0.00,INR,rcpt-87106,,paid,1,[],2026-01-07 12:48:24
order_U5fSNJYD5idlFp,258.50,258.50,0.00,INR,rcpt-73020,,paid,1,[],2026-07-01 19:01:53
order_9m5PDXglkeEEpD,525.00,525.00,0.00,INR,rcpt-82606,,paid,1,[],2026-07-01 02:14:22
order_7MEvZ1qlEiqpSf,3615.00,3615.00,0.00,INR,rcpt-29528,,paid,1,[],2026-07-01 09:27:51
order_C8OtLReKxjUsbz,2618.00,2618.00,0.00,INR,rcpt-78769,,paid,1,[],2026-01-07 16:40:20
order_UbbmV3WKEwJskC,839.50,839.50,0.00,INR,rcpt-92616,,paid,1,[],01/07/2026 23:53:49
order_9c6Ue7GX46nuxK,14215.00,14215.00,0.00,INR,rcpt-78982,,paid,1,[],2026-01-07 06:06:18
order_vYve766yREJT8U,8424.50,8424.50,0.00,INR,rcpt-36383,,paid,1,[],2026-07-01 13:19:47
order_232plgnMjE2ZQB,2075.00,2075.00,0.00,INR,rcpt-67150,,paid,1,[],2026-07-01 20:32:16
order_0WBcc4VMi0Z6Sh,4417.00,4417.00,0.00,INR,rcpt-97728,,paid,1,[],2026-07-01 03:45:45
order_Xd8aXBLw3PxIE4,858.00,858.00,0.00,INR,rcpt-48345,,paid,1,[],2026-07-01 10:58:14
order_Jo1sGnKm3AkOUx,2368.00,2368.00,0.00,INR,rcpt-13170,,paid,1,[],2026-07-01 17:11:43
order_PdEykX5xvIBwNy,314.00,314.00,0.00,INR,rcpt-78038,,paid,1,[],2026-07-01 00:24:12
order_lrv05EeoOZrKEh,625.50,625.50,0.00,INR,rcpt-33424,,paid,1,[],01/07/2026 07:37:41
order_D2Zczed9EuyVqE,9101.00,9101.00,0.00,INR,rcpt-19082,,paid,1,[],2026-07-01 14:50:10
order_XtXvRisSXpuxL2,11669.00,11669.00,0.00,INR,rcpt-24076,,paid,1,[],2026-07-01 21:03:39
order_cSKq9D51CSvXf0,385.50,385.50,0.00,INR,rcpt-35496,,paid,1,[],2026-07-01 04:16:08
order_248f6WSBGbi919,202.50,202.50,0.00,INR,rcpt-67058,,paid,1,[],2026-07-01 11:29:37
order_dYpoZTVfSUHljt,1823.00,1823.00,0.00,INR,rcpt-10504,,paid,1,[],2026-07-01 18:42:06
order_K4S1HSaDAfoDvG,1677.50,1677.50,0.00,INR,rcpt-72658,,paid,1,[],2026-02-07 01:55:35
order_Nmq8NQh6MWhVe9,14950.00,14950.00,0.00,INR,rcpt-34799,,paid,1,[],2026-07-02 08:08:04
order_a6QFMTOmGuxFmC,701.00,701.00,0.00,INR,rcpt-20414,,paid,1,[],2026-07-02 15:21:33
order_xPiSfEHZLJOLCt,955.50,955.50,0.00,INR,rcpt-27586,,paid,1,[],2026-07-02 22:34:02
order_J8IDQGPt5pntIt,3607.00,3607.00,0.00,INR,rcpt-60987,,paid,1,[],02/07/2026 05:47:31
order_yjziJcl26x9kuA,2149.50,2149.50,0.00,INR,rcpt-87059,,paid,1,[],2026-07-02 12:00:00
order_QclsJKOWqY82Bq,550.00,550.00,0.00,INR,rcpt-43914,,paid,1,[],02/07/2026 19:13:29
order_w5AafZtGkkN7ir,6311.00,6311.00,0.00,INR,rcpt-28908,,paid,1,[],46205.102060185185
order_R0Z16T465SetoG,1409.00,1409.00,0.00,INR,rcpt-99494,,paid,1,[],46205.402395833335
order_l1rSIoJwH81qM1,583.00,583.00,0.00,INR,rcpt-97734,,paid,1,[],46205.70342592592
order_UWvomL9JkGVUva,4761.00,4761.00,0.00,INR,rcpt-27506,,paid,1,[],02/07/2026 23:05:25
order_5hSPKkASciiVGu,7068.50,7068.50,0.00,INR,rcpt-95364,,paid,1,[],2026-07-02 06:18:54
order_Y0N9tON0KXkam5,473.00,473.00,0.00,INR,rcpt-19776,,paid,1,[],46205.56346064815
order_auLY8A3P6A5tqI,7408.50,7408.50,0.00,INR,rcpt-32695,,paid,1,[],02/07/2026 20:44:52
order_ssuLqSoYdg1huy,12137.50,12137.50,0.00,INR,rcpt-16901,,paid,1,[],2026-02-07 03:57:21
order_sINuKg0rbRv4A4,2874.00,2874.00,0.00,INR,rcpt-74830,,paid,1,[],02/07/2026 10:10:50
order_40Dk3cRudjrhyJ,564.50,564.50,0.00,INR,rcpt-83429,,paid,1,[],46205.72452546296
order_SThO8lOgwcg8Y0,210.00,210.00,0.00,INR,rcpt-54124,,paid,1,[],46205.025555555556
order_XmgB7gfJODjo7u,521.50,521.50,0.00,INR,rcpt-20943,,paid,1,[],02/07/2026 07:49:17
order_uNUibsVnjhBxLL,2337.50,2337.50,0.00,INR,rcpt-53622,,paid,1,[],02/07/2026 14:02:46
order_9YwnmINjWURFFY,10378.50,10378.50,0.00,INR,rcpt-72184,,paid,1,[],02/07/2026 21:15:15
order_Sku4HdG8eQXlXG,555.00,555.00,0.00,INR,rcpt-70691,,paid,1,[],46205.18662037037
order_vQTezV8aDUPEmN,4535.00,4535.00,0.00,INR,rcpt-45187,,paid,1,[],02/07/2026 11:41:13
order_7PVobAIrecR80o,412.00,412.00,0.00,INR,rcpt-20738,,paid,1,[],2026-07-02 18:54:42
order_0Tn6WRtKQhknli,13421.50,13421.50,0.00,INR,rcpt-74047,,paid,1,[],02/07/2026 01:07:11
order_qKHLmfvZeHOEJL,8993.50,8993.50,0.00,INR,rcpt-57577,,paid,1,[],2026-07-02 08:20:40
order_GwRf6jJfx1YtXq,4878.00,4878.00,0.00,INR,rcpt-19771,,paid,1,[],02/07/2026 15:33:09
order_CRBgGzNFYT4chI,2335.00,2335.00,0.00,INR,rcpt-14951,,paid,1,[],46205.94905092593
order_fvDxHjXBKaaSIl,890.50,890.50,0.00,INR,rcpt-37076,,paid,1,[],03/07/2026 05:59:07
order_BGbXeiXak9ih1F,18372.00,18372.00,0.00,INR,rcpt-30251,,paid,1,[],2026-07-03 12:12:36
order_45daiWSuukNJJq,4326.00,4326.00,0.00,INR,rcpt-51571,,paid,1,[],03/07/2026 19:25:05
order_zFtqyCKiZ450BY,20365.00,20365.00,0.00,INR,rcpt-53502,,paid,1,[],2026-07-03 02:38:34
order_h5E6PUM1se6mSC,7005.50,7005.50,0.00,INR,rcpt-50651,,paid,1,[],46206.41045138889
order_1LngufQn9Wkfjo,4420.00,4420.00,0.00,INR,rcpt-51876,,paid,1,[],03/07/2026 16:04:32
order_2DkMKmCbgmbRyQ,24511.00,24511.00,0.00,INR,rcpt-85296,,paid,1,[],46206.97015046296
order_ixafcYlvtVa0uS,23358.00,23358.00,0.00,INR,rcpt-43023,,paid,1,[],2026-07-03 06:30:30
order_Ehd1e1B0lhVqSS,679.00,679.00,0.00,INR,rcpt-91958,,paid,1,[],2026-07-03 13:43:59
order_rKjpHqKvasQV9J,13279.00,13279.00,0.00,INR,rcpt-30285,,paid,1,[],2026-07-03 20:56:28
order_msJjyrRf3fUEub,3614.50,3614.50,0.00,INR,rcpt-20063,,paid,1,[],46206.13190972222
order_0DfduNryh5Vhtk,17855.50,17855.50,0.00,INR,rcpt-27235,,paid,1,[],46206.43224537037
order_LSVnAdyxzYwOh4,12662.50,12662.50,0.00,INR,rcpt-83337,,paid,1,[],2026-07-03 17:35:55
order_dGum5kMlV5aFLS,1162.00,1162.00,0.00,INR,rcpt-91933,,paid,1,[],2026-07-03 00:48:24
order_Vt82yyyijMaU3r,13082.50,13082.50,0.00,INR,rcpt-50068,,paid,1,[],03/07/2026 07:01:53
order_djUVhcYxL11RnK,4375.00,4375.00,0.00,INR,rcpt-17872,,paid,1,[],2026-07-03 14:14:22
order_Eg9mdngxHUih2G,670.50,670.50,0.00,INR,rcpt-21726,,paid,1,[],2026-07-03 21:27:51
order_zzonJF8L8BOFYk,8714.50,8714.50,0.00,INR,rcpt-79309,,paid,1,[],46206.19467592592
order_t6r7tbHEx5vDoP,3728.50,3728.50,0.00,INR,rcpt-84362,,paid,1,[],46206.49570601852
order_KOf2iONiF6a8fn,1432.50,1432.50,0.00,INR,rcpt-15957,,paid,1,[],2026-07-03 18:06:18
order_nTivMdNPzvws36,619.50,619.50,0.00,INR,rcpt-25163,,paid,1,[],03/07/2026 01:19:47
order_yOoiCaoaWB2wxk,15022.50,15022.50,0.00,INR,rcpt-22865,,paid,1,[],46206.35574074074
order_cPpCOSayubhJFl,2713.00,2713.00,0.00,INR,rcpt-65351,,paid,1,[],2026-07-03 15:45:45
order_h3mLOQAMKWBa3p,950.50,950.50,0.00,INR,rcpt-18338,,paid,1,[],2026-07-03 22:58:14
order_lTdD9tmyHR41ZC,24547.50,24547.50,0.00,INR,rcpt-18647,,paid,1,[],2026-07-03 05:11:43
order_laVXVXB5wCaoVA,694.50,694.50,0.00,INR,rcpt-66991,,paid,1,[],46206.516805555555
order_SWi4wHDrN6om8k,9473.50,9473.50,0.00,INR,rcpt-80013,,paid,1,[],2026-07-03 19:37:41
order_XnYSPEAoGUG4Di,516.00,516.00,0.00,INR,rcpt-69686,,paid,1,[],46206.11817129629
order_wpMrkrXr2vlr8B,3016.00,3016.00,0.00,INR,rcpt-18850,,paid,1,[],03/07/2026 09:03:39
order_AfQTvJz3KhrCuw,3698.50,3698.50,0.00,INR,rcpt-73819,,paid,1,[],2026-07-03 16:16:08
order_TDApmY3P5nyyx9,13400.00,13400.00,0.00,INR,rcpt-39323,,paid,1,[],46206.978900462964
order_ZvTb87JP7lvwWn,3243.00,3243.00,0.00,INR,rcpt-70988,,paid,1,[],2026-07-03 06:42:06
order_KBgLgTmpNpoDNL,439.00,439.00,0.00,INR,rcpt-87462,,paid,1,[],03/07/2026 13:55:35
order_Bz2COCW3uKxj89,14446.50,14446.50,0.00,INR,rcpt-66014,,paid,1,[],2026-07-03 20:08:04
order_3yg9lIbln2C0WO,2613.00,2613.00,0.00,INR,rcpt-31356,,paid,1,[],03/07/2026 03:21:33
order_V4dGzSMSaCYuai,2820.50,2820.50,0.00,INR,rcpt-37255,,paid,1,[],2026-07-03 10:34:02
order_lUZimQVmS4AaG1,3254.00,3254.00,0.00,INR,rcpt-74259,,paid,1,[],2026-07-03 17:47:31
order_M3K1ze2IFxd8P5,12332.50,12332.50,0.00,INR,rcpt-19028,,paid,1,[],2026-07-03 00:00:00
order_DiQ624JVUGnc0P,668.00,668.00,0.00,INR,rcpt-37287,,paid,1,[],03/07/2026 07:13:29
order_hbygkXjmyToUpG,1548.50,1548.50,0.00,INR,rcpt-86512,,paid,1,[],2026-07-03 14:26:58
order_v3WZrlQHNB5aul,252.50,252.50,0.00,INR,rcpt-57651,,paid,1,[],2026-07-03 21:39:27
order_bWaPpkauweMCrp,8583.50,8583.50,0.00,INR,rcpt-88630,,paid,1,[],2026-07-03 04:52:56
order_sxp6dFXf5jRGTR,961.50,961.50,0.00,INR,rcpt-37067,,paid,1,[],2026-07-03 11:05:25
order_Gngpn43bOesyi4,4357.50,4357.50,0.00,INR,rcpt-25057,,paid,1,[],46206.763125
order_soh19j2hNOJA0h,9299.50,9299.50,0.00,INR,rcpt-98539,,paid,1,[],2026-07-03 01:31:23
order_ZocetzhgsIG4B9,14578.00,14578.00,0.00,INR,rcpt-35488,,paid,1,[],04/07/2026 08:44:52
order_959IjHocDzHwpO,14307.00,14307.00,0.00,INR,rcpt-87157,,paid,1,[],2026-07-04 15:57:21
order_sMJ8fNbKwSuv5J,2105.00,2105.00,0.00,INR,rcpt-26835,,paid,1,[],2026-07-04 22:10:50
order_kbgqHfa76EDScv,12963.50,12963.50,0.00,INR,rcpt-67501,,paid,1,[],04/07/2026 05:23:19
order_zDB4eR4QnU4Ost,302.50,302.50,0.00,INR,rcpt-13691,,paid,1,[],04/07/2026 12:36:48
order_hg2ljvLwK8cBmB,24532.00,24532.00,0.00,INR,rcpt-60919,,paid,1,[],46207.825891203705
order_0IyI5a0NeSiMII,1701.00,1701.00,0.00,INR,rcpt-39861,,paid,1,[],04/07/2026 02:02:46
order_xndir4JRDekvhe,2063.50,2063.50,0.00,INR,rcpt-81972,,paid,1,[],2026-07-04 09:15:15
order_shZmda9F6Vq2S3,10902.00,10902.00,0.00,INR,rcpt-18861,,paid,1,[],2026-07-04 16:28:44
order_OhjFTHzACNySXa,289.00,289.00,0.00,INR,rcpt-67091,,paid,1,[],04/07/2026 23:41:13
order_LGq6w0sXvMoPiL,1690.50,1690.50,0.00,INR,rcpt-86912,,paid,1,[],04/07/2026 06:54:42
order_hS6moEUi8eCTZO,253.50,253.50,0.00,INR,rcpt-65952,,paid,1,[],46207.54665509259
order_Qa8ZYf3EoEmSML,296.00,296.00,0.00,INR,rcpt-24596,,paid,1,[],2026-07-04 20:20:40
order_GBKc5wUoj1ydpK,873.00,873.00,0.00,INR,rcpt-46495,,paid,1,[],2026-07-04 03:33:09
order_KPOU6AQ5aFjz7S,1751.00,1751.00,0.00,INR,rcpt-10045,,paid,1,[],2026-07-04 10:46:38
order_r6QfIaNMo4IsVf,868.50,868.50,0.00,INR,rcpt-47901,,paid,1,[],2026-07-04 17:59:07
order_5tBCnTv7DQir0u,369.00,369.00,0.00,INR,rcpt-17487,,paid,1,[],2026-07-04 00:12:36
order_JBZhkFQIAyLtd2,11204.50,11204.50,0.00,INR,rcpt-64450,,paid,1,[],46207.30908564815
order_5jRAuNonnt4BHC,3813.00,3813.00,0.00,INR,rcpt-26661,,paid,1,[],2026-07-04 14:38:34
order_Jh0mUQmjM9x9No,11176.00,11176.00,0.00,INR,rcpt-52122,,paid,1,[],2026-07-04 21:51:03
order_xjHNtxRFpwEc4u,5584.50,5584.50,0.00,INR,rcpt-80548,,paid,1,[],04/07/2026 04:04:32
order_pkfLkm7eOpRjMx,14668.50,14668.50,0.00,INR,rcpt-65670,,paid,1,[],04/07/2026 11:17:01
order_j6NJtRZdFwTRqD,15488.00,15488.00,0.00,INR,rcpt-44762,,paid,1,[],2026-04-07 18:30:30
order_tWiRLjPohxEw3y,20639.00,20639.00,0.00,INR,rcpt-17368,,paid,1,[],04/07/2026 01:43:59
order_XBrgjVOblXdTQk,1200.00,1200.00,0.00,INR,rcpt-48801,,paid,1,[],2026-07-04 08:56:28
order_XnwML8p5g83J9V,4043.00,4043.00,0.00,INR,rcpt-32354,,paid,1,[],2026-07-04 15:09:57
order_7D0kHfRvOZ4kgY,260.00,260.00,0.00,INR,rcpt-64514,,paid,1,[],2026-07-04 22:22:26
order_ZX0Et08q0XWmf7,3429.00,3429.00,0.00,INR,rcpt-37253,,paid,1,[],2026-07-04 05:35:55
order_vMuCDMDoc2TkNk,229.50,229.50,0.00,INR,rcpt-48416,,paid,1,[],2026-07-04 12:48:24
order_WcUxPuYJor7fNq,21678.50,21678.50,0.00,INR,rcpt-38067,,paid,1,[],46207.792974537035
order_vfiieaZ3AjoscY,902.00,902.00,0.00,INR,rcpt-43542,,paid,1,[],46207.093310185184
order_31X76QbqXjOjmy,706.50,706.50,0.00,INR,rcpt-77818,,paid,1,[],2026-07-04 09:27:51
order_0JMtvO85AUOTAz,22868.50,22868.50,0.00,INR,rcpt-10605,,paid,1,[],05/07/2026 16:40:20
order_bfYYVSLuiFKio5,4867.50,4867.50,0.00,INR,rcpt-91048,,paid,1,[],46208.99570601852
order_u3gZiOPXIewPe2,5180.50,5180.50,0.00,INR,rcpt-60375,,paid,1,[],05/07/2026 06:06:18
order_u15JZWFHtXJEJn,1367.00,1367.00,0.00,INR,rcpt-89301,,paid,1,[],2026-07-05 13:19:47
order_cmwG44OC7mwfby,2344.00,2344.00,0.00,INR,rcpt-76970,,paid,1,[],46208.85574074074
order_eeraWWuiiXeIo1,3367.50,3367.50,0.00,INR,rcpt-60653,,paid,1,[],2026-07-05 03:45:45
order_vQe9jZPOckUoJj,655.50,655.50,0.00,INR,rcpt-69739,,paid,1,[],2026-07-05 10:58:14
order_yk8lKso6b3mBGA,4714.50,4714.50,0.00,INR,rcpt-97933,,paid,1,[],2026-07-05 17:11:43
order_Vg4VICA6CimNRZ,3393.50,3393.50,0.00,INR,rcpt-41054,,paid,1,[],05/07/2026 00:24:12
order_v0nxcx4jM3RFw1,704.00,704.00,0.00,INR,rcpt-23204,,paid,1,[],2026-07-05 07:37:41
order_b6hyfWB0TC8IgN,21186.50,21186.50,0.00,INR,rcpt-48157,,paid,1,[],05/07/2026 14:50:10
order_ypKiLP4Tog7IbE,1198.00,1198.00,0.00,INR,rcpt-27365,,paid,1,[],05/07/2026 21:03:39
order_Du73PzdYwNK7Ct,645.50,645.50,0.00,INR,rcpt-58004,,paid,1,[],46208.17787037037
order_NaoSptQaxYe9VN,10912.00,10912.00,0.00,INR,rcpt-15052,,paid,1,[],2026-07-05 11:29:37
order_qJOeaZBtZ0ioKJ,4830.00,4830.00,0.00,INR,rcpt-82639,,paid,1,[],2026-07-05 18:42:06
order_p7in0tPUcOFCJT,619.50,619.50,0.00,INR,rcpt-65959,,paid,1,[],2026-07-05 01:55:35
order_x95IDtK2uFGzZc,8809.50,8809.50,0.00,INR,rcpt-83614,,paid,1,[],46208.33893518519
order_COKagGpTSu734P,249.50,249.50,0.00,INR,rcpt-51094,,paid,1,[],46208.639965277776
order_bYRBWesjGXppRn,987.00,987.00,0.00,INR,rcpt-91613,,paid,1,[],2026-07-05 22:34:02
order_l758yMUCkQ13j7,638.00,638.00,0.00,INR,rcpt-63410,,paid,1,[],2026-07-05 05:47:31
order_wBMbklxmSgPxBY,558.50,558.50,0.00,INR,rcpt-90497,,paid,1,[],2026-07-05 12:00:00
order_uBaesOk5hhc1vy,11881.00,11881.00,0.00,INR,rcpt-22900,,paid,1,[],2026-07-05 19:13:29
order_Isl2NRifxMRl18,1122.00,1122.00,0.00,INR,rcpt-73949,,paid,1,[],46208.102060185185
order_qIYVPh12iVYw9Q,1119.50,1119.50,0.00,INR,rcpt-82308,,paid,1,[],05/07/2026 09:39:27
order_dpbk8mpBheWWkw,639.00,639.00,0.00,INR,rcpt-62443,,paid,1,[],2026-07-05 16:52:56
order_FQGz8UmMMxnM27,3734.00,3734.00,0.00,INR,rcpt-77879,,paid,1,[],2026-07-05 23:05:25
order_oVhPoCHA5uerAd,16238.00,16238.00,0.00,INR,rcpt-84083,,paid,1,[],2026-07-05 06:18:54
order_kROtgZ5IPfVWzj,2900.00,2900.00,0.00,INR,rcpt-58684,,paid,1,[],2026-07-05 13:31:23
order_iRztcT6BWk212m,611.50,611.50,0.00,INR,rcpt-71479,,paid,1,[],2026-07-05 20:44:52
order_4f3DgbN5buQvhh,458.50,458.50,0.00,INR,rcpt-81167,,paid,1,[],05/07/2026 03:57:21
order_3y3H2JjxSz594K,10939.00,10939.00,0.00,INR,rcpt-67075,,paid,1,[],2026-07-05 10:10:50
order_4N3A4Byc8WkKuY,211.00,211.00,0.00,INR,rcpt-50374,,paid,1,[],2026-07-05 17:23:19
order_TPXKt9NQbjSvdd,10366.50,10366.50,0.00,INR,rcpt-71305,,paid,1,[],2026-07-05 00:36:48
order_umzHtuviiUtVG4,16706.50,16706.50,0.00,INR,rcpt-48186,,paid,1,[],2026-07-06 07:49:17
order_UVNC7F667RVFgX,4444.00,4444.00,0.00,INR,rcpt-10585,,paid,1,[],07/07/2026 14:02:46
order_98CSdfqQ7HUUPm,488.00,488.00,0.00,INR,rcpt-31712,,paid,1,[],2026-07-07 21:15:15
order_vqBH7YgpLG3a0s,764.00,764.00,0.00,INR,rcpt-36355,,paid,1,[],2026-07-07 04:28:44
order_QKzdUddjKp0gTX,24879.00,24879.00,0.00,INR,rcpt-39362,,paid,1,[],46210.48695601852
order_n95CRKLUy96ll4,1056.50,1056.50,0.00,INR,rcpt-82893,,paid,1,[],2026-07-07 18:54:42
order_QBhXWtrUlYyErI,492.00,492.00,0.00,INR,rcpt-16245,,paid,1,[],2026-07-07 01:07:11
order_UkmUVeGe8DaBJb,4500.00,4500.00,0.00,INR,rcpt-22582,,paid,1,[],46210.34768518519
order_xntTP1O4Psl9Sl,642.00,642.00,0.00,INR,rcpt-82856,,paid,1,[],2026-07-07 15:33:09
order_EhmBm5JocvLe5u,707.50,707.50,0.00,INR,rcpt-56811,,paid,1,[],2026-07-07 22:46:38
order_nmSxUbzPDCXpYg,23746.50,23746.50,0.00,INR,rcpt-55445,,paid,1,[],2026-07-07 05:59:07
order_K6VtLiChBhQt9T,14437.00,14437.00,0.00,INR,rcpt-69485,,paid,1,[],07/07/2026 12:12:36
order_92yuz8L90ryiFg,250.00,250.00,0.00,INR,rcpt-10164,,paid,1,[],2026-07-07 19:25:05
order_dzXEv9WnM2wTDL,735.00,735.00,0.00,INR,rcpt-33143,,paid,1,[],2026-07-07 02:38:34
order_uFJRl16sIf7Ik0,4442.00,4442.00,0.00,INR,rcpt-11599,,paid,1,[],07/07/2026 09:51:03
order_an23QWUjkMA7Pk,4114.00,4114.00,0.00,INR,rcpt-90329,,paid,1,[],2026-07-07 16:04:32
order_DFJxlzGmN8QsSx,15646.00,15646.00,0.00,INR,rcpt-65578,,paid,1,[],2026-07-07 23:17:01
order_u5sFm9n6rRqaqv,18436.00,18436.00,0.00,INR,rcpt-42672,,paid,1,[],07/07/2026 06:30:30
order_9lkhtV0f86fgXc,397.50,397.50,0.00,INR,rcpt-80051,,paid,1,[],07/07/2026 13:43:59
order_he4bUe5VNMcfx0,5053.50,5053.50,0.00,INR,rcpt-35913,,paid,1,[],07/07/2026 20:56:28
order_1XtApknZStUirK,17031.00,17031.00,0.00,INR,rcpt-84705,,paid,1,[],2026-07-07 03:09:57
order_HGL4UKeCvYnPwI,3691.50,3691.50,0.00,INR,rcpt-17030,,paid,1,[],07/07/2026 10:22:26
order_uNqx0sgyqFBHxK,4709.50,4709.50,0.00,INR,rcpt-32333,,paid,1,[],46210.73327546296
order_c7u7iFkrCqUtgY,975.00,975.00,0.00,INR,rcpt-80165,,paid,1,[],2026-07-07 00:48:24
order_EFwSRACVwMl5hR,623.50,623.50,0.00,INR,rcpt-14397,,paid,1,[],2026-07-07 07:01:53
order_0ZFNzituSG26Bh,2203.00,2203.00,0.00,INR,rcpt-46014,,paid,1,[],2026-07-07 14:14:22
order_Wcw5Zo4WeZts8l,950.50,950.50,0.00,INR,rcpt-77422,,paid,1,[],07/07/2026 21:27:51
order_iDvDjUwoWu9DGR,4323.50,4323.50,0.00,INR,rcpt-98882,,paid,1,[],46210.19467592592
order_7nFlrT8jP2Tj5W,3373.50,3373.50,0.00,INR,rcpt-43533,,paid,1,[],2026-07-07 11:53:49
order_oHxdlZddpcXYtZ,4517.00,4517.00,0.00,INR,rcpt-24951,,paid,1,[],2026-07-07 18:06:18
order_VkZSVCITVdfwlz,2751.00,2751.00,0.00,INR,rcpt-87180,,paid,1,[],07/07/2026 01:19:47
order_4uyIIrjdRNuo8R,4522.00,4522.00,0.00,INR,rcpt-59458,,paid,1,[],46210.35574074074
order_3RJvy76FY97V2C,3767.50,3767.50,0.00,INR,rcpt-53095,,paid,1,[],2026-07-07 15:45:45
order_VqgaQ7WtRdjkzz,505.00,505.00,0.00,INR,rcpt-31424,,paid,1,[],2026-07-07 22:58:14
order_ejtjseZDpg62Ij,10938.50,10938.50,0.00,INR,rcpt-27946,,paid,1,[],2026-07-07 05:11:43
order_Pg9CRhtiikhWxE,7873.00,7873.00,0.00,INR,rcpt-13640,,paid,1,[],2026-07-07 12:24:12
order_TC9dxIFpi0HLnN,4888.50,4888.50,0.00,INR,rcpt-93935,,paid,1,[],46210.81783564815
order_eVEvrhMUGhi8MX,22327.50,22327.50,0.00,INR,rcpt-66993,,paid,1,[],2026-07-07 02:50:10
order_Plg0NRPxVzmY6B,583.00,583.00,0.00,INR,rcpt-44800,,paid,1,[],2026-07-07 09:03:39
order_oBDYpwnOECFtF6,24534.00,24534.00,0.00,INR,rcpt-67549,,paid,1,[],46210.67787037037
order_AAXMfWH5wi8Wj8,3691.00,3691.00,0.00,INR,rcpt-87775,,paid,1,[],2026-07-08 23:29:37
order_8C2vC95S0vLC8S,15869.00,15869.00,0.00,INR,rcpt-51677,,paid,1,[],09/07/2026 06:42:06
order_HwZOyHvgRHhtQ1,319.00,319.00,0.00,INR,rcpt-80440,,paid,1,[],2026-07-09 13:55:35
order_uC1RHL15mNNZ5I,2279.50,2279.50,0.00,INR,rcpt-45902,,paid,1,[],2026-07-09 20:08:04
order_ZNFKlUqPANP42P,6820.00,6820.00,0.00,INR,rcpt-47603,,paid,1,[],2026-07-09 03:21:33
order_oB5BF9GJa0DHFU,398.00,398.00,0.00,INR,rcpt-62050,,paid,1,[],2026-07-09 10:34:02
order_2OWngzetYz082r,350.00,350.00,0.00,INR,rcpt-42946,,paid,1,[],2026-07-09 17:47:31
order_5toKv38W490UD4,4267.50,4267.50,0.00,INR,rcpt-28356,,paid,1,[],09/07/2026 00:00:00
order_AU7ATesFIFfTVV,24994.50,24994.50,0.00,INR,rcpt-65332,,paid,1,[],2026-07-09 07:13:29
order_8HEWBMC0EhpYjW,3006.50,3006.50,0.00,INR,rcpt-51350,,paid,1,[],2026-07-09 14:26:58
order_oqb8ZgS1iwOIfX,4124.00,4124.00,0.00,INR,rcpt-97171,,paid,1,[],09/07/2026 21:39:27
order_LtAhWCvtq5Xn57,694.00,694.00,0.00,INR,rcpt-40262,,paid,1,[],46212.20342592592
order_7uyNo136RTf3Qh,18957.50,18957.50,0.00,INR,rcpt-27967,,paid,1,[],09/07/2026 11:05:25
order_hEiVMvPiNaZsCz,8415.00,8415.00,0.00,INR,rcpt-66778,,paid,1,[],09/07/2026 18:18:54
order_Y0NLpDCona6bvs,6610.00,6610.00,0.00,INR,rcpt-73215,,paid,1,[],46212.06346064815
order_rYiAF9DX9yY8oC,18977.50,18977.50,0.00,INR,rcpt-46390,,paid,1,[],2026-07-09 08:44:52
order_TCfgCcKbGXKqjx,887.00,887.00,0.00,INR,rcpt-81840,,paid,1,[],2026-07-09 15:57:21
order_i43a5H8H9NZ1rB,2007.50,2007.50,0.00,INR,rcpt-50585,,paid,1,[],2026-07-09 22:10:50
order_iIEFkWQ8eBTiHl,19426.50,19426.50,0.00,INR,rcpt-31946,,paid,1,[],2026-07-09 05:23:19
order_4Nbr9CVrB0Cgju,4265.00,4265.00,0.00,INR,rcpt-45591,,paid,1,[],2026-07-09 12:36:48
order_H52HG4mGkkMLes,3314.50,3314.50,0.00,INR,rcpt-40329,,paid,1,[],09/07/2026 19:49:17
order_d9hJpcvAF6qU3I,625.50,625.50,0.00,INR,rcpt-40596,,paid,1,[],2026-07-09 02:02:46
order_sJsPSu3OFBQY6K,3445.50,3445.50,0.00,INR,rcpt-28210,,paid,1,[],2026-07-09 09:15:15
order_0G8VylSryi2Tqa,3226.00,3226.00,0.00,INR,rcpt-41917,,paid,1,[],09/07/2026 16:28:44
order_ks0heyLi1rxmLx,3282.00,3282.00,0.00,INR,rcpt-22853,,paid,1,[],09/07/2026 23:41:13
order_trYrXWH6rcKKp2,3941.00,3941.00,0.00,INR,rcpt-93383,,paid,1,[],09/07/2026 06:54:42
order_wtpM16mhhuwsX9,1401.00,1401.00,0.00,INR,rcpt-90834,,paid,1,[],2026-07-09 13:07:11
order_UOU4P8zief0OKJ,577.50,577.50,0.00,INR,rcpt-30240,,paid,1,[],46212.84768518519
order_y84ireravUnkhE,3501.50,3501.50,0.00,INR,rcpt-18540,,paid,1,[],2026-07-09 03:33:09
order_iCNmb9fcYtApkP,493.50,493.50,0.00,INR,rcpt-73184,,paid,1,[],2026-07-09 10:46:38
order_Rw35ZARGcNa0Ws,12191.00,12191.00,0.00,INR,rcpt-24011,,paid,1,[],46212.749386574076
order_DkavwlVVfj4YqI,224.50,224.50,0.00,INR,rcpt-76197,,paid,1,[],46212.00875
order_pV8iPlJSxyNM5J,4234.50,4234.50,0.00,INR,rcpt-20472,,paid,1,[],2026-07-09 07:25:05
order_ZJ4hj9RdaaehA5,12298.00,12298.00,0.00,INR,rcpt-41328,,paid,1,[],2026-07-09 14:38:34
order_o74fjrByQ2gFBz,12396.00,12396.00,0.00,INR,rcpt-94502,,paid,1,[],2026-07-09 21:51:03
order_AYBGWQ63FIQplK,806.00,806.00,0.00,INR,rcpt-77878,,paid,1,[],2026-09-07 04:04:32
order_Er1cRRVFU4NFXs,4816.50,4816.50,0.00,INR,rcpt-68479,,paid,1,[],10/07/2026 11:17:01
order_HiVxfYh7L1GycQ,217.50,217.50,0.00,INR,rcpt-70322,,paid,1,[],2026-07-10 18:30:30
order_SWpBmSf3eFl8bH,858.50,858.50,0.00,INR,rcpt-40752,,paid,1,[],46213.07221064815
order_9X0xZiK1kbARBX,908.00,908.00,0.00,INR,rcpt-75755,,paid,1,[],2026-07-10 08:56:28
order_bcbKNKtjLn1re6,18129.00,18129.00,0.00,INR,rcpt-99504,,paid,1,[],2026-07-10 15:09:57
order_0uG8F4cq5j4JMM,790.50,790.50,0.00,INR,rcpt-95955,,paid,1,[],10/07/2026 22:22:26
order_dooZOBHHfJOCQk,14483.50,14483.50,0.00,INR,rcpt-51714,,paid,1,[],2026-07-10 05:35:55
order_qd1g0KiW0VcgP9,14543.00,14543.00,0.00,INR,rcpt-32101,,paid,1,[],10/07/2026 12:48:24
order_xJ8iCwLxDz5oAC,437.50,437.50,0.00,INR,rcpt-90404,,paid,1,[],10/07/2026 19:01:53
order_DwzZKMoc3326lx,4427.50,4427.50,0.00,INR,rcpt-44033,,paid,1,[],2026-07-10 02:14:22
order_6WfcJ6lgiFfbhA,22275.50,22275.50,0.00,INR,rcpt-36730,,paid,1,[],10/07/2026 09:27:51
order_skSaYx1U4zzfUg,4197.50,4197.50,0.00,INR,rcpt-54560,,paid,1,[],2026-07-10 16:40:20
order_TSpdznRFO2F4oU,2852.50,2852.50,0.00,INR,rcpt-81708,,paid,1,[],2026-07-10 23:53:49
order_7NHK0603CKCPs2,15220.50,15220.50,0.00,INR,rcpt-59710,,paid,1,[],2026-07-10 06:06:18
order_BN9ViIUBB3aVX5,699.50,699.50,0.00,INR,rcpt-32582,,paid,1,[],10/07/2026 13:19:47
order_rd81zVMqvTCJYr,1640.00,1640.00,0.00,INR,rcpt-18145,,paid,1,[],2026-10-07 20:32:16
order_O24HMT5HbYpiwP,16248.00,16248.00,0.00,INR,rcpt-77406,,paid,1,[],2026-07-10 03:45:45
order_8NlsMjiTrjnsGU,1792.00,1792.00,0.00,INR,rcpt-58191,,paid,1,[],10/07/2026 10:58:14
order_EfESe0HcHtDtaa,1997.50,1997.50,0.00,INR,rcpt-49846,,paid,1,[],46213.716469907406
order_Bl2Hp4WxzVOyi3,23498.50,23498.50,0.00,INR,rcpt-41392,,paid,1,[],46213.016805555555
order_s7o0NTPWB3Av9x,951.00,951.00,0.00,INR,rcpt-81913,,paid,1,[],2026-07-10 07:37:41
order_2jSbTmZWZxHnmJ,3323.50,3323.50,0.00,INR,rcpt-81653,,paid,1,[],46213.61817129629
order_9Mgskxls3iuE3d,211.50,211.50,0.00,INR,rcpt-42494,,paid,1,[],2026-07-10 21:03:39
order_II1rnkZaFnKwKK,17625.00,17625.00,0.00,INR,rcpt-42877,,paid,1,[],2026-07-10 04:16:08
order_o3dB13zuWhlJ3a,8380.50,8380.50,0.00,INR,rcpt-85061,,paid,1,[],46213.478900462964
order_Y1PDrCjkKvSUaL,2415.00,2415.00,0.00,INR,rcpt-81778,,paid,1,[],2026-07-10 18:42:06
order_qc3ePd0bLVtg66,877.00,877.00,0.00,INR,rcpt-76196,,paid,1,[],10/07/2026 01:55:35
order_6hJhgUHEMSOrAW,18670.50,18670.50,0.00,INR,rcpt-82674,,paid,1,[],2026-07-10 08:08:04
order_8IyCEDIVpurVhA,18144.50,18144.50,0.00,INR,rcpt-82394,,paid,1,[],10/07/2026 15:21:33
order_QF1Kalmvgrf8AT,4930.00,4930.00,0.00,INR,rcpt-77781,,paid,1,[],2026-07-10 22:34:02
order_JXkOlWKodyGmrh,11812.50,11812.50,0.00,INR,rcpt-44831,,paid,1,[],2026-07-10 05:47:31
order_399bPaMY60Y8SI,2670.50,2670.50,0.00,INR,rcpt-25788,,paid,1,[],10/07/2026 12:00:00
order_AVutRB7PyarfDq,3631.00,3631.00,0.00,INR,rcpt-42224,,paid,1,[],10/07/2026 19:13:29
order_LwGs2tc1lqsbfd,16818.00,16818.00,0.00,INR,rcpt-14361,,paid,1,[],2026-07-10 02:26:58
order_npUGjtmD5I2m3t,5684.00,5684.00,0.00,INR,rcpt-15632,,paid,1,[],46213.402395833335
order_c6SQqhNeM3KaVx,863.00,863.00,0.00,INR,rcpt-73870,,paid,1,[],2026-07-10 16:52:56
order_oejwJhVLbrTxn8,3914.50,3914.50,0.00,INR,rcpt-92251,,paid,1,[],46213.96209490741
order_ZnFh4eKlMrCHWm,904.00,904.00,0.00,INR,rcpt-49220,,paid,1,[],2026-07-10 06:18:54
order_shFTr889kSa06M,2936.50,2936.50,0.00,INR,rcpt-82274,,paid,1,[],10/07/2026 13:31:23
order_52GOizbZkqPvA2,416.00,416.00,0.00,INR,rcpt-63379,,paid,1,[],10/07/2026 20:44:52
order_vxNgph1tdZnBOa,1959.00,1959.00,0.00,INR,rcpt-68970,,paid,1,[],46213.164826388886
order_XDzETZLMySATYI,17216.50,17216.50,0.00,INR,rcpt-85663,,paid,1,[],2026-07-10 10:10:50
order_yoI9bTXgL7LaXk,2372.00,2372.00,0.00,INR,rcpt-77904,,paid,1,[],10/07/2026 17:23:19
order_B4aa3Faqqr1NHs,236.00,236.00,0.00,INR,rcpt-54504,,paid,1,[],46213.025555555556
order_n9Xudj3aYfPaLI,7221.50,7221.50,0.00,INR,rcpt-88368,,paid,1,[],46214.325891203705
order_yhdOYFcgwSbjax,822.50,822.50,0.00,INR,rcpt-12259,,paid,1,[],2026-07-11 14:02:46
order_q1BDD2CWbKjfzT,2251.50,2251.50,0.00,INR,rcpt-16702,,paid,1,[],11/07/2026 21:15:15
order_ps6Xucx1g5pU38,3090.50,3090.50,0.00,INR,rcpt-54999,,paid,1,[],46214.18662037037
order_mJvx71p4gyWClT,4827.00,4827.00,0.00,INR,rcpt-41681,,paid,1,[],2026-07-11 11:41:13
order_dmwbtyDIUzOjjt,5669.50,5669.50,0.00,INR,rcpt-40788,,paid,1,[],2026-07-11 18:54:42
order_joH1k7ASAquVFI,928.00,928.00,0.00,INR,rcpt-17557,,paid,1,[],46214.04665509259
order_0Phz9P0COVM5uP,574.50,574.50,0.00,INR,rcpt-62445,,paid,1,[],2026-07-11 08:20:40
order_4maOf1ow8rOEkq,12020.00,12020.00,0.00,INR,rcpt-81858,,paid,1,[],46214.64802083333
order_BtJE4qSBJQ2U31,813.00,813.00,0.00,INR,rcpt-61569,,paid,1,[],2026-07-11 22:46:38
order_Tm2yrFzyJbym6W,4202.00,4202.00,0.00,INR,rcpt-88460,,paid,1,[],2026-07-11 05:59:07
order_vlxqT2Y7VPHppX,2227.50,2227.50,0.00,INR,rcpt-10152,,paid,1,[],11/07/2026 12:12:36
order_FWUvUOh07jVoBf,3395.00,3395.00,0.00,INR,rcpt-86701,,paid,1,[],2026-07-11 19:25:05
order_BRmgs9x1i5bPhY,4245.00,4245.00,0.00,INR,rcpt-22322,,paid,1,[],2026-07-11 02:38:34
order_SjtAuYfWMKjcE5,23706.50,23706.50,0.00,INR,rcpt-82612,,paid,1,[],2026-11-07 09:51:03
order_RDCWzjpNFygRm9,491.00,491.00,0.00,INR,rcpt-88221,,paid,1,[],11/07/2026 16:04:32
order_uEeBl0GkyPVN5G,382.00,382.00,0.00,INR,rcpt-92034,,paid,1,[],2026-07-11 23:17:01
order_TEEzbcfDtUVpBT,1109.50,1109.50,0.00,INR,rcpt-99829,,paid,1,[],11/07/2026 06:30:30
order_tCGEvU618cYy5O,3491.50,3491.50,0.00,INR,rcpt-12085,,paid,1,[],2026-11-07 13:43:59
order_f0RHtSTf1DeSSS,9309.00,9309.00,0.00,INR,rcpt-20833,,paid,1,[],11/07/2026 20:56:28
order_PDTdKmstOeyWZG,9177.00,9177.00,0.00,INR,rcpt-59746,,paid,1,[],11/07/2026 03:09:57
order_DVOjlVa2TXpyBn,2214.50,2214.50,0.00,INR,rcpt-29347,,paid,1,[],2026-07-11 10:22:26
order_76olcLmBVcvlzT,339.00,339.00,0.00,INR,rcpt-74891,,paid,1,[],2026-07-11 17:35:55
order_fipipD6Suvslui,229.00,229.00,0.00,INR,rcpt-66081,,paid,1,[],11/07/2026 00:48:24
order_VHLWSDobq8yRMS,11173.00,11173.00,0.00,INR,rcpt-86310,,paid,1,[],2026-07-11 07:01:53
order_qjtvmwOtFa7Sw6,6763.50,6763.50,0.00,INR,rcpt-65947,,paid,1,[],2026-11-07 14:14:22
order_IjqAIME6iZHDPF,345.50,345.50,0.00,INR,rcpt-93146,,paid,1,[],2026-07-11 21:27:51
order_I8WABxL5PWQyZO,858.50,858.50,0.00,INR,rcpt-45360,,paid,1,[],2026-07-11 04:40:20
order_gWupjJeOAkvia7,9308.00,9308.00,0.00,INR,rcpt-66626,,paid,1,[],46214.49570601852
order_sVT85rJx3j1tgG,11516.00,11516.00,0.00,INR,rcpt-53942,,paid,1,[],2026-07-11 18:06:18
order_DU2j5a5hXVaq0e,2406.00,2406.00,0.00,INR,rcpt-99514,,paid,1,[],2026-07-12 01:19:47
order_nyUuoYvQId49Vd,2261.00,2261.00,0.00,INR,rcpt-65991,,paid,1,[],2026-07-12 08:32:16
order_wPYGIuUCArXJ9h,8273.00,8273.00,0.00,INR,rcpt-94514,,paid,1,[],46215.65677083333
order_1t7X11qIrpfU7G,4901.50,4901.50,0.00,INR,rcpt-15031,,paid,1,[],12/07/2026 22:58:14
order_Ao4wd2QQoDMLAo,1183.50,1183.50,0.00,INR,rcpt-81043,,paid,1,[],2026-07-12 05:11:43
order_MTMzm2S6wJUGSu,23260.50,23260.50,0.00,INR,rcpt-27470,,paid,1,[],2026-07-12 12:24:12
order_qDgMfAFqgT6IXG,4333.50,4333.50,0.00,INR,rcpt-33601,,paid,1,[],46215.81783564815
order_DZ7Q8Amw6pyIMt,322.50,322.50,0.00,INR,rcpt-50078,,paid,1,[],12/07/2026 02:50:10
order_4Iq3JtZmk9wX1b,4554.00,4554.00,0.00,INR,rcpt-52139,,paid,1,[],12/07/2026 09:03:39
order_q6ul6h3iKFfRWV,15856.00,15856.00,0.00,INR,rcpt-26948,,paid,1,[],46215.67787037037
order_9TQ28AyTILqbI8,573.00,573.00,0.00,INR,rcpt-73945,,paid,1,[],2026-07-12 23:29:37
order_I7NF4jCFKvSBe8,4028.00,4028.00,0.00,INR,rcpt-29636,,paid,1,[],46215.27923611111
order_XUvvBDQoNlg1kx,3735.50,3735.50,0.00,INR,rcpt-98503,,paid,1,[],12/07/2026 13:55:35
order_Gq6atbXA9dnEXI,3437.50,3437.50,0.00,INR,rcpt-48368,,paid,1,[],2026-07-12 20:08:04
order_zKSAgfBNSx1lb1,920.00,920.00,0.00,INR,rcpt-41652,,paid,1,[],46215.139965277776
order_mZ304be5hr1PIN,3054.50,3054.50,0.00,INR,rcpt-31205,,paid,1,[],46215.440300925926
order_Qx6T9QQjawjpoo,2811.00,2811.00,0.00,INR,rcpt-91037,,paid,1,[],2026-07-12 17:47:31
order_xQsPkyUnaArVLW,504.00,504.00,0.00,INR,rcpt-84416,,paid,1,[],2026-07-12 00:00:00
order_ARPayXJ1Cp36Gq,18998.50,18998.50,0.00,INR,rcpt-42092,,paid,1,[],12/07/2026 07:13:29
order_WisepRn75Fhsy2,1940.50,1940.50,0.00,INR,rcpt-31354,,paid,1,[],46215.602060185185
order_ZnFrQza7YEPBYn,775.50,775.50,0.00,INR,rcpt-33547,,paid,1,[],2026-12-07 21:39:27
order_sGFdTjf0xbA8QW,2997.00,2997.00,0.00,INR,rcpt-90494,,paid,1,[],2026-07-12 04:52:56
order_RDd21AtdMRaysy,21301.50,21301.50,0.00,INR,rcpt-45713,,paid,1,[],2026-07-12 11:05:25
order_LNfKQjMXmE5xqs,4630.50,4630.50,0.00,INR,rcpt-61938,,paid,1,[],12/07/2026 18:18:54
order_nhBod0vYwzmADK,568.00,568.00,0.00,INR,rcpt-91781,,paid,1,[],2026-07-12 01:31:23
order_vlM5funtq9BZX7,2575.00,2575.00,0.00,INR,rcpt-32995,,paid,1,[],2026-07-12 08:44:52
order_GbfG3Zjym6nGoL,623.00,623.00,0.00,INR,rcpt-62484,,paid,1,[],2026-07-12 15:57:21
order_AFHk9encB7rY9V,8627.00,8627.00,0.00,INR,rcpt-25757,,paid,1,[],2026-07-12 22:10:50
order_nbEhYIzawAae0q,724.00,724.00,0.00,INR,rcpt-70219,,paid,1,[],46215.22452546296
order_Kz1GkyNPnXXYEs,22085.50,22085.50,0.00,INR,rcpt-19221,,paid,1,[],2026-07-12 12:36:48
order_7ZMSP6z26WEoNy,799.50,799.50,0.00,INR,rcpt-27018,,paid,1,[],2026-07-12 19:49:17
order_mg56vREqbVseZF,16117.00,16117.00,0.00,INR,rcpt-48173,,paid,1,[],2026-07-12 02:02:46
order_Hk11jiiC0ysenV,24933.00,24933.00,0.00,INR,rcpt-20920,,paid,1,[],46216.38559027778
order_ng93AtVP7wKGjd,17698.50,17698.50,0.00,INR,rcpt-74082,,paid,1,[],13/07/2026 16:28:44
order_r2Dx4NBWNU0UoF,7342.50,7342.50,0.00,INR,rcpt-67159,,paid,1,[],2026-07-13 23:41:13
order_3x15PB8vLwHgTY,548.50,548.50,0.00,INR,rcpt-11068,,paid,1,[],13/07/2026 06:54:42
order_lzPUaF3r06V3Vg,425.00,425.00,0.00,INR,rcpt-60121,,paid,1,[],13/07/2026 13:07:11
order_YpwBTre5FJRwB9,24239.50,24239.50,0.00,INR,rcpt-44217,,paid,1,[],13/07/2026 20:20:40
order_4wKltjJ4Wfs0qq,21978.00,21978.00,0.00,INR,rcpt-64149,,paid,1,[],46216.14802083333
order_CHrfrsGTCEqBm6,3979.50,3979.50,0.00,INR,rcpt-92599,,paid,1,[],13/07/2026 10:46:38
order_89BWrqjiCvN2WL,24237.00,24237.00,0.00,INR,rcpt-26743,,paid,1,[],2026-07-13 17:59:07
order_mV3fNHuqU6iafp,2985.00,2985.00,0.00,INR,rcpt-52239,,paid,1,[],46216.00875
order_67GYK3zxWcrStq,22433.50,22433.50,0.00,INR,rcpt-21686,,paid,1,[],46216.30908564815
order_ihbK6DNfabe1y5,3434.00,3434.00,0.00,INR,rcpt-85550,,paid,1,[],2026-07-13 14:38:34
order_MrnPs5orQyWqcC,3468.50,3468.50,0.00,INR,rcpt-24502,,paid,1,[],2026-07-13 21:51:03
order_n9hLH0qaUlHZjp,1565.50,1565.50,0.00,INR,rcpt-22064,,paid,1,[],2026-13-07 04:04:32
order_GdB7RqWfMaaEdA,4765.50,4765.50,0.00,INR,rcpt-89413,,paid,1,[],2026-07-13 11:17:01
order_DMDycVJHLrvfSB,2388.00,2388.00,0.00,INR,rcpt-36521,,paid,1,[],13/07/2026 18:30:30
order_h1WJTPgNVDNpct,4565.50,4565.50,0.00,INR,rcpt-95243,,paid,1,[],46216.07221064815
order_udtaa0pnore4Qm,2709.00,2709.00,0.00,INR,rcpt-83456,,paid,1,[],13/07/2026 08:56:28
order_tXlyVpDkduJNmN,928.00,928.00,0.00,INR,rcpt-45636,,paid,1,[],46216.63190972222
order_CiflnS91i0KV03,1197.50,1197.50,0.00,INR,rcpt-45352,,paid,1,[],2026-07-13 22:22:26
order_Uz4vrTkgyuJhDK,21888.50,21888.50,0.00,INR,rcpt-50681,,paid,1,[],2026-07-13 05:35:55
order_fm5shS5pODO8jC,666.00,666.00,0.00,INR,rcpt-35409,,paid,1,[],46216.53361111111
order_jMRvyKdBs81CVm,222.00,222.00,0.00,INR,rcpt-29446,,paid,1,[],13/07/2026 19:01:53
order_rVDnW7moh30rBm,13957.00,13957.00,0.00,INR,rcpt-73541,,paid,1,[],13/07/2026 02:14:22
order_pdYygwCNBomFgq,589.00,589.00,0.00,INR,rcpt-47707,,paid,1,[],2026-07-13 09:27:51
order_DqCojdS2zTOG8l,2952.00,2952.00,0.00,INR,rcpt-37744,,paid,1,[],2026-07-13 16:40:20
order_6Wbvy5gtQ9jIsX,15375.50,15375.50,0.00,INR,rcpt-84472,,paid,1,[],2026-07-14 23:53:49
order_en7prTheFRiYV5,3337.50,3337.50,0.00,INR,rcpt-88893,,paid,1,[],2026-07-15 06:06:18
order_2vfEd1aovegbwW,2866.00,2866.00,0.00,INR,rcpt-75754,,paid,1,[],15/07/2026 13:19:47
order_GJ3OXXAe9H6RUb,2155.50,2155.50,0.00,INR,rcpt-28204,,paid,1,[],2026-07-15 20:32:16
order_we6h0CGXXHY5Of,3759.50,3759.50,0.00,INR,rcpt-88821,,paid,1,[],2026-07-15 03:45:45
order_jGdarRICmwfFCa,12814.50,12814.50,0.00,INR,rcpt-58681,,paid,1,[],2026-07-15 10:58:14
order_639j7qP5Nofegd,4488.50,4488.50,0.00,INR,rcpt-22301,,paid,1,[],2026-07-15 17:11:43
order_YAPdrlnGBNYbFA,4135.50,4135.50,0.00,INR,rcpt-44085,,paid,1,[],2026-07-15 00:24:12
order_J93KDKSGRK38cN,1292.50,1292.50,0.00,INR,rcpt-53688,,paid,1,[],15/07/2026 07:37:41
order_rceqTyhxAsERXL,1085.50,1085.50,0.00,INR,rcpt-11673,,paid,1,[],2026-07-15 14:50:10
order_qe07QVQ36rcAY7,265.00,265.00,0.00,INR,rcpt-62090,,paid,1,[],15/07/2026 21:03:39
order_HMzGV6ON7pnLuT,19927.00,19927.00,0.00,INR,rcpt-39171,,paid,1,[],2026-07-15 04:16:08
order_lFlsiuI1wIBlDL,448.50,448.50,0.00,INR,rcpt-23884,,paid,1,[],2026-15-07 11:29:37
order_B1yagdcYGIgh6m,354.50,354.50,0.00,INR,rcpt-27351,,paid,1,[],2026-07-15 18:42:06
order_Sio4Dw9rNObuEI,8867.50,8867.50,0.00,INR,rcpt-44058,,paid,1,[],2026-07-15 01:55:35
order_EnKDBWoaZYDoNm,429.00,429.00,0.00,INR,rcpt-56453,,paid,1,[],2026-07-15 08:08:04
order_bKFZkSEZBcOasU,784.00,784.00,0.00,INR,rcpt-13890,,paid,1,[],2026-07-15 15:21:33
order_avaQn7zHd8ZQhs,10515.00,10515.00,0.00,INR,rcpt-93867,,paid,1,[],2026-07-15 22:34:02
order_nYlFcp10dZKlsA,8268.00,8268.00,0.00,INR,rcpt-53697,,paid,1,[],2026-15-07 05:47:31
order_7vCSN1Gt1pZ5d3,710.00,710.00,0.00,INR,rcpt-94412,,paid,1,[],2026-07-15 12:00:00
order_9QAGbC2B8qVdhS,6518.00,6518.00,0.00,INR,rcpt-36701,,paid,1,[],2026-15-07 19:13:29
order_7R9E6PgzYUJMkS,705.50,705.50,0.00,INR,rcpt-49857,,paid,1,[],46218.102060185185
order_wjZoSW9eKnPlJG,407.50,407.50,0.00,INR,rcpt-91206,,paid,1,[],15/07/2026 09:39:27
order_QMLq79DYkeggRm,407.00,407.00,0.00,INR,rcpt-58640,,paid,1,[],2026-15-07 16:52:56
order_2YGLT77UwI3Yg4,3331.00,3331.00,0.00,INR,rcpt-31861,,paid,1,[],46218.96209490741
order_5ycBnZ1lz2PPSu,12701.00,12701.00,0.00,INR,rcpt-76570,,paid,1,[],2026-07-15 06:18:54
order_fsfSgRIQpQPwfD,19376.50,19376.50,0.00,INR,rcpt-88619,,paid,1,[],2026-07-15 13:31:23
order_OFVsmbNY9iCt0D,336.50,336.50,0.00,INR,rcpt-31136,,paid,1,[],15/07/2026 20:44:52
order_kvxlkMVOZh8Zpp,526.50,526.50,0.00,INR,rcpt-49295,,paid,1,[],2026-07-15 03:57:21
order_KDrKZKDX9VVMUx,529.00,529.00,0.00,INR,rcpt-28692,,paid,1,[],2026-07-15 10:10:50
order_28335S7yiBNPu0,4847.50,4847.50,0.00,INR,rcpt-70085,,paid,1,[],2026-07-15 17:23:19
order_nqHIxR6TOf0v0l,4635.50,4635.50,0.00,INR,rcpt-34401,,paid,1,[],15/07/2026 00:36:48
order_baUPSpXn8ENnNZ,4175.00,4175.00,0.00,INR,rcpt-53123,,paid,1,[],2026-15-07 07:49:17
order_Qjg3sqCOPm1RYb,10289.50,10289.50,0.00,INR,rcpt-98490,,paid,1,[],2026-07-15 14:02:46
order_BmLp6ErpmkBIQo,303.00,303.00,0.00,INR,rcpt-99246,,paid,1,[],15/07/2026 21:15:15
order_DILNh9bxWmCu3F,4202.00,4202.00,0.00,INR,rcpt-49236,,paid,1,[],2026-07-15 04:28:44
order_aSq2oR7B7Hvi7p,799.00,799.00,0.00,INR,rcpt-45288,,paid,1,[],15/07/2026 11:41:13
order_C3Jm0S75Ys04Zw,4285.00,4285.00,0.00,INR,rcpt-97000,,paid,1,[],2026-07-15 18:54:42
order_mG1HSh49RivfcA,4152.50,4152.50,0.00,INR,rcpt-99557,,paid,1,[],15/07/2026 01:07:11
order_1LEes321DbbBRN,2774.50,2774.50,0.00,INR,rcpt-86217,,paid,1,[],2026-07-15 08:20:40
order_Nnu4nr3RUvcZAm,18068.50,18068.50,0.00,INR,rcpt-95227,,paid,1,[],2026-07-15 15:33:09
order_Gg0ZLJf2QxjDG9,603.00,603.00,0.00,INR,rcpt-20935,,paid,1,[],2026-15-07 22:46:38
order_WtwjaDyjFYvsQI,4368.50,4368.50,0.00,INR,rcpt-86320,,paid,1,[],2026-07-15 05:59:07
order_prc06QoZU23wje,3282.00,3282.00,0.00,INR,rcpt-10478,,paid,1,[],2026-07-15 12:12:36
order_h7FnBs70hIcTnV,958.00,958.00,0.00,INR,rcpt-72109,,paid,1,[],2026-15-07 19:25:05
order_fjzuMGgVRuv5cV,236.50,236.50,0.00,INR,rcpt-20366,,paid,1,[],2026-07-15 02:38:34
order_5jFH6ZtMUIzu3p,9951.00,9951.00,0.00,INR,rcpt-69201,,paid,1,[],15/07/2026 09:51:03
order_cp1emPs9t1Mouq,507.00,507.00,0.00,INR,rcpt-38368,,paid,1,[],2026-07-15 16:04:32
order_HdpW8XK0qChREi,2342.00,2342.00,0.00,INR,rcpt-21926,,paid,1,[],2026-07-15 23:17:01
order_ryfrZWZzOE4Qax,654.50,654.50,0.00,INR,rcpt-34976,,paid,1,[],46219.27118055556
order_h6yq4ShQLvn7wo,4402.50,4402.50,0.00,INR,rcpt-48465,,paid,1,[],2026-07-16 13:43:59
order_lkw3Xt9KyV48T4,3104.00,3104.00,0.00,INR,rcpt-76040,,paid,1,[],46219.8725462963
order_ih6Zqk17XRjL35,10160.50,10160.50,0.00,INR,rcpt-61078,,paid,1,[],2026-07-16 03:09:57
order_QhWFTOL9KdDLCx,2890.50,2890.50,0.00,INR,rcpt-10398,,paid,1,[],2026-07-16 10:22:26
order_q0H7sGsLILBnMf,239.00,239.00,0.00,INR,rcpt-31116,,paid,1,[],2026-07-16 17:35:55
order_xXRfijfvRmE7KV,2152.00,2152.00,0.00,INR,rcpt-12865,,paid,1,[],16/07/2026 00:48:24
order_8gztak2egc8Pq0,961.00,961.00,0.00,INR,rcpt-80082,,paid,1,[],2026-07-16 07:01:53
order_Vbf72SKH0qtmnB,3422.00,3422.00,0.00,INR,rcpt-89812,,paid,1,[],2026-07-16 14:14:22
order_9flGAkads8Rncm,3508.50,3508.50,0.00,INR,rcpt-14877,,paid,1,[],2026-07-16 21:27:51
order_4yB7hVAJA3pGJf,3781.00,3781.00,0.00,INR,rcpt-41858,,paid,1,[],2026-07-16 04:40:20
order_U9IlRDUGhteEUx,398.50,398.50,0.00,INR,rcpt-91544,,paid,1,[],16/07/2026 11:53:49
order_vUCO4qTbpHNFgv,7018.50,7018.50,0.00,INR,rcpt-56069,,paid,1,[],16/07/2026 18:06:18
order_vTTgMxvjOzOIyC,6684.50,6684.50,0.00,INR,rcpt-59047,,paid,1,[],16/07/2026 01:19:47
order_HcIMGNs8vTaNuR,3117.00,3117.00,0.00,INR,rcpt-53084,,paid,1,[],2026-07-16 08:32:16
order_Ne4012doOYAj6i,17209.50,17209.50,0.00,INR,rcpt-21602,,paid,1,[],16/07/2026 15:45:45
order_y7le9T0vmAHipx,17325.00,17325.00,0.00,INR,rcpt-34484,,paid,1,[],2026-07-16 22:58:14
order_3nR5WPsLgcLweo,246.50,246.50,0.00,INR,rcpt-54281,,paid,1,[],2026-07-16 05:11:43
order_YQlvjeS23mimxo,2056.50,2056.50,0.00,INR,rcpt-29222,,paid,1,[],46219.516805555555
order_amGU83Eh6sq78W,529.00,529.00,0.00,INR,rcpt-58768,,paid,1,[],2026-07-16 19:37:41
order_MtQ8wCx8F4mHhV,21770.00,21770.00,0.00,INR,rcpt-78523,,paid,1,[],16/07/2026 02:50:10
order_lbzKJrfPCQCeF8,24218.50,24218.50,0.00,INR,rcpt-54038,,paid,1,[],2026-07-16 09:03:39
order_FZ5QH1JNCSeDws,2605.50,2605.50,0.00,INR,rcpt-44369,,paid,1,[],2026-07-16 16:16:08
order_lyVP4sVu8L7KtM,2197.00,2197.00,0.00,INR,rcpt-24682,,paid,1,[],2026-07-16 23:29:37
order_jBHXsCVgdzqaxL,1083.50,1083.50,0.00,INR,rcpt-26242,,paid,1,[],2026-07-16 06:42:06
order_Yo9hYuNqEvOceD,881.00,881.00,0.00,INR,rcpt-52751,,paid,1,[],16/07/2026 13:55:35
order_AY40abdZfm7Clc,21127.50,21127.50,0.00,INR,rcpt-38651,,paid,1,[],2026-07-16 20:08:04
order_xtx6hSBWZILFq7,1016.50,1016.50,0.00,INR,rcpt-35913,,paid,1,[],2026-07-16 03:21:33
order_geVOPGjwvYFS4r,585.50,585.50,0.00,INR,rcpt-47075,,paid,1,[],2026-07-16 10:34:02
order_tjbqOEesOGrBJg,1110.50,1110.50,0.00,INR,rcpt-39521,,paid,1,[],16/07/2026 17:47:31
order_28B5GXIV6kS0Dc,5060.00,5060.00,0.00,INR,rcpt-98169,,paid,1,[],2026-07-16 00:00:00
order_6Zq82hqgvvcUPA,8700.50,8700.50,0.00,INR,rcpt-96919,,paid,1,[],2026-07-16 07:13:29
order_Jq9SMaIeTMU2ls,907.00,907.00,0.00,INR,rcpt-53212,,paid,1,[],46219.602060185185
order_GxDMW3GrtQ4krv,512.00,512.00,0.00,INR,rcpt-70395,,paid,1,[],46219.902395833335
order_GagAq5JZVseOQy,10113.50,10113.50,0.00,INR,rcpt-58774,,paid,1,[],2026-07-16 04:52:56
order_B7cX8yp68JdfLe,252.00,252.00,0.00,INR,rcpt-71965,,paid,1,[],16/07/2026 11:05:25
order_IrvZsGJShLc1DZ,16818.50,16818.50,0.00,INR,rcpt-29946,,paid,1,[],2026-16-07 18:18:54
order_6TFUyEvO5QkOv8,510.00,510.00,0.00,INR,rcpt-15841,,paid,1,[],46219.06346064815
order_Xz5W3zyACrWW3c,385.00,385.00,0.00,INR,rcpt-66402,,paid,1,[],2026-07-16 08:44:52
order_1SJFUaTPmzROgS,4208.50,4208.50,0.00,INR,rcpt-17493,,paid,1,[],2026-07-16 15:57:21
order_xPE4izcNBEcNtV,602.50,602.50,0.00,INR,rcpt-51255,,paid,1,[],2026-07-17 22:10:50
order_AzLRbrLefY99WG,2816.50,2816.50,0.00,INR,rcpt-22732,,paid,1,[],2026-07-17 05:23:19
order_2A6XbrgQUtMnZU,11719.00,11719.00,0.00,INR,rcpt-47062,,paid,1,[],2026-07-17 12:36:48
order_jtoGRkcaMA5YRo,478.00,478.00,0.00,INR,rcpt-11312,,paid,1,[],2026-07-17 19:49:17
order_k4kKe1P5lpdZgf,339.50,339.50,0.00,INR,rcpt-64478,,paid,1,[],2026-07-17 02:02:46
order_kT7DlQxZ15elff,575.00,575.00,0.00,INR,rcpt-99661,,paid,1,[],2026-07-17 09:15:15
order_48DoPlWWepWdFU,4413.50,4413.50,0.00,INR,rcpt-20625,,paid,1,[],17/07/2026 16:28:44
order_NKNfnfrNq18U2v,18712.00,18712.00,0.00,INR,rcpt-90265,,paid,1,[],17/07/2026 23:41:13
order_LUXzEssM6aKaEt,1880.00,1880.00,0.00,INR,rcpt-56980,,paid,1,[],2026-07-17 06:54:42
order_mapecBMPI7TpWJ,13185.50,13185.50,0.00,INR,rcpt-84432,,paid,1,[],2026-07-17 13:07:11
order_VgfKVj4d6k036L,22443.50,22443.50,0.00,INR,rcpt-56434,,paid,1,[],2026-07-17 20:20:40
order_mXKVp6qeA2Iwi5,598.00,598.00,0.00,INR,rcpt-27926,,paid,1,[],17/07/2026 03:33:09
order_ucFApawcq7lKAg,12549.50,12549.50,0.00,INR,rcpt-26326,,paid,1,[],17/07/2026 10:46:38
order_J83rM5VT1ODN3C,974.50,974.50,0.00,INR,rcpt-57705,,paid,1,[],46220.749386574076
order_SQeZCiQfX2Y3dt,12468.50,12468.50,0.00,INR,rcpt-26064,,paid,1,[],2026-07-17 00:12:36
order_Z88kDpccZeNt5N,884.00,884.00,0.00,INR,rcpt-80075,,paid,1,[],46220.30908564815
order_LgBTPNEJmtR8lJ,2436.00,2436.00,0.00,INR,rcpt-10317,,paid,1,[],2026-07-17 14:38:34
order_0JUuZkcpWiTaNI,4271.50,4271.50,0.00,INR,rcpt-77486,,paid,1,[],2026-07-17 21:51:03
order_NboiKVA56EkvYV,8276.50,8276.50,0.00,INR,rcpt-53246,,paid,1,[],2026-07-17 04:04:32
order_vDKGfsMvXypQ1X,24524.50,24524.50,0.00,INR,rcpt-92851,,paid,1,[],2026-07-17 11:17:01
order_GtjktlcivUMx1r,16935.00,16935.00,0.00,INR,rcpt-98096,,paid,1,[],17/07/2026 18:30:30
order_xw6uKCZ43iMw6h,22448.50,22448.50,0.00,INR,rcpt-44977,,paid,1,[],46220.07221064815
order_jowanVFbzfm8Wj,219.00,219.00,0.00,INR,rcpt-17234,,paid,1,[],17/07/2026 08:56:28
order_u7vvxDfd1MF3fs,11913.50,11913.50,0.00,INR,rcpt-75987,,paid,1,[],2026-07-17 15:09:57
order_JD5uk3mFSdLPlq,5276.50,5276.50,0.00,INR,rcpt-84976,,paid,1,[],2026-07-17 22:22:26
order_T6alEiUKyw5GmF,24645.50,24645.50,0.00,INR,rcpt-10309,,paid,1,[],46220.23327546296
order_aXHEcDwx89NpM7,4036.00,4036.00,0.00,INR,rcpt-42855,,paid,1,[],17/07/2026 12:48:24
order_IRDeNhLwDZt7e0,1383.50,1383.50,0.00,INR,rcpt-59339,,paid,1,[],2026-07-17 19:01:53
order_M4esYooszMsXu0,4268.00,4268.00,0.00,INR,rcpt-14011,,paid,1,[],17/07/2026 02:14:22
order_mAZ3GAhcvzbBNm,624.50,624.50,0.00,INR,rcpt-29566,,paid,1,[],2026-07-17 09:27:51
order_V9HCPEkdTCuFhk,2194.50,2194.50,0.00,INR,rcpt-76726,,paid,1,[],46221.69467592592
order_SVv9oByCEKRYqb,466.50,466.50,0.00,INR,rcpt-82732,,paid,1,[],2026-18-07 23:53:49
order_6OryRZSb5yy797,4441.00,4441.00,0.00,INR,rcpt-95688,,paid,1,[],2026-07-18 06:06:18
order_G9r1UEUE0a1dlL,4445.50,4445.50,0.00,INR,rcpt-34668,,paid,1,[],46221.55540509259
order_SRyGbmvhyhL5pa,9532.50,9532.50,0.00,INR,rcpt-98787,,paid,1,[],18/07/2026 20:32:16
order_iEpyQgKgJhFsI7,1100.00,1100.00,0.00,INR,rcpt-38552,,paid,1,[],46221.15677083333
order_mx7OBmF2qN5f8h,4066.00,4066.00,0.00,INR,rcpt-65346,,paid,1,[],2026-07-18 10:58:14
order_9w7GZrFFTf8tKT,984.00,984.00,0.00,INR,rcpt-59388,,paid,1,[],18/07/2026 17:11:43
order_rgTD8rFFe7QCGy,22906.00,22906.00,0.00,INR,rcpt-99682,,paid,1,[],46221.016805555555
order_5fFQ7OH2LvAWz3,893.00,893.00,0.00,INR,rcpt-65595,,paid,1,[],2026-07-18 07:37:41
order_PzvwzrC2v4Disx,769.50,769.50,0.00,INR,rcpt-45831,,paid,1,[],46221.61817129629
order_oXdL57t43aXBbm,362.00,362.00,0.00,INR,rcpt-26834,,paid,1,[],2026-07-18 21:03:39
order_RLSWI7Cv6k76dK,3630.50,3630.50,0.00,INR,rcpt-55785,,paid,1,[],2026-07-18 04:16:08
order_QmP57xhmxpAtzD,1682.50,1682.50,0.00,INR,rcpt-93951,,paid,1,[],2026-07-18 11:29:37
order_iUXOwEbOeg5KAg,1464.50,1464.50,0.00,INR,rcpt-60724,,paid,1,[],2026-07-18 18:42:06
order_1h1wHf39Y1NZrz,1403.50,1403.50,0.00,INR,rcpt-48440,,paid,1,[],46221.0802662037
order_bZ2GFoT2AIyxNd,257.00,257.00,0.00,INR,rcpt-32474,,paid,1,[],2026-07-18 08:08:04
order_axIR1jqOBN0p6Z,4103.50,4103.50,0.00,INR,rcpt-89945,,paid,1,[],2026-07-18 15:21:33
order_xULDQSLdShHJW5,447.50,447.50,0.00,INR,rcpt-99700,,paid,1,[],2026-07-18 22:34:02
order_egmmRPlqpuK7jE,1413.00,1413.00,0.00,INR,rcpt-78808,,paid,1,[],2026-07-18 05:47:31
order_XiqXbGZhbMxdWw,219.00,219.00,0.00,INR,rcpt-66306,,paid,1,[],18/07/2026 12:00:00
order_vyob6rUdGDJQUb,2137.00,2137.00,0.00,INR,rcpt-86305,,paid,1,[],18/07/2026 19:13:29
order_gf32aiL6po1cLR,4789.00,4789.00,0.00,INR,rcpt-95474,,paid,1,[],46221.102060185185
order_iNDZFLHIFhW94M,4993.00,4993.00,0.00,INR,rcpt-24179,,paid,1,[],46221.402395833335
order_chE67W4ZJXit39,613.00,613.00,0.00,INR,rcpt-40995,,paid,1,[],2026-07-18 16:52:56
order_H6p7tLxbs52Vnn,3423.50,3423.50,0.00,INR,rcpt-22350,,paid,1,[],46221.96209490741
order_sKCSQB37HzsGMc,3157.00,3157.00,0.00,INR,rcpt-88714,,paid,1,[],2026-07-18 06:18:54
order_OkmJgBfPLXwMoB,20776.50,20776.50,0.00,INR,rcpt-43097,,paid,1,[],2026-07-18 13:31:23
order_Brjdta9Poizdhf,251.50,251.50,0.00,INR,rcpt-73914,,paid,1,[],18/07/2026 20:44:52
order_mgYwCHZMRBeWL3,5545.00,5545.00,0.00,INR,rcpt-33588,,paid,1,[],2026-07-18 03:57:21
order_oJNYl40X0yQOts,2407.50,2407.50,0.00,INR,rcpt-20966,,paid,1,[],2026-07-18 10:10:50
order_QXTL40eVrvEU4o,1461.00,1461.00,0.00,INR,rcpt-72539,,paid,1,[],18/07/2026 17:23:19
order_Jr0wfbnhLDU2pj,19836.50,19836.50,0.00,INR,rcpt-14583,,paid,1,[],2026-07-18 00:36:48
order_T4DJfeFjw0nevW,2703.00,2703.00,0.00,INR,rcpt-69720,,paid,1,[],18/07/2026 07:49:17
order_pBxvWd6FZmCbsy,2441.50,2441.50,0.00,INR,rcpt-90354,,paid,1,[],2026-07-18 14:02:46
order_iriMz9hY5AzxA3,2944.50,2944.50,0.00,INR,rcpt-19976,,paid,1,[],2026-07-18 21:15:15
order_gf7auPq8UxAM93,1409.00,1409.00,0.00,INR,rcpt-23699,,paid,1,[],2026-07-18 04:28:44
order_AkykLgBQn1MRUM,409.00,409.00,0.00,INR,rcpt-24451,,paid,1,[],2026-07-18 11:41:13
order_dXqkqoUD2Wivov,583.00,583.00,0.00,INR,rcpt-56936,,paid,1,[],2026-07-18 18:54:42
order_LwLT5mnlRDQkjt,2320.00,2320.00,0.00,INR,rcpt-53365,,paid,1,[],18/07/2026 01:07:11
order_tLAOC9Ccg1NNTo,2382.50,2382.50,0.00,INR,rcpt-14003,,paid,1,[],2026-07-18 08:20:40
order_gvx8Fw3MGQZXub,16128.00,16128.00,0.00,INR,rcpt-13055,,paid,1,[],2026-07-18 15:33:09
order_eZsqA0XBF4AFrU,7375.50,7375.50,0.00,INR,rcpt-28995,,paid,1,[],2026-07-18 22:46:38
order_HtkDRZHbwTxBqK,24219.50,24219.50,0.00,INR,rcpt-77562,,paid,1,[],18/07/2026 05:59:07
order_Zywi0otMyQflFa,18375.00,18375.00,0.00,INR,rcpt-59731,,paid,1,[],2026-07-18 12:12:36
order_xl8YpNoeOOPpgD,23614.50,23614.50,0.00,INR,rcpt-83933,,paid,1,[],2026-18-07 19:25:05
order_4bTjy1wcMtenGN,2455.50,2455.50,0.00,INR,rcpt-11806,,paid,1,[],2026-07-18 02:38:34
order_Oynmr3IGQVvH2P,311.50,311.50,0.00,INR,rcpt-81266,,paid,1,[],46221.41045138889
order_SxGyZtrxBzBBWl,3126.00,3126.00,0.00,INR,rcpt-55230,,paid,1,[],2026-07-19 16:04:32
order_TxWWj19yLMJ7GA,1012.00,1012.00,0.00,INR,rcpt-44874,,paid,1,[],46222.97015046296
order_246Pe3Etlfxqlc,24513.00,24513.00,0.00,INR,rcpt-21143,,paid,1,[],19/07/2026 06:30:30
order_nEleXBZP360DZQ,23601.00,23601.00,0.00,INR,rcpt-59090,,paid,1,[],19/07/2026 13:43:59
order_vEhLNJM0T0EBDx,15887.00,15887.00,0.00,INR,rcpt-40777,,paid,1,[],46222.8725462963
order_hKqlaHOyfJprgW,998.50,998.50,0.00,INR,rcpt-19594,,paid,1,[],2026-07-19 03:09:57
order_52NMlIaRWN4hVH,839.50,839.50,0.00,INR,rcpt-72146,,paid,1,[],2026-07-19 10:22:26
order_AksWGMDzXTfVFr,14400.00,14400.00,0.00,INR,rcpt-19105,,paid,1,[],2026-07-19 17:35:55
order_SqebwZhYYF7a2d,1987.50,1987.50,0.00,INR,rcpt-85111,,paid,1,[],2026-07-19 00:48:24
order_1HUsvxqIRIzlyn,19839.50,19839.50,0.00,INR,rcpt-77705,,paid,1,[],2026-07-19 07:01:53
order_INTMvFmH4Pwmbr,3741.50,3741.50,0.00,INR,rcpt-99202,,paid,1,[],2026-07-19 14:14:22
order_y8fKe3dDcjwT3H,661.50,661.50,0.00,INR,rcpt-52363,,paid,1,[],2026-07-19 21:27:51
order_xdsdgYS4UNCXH8,597.00,597.00,0.00,INR,rcpt-46700,,paid,1,[],19/07/2026 04:40:20
order_1F9bpSNknO7KHs,3643.50,3643.50,0.00,INR,rcpt-58271,,paid,1,[],2026-07-19 11:53:49
order_DFkN3cD8C76K04,11612.00,11612.00,0.00,INR,rcpt-89849,,paid,1,[],19/07/2026 18:06:18
order_ssFLuDDQbfo5Rb,7121.00,7121.00,0.00,INR,rcpt-86380,,paid,1,[],19/07/2026 01:19:47
order_xxMpULMAPYpgcu,10818.50,10818.50,0.00,INR,rcpt-12544,,paid,1,[],2026-19-07 08:32:16
order_5j37MdcSXmQnEC,960.50,960.50,0.00,INR,rcpt-11913,,paid,1,[],19/07/2026 15:45:45
order_Aha9AWFgcr95n3,14904.00,14904.00,0.00,INR,rcpt-32793,,paid,1,[],2026-07-19 22:58:14
order_ohn4LgqFMDNla8,1916.50,1916.50,0.00,INR,rcpt-69209,,paid,1,[],46222.216469907406
order_ftVy3mIvWhogAW,15936.00,15936.00,0.00,INR,rcpt-36976,,paid,1,[],19/07/2026 12:24:12
order_4GlxzqnLEeiDGY,1018.50,1018.50,0.00,INR,rcpt-26199,,paid,1,[],2026-07-19 19:37:41
order_O8JL4DSviWRgRK,24930.50,24930.50,0.00,INR,rcpt-35624,,paid,1,[],2026-07-19 02:50:10
order_tA2QCJiFlm5cB1,948.00,948.00,0.00,INR,rcpt-47222,,paid,1,[],2026-07-19 09:03:39
order_geNOpXdqtoj5Km,22455.50,22455.50,0.00,INR,rcpt-36386,,paid,1,[],2026-07-19 16:16:08
order_FrTJrGWBDhqJxK,14136.50,14136.50,0.00,INR,rcpt-28465,,paid,1,[],2026-07-19 23:29:37
order_S4eaBLAJjdh7zl,22909.50,22909.50,0.00,INR,rcpt-31030,,paid,1,[],2026-07-19 06:42:06
order_t20qm5ghNpxVJ5,3577.50,3577.50,0.00,INR,rcpt-99976,,paid,1,[],2026-07-19 13:55:35
order_o1fNzvyhKR6yF4,3953.50,3953.50,0.00,INR,rcpt-84441,,paid,1,[],46222.83893518519
order_cg1eCdee75KyyJ,521.50,521.50,0.00,INR,rcpt-26007,,paid,1,[],46222.139965277776
order_Pp3fSXUzaGKO8Y,662.00,662.00,0.00,INR,rcpt-47609,,paid,1,[],2026-07-19 10:34:02
order_7XHFB1rZryOyn6,3874.50,3874.50,0.00,INR,rcpt-33770,,paid,1,[],2026-07-19 17:47:31
order_j48n1g9s1y97iB,698.00,698.00,0.00,INR,rcpt-43996,,paid,1,[],2026-07-19 00:00:00
order_wWvK13nnLB659l,15565.50,15565.50,0.00,INR,rcpt-27717,,paid,1,[],2026-07-19 07:13:29
order_1DoUvMfaMPwH1H,7227.50,7227.50,0.00,INR,rcpt-19674,,paid,1,[],2026-07-19 14:26:58
order_zRaorfalgZo2OP,656.50,656.50,0.00,INR,rcpt-24574,,paid,1,[],19/07/2026 21:39:27
order_xcxeRTTynsV2EO,549.50,549.50,0.00,INR,rcpt-76555,,paid,1,[],2026-19-07 04:52:56
order_dcG956KTerWmKY,383.00,383.00,0.00,INR,rcpt-77735,,paid,1,[],2026-07-19 11:05:25
order_n4I3cHl9zS0YdD,11220.00,11220.00,0.00,INR,rcpt-28057,,paid,1,[],2026-07-19 18:18:54
order_4uj76TsqSkMZtc,900.50,900.50,0.00,INR,rcpt-97258,,paid,1,[],2026-07-20 01:31:23
order_yCsc580gOtVIrp,23273.50,23273.50,0.00,INR,rcpt-27038,,paid,1,[],2026-07-20 08:44:52
order_sqiRbqcZ1UPc5T,2199.00,2199.00,0.00,INR,rcpt-74679,,paid,1,[],2026-07-20 15:57:21
order_a4d4E4UAVRRo8x,435.50,435.50,0.00,INR,rcpt-39595,,paid,1,[],46223.92418981482
order_ZxGiBfw5lATRRq,16279.00,16279.00,0.00,INR,rcpt-83667,,paid,1,[],2026-07-20 05:23:19
order_gSMCwZdEAIEWN0,4997.50,4997.50,0.00,INR,rcpt-21826,,paid,1,[],2026-07-20 12:36:48
order_LNEcYnVWCUmRTK,3530.00,3530.00,0.00,INR,rcpt-56387,,paid,1,[],46223.825891203705
order_viZawfmELkzhVI,2427.50,2427.50,0.00,INR,rcpt-58154,,paid,1,[],2026-07-20 02:02:46
order_dmcUydLVM49D5j,4295.00,4295.00,0.00,INR,rcpt-36380,,paid,1,[],2026-07-20 09:15:15
order_9S7pDq9qvO5kYT,537.50,537.50,0.00,INR,rcpt-69685,,paid,1,[],2026-07-20 16:28:44
order_EfdZunW9Mwt3Uj,17476.50,17476.50,0.00,INR,rcpt-28810,,paid,1,[],2026-07-20 23:41:13
order_mshfvNkihtjWOx,4345.50,4345.50,0.00,INR,rcpt-18173,,paid,1,[],2026-07-20 06:54:42
order_bmbKy6VrGX1Ty0,1701.00,1701.00,0.00,INR,rcpt-52723,,paid,1,[],2026-07-20 13:07:11
order_KHdN3q4wPaOjeF,454.00,454.00,0.00,INR,rcpt-83935,,paid,1,[],20/07/2026 20:20:40
order_YEMHiux3PBY4p9,3292.50,3292.50,0.00,INR,rcpt-57054,,paid,1,[],2026-07-20 03:33:09
order_zcDuEu65d8Y9fG,3057.00,3057.00,0.00,INR,rcpt-45135,,paid,1,[],2026-07-20 10:46:38
order_1GBSlc1qWKRTAH,678.50,678.50,0.00,INR,rcpt-17171,,paid,1,[],2026-07-20 17:59:07
order_qHFrrejQw0iyAT,2444.50,2444.50,0.00,INR,rcpt-32832,,paid,1,[],2026-07-20 00:12:36
order_siXIC5KAA3P2L3,566.00,566.00,0.00,INR,rcpt-43884,,paid,1,[],46223.30908564815
order_kSVhyh3qnkou6K,724.00,724.00,0.00,INR,rcpt-20548,,paid,1,[],2026-07-20 14:38:34
order_eaPV8ve3A4YRL5,4482.00,4482.00,0.00,INR,rcpt-70364,,paid,1,[],2026-07-20 21:51:03
order_zwy7TvyGEh4jtz,22888.50,22888.50,0.00,INR,rcpt-39036,,paid,1,[],2026-20-07 04:04:32
order_rovcnSlaINN3xG,526.50,526.50,0.00,INR,rcpt-47033,,paid,1,[],2026-07-20 11:17:01
order_q4Yaxsvx0K72yB,20277.00,20277.00,0.00,INR,rcpt-50378,,paid,1,[],46223.77118055556
order_Gi2PZ7SXhc66ew,17940.00,17940.00,0.00,INR,rcpt-58031,,paid,1,[],2026-07-20 01:43:59
order_5SziqqeAcx13FI,3463.00,3463.00,0.00,INR,rcpt-85584,,paid,1,[],2026-07-21 08:56:28
order_1rETyaFzNXlWf8,2862.50,2862.50,0.00,INR,rcpt-14442,,paid,1,[],21/07/2026 15:09:57
order_vXXCFrM1qQQsYR,876.50,876.50,0.00,INR,rcpt-82477,,paid,1,[],2026-07-21 22:22:26
order_mtHQE2E2rDw3O9,2413.50,2413.50,0.00,INR,rcpt-85372,,paid,1,[],21/07/2026 05:35:55
order_16EgzDCic6odQo,786.50,786.50,0.00,INR,rcpt-84027,,paid,1,[],2026-07-21 12:48:24
order_DzxPIzmF5k8Ibq,1711.50,1711.50,0.00,INR,rcpt-30705,,paid,1,[],2026-07-21 19:01:53
order_qilhqMIuIvKtxB,758.00,758.00,0.00,INR,rcpt-85638,,paid,1,[],21/07/2026 02:14:22
order_QyaAotA6QS1DJK,713.50,713.50,0.00,INR,rcpt-77350,,paid,1,[],2026-07-21 09:27:51
order_Y9UejHSKUNcsiv,4488.00,4488.00,0.00,INR,rcpt-66597,,paid,1,[],46224.69467592592
order_zTh5X1UPYbK1fS,4605.50,4605.50,0.00,INR,rcpt-72861,,paid,1,[],2026-07-21 23:53:49
order_7tnOxlQ66pfT3O,18243.50,18243.50,0.00,INR,rcpt-57296,,paid,1,[],2026-21-07 06:06:18
order_NtcsVVcALKB9ra,20443.50,20443.50,0.00,INR,rcpt-12065,,paid,1,[],2026-07-21 13:19:47
order_aLBIq9dMERQ2gv,993.50,993.50,0.00,INR,rcpt-71000,,paid,1,[],2026-21-07 20:32:16
order_Y5XCN90MOPK1QG,918.50,918.50,0.00,INR,rcpt-50067,,paid,1,[],21/07/2026 03:45:45
order_z6HXyPaoYx6On2,14981.00,14981.00,0.00,INR,rcpt-65598,,paid,1,[],2026-21-07 10:58:14
order_i7zWhlMooOd43l,24848.50,24848.50,0.00,INR,rcpt-65882,,paid,1,[],2026-07-21 17:11:43
order_YHzl5n8Rwy7TgH,18032.00,18032.00,0.00,INR,rcpt-80024,,paid,1,[],2026-21-07 00:24:12
order_UIb1bY2aUehCJO,1396.00,1396.00,0.00,INR,rcpt-35619,,paid,1,[],46224.31783564815
order_BEeCsiPEeKRcaW,10260.00,10260.00,0.00,INR,rcpt-99996,,paid,1,[],2026-07-21 14:50:10
order_a7a10r0TRoaBN8,6751.50,6751.50,0.00,INR,rcpt-51067,,paid,1,[],2026-07-21 21:03:39
order_PDgvXYMVaRRWNx,4954.00,4954.00,0.00,INR,rcpt-37076,,paid,1,[],2026-07-21 04:16:08
order_dchLoROT1ILpCj,945.00,945.00,0.00,INR,rcpt-30651,,paid,1,[],2026-07-21 11:29:37
order_ynIZ69tBqWNDg0,201.00,201.00,0.00,INR,rcpt-46430,,paid,1,[],2026-21-07 18:42:06
order_dG1qtUdXyihp99,833.00,833.00,0.00,INR,rcpt-36683,,paid,1,[],2026-07-21 01:55:35
order_nahIE86gStV7SA,16030.50,16030.50,0.00,INR,rcpt-58418,,paid,1,[],21/07/2026 08:08:04
order_iL41tg9kfg8OEl,4924.50,4924.50,0.00,INR,rcpt-89629,,paid,1,[],46224.639965277776
order_lNa0Jl5cU35tgn,2486.00,2486.00,0.00,INR,rcpt-90604,,paid,1,[],2026-07-21 22:34:02
order_uWopnSVksCT9Lm,3988.00,3988.00,0.00,INR,rcpt-26007,,paid,1,[],2026-07-21 05:47:31
order_0nUnBcNAF15h7M,3914.50,3914.50,0.00,INR,rcpt-58928,,paid,1,[],21/07/2026 12:00:00
order_j8wxsuB3ggtK6t,4344.00,4344.00,0.00,INR,rcpt-29242,,paid,1,[],2026-07-21 19:13:29
order_gs9nX8Js9loysG,15726.50,15726.50,0.00,INR,rcpt-17348,,paid,1,[],2026-07-21 02:26:58
order_dweeGKLpSifln3,510.00,510.00,0.00,INR,rcpt-31756,,paid,1,[],2026-07-21 09:39:27
order_Wl02BTiuRirUba,1190.50,1190.50,0.00,INR,rcpt-32987,,paid,1,[],2026-07-21 16:52:56
order_Zg0PBn1UHF6LNp,563.50,563.50,0.00,INR,rcpt-46340,,paid,1,[],21/07/2026 23:05:25
order_V8uNkdeGJv9FWE,4456.00,4456.00,0.00,INR,rcpt-42600,,paid,1,[],21/07/2026 06:18:54
order_bIWttqKl24mZPl,293.50,293.50,0.00,INR,rcpt-12963,,paid,1,[],21/07/2026 13:31:23
order_qdRhUr7cxcOFhv,618.50,618.50,0.00,INR,rcpt-16571,,paid,1,[],2026-07-21 20:44:52
order_nX7v3qLWMCDxm9,2970.00,2970.00,0.00,INR,rcpt-96675,,paid,1,[],2026-07-21 03:57:21
order_76eNaRXidGpvU0,245.00,245.00,0.00,INR,rcpt-89643,,paid,1,[],2026-07-22 10:10:50
order_WVuoFrbOousfdc,15801.50,15801.50,0.00,INR,rcpt-94881,,paid,1,[],2026-07-22 17:23:19
order_HpD3dE87Cp3Kld,672.50,672.50,0.00,INR,rcpt-87505,,paid,1,[],2026-07-22 00:36:48
order_wbA6SwHya0HBql,19011.50,19011.50,0.00,INR,rcpt-73634,,paid,1,[],22/07/2026 07:49:17
order_0hKZ4QDP3uRLFN,2769.00,2769.00,0.00,INR,rcpt-14132,,paid,1,[],2026-07-22 14:02:46
order_omm8FmGeBEkeGk,4895.50,4895.50,0.00,INR,rcpt-15491,,paid,1,[],22/07/2026 21:15:15
order_2gErrUATyStsC7,23412.00,23412.00,0.00,INR,rcpt-93204,,paid,1,[],46225.18662037037
order_w62Rwq3fmv1IiT,5711.50,5711.50,0.00,INR,rcpt-75088,,paid,1,[],46225.48695601852
order_ylb6M63NwSDFwf,1906.00,1906.00,0.00,INR,rcpt-77574,,paid,1,[],2026-07-22 18:54:42
order_uhJzUEd5rtZ2XY,218.00,218.00,0.00,INR,rcpt-79847,,paid,1,[],2026-07-22 01:07:11
order_JyYRHTF8Sb6qvS,5526.50,5526.50,0.00,INR,rcpt-44229,,paid,1,[],2026-07-22 08:20:40
order_Wy8JvqUnzTTjNt,2628.50,2628.50,0.00,INR,rcpt-98360,,paid,1,[],46225.64802083333
order_JRlv3oYnxM8Kyi,1103.50,1103.50,0.00,INR,rcpt-71553,,paid,1,[],2026-22-07 22:46:38
order_nlbNj1sAHtALfj,2229.50,2229.50,0.00,INR,rcpt-18805,,paid,1,[],22/07/2026 05:59:07
order_9hKIWL8padSJtY,4996.00,4996.00,0.00,INR,rcpt-60155,,paid,1,[],22/07/2026 12:12:36
order_IjLNRSvrxzBhEq,4176.00,4176.00,0.00,INR,rcpt-67619,,paid,1,[],2026-07-22 19:25:05
order_gcLJEmMFhbgrKH,594.00,594.00,0.00,INR,rcpt-36855,,paid,1,[],2026-07-22 02:38:34
order_7qgn5nyHsSjebx,796.50,796.50,0.00,INR,rcpt-83831,,paid,1,[],2026-07-22 09:51:03
order_H46vRR4Y9giGoX,23081.50,23081.50,0.00,INR,rcpt-18520,,paid,1,[],2026-07-22 16:04:32
order_G41Nqc4rxQGL5p,3211.00,3211.00,0.00,INR,rcpt-75929,,paid,1,[],22/07/2026 23:17:01
order_S62H14VRDQfHCO,23346.50,23346.50,0.00,INR,rcpt-28224,,paid,1,[],2026-07-22 06:30:30
order_NKEkcHUpfbMpac,10318.50,10318.50,0.00,INR,rcpt-52772,,paid,1,[],2026-07-22 13:43:59
order_BiC3yuUIgHmIGl,3857.50,3857.50,0.00,INR,rcpt-58128,,paid,1,[],2026-07-22 20:56:28
order_0PzfPAs02eRtR3,1957.00,1957.00,0.00,INR,rcpt-16824,,paid,1,[],2026-07-22 03:09:57
order_Pm3ZsiWmWHWHzI,220.00,220.00,0.00,INR,rcpt-19607,,paid,1,[],2026-07-22 10:22:26
order_Ptx9oJOybTJZXc,4646.50,4646.50,0.00,INR,rcpt-66953,,paid,1,[],46226.73327546296
order_TeA0RE6F1UA0hx,4954.00,4954.00,0.00,INR,rcpt-84786,,paid,1,[],23/07/2026 00:48:24
order_CfyoPvtosG84a8,921.50,921.50,0.00,INR,rcpt-52725,,paid,1,[],2026-07-23 07:01:53
order_gz7OxC8pD9lqRH,4843.00,4843.00,0.00,INR,rcpt-95704,,paid,1,[],23/07/2026 14:14:22
order_XQwtx7FH32Kh6M,13764.50,13764.50,0.00,INR,rcpt-39296,,paid,1,[],2026-07-23 21:27:51
order_tJOWH6lQVebnyR,865.50,865.50,0.00,INR,rcpt-55349,,paid,1,[],2026-07-23 04:40:20
order_U2jAtQzHsVFlr8,22593.00,22593.00,0.00,INR,rcpt-22974,,paid,1,[],2026-07-23 11:53:49
order_GetB4bDbr2KBPT,916.00,916.00,0.00,INR,rcpt-12350,,paid,1,[],2026-07-23 18:06:18
order_j63b77WunqqGN4,8108.50,8108.50,0.00,INR,rcpt-50547,,paid,1,[],2026-07-23 01:19:47
order_ZjrhKPbqf36ZOI,4643.50,4643.50,0.00,INR,rcpt-87030,,paid,1,[],23/07/2026 08:32:16
order_0ReAr5W5n6mzL1,953.00,953.00,0.00,INR,rcpt-60334,,paid,1,[],2026-07-23 15:45:45
order_zDmcNT34MylMUK,4214.50,4214.50,0.00,INR,rcpt-11196,,paid,1,[],23/07/2026 22:58:14
order_SxDY6DRUfbYYau,1308.50,1308.50,0.00,INR,rcpt-79710,,paid,1,[],23/07/2026 05:11:43
order_5ti4vPgd2GbGgd,19290.00,19290.00,0.00,INR,rcpt-58592,,paid,1,[],46226.516805555555
order_sn635ui1fSc17Q,14038.00,14038.00,0.00,INR,rcpt-49015,,paid,1,[],23/07/2026 19:37:41
order_KE7RktbFFiExXv,2930.00,2930.00,0.00,INR,rcpt-80248,,paid,1,[],2026-07-23 02:50:10
order_ae2FONktF6hVVb,606.00,606.00,0.00,INR,rcpt-20545,,paid,1,[],2026-07-23 09:03:39
order_tjhCjfinZMz8kq,298.50,298.50,0.00,INR,rcpt-88121,,paid,1,[],23/07/2026 16:16:08
order_W4pAG23lSRfs0d,4538.00,4538.00,0.00,INR,rcpt-38313,,paid,1,[],2026-07-23 23:29:37
order_4SXXE1HJKb9rJB,597.00,597.00,0.00,INR,rcpt-19165,,paid,1,[],46226.27923611111
order_8qOIzkmbGT5tqB,4412.00,4412.00,0.00,INR,rcpt-52165,,paid,1,[],2026-07-23 13:55:35
order_ZpBWyWuy40JHrz,24242.00,24242.00,0.00,INR,rcpt-47747,,paid,1,[],23/07/2026 20:08:04
order_XtNIJTwYnFexHe,16191.00,16191.00,0.00,INR,rcpt-41937,,paid,1,[],2026-23-07 03:21:33
order_pKhBEfbTyrZqbq,21825.00,21825.00,0.00,INR,rcpt-23672,,paid,1,[],2026-23-07 10:34:02
order_nUbRKkfmpqsjNQ,3817.00,3817.00,0.00,INR,rcpt-76543,,paid,1,[],2026-07-23 17:47:31
order_bxFKtIOQJBvShT,1669.00,1669.00,0.00,INR,rcpt-84417,,paid,1,[],23/07/2026 00:00:00
order_KU5V1rREE19zD5,2217.00,2217.00,0.00,INR,rcpt-68664,,paid,1,[],46226.301030092596
order_XYlgTfu7fhOrYG,4636.50,4636.50,0.00,INR,rcpt-31627,,paid,1,[],23/07/2026 14:26:58
order_1F40HuqqQv9U7Z,3766.50,3766.50,0.00,INR,rcpt-44888,,paid,1,[],2026-23-07 21:39:27
order_GYgqax6x4Dku9d,857.50,857.50,0.00,INR,rcpt-87409,,paid,1,[],23/07/2026 04:52:56
order_Bkw9EJModAe82j,11399.00,11399.00,0.00,INR,rcpt-62295,,paid,1,[],2026-07-23 11:05:25
order_4ujRaCPbSN4Ym6,17883.00,17883.00,0.00,INR,rcpt-20941,,paid,1,[],2026-07-23 18:18:54
order_NA9lB7Qz9BEnDp,816.00,816.00,0.00,INR,rcpt-38191,,paid,1,[],2026-07-23 01:31:23
order_Nr7qWq1TfIaGJg,4130.50,4130.50,0.00,INR,rcpt-34117,,paid,1,[],23/07/2026 08:44:52
order_JMudZNaDgAVUyL,13790.50,13790.50,0.00,INR,rcpt-35711,,paid,1,[],2026-07-23 15:57:21
order_MstOkekbFBMu6S,1280.50,1280.50,0.00,INR,rcpt-10487,,paid,1,[],2026-07-23 22:10:50
order_Brtg9N1Nmd6sRy,2147.00,2147.00,0.00,INR,rcpt-39985,,paid,1,[],46226.22452546296
order_3RJI5ZXGE4J1so,2757.50,2757.50,0.00,INR,rcpt-59594,,paid,1,[],2026-07-24 12:36:48
order_hFWXg3M7cnDNQM,507.50,507.50,0.00,INR,rcpt-28698,,paid,1,[],2026-07-24 19:49:17
order_cUiZpOGVfFsjbY,932.00,932.00,0.00,INR,rcpt-36833,,paid,1,[],2026-07-25 02:02:46
order_xAFSnPKgq2fckv,4131.50,4131.50,0.00,INR,rcpt-28108,,paid,1,[],2026-07-25 09:15:15
order_BhpfjseWYTMWAA,7054.00,7054.00,0.00,INR,rcpt-48716,,paid,1,[],2026-07-25 16:28:44
order_60jUG3JViSGaJ1,1617.50,1617.50,0.00,INR,rcpt-49395,,paid,1,[],2026-07-25 23:41:13
order_jIIeoYxJEub1VC,623.00,623.00,0.00,INR,rcpt-87120,,paid,1,[],2026-07-25 06:54:42
order_5dFIVJnwpSkaO9,12088.50,12088.50,0.00,INR,rcpt-35272,,paid,1,[],2026-07-25 13:07:11
order_tgDt1aN1a72jmZ,484.50,484.50,0.00,INR,rcpt-53339,,paid,1,[],46228.84768518519
order_LpYiQOYUux61Z0,550.50,550.50,0.00,INR,rcpt-53046,,paid,1,[],46228.14802083333
order_OuNLbVeMeXrbsc,4064.50,4064.50,0.00,INR,rcpt-52453,,paid,1,[],2026-07-25 10:46:38
order_veDmNNePiJWqfF,1917.00,1917.00,0.00,INR,rcpt-34657,,paid,1,[],2026-07-25 17:59:07
order_GEYM1heCLvWy4E,8075.00,8075.00,0.00,INR,rcpt-79200,,paid,1,[],25/07/2026 00:12:36
order_S3sXf0XrLzDmel,22098.50,22098.50,0.00,INR,rcpt-61695,,paid,1,[],46228.30908564815
order_8oND2w5zkLFjfk,887.50,887.50,0.00,INR,rcpt-97066,,paid,1,[],2026-07-25 14:38:34
order_WfK6RKJkqsws2t,18875.50,18875.50,0.00,INR,rcpt-86642,,paid,1,[],2026-07-25 21:51:03
order_ES8lW15h3yDOgO,13237.50,13237.50,0.00,INR,rcpt-65448,,paid,1,[],2026-07-25 04:04:32
order_1jEwVCCRgekkZn,2863.50,2863.50,0.00,INR,rcpt-47162,,paid,1,[],2026-07-25 11:17:01
order_yOiO8eiNMrfMuQ,15908.50,15908.50,0.00,INR,rcpt-71092,,paid,1,[],2026-07-25 18:30:30
order_ziAlzk2eLsG3Us,4045.00,4045.00,0.00,INR,rcpt-64058,,paid,1,[],46228.07221064815
order_76N3jXwhyeJfP0,766.00,766.00,0.00,INR,rcpt-10515,,paid,1,[],25/07/2026 08:56:28
order_GVZI2buocN8ZaF,1879.50,1879.50,0.00,INR,rcpt-46578,,paid,1,[],2026-07-25 15:09:57
order_WGJLWWj3jBUMqN,21750.50,21750.50,0.00,INR,rcpt-95157,,paid,1,[],25/07/2026 22:22:26
order_HXiBBKfn9imlKD,210.00,210.00,0.00,INR,rcpt-30138,,paid,1,[],25/07/2026 05:35:55
order_1Qb6TuBvTybqZn,8640.00,8640.00,0.00,INR,rcpt-91614,,paid,1,[],2026-07-25 12:48:24
order_K3I2T97qIBMqja,7000.50,7000.50,0.00,INR,rcpt-37402,,paid,1,[],46228.792974537035
order_qy477QzgmKSGrl,3406.50,3406.50,0.00,INR,rcpt-21373,,paid,1,[],46228.093310185184
order_aRbaOezlOBHsLS,2526.00,2526.00,0.00,INR,rcpt-18964,,paid,1,[],2026-07-25 09:27:51
order_cckIa4vQeKqbZx,6578.50,6578.50,0.00,INR,rcpt-65632,,paid,1,[],46228.69467592592
order_nxXP7FQ0gbE3bZ,1454.00,1454.00,0.00,INR,rcpt-28679,,paid,1,[],25/07/2026 23:53:49
order_ub0sQE343GrOYl,600.00,600.00,0.00,INR,rcpt-12854,,paid,1,[],2026-07-25 06:06:18
order_4vj5IfRe4Xr9SF,793.50,793.50,0.00,INR,rcpt-48173,,paid,1,[],2026-07-25 13:19:47
order_VOo31AfvXnog6y,874.00,874.00,0.00,INR,rcpt-28822,,paid,1,[],2026-07-25 20:32:16
order_TlBUw7ERxOcWhD,1477.50,1477.50,0.00,INR,rcpt-46575,,paid,1,[],25/07/2026 03:45:45
order_G8mTwt9R60w2zC,24177.50,24177.50,0.00,INR,rcpt-80997,,paid,1,[],2026-07-25 10:58:14
order_5z2HdtN11YERLl,834.50,834.50,0.00,INR,rcpt-81138,,paid,1,[],25/07/2026 17:11:43
order_NvK9Lj1FquHUzo,727.00,727.00,0.00,INR,rcpt-67350,,paid,1,[],25/07/2026 00:24:12
order_wTyvBBS3saiOKM,2929.50,2929.50,0.00,INR,rcpt-37850,,paid,1,[],2026-07-25 07:37:41
order_g6CVfrOclKtoZc,1251.00,1251.00,0.00,INR,rcpt-35406,,paid,1,[],46228.61817129629
order_sLM2WSzuC1yQRR,389.50,389.50,0.00,INR,rcpt-79662,,paid,1,[],2026-07-25 21:03:39
order_ZTJvmY6OsiM8jY,4541.00,4541.00,0.00,INR,rcpt-49473,,paid,1,[],2026-07-25 04:16:08
order_Ejwma2XRyH4BVs,2868.00,2868.00,0.00,INR,rcpt-95859,,paid,1,[],25/07/2026 11:29:37
order_3gDnxrHsOJj3sI,593.50,593.50,0.00,INR,rcpt-60136,,paid,1,[],25/07/2026 18:42:06
order_NgCDRrcaUZt2XB,4616.00,4616.00,0.00,INR,rcpt-93124,,paid,1,[],25/07/2026 01:55:35
order_FVjIa2eOuUtK19,334.00,334.00,0.00,INR,rcpt-45248,,paid,1,[],2026-07-25 08:08:04
order_vm5A2xI42HyuMK,5627.00,5627.00,0.00,INR,rcpt-24855,,paid,1,[],2026-07-25 15:21:33
order_2iXfTBMzQd4OMI,1942.50,1942.50,0.00,INR,rcpt-44426,,paid,1,[],25/07/2026 22:34:02
order_1mX3jMzpOOxZbq,421.50,421.50,0.00,INR,rcpt-50158,,paid,1,[],26/07/2026 05:47:31
order_ayKd6GQW5K7XyT,11248.50,11248.50,0.00,INR,rcpt-72414,,paid,1,[],46229.5
order_dpecGBeyiZ8JYC,18816.00,18816.00,0.00,INR,rcpt-52941,,paid,1,[],2026-07-27 19:13:29
order_xi4xHY2l5rOrTC,4137.00,4137.00,0.00,INR,rcpt-73235,,paid,1,[],2026-07-27 02:26:58
order_KzYlsjV2XnjRel,2511.00,2511.00,0.00,INR,rcpt-90037,,paid,1,[],2026-07-27 09:39:27
order_fPHLclm4N35g1d,3984.00,3984.00,0.00,INR,rcpt-26258,,paid,1,[],27/07/2026 16:52:56
order_GOWPkEycLN5f6n,1366.00,1366.00,0.00,INR,rcpt-88463,,paid,1,[],2026-07-27 23:05:25
order_TJRr6J2D8b7dKo,3532.00,3532.00,0.00,INR,rcpt-16768,,paid,1,[],2026-07-27 06:18:54
order_xB9rFuNHMGLqSZ,505.50,505.50,0.00,INR,rcpt-71998,,paid,1,[],46230.56346064815
order_d7DpL3h4AJMD4r,816.50,816.50,0.00,INR,rcpt-56603,,paid,1,[],46230.86449074074
order_pVvIIbBTdlpygZ,4392.00,4392.00,0.00,INR,rcpt-48652,,paid,1,[],2026-27-07 03:57:21
order_oYbpPNz1EmKiUC,407.50,407.50,0.00,INR,rcpt-87149,,paid,1,[],2026-27-07 10:10:50
order_R5hs0FrnagTfjd,717.50,717.50,0.00,INR,rcpt-48913,,paid,1,[],2026-07-27 17:23:19
order_PcqTnasR4EvRZB,24547.00,24547.00,0.00,INR,rcpt-36373,,paid,1,[],2026-07-27 00:36:48
order_9NMHIOCW1nyzWV,551.00,551.00,0.00,INR,rcpt-44636,,paid,1,[],2026-07-27 07:49:17
order_Sr4z4EhZYeoRwo,827.00,827.00,0.00,INR,rcpt-46682,,paid,1,[],2026-27-07 14:02:46
order_AKerJtZKQGeLir,3042.50,3042.50,0.00,INR,rcpt-21809,,paid,1,[],2026-07-27 21:15:15
order_TV1UnaL2D1msqT,1468.50,1468.50,0.00,INR,rcpt-97112,,paid,1,[],2026-07-27 04:28:44
order_q4LGEfdSAQsQ2Y,13001.00,13001.00,0.00,INR,rcpt-83690,,paid,1,[],2026-07-27 11:41:13
order_F1hKrsBoWurYuI,14448.00,14448.00,0.00,INR,rcpt-33633,,paid,1,[],27/07/2026 18:54:42
order_QakD08suqNaHFh,904.00,904.00,0.00,INR,rcpt-36739,,paid,1,[],2026-07-27 01:07:11
order_ofbvXHCbXvNMEp,18617.50,18617.50,0.00,INR,rcpt-29537,,paid,1,[],27/07/2026 08:20:40
order_lpf79nvC9Lz13v,217.00,217.00,0.00,INR,rcpt-29475,,paid,1,[],46230.64802083333
order_1jhgw7UbYjGID6,4416.00,4416.00,0.00,INR,rcpt-46310,,paid,1,[],2026-07-27 22:46:38
order_b4Mp5xnKHpSzWs,3604.50,3604.50,0.00,INR,rcpt-93846,,paid,1,[],2026-07-27 05:59:07
order_vzQkEP252gmotx,503.00,503.00,0.00,INR,rcpt-30832,,paid,1,[],27/07/2026 12:12:36
order_4YZkstSXO6KyE0,2720.00,2720.00,0.00,INR,rcpt-14113,,paid,1,[],27/07/2026 19:25:05
order_JhX6n2ZB6gkRNZ,661.50,661.50,0.00,INR,rcpt-92368,,paid,1,[],2026-07-27 02:38:34
order_SC3jmDgV5uznZr,475.50,475.50,0.00,INR,rcpt-67324,,paid,1,[],27/07/2026 09:51:03
order_YwdMwBYi4WWppF,24405.00,24405.00,0.00,INR,rcpt-95283,,paid,1,[],27/07/2026 16:04:32
order_GKTwSB4QjceyXe,9263.50,9263.50,0.00,INR,rcpt-99618,,paid,1,[],2026-07-28 23:17:01
order_sL1tO9hIO2ku4B,721.00,721.00,0.00,INR,rcpt-13235,,paid,1,[],2026-07-29 06:30:30
order_sVlxscQtp7uiLk,1356.00,1356.00,0.00,INR,rcpt-98286,,paid,1,[],2026-07-29 13:43:59
order_DuS7G53ihPCTeS,4020.50,4020.50,0.00,INR,rcpt-86108,,paid,1,[],2026-07-29 20:56:28
order_prlq0lknc4DuP8,23673.50,23673.50,0.00,INR,rcpt-94059,,paid,1,[],2026-07-29 03:09:57
order_qZXZVOssNz4zlw,326.50,326.50,0.00,INR,rcpt-73408,,paid,1,[],2026-07-29 10:22:26
order_8gd4FZWzrcsNZN,6168.50,6168.50,0.00,INR,rcpt-76115,,paid,1,[],2026-29-07 17:35:55
order_4POXfCwwb4w6tO,2007.00,2007.00,0.00,INR,rcpt-40693,,paid,1,[],46232.03361111111
order_sqL9wanzuOn57l,266.50,266.50,0.00,INR,rcpt-66417,,paid,1,[],2026-07-29 07:01:53
order_XmE3BOCbSKh7rb,3798.00,3798.00,0.00,INR,rcpt-33393,,paid,1,[],29/07/2026 14:14:22
order_YqSGGkSXVft1LO,1310.00,1310.00,0.00,INR,rcpt-93716,,paid,1,[],2026-07-29 21:27:51
order_4lu83ncnvBb5Ln,4444.00,4444.00,0.00,INR,rcpt-10121,,paid,1,[],2026-07-29 04:40:20
order_8FwIRhyDfDQsS0,23147.50,23147.50,0.00,INR,rcpt-53850,,paid,1,[],2026-07-29 11:53:49
order_bXPZaQFAue3haQ,568.50,568.50,0.00,INR,rcpt-88664,,paid,1,[],2026-07-29 18:06:18
order_F29YEFuQo7uVfr,513.50,513.50,0.00,INR,rcpt-13167,,paid,1,[],2026-07-29 01:19:47
order_X3XdWO1UBd8hWh,693.50,693.50,0.00,INR,rcpt-38511,,paid,1,[],46232.35574074074
order_bpMWU6dUQ44sa0,714.50,714.50,0.00,INR,rcpt-26535,,paid,1,[],2026-07-29 15:45:45
order_YVmFyDUVL1suGI,3300.50,3300.50,0.00,INR,rcpt-26501,,paid,1,[],2026-07-29 22:58:14
order_fxWrQMnLbCcOBl,2625.00,2625.00,0.00,INR,rcpt-86485,,paid,1,[],29/07/2026 05:11:43
order_eMkrbciFz1NGBE,24520.50,24520.50,0.00,INR,rcpt-68739,,paid,1,[],2026-07-29 12:24:12
order_cSaXz7GtqTmnWu,1867.00,1867.00,0.00,INR,rcpt-58230,,paid,1,[],29/07/2026 19:37:41
order_zfAYgqwm2S0Gbf,968.50,968.50,0.00,INR,rcpt-65241,,paid,1,[],2026-07-29 02:50:10
order_8ZD7oTw5I0Z9uc,10290.00,10290.00,0.00,INR,rcpt-28451,,paid,1,[],29/07/2026 09:03:39
order_9lC3dqYLocG1WM,4874.00,4874.00,0.00,INR,rcpt-20116,,paid,1,[],2026-07-29 16:16:08
order_6GZSUQLwRguDVa,261.00,261.00,0.00,INR,rcpt-56647,,paid,1,[],29/07/2026 23:29:37
order_aJRvVeAjKQGNdN,692.00,692.00,0.00,INR,rcpt-36856,,paid,1,[],2026-07-29 06:42:06
order_YRKhNVL48OFXPM,3699.00,3699.00,0.00,INR,rcpt-58767,,paid,1,[],2026-07-29 13:55:35
order_6Lqqfu1P1Qdeaa,4825.50,4825.50,0.00,INR,rcpt-75273,,paid,1,[],2026-07-30 20:08:04
order_DeXUp43ylNsNoz,229.50,229.50,0.00,INR,rcpt-10958,,paid,1,[],30/07/2026 03:21:33
order_wft1U89R5cOYrF,4766.50,4766.50,0.00,INR,rcpt-33613,,paid,1,[],2026-07-30 10:34:02
order_67YrRXYkF5ZS8I,1571.00,1571.00,0.00,INR,rcpt-46844,,paid,1,[],2026-07-30 17:47:31
order_2nWMTOky80pGwt,584.50,584.50,0.00,INR,rcpt-79201,,paid,1,[],30/07/2026 00:00:00
order_omG1dRM0Xevz4r,3937.50,3937.50,0.00,INR,rcpt-29256,,paid,1,[],46233.301030092596
order_LS1uX7bzW97c2O,8322.00,8322.00,0.00,INR,rcpt-50066,,paid,1,[],2026-07-30 14:26:58
order_p7fMXz1R044kB4,24615.00,24615.00,0.00,INR,rcpt-97761,,paid,1,[],2026-30-07 21:39:27
order_bhvIMoXp0gZcCq,1246.50,1246.50,0.00,INR,rcpt-57521,,paid,1,[],2026-07-30 04:52:56
order_h94lHrsNjQXD4b,9549.50,9549.50,0.00,INR,rcpt-58929,,paid,1,[],30/07/2026 11:05:25
order_FiJ6uSFAdEzXNV,8206.00,8206.00,0.00,INR,rcpt-29275,,paid,1,[],2026-07-30 18:18:54
order_vlFA9NGR2pIgQt,569.00,569.00,0.00,INR,rcpt-65438,,paid,1,[],2026-07-30 01:31:23
order_JDmlavfRDor1oa,6347.50,6347.50,0.00,INR,rcpt-52387,,paid,1,[],46233.36449074074
order_NTGHoHQB9lyj6o,2943.50,2943.50,0.00,INR,rcpt-86402,,paid,1,[],2026-07-30 15:57:21
order_YgYTzf5n7no9Zf,829.00,829.00,0.00,INR,rcpt-35925,,paid,1,[],2026-07-30 22:10:50
order_e9nivm2wMlJ4PF,2228.00,2228.00,0.00,INR,rcpt-61997,,paid,1,[],2026-07-30 05:23:19
order_jbdNO15rVQYv7h,955.00,955.00,0.00,INR,rcpt-32727,,paid,1,[],2026-07-30 12:36:48
order_SZEDLhlZGlijiI,21790.50,21790.50,0.00,INR,rcpt-39703,,paid,1,[],2026-30-07 19:49:17
order_fRZTH6ugZJlgZ0,21054.50,21054.50,0.00,INR,rcpt-63294,,paid,1,[],30/07/2026 02:02:46
order_LGE9PcZlYJINDv,2257.50,2257.50,0.00,INR,rcpt-56236,,paid,1,[],2026-07-30 09:15:15
order_oWXC2pTkmgogkw,389.00,389.00,0.00,INR,rcpt-66449,,paid,1,[],2026-07-30 16:28:44
order_NWaEvtLt38TzYv,1944.50,1944.50,0.00,INR,rcpt-14761,,paid,1,[],2026-07-30 23:41:13
order_hOnWGWVaXOSOke,809.50,809.50,0.00,INR,rcpt-54108,,paid,1,[],2026-07-30 06:54:42
order_Cs4HLXqCrapteX,2915.50,2915.50,0.00,INR,rcpt-46397,,paid,1,[],2026-07-30 13:07:11
order_rYYNkLA4Ao1EiY,18000.50,18000.50,0.00,INR,rcpt-56172,,paid,1,[],2026-07-30 20:20:40
order_coZuGb6tzPdxQo,239.50,239.50,0.00,INR,rcpt-49224,,paid,1,[],30/07/2026 03:33:09
order_IaeUxfy0YthtV9,210.50,210.50,0.00,INR,rcpt-91618,,paid,1,[],2026-07-30 10:46:38
order_b5e0ivFHQcHsPC,6220.50,6220.50,0.00,INR,rcpt-27463,,paid,1,[],30/07/2026 17:59:07
order_sayNttf90lbqLE,15476.50,15476.50,0.00,INR,rcpt-81733,,paid,1,[],46233.00875
order_e2h1sVPIfCMTIH,14435.00,14435.00,0.00,INR,rcpt-37451,,paid,1,[],30/07/2026 07:25:05
order_OnP6w0vc4PH0g8,1633.00,1633.00,0.00,INR,rcpt-32225,,paid,1,[],2026-07-30 14:38:34
order_AHHwLIFOV57XlC,3842.00,3842.00,0.00,INR,rcpt-49995,,paid,1,[],2026-07-30 21:51:03
order_HKhPUE1EfP4TXx,898.50,898.50,0.00,INR,rcpt-96586,,paid,1,[],2026-07-30 04:04:32
order_VZMIC3tNATSUcQ,15371.50,15371.50,0.00,INR,rcpt-24054,,paid,1,[],30/07/2026 11:17:01
order_J2Guw3nJChpv2k,12011.00,12011.00,0.00,INR,rcpt-31020,,paid,1,[],30/07/2026 18:30:30
order_i3fSk0BXuiRVmm,896.50,896.50,0.00,INR,rcpt-87200,,paid,1,[],2026-07-30 01:43:59
order_NtCvYqMkFoyHw8,3257.50,3257.50,0.00,INR,rcpt-40435,,paid,1,[],46234.3725462963
order_ZlAT3WvRzSUIS0,2413.00,2413.00,0.00,INR,rcpt-70714,,paid,1,[],2026-07-31 15:09:57
order_drQhYyAEJ9cq0b,18529.50,18529.50,0.00,INR,rcpt-37720,,paid,1,[],2026-07-31 22:22:26
order_6zbpIJtTMvjENR,3612.50,3612.50,0.00,INR,rcpt-93910,,paid,1,[],2026-07-31 05:35:55
order_s9g95yCPYRIhzZ,616.00,616.00,0.00,INR,rcpt-94396,,paid,1,[],2026-07-31 12:48:24
order_QUYmfx6qN58jqh,678.00,678.00,0.00,INR,rcpt-35039,,paid,1,[],2026-07-31 19:01:53
order_XFN05CDcxnfWUD,413.50,413.50,0.00,INR,rcpt-81039,,paid,1,[],2026-07-31 02:14:22
order_uj0SB9UfPFzbnk,10801.00,10801.00,0.00,INR,rcpt-86142,,paid,1,[],2026-07-31 09:27:51
order_JYhptycaIJTDiv,10504.00,10504.00,0.00,INR,rcpt-50428,,paid,1,[],2026-07-31 16:40:20
order_jR4KZbcQxwPdfs,23619.50,23619.50,0.00,INR,rcpt-28492,,paid,1,[],2026-07-31 23:53:49
order_DY1bCk9x0jK5cI,587.00,587.00,0.00,INR,rcpt-20875,,paid,1,[],46234.254375
order_hDnh48n13FJtdm,3543.50,3543.50,0.00,INR,rcpt-81271,,paid,1,[],2026-07-31 13:19:47
order_lC0NAgjsT9A9Vt,541.50,541.50,0.00,INR,rcpt-26316,,paid,1,[],46234.85574074074
order_Yn21X9TqxobqCd,21685.50,21685.50,0.00,INR,rcpt-22518,,paid,1,[],2026-07-31 03:45:45
order_p8sU2zHB8j6CfW,13857.00,13857.00,0.00,INR,rcpt-20287,,paid,1,[],2026-07-31 10:58:14
order_msEhv4ya6udrDP,1382.00,1382.00,0.00,INR,rcpt-96971,,paid,1,[],2026-07-31 17:11:43
order_mvzacosOhyt9Vc,511.50,511.50,0.00,INR,rcpt-14406,,paid,1,[],2026-07-31 00:24:12
order_4PgHcagVyQ2wfv,490.50,490.50,0.00,INR,rcpt-88455,,paid,1,[],2026-31-07 07:37:41
order_jp3LcqZAgjWk1C,567.00,567.00,0.00,INR,rcpt-30970,,paid,1,[],2026-07-31 14:50:10
order_vRA2XsWjYvXGKQ,1512.50,1512.50,0.00,INR,rcpt-77248,,paid,1,[],2026-07-31 21:03:39
order_mg1CUa7YUsTMvQ,558.50,558.50,0.00,INR,rcpt-30636,,paid,1,[],2026-07-31 04:16:08
order_CMdtg1Exwb7qqT,699.00,699.00,0.00,INR,rcpt-48866,,paid,1,[],2026-07-31 11:29:37
order_euiTzT0TdIcnwo,496.00,496.00,0.00,INR,rcpt-39605,,paid,1,[],31/07/2026 18:42:06
order_evbVorddvCA43u,5665.00,5665.00,0.00,INR,rcpt-31131,,paid,1,[],2026-07-31 01:55:35
order_a28zZuwnZjJ30Q,10216.50,10216.50,0.00,INR,rcpt-41723,,paid,1,[],31/07/2026 08:08:04
order_y18ehc1C7iaDgm,12905.00,12905.00,0.00,INR,rcpt-59360,,paid,1,[],31/07/2026 15:21:33
order_ocGRax8OipYVsP,1395.50,1395.50,0.00,INR,rcpt-93199,,paid,1,[],2026-07-31 22:34:02
order_EiSxbajMn6mfni,606.50,606.50,0.00,INR,rcpt-96203,,paid,1,[],01/08/2026 05:47:31
order_ZJnF0R2L3CEOkv,7174.00,7174.00,0.00,INR,rcpt-13749,,paid,1,[],01/08/2026 12:00:00
order_T5qlJ2WchjWopg,602.00,602.00,0.00,INR,rcpt-29085,,paid,1,[],46235.801030092596
order_3T7c3yFTEJMXRq,229.50,229.50,0.00,INR,rcpt-94604,,paid,1,[],2026-08-01 02:26:58
order_g9rBCUnQ3661wX,2300.00,2300.00,0.00,INR,rcpt-18864,,paid,1,[],2026-08-01 09:39:27
order_mJs7KX6Hr1h05f,4623.00,4623.00,0.00,INR,rcpt-69904,,paid,1,[],46235.70342592592
order_gCkwlzoiNsn8ur,401.50,401.50,0.00,INR,rcpt-23501,,paid,1,[],01/08/2026 23:05:25
order_K7Xwh0SUcm6lHF,3815.00,3815.00,0.00,INR,rcpt-28962,,paid,1,[],01/08/2026 06:18:54
order_ATIkxHZjefbwnb,6406.50,6406.50,0.00,INR,rcpt-40530,,paid,1,[],2026-08-01 13:31:23
order_nUXDtkrxUF8y0T,3016.50,3016.50,0.00,INR,rcpt-45504,,paid,1,[],01/08/2026 20:44:52
order_05fKMMB7C6Rrjm,644.00,644.00,0.00,INR,rcpt-99956,,paid,1,[],2026-08-01 03:57:21
order_sM7fTDgwKlxosb,489.50,489.50,0.00,INR,rcpt-93458,,paid,1,[],46235.42418981482
order_ecggMuQarh1e3r,3647.50,3647.50,0.00,INR,rcpt-14730,,paid,1,[],2026-08-01 17:23:19
order_LhsXAFc4Gg9zCH,3479.00,3479.00,0.00,INR,rcpt-29212,,paid,1,[],2026-08-01 00:36:48
order_cXBDeYa7AN1s2m,7222.50,7222.50,0.00,INR,rcpt-32760,,paid,1,[],2026-08-01 07:49:17
order_E8J08bXYqE4w1m,4361.50,4361.50,0.00,INR,rcpt-31518,,paid,1,[],01/08/2026 14:02:46
order_CpmNQS47JAOxqI,18662.00,18662.00,0.00,INR,rcpt-65165,,paid,1,[],2026-08-01 21:15:15
order_GQAvaCky0ATs2F,3461.00,3461.00,0.00,INR,rcpt-22820,,paid,1,[],01/08/2026 04:28:44
order_9IQMB7SwrrXtXJ,2106.50,2106.50,0.00,INR,rcpt-38925,,paid,1,[],2026-08-01 11:41:13
order_2REDEOlxc3ke3o,8807.50,8807.50,0.00,INR,rcpt-81410,,paid,1,[],2026-08-01 18:54:42
order_B4wLVtS6px6afo,770.50,770.50,0.00,INR,rcpt-48073,,paid,1,[],01/08/2026 01:07:11
order_2dtdxJV9rsTkQJ,22682.00,22682.00,0.00,INR,rcpt-68837,,paid,1,[],2026-08-01 08:20:40
order_hwzhe7GcrlxurY,1937.00,1937.00,0.00,INR,rcpt-23345,,paid,1,[],2026-08-01 15:33:09
order_LWjvSdP4tV1yXC,4983.50,4983.50,0.00,INR,rcpt-23662,,paid,1,[],2026-08-01 22:46:38
order_Wv9J3kszhs6mcG,1719.50,1719.50,0.00,INR,rcpt-41015,,paid,1,[],2026-08-01 05:59:07
order_Yhsi6RhltnPJ1V,454.00,454.00,0.00,INR,rcpt-50774,,paid,1,[],2026-08-01 12:12:36
order_f5jJd0Pl5OZ6P5,7856.50,7856.50,0.00,INR,rcpt-95403,,paid,1,[],2026-08-01 19:25:05
order_raMA4F9g5xrnXV,14445.50,14445.50,0.00,INR,rcpt-28396,,paid,1,[],2026-08-01 02:38:34
order_bmVsQ4nK4lwoyM,16832.00,16832.00,0.00,INR,rcpt-49780,,paid,1,[],2026-08-01 09:51:03
order_FarVfYtUmUFETO,19711.50,19711.50,0.00,INR,rcpt-34251,,paid,1,[],2026-01-08 16:04:32
order_OE3dybdOYaqihT,6374.00,6374.00,0.00,INR,rcpt-88264,,paid,1,[],2026-08-01 23:17:01
order_AReFUoBtiMSJ4G,21619.50,21619.50,0.00,INR,rcpt-98442,,paid,1,[],46235.27118055556
order_io3N87iYZWV5Eq,10980.00,10980.00,0.00,INR,rcpt-14722,,paid,1,[],01/08/2026 13:43:59
order_G3B36bUP9mM9IR,581.50,581.50,0.00,INR,rcpt-77304,,paid,1,[],01/08/2026 20:56:28
order_bYNHExfven41DL,11733.50,11733.50,0.00,INR,rcpt-13367,,paid,1,[],2026-08-01 03:09:57
order_231NG6bQmMawq1,4644.50,4644.50,0.00,INR,rcpt-72367,,paid,1,[],2026-08-01 10:22:26
order_qE60EmQvw6Mvww,2479.50,2479.50,0.00,INR,rcpt-21965,,paid,1,[],46235.73327546296
order_T3WYvthOwVndiw,362.00,362.00,0.00,INR,rcpt-37743,,paid,1,[],46235.03361111111
order_CAAv5xlWz2Q36n,11893.50,11893.50,0.00,INR,rcpt-31581,,paid,1,[],02/08/2026 07:01:53
order_0E0kRvysG8SIFo,3487.50,3487.50,0.00,INR,rcpt-93795,,paid,1,[],2026-08-02 14:14:22
order_HgIBWO0LxuHL2J,440.50,440.50,0.00,INR,rcpt-22254,,paid,1,[],46236.89434027778
order_hkICyArLInZ7N9,4105.00,4105.00,0.00,INR,rcpt-67031,,paid,1,[],2026-08-02 04:40:20
order_zrmc6uCZiq6DDe,18102.50,18102.50,0.00,INR,rcpt-23399,,paid,1,[],02/08/2026 11:53:49
order_NMstlq2mOfrcOl,22665.50,22665.50,0.00,INR,rcpt-47079,,paid,1,[],02/08/2026 18:06:18
order_zJgFBl21jH3NfA,4962.00,4962.00,0.00,INR,rcpt-43286,,paid,1,[],46236.05540509259
order_YABDR3UslhSXjb,3137.00,3137.00,0.00,INR,rcpt-72774,,paid,1,[],02/08/2026 08:32:16
order_5cY4Sog2Ug4KeH,4642.00,4642.00,0.00,INR,rcpt-17598,,paid,1,[],2026-08-02 15:45:45
order_C2hu0Oq4Kv9YW0,11293.00,11293.00,0.00,INR,rcpt-97740,,paid,1,[],02/08/2026 22:58:14
order_j337Ooup4SPmHF,15444.00,15444.00,0.00,INR,rcpt-65416,,paid,1,[],2026-02-08 05:11:43
order_tiOfsrtvbejSJE,3072.50,3072.50,0.00,INR,rcpt-42715,,paid,1,[],46236.516805555555
order_7aiscy78ky6wBZ,322.00,322.00,0.00,INR,rcpt-80471,,paid,1,[],2026-08-02 19:37:41
order_h2SnZoxiry7Er2,11535.50,11535.50,0.00,INR,rcpt-88930,,paid,1,[],2026-08-02 02:50:10
order_1ibP55QDFcqvcJ,14463.00,14463.00,0.00,INR,rcpt-53215,,paid,1,[],2026-08-02 09:03:39
order_mWKAC5cWQIM0Nc,628.00,628.00,0.00,INR,rcpt-35495,,paid,1,[],2026-08-02 16:16:08
order_kCv6WqJh85VvPb,2044.50,2044.50,0.00,INR,rcpt-23390,,paid,1,[],2026-08-02 23:29:37
order_DhwDEckDSQMhKm,947.50,947.50,0.00,INR,rcpt-53603,,paid,1,[],2026-08-02 06:42:06
order_sC0qki2DalMxzk,3203.50,3203.50,0.00,INR,rcpt-29218,,paid,1,[],2026-08-02 13:55:35
order_3o8GVaVExW6j1y,10270.00,10270.00,0.00,INR,rcpt-23696,,paid,1,[],2026-08-02 20:08:04
order_3rx6AdWFRs73lH,902.00,902.00,0.00,INR,rcpt-30647,,paid,1,[],02/08/2026 03:21:33
order_lTvIuhlmiEDvPW,5844.00,5844.00,0.00,INR,rcpt-45968,,paid,1,[],2026-08-02 10:34:02
order_nGttoWMFRA8V63,3201.50,3201.50,0.00,INR,rcpt-42390,,paid,1,[],2026-08-02 17:47:31
order_6T4sh2NHGzeTc8,4731.00,4731.00,0.00,INR,rcpt-40315,,paid,1,[],2026-08-02 00:00:00
order_cKK1J7xlTrW7B5,19572.00,19572.00,0.00,INR,rcpt-74190,,paid,1,[],2026-08-02 07:13:29
order_AClr8vaoc3OQFy,4125.50,4125.50,0.00,INR,rcpt-88180,,paid,1,[],2026-08-03 14:26:58
order_CakOJrh6ryLrxN,7627.50,7627.50,0.00,INR,rcpt-22525,,paid,1,[],2026-08-03 21:39:27
order_9L9suyMpwBcec1,4282.00,4282.00,0.00,INR,rcpt-50726,,paid,1,[],03/08/2026 04:52:56
order_nqbs7bNphm0eKc,1333.50,1333.50,0.00,INR,rcpt-37411,,paid,1,[],2026-08-03 11:05:25
order_MS2AosgoCHRroO,303.50,303.50,0.00,INR,rcpt-11348,,paid,1,[],2026-08-03 18:18:54
order_4T28TUFve4DsZP,302.50,302.50,0.00,INR,rcpt-16776,,paid,1,[],2026-08-03 01:31:23
order_biVaX8MqjhOTv5,1193.00,1193.00,0.00,INR,rcpt-26784,,paid,1,[],2026-08-03 08:44:52
order_Z4uIfPxr2E4dRK,11712.50,11712.50,0.00,INR,rcpt-59756,,paid,1,[],03/08/2026 15:57:21
order_LMPZPItrSYTNTD,11949.00,11949.00,0.00,INR,rcpt-21672,,paid,1,[],2026-08-03 22:10:50
order_YtnhV03mUK3LAS,18025.50,18025.50,0.00,INR,rcpt-29108,,paid,1,[],46237.22452546296
order_MLyVbm5GD8B1c1,1134.50,1134.50,0.00,INR,rcpt-16605,,paid,1,[],2026-08-03 12:36:48
order_ziALQG8hPkykp1,590.00,590.00,0.00,INR,rcpt-79987,,paid,1,[],2026-08-03 19:49:17
order_GW98TXbnPq1fPs,23572.50,23572.50,0.00,INR,rcpt-59582,,paid,1,[],46237.08525462963
order_7OhgetS7C0nzMv,7025.50,7025.50,0.00,INR,rcpt-21956,,paid,1,[],2026-08-03 09:15:15
order_YQoQVt3XGKPx0n,4155.00,4155.00,0.00,INR,rcpt-60014,,paid,1,[],46237.68662037037
order_lqd7Lud3Q6iV0E,260.50,260.50,0.00,INR,rcpt-35953,,paid,1,[],2026-03-08 23:41:13
order_V4MDak1cP3plS3,4978.00,4978.00,0.00,INR,rcpt-45282,,paid,1,[],03/08/2026 06:54:42
order_2oRhy8GXpU77WR,488.00,488.00,0.00,INR,rcpt-86048,,paid,1,[],03/08/2026 13:07:11
order_ibmAsD2FTw20WV,200.50,200.50,0.00,INR,rcpt-48308,,paid,1,[],2026-08-03 20:20:40
order_3Rmgikp5wts2ln,20617.00,20617.00,0.00,INR,rcpt-53134,,paid,1,[],46237.14802083333
order_x3FN4Q6ucKP1hi,18382.00,18382.00,0.00,INR,rcpt-33229,,paid,1,[],2026-08-03 10:46:38
order_7uRGjkutYDR5yi,4135.00,4135.00,0.00,INR,rcpt-85542,,paid,1,[],2026-08-03 17:59:07
order_qfg2TiK1bYRpLk,3261.00,3261.00,0.00,INR,rcpt-76825,,paid,1,[],2026-08-03 00:12:36
order_wBPm4kJvudhtEF,786.00,786.00,0.00,INR,rcpt-18277,,paid,1,[],03/08/2026 07:25:05
order_vru5YSAsHNsGmw,16365.50,16365.50,0.00,INR,rcpt-45044,,paid,1,[],2026-08-03 14:38:34
order_xDAG3JUt3qFLUT,2771.00,2771.00,0.00,INR,rcpt-68307,,paid,1,[],03/08/2026 21:51:03
order_GoYZWTcHTEg8XV,19997.50,19997.50,0.00,INR,rcpt-57953,,paid,1,[],2026-08-03 04:04:32
order_LoPu92MAPB7WdG,17829.00,17829.00,0.00,INR,rcpt-18973,,paid,1,[],2026-08-03 11:17:01
order_ZKWbBd4VglW2lC,2387.00,2387.00,0.00,INR,rcpt-28706,,paid,1,[],2026-08-03 18:30:30
order_hlYTmsJAjeNAgW,7844.50,7844.50,0.00,INR,rcpt-83212,,paid,1,[],2026-08-03 01:43:59
order_PCdM7zTo1v27Gk,1008.00,1008.00,0.00,INR,rcpt-76551,,paid,1,[],46237.3725462963
order_bzkuWhhjYFQjQT,17652.00,17652.00,0.00,INR,rcpt-85540,,paid,1,[],46237.63190972222
order_EMT0X0Ya3rxDpg,8379.00,8379.00,0.00,INR,rcpt-88878,,paid,1,[],2026-08-03 22:22:26
order_kSXZ2D3VziZIht,4924.00,4924.00,0.00,INR,rcpt-88497,,paid,1,[],2026-08-03 05:35:55
order_Ytfz3vrbpTwsGZ,321.50,321.50,0.00,INR,rcpt-35882,,paid,1,[],2026-08-03 12:48:24
order_l00dndQSj62vZI,626.00,626.00,0.00,INR,rcpt-49094,,paid,1,[],46237.792974537035
order_xMQJnBQYKUFg7n,3602.50,3602.50,0.00,INR,rcpt-76736,,paid,1,[],2026-08-03 02:14:22
order_LEUEi0pkPKXAbW,4417.50,4417.50,0.00,INR,rcpt-30824,,paid,1,[],46237.39434027778
order_fMnV3hwlOKBkhm,2325.00,2325.00,0.00,INR,rcpt-12767,,paid,1,[],03/08/2026 16:40:20
order_1WztHtQN02B3uS,13130.50,13130.50,0.00,INR,rcpt-51113,,paid,1,[],2026-08-03 23:53:49
order_vRjpftU5yh0jjj,726.00,726.00,0.00,INR,rcpt-95115,,paid,1,[],03/08/2026 06:06:18
order_mv4rqcNxGQb6so,647.00,647.00,0.00,INR,rcpt-18730,,paid,1,[],04/08/2026 13:19:47
order_k4rL2Bt3pcdsaq,10599.50,10599.50,0.00,INR,rcpt-47701,,paid,1,[],46239.85574074074
order_zTq0MLOxj1wCnA,3694.50,3694.50,0.00,INR,rcpt-84595,,paid,1,[],2026-08-05 03:45:45
order_vEVEcCif3DJ2nB,17130.50,17130.50,0.00,INR,rcpt-51023,,paid,1,[],2026-08-05 10:58:14
order_fCw8yQGm2VI00E,2458.50,2458.50,0.00,INR,rcpt-18705,,paid,1,[],2026-08-05 17:11:43
order_wPYAlHl8dTgyUy,14315.00,14315.00,0.00,INR,rcpt-82150,,paid,1,[],05/08/2026 00:24:12
order_M4jKpxtvPntn6F,1568.00,1568.00,0.00,INR,rcpt-15096,,paid,1,[],2026-08-05 07:37:41
order_usfLMIg9NjlWfS,24301.00,24301.00,0.00,INR,rcpt-50984,,paid,1,[],2026-08-05 14:50:10
order_RYuWfwhOgAzCjM,960.00,960.00,0.00,INR,rcpt-99885,,paid,1,[],2026-08-05 21:03:39
order_PIFi8C3v9ac0Cw,9959.50,9959.50,0.00,INR,rcpt-57236,,paid,1,[],2026-08-05 04:16:08
order_ZqOpvYsIeoK0Kf,4325.00,4325.00,0.00,INR,rcpt-39564,,paid,1,[],2026-05-08 11:29:37
order_Z04XSEtkLmPJWh,13934.50,13934.50,0.00,INR,rcpt-16035,,paid,1,[],05/08/2026 18:42:06
order_UDI9nNGNVz1JY8,2278.50,2278.50,0.00,INR,rcpt-99933,,paid,1,[],2026-08-05 01:55:35
order_bKTifHGSmamLxT,4877.00,4877.00,0.00,INR,rcpt-28270,,paid,1,[],05/08/2026 08:08:04
order_gwWvFu6agCGaBs,1027.00,1027.00,0.00,INR,rcpt-99379,,paid,1,[],2026-08-05 15:21:33
order_GhB74OYASYssNM,981.00,981.00,0.00,INR,rcpt-71104,,paid,1,[],2026-08-05 22:34:02
order_NezymtacVxAB3C,4053.50,4053.50,0.00,INR,rcpt-61286,,paid,1,[],2026-08-05 05:47:31
order_3mHeE3LftcDaGj,4326.00,4326.00,0.00,INR,rcpt-96576,,paid,1,[],46239.5
order_XCQEqZWlhaIXCT,2994.00,2994.00,0.00,INR,rcpt-78624,,paid,1,[],2026-05-08 19:13:29
order_N3GhsMBYw6Mh4t,575.00,575.00,0.00,INR,rcpt-19539,,paid,1,[],2026-08-05 02:26:58
order_fVEJAdtWhemHry,885.00,885.00,0.00,INR,rcpt-54650,,paid,1,[],46239.402395833335
order_HDV4XQQlhD4AXi,19633.00,19633.00,0.00,INR,rcpt-71497,,paid,1,[],2026-08-05 16:52:56
order_xE2CcjcYyFlngG,641.50,641.50,0.00,INR,rcpt-19411,,paid,1,[],46239.96209490741
order_xvNpPB7KFlv0Be,771.50,771.50,0.00,INR,rcpt-28001,,paid,1,[],46239.263125
order_bSa6iGNQITLhVR,1669.50,1669.50,0.00,INR,rcpt-45883,,paid,1,[],2026-08-05 13:31:23
order_ha3yIkgfOXUpBR,3249.50,3249.50,0.00,INR,rcpt-86111,,paid,1,[],05/08/2026 20:44:52
order_NTNNeGZyQsAVNX,2174.00,2174.00,0.00,INR,rcpt-22780,,paid,1,[],2026-08-05 03:57:21
order_AErdg4KIlnmePm,2635.00,2635.00,0.00,INR,rcpt-97131,,paid,1,[],05/08/2026 10:10:50
order_NRaCMvtokKAsfz,468.00,468.00,0.00,INR,rcpt-98231,,paid,1,[],05/08/2026 17:23:19
order_NWoCj9blJ6MYYN,747.00,747.00,0.00,INR,rcpt-35612,,paid,1,[],05/08/2026 00:36:48
order_7Z0KzqLE2BA2Oa,227.00,227.00,0.00,INR,rcpt-61749,,paid,1,[],2026-08-06 07:49:17
order_vzVZD7WjFWPLxM,907.50,907.50,0.00,INR,rcpt-17245,,paid,1,[],2026-08-06 14:02:46
order_lyzyJ5vYJyE0dX,10836.00,10836.00,0.00,INR,rcpt-92691,,paid,1,[],06/08/2026 21:15:15
order_bcMdfhyIGXfaFK,3742.00,3742.00,0.00,INR,rcpt-40878,,paid,1,[],2026-08-06 04:28:44
order_sVGbILoFq1DiIs,321.00,321.00,0.00,INR,rcpt-37605,,paid,1,[],2026-08-06 11:41:13
order_wJupjjr7lHunqu,285.00,285.00,0.00,INR,rcpt-33153,,paid,1,[],2026-08-06 18:54:42
order_gottn0Ri9ypzPc,940.00,940.00,0.00,INR,rcpt-64422,,paid,1,[],2026-08-06 01:07:11
order_gTSfYljxj4TW0U,8227.50,8227.50,0.00,INR,rcpt-31499,,paid,1,[],2026-08-06 08:20:40
order_LkprxWKyeFdEsT,18419.00,18419.00,0.00,INR,rcpt-79540,,paid,1,[],2026-08-06 15:33:09
order_uvmnKzbFyw8lyo,4122.50,4122.50,0.00,INR,rcpt-44868,,paid,1,[],2026-08-06 22:46:38
order_6wpqnbORmEaqoj,721.50,721.50,0.00,INR,rcpt-74634,,paid,1,[],46240.249386574076
order_oGo41DioJd84A8,2467.00,2467.00,0.00,INR,rcpt-59970,,paid,1,[],2026-08-06 12:12:36
order_aIlUpYK6JD2TPM,7457.50,7457.50,0.00,INR,rcpt-25619,,paid,1,[],46240.80908564815
order_j6MV7EY3eBDCmv,5747.50,5747.50,0.00,INR,rcpt-41566,,paid,1,[],2026-08-06 02:38:34
order_4XfCYUefGB4qQL,297.00,297.00,0.00,INR,rcpt-34969,,paid,1,[],2026-08-06 09:51:03
order_UH2SlKxUPbsF5Q,532.50,532.50,0.00,INR,rcpt-80086,,paid,1,[],06/08/2026 16:04:32
order_ctGlWZSEPlosSB,23467.50,23467.50,0.00,INR,rcpt-58754,,paid,1,[],2026-08-06 23:17:01
order_ZrJssCk4eWl6Zj,435.00,435.00,0.00,INR,rcpt-48471,,paid,1,[],46240.27118055556
order_8dsqS0dzNgQSSu,2730.50,2730.50,0.00,INR,rcpt-37123,,paid,1,[],06/08/2026 13:43:59
order_6RxXrHoKNrUb1a,988.50,988.50,0.00,INR,rcpt-86308,,paid,1,[],2026-08-06 20:56:28
order_a2KPhRV4QqxhBK,238.00,238.00,0.00,INR,rcpt-64534,,paid,1,[],2026-08-06 03:09:57
order_rgAwTUnk9LDxan,887.50,887.50,0.00,INR,rcpt-71813,,paid,1,[],2026-08-06 10:22:26
order_XbH6xtcj6xg5Fr,204.50,204.50,0.00,INR,rcpt-26104,,paid,1,[],46240.73327546296
order_6Z088SlbBiaCem,6438.00,6438.00,0.00,INR,rcpt-37066,,paid,1,[],06/08/2026 00:48:24
order_FraOKrjCJvydiH,5409.50,5409.50,0.00,INR,rcpt-12997,,paid,1,[],06/08/2026 07:01:53
order_cjauST1ujuhOwX,12759.00,12759.00,0.00,INR,rcpt-55265,,paid,1,[],2026-08-06 14:14:22
order_AMNsURDAqMFVuZ,1680.00,1680.00,0.00,INR,rcpt-85653,,paid,1,[],2026-08-06 21:27:51
order_76BQtrAjiyBIgU,4359.00,4359.00,0.00,INR,rcpt-62230,,paid,1,[],2026-08-06 04:40:20
order_yUv0xjP10vOLbN,352.00,352.00,0.00,INR,rcpt-16205,,paid,1,[],06/08/2026 11:53:49
order_tDGE85NP28aoXW,2698.50,2698.50,0.00,INR,rcpt-81769,,paid,1,[],2026-08-06 18:06:18
order_4wWkJKdM7Hx9k8,910.50,910.50,0.00,INR,rcpt-97833,,paid,1,[],2026-08-06 01:19:47
order_hGyIVvDQjUiivt,3701.00,3701.00,0.00,INR,rcpt-34579,,paid,1,[],46240.35574074074
order_NOdIcdQIctP2uv,2487.00,2487.00,0.00,INR,rcpt-50107,,paid,1,[],06/08/2026 15:45:45
order_lfqCcanuzFVpCq,896.50,896.50,0.00,INR,rcpt-17406,,paid,1,[],06/08/2026 22:58:14
order_knGoEn9Vg6li31,19872.50,19872.50,0.00,INR,rcpt-81423,,paid,1,[],2026-08-06 05:11:43
order_gmaM3Zp5Iyicck,10758.00,10758.00,0.00,INR,rcpt-50815,,paid,1,[],46240.516805555555
order_0mLCgjjVPG7wOY,13406.00,13406.00,0.00,INR,rcpt-59871,,paid,1,[],2026-08-06 19:37:41
order_Wkww5Y1vKuWwVE,1319.50,1319.50,0.00,INR,rcpt-82832,,paid,1,[],2026-08-07 02:50:10
order_LxWXvy8YvYPBGI,1110.00,1110.00,0.00,INR,rcpt-97144,,paid,1,[],2026-08-07 09:03:39
order_kYPGlSmapnPELw,384.50,384.50,0.00,INR,rcpt-53802,,paid,1,[],07/08/2026 16:16:08
order_mfsMPOdz9zqnXD,2274.00,2274.00,0.00,INR,rcpt-64980,,paid,1,[],2026-07-08 23:29:37
order_6xyqpQuTqx7CaS,439.50,439.50,0.00,INR,rcpt-59428,,paid,1,[],07/08/2026 06:42:06
order_snfrZFyfoKgsVN,916.00,916.00,0.00,INR,rcpt-47442,,paid,1,[],2026-08-07 13:55:35
order_Ciw9EzqmLqr94p,795.00,795.00,0.00,INR,rcpt-83040,,paid,1,[],2026-08-07 20:08:04
order_t1e9b51vBFDQmE,518.00,518.00,0.00,INR,rcpt-61997,,paid,1,[],2026-08-07 03:21:33
order_ipWzD5hjKJRCKO,13889.00,13889.00,0.00,INR,rcpt-24245,,paid,1,[],2026-08-07 10:34:02
order_clqTtDnlkxvRCS,1001.00,1001.00,0.00,INR,rcpt-46035,,paid,1,[],2026-08-07 17:47:31
order_uiO6kfH7iGQ8o1,6417.50,6417.50,0.00,INR,rcpt-89217,,paid,1,[],2026-08-07 00:00:00
order_7ahNlZoGZG3TeB,4965.50,4965.50,0.00,INR,rcpt-31138,,paid,1,[],2026-08-07 07:13:29
order_p923NSqsRfXWh6,20597.00,20597.00,0.00,INR,rcpt-71329,,paid,1,[],2026-08-07 14:26:58
order_rosr7rDbFAiJr6,20679.50,20679.50,0.00,INR,rcpt-53806,,paid,1,[],46241.902395833335
order_G33Tw8nIGUZYGb,1757.50,1757.50,0.00,INR,rcpt-33644,,paid,1,[],2026-08-07 04:52:56
order_jR5xd7bhcV7Vvy,21380.50,21380.50,0.00,INR,rcpt-57283,,paid,1,[],2026-08-07 11:05:25
order_pfhi4Q8Xlcgc8L,622.50,622.50,0.00,INR,rcpt-21941,,paid,1,[],46241.763125
order_6kqbbJzSeydIz7,654.00,654.00,0.00,INR,rcpt-24827,,paid,1,[],46241.06346064815
order_nkviWTEW2qMagJ,4460.50,4460.50,0.00,INR,rcpt-96440,,paid,1,[],46241.36449074074
order_n96dJyBKsoClTO,349.00,349.00,0.00,INR,rcpt-20427,,paid,1,[],46241.664826388886
order_OLs5l1yG2Rk0p1,569.00,569.00,0.00,INR,rcpt-32535,,paid,1,[],07/08/2026 22:10:50
order_SqNtg6htgGaVf2,12896.50,12896.50,0.00,INR,rcpt-63570,,paid,1,[],07/08/2026 05:23:19
order_CAgKX1XcFADDzo,20126.00,20126.00,0.00,INR,rcpt-41374,,paid,1,[],46242.525555555556
order_P9jAE7pvqUYK7k,4838.50,4838.50,0.00,INR,rcpt-69153,,paid,1,[],08/08/2026 19:49:17
order_knLSpIaqd2XdZ1,892.50,892.50,0.00,INR,rcpt-26147,,paid,1,[],46242.08525462963
order_DFajNmI6y6c6OO,549.00,549.00,0.00,INR,rcpt-92735,,paid,1,[],2026-08-08 09:15:15
order_FoRToVXSiGpBdu,362.50,362.50,0.00,INR,rcpt-90190,,paid,1,[],2026-08-08 16:28:44
order_naBInUHYBP4eaj,8701.00,8701.00,0.00,INR,rcpt-19449,,paid,1,[],2026-08-08 23:41:13
order_VtlkBcyeQyf0Qw,8482.00,8482.00,0.00,INR,rcpt-83142,,paid,1,[],2026-08-08 06:54:42
order_q01y9jDxD88efz,21094.50,21094.50,0.00,INR,rcpt-40470,,paid,1,[],46242.54665509259
order_HZgNDVBEVVT7pZ,17446.50,17446.50,0.00,INR,rcpt-31945,,paid,1,[],2026-08-08 20:20:40
order_1btcz8nOAMNnIz,4217.00,4217.00,0.00,INR,rcpt-28852,,paid,1,[],2026-08-08 03:33:09
order_aqQJPqVtZ3dDIc,2323.50,2323.50,0.00,INR,rcpt-66115,,paid,1,[],46242.44905092593
order_eupdpoirkNFEL8,1754.00,1754.00,0.00,INR,rcpt-98802,,paid,1,[],2026-08-08 17:59:07
order_nTdZGIxYXueI2x,2404.50,2404.50,0.00,INR,rcpt-39976,,paid,1,[],2026-08-08 00:12:36
order_4vBnnqaFseR90t,7368.00,7368.00,0.00,INR,rcpt-99004,,paid,1,[],2026-08-08 07:25:05
order_JorQQWjIOCz5ZX,949.50,949.50,0.00,INR,rcpt-17840,,paid,1,[],08/08/2026 14:38:34
order_3lJJKQJc0WuLwT,21967.50,21967.50,0.00,INR,rcpt-58677,,paid,1,[],2026-08-08 21:51:03
order_f6Tuj8R0UFUSae,9042.00,9042.00,0.00,INR,rcpt-70685,,paid,1,[],46242.16981481481
order_X6HWFgcgqH4h4L,1555.50,1555.50,0.00,INR,rcpt-93186,,paid,1,[],2026-08-08 11:17:01
order_M8lcFzhdtjN1Nz,2183.00,2183.00,0.00,INR,rcpt-37330,,paid,1,[],2026-08-08 18:30:30
order_xHt7D5PrHnm8qw,812.50,812.50,0.00,INR,rcpt-93263,,paid,1,[],2026-08-08 01:43:59
order_FhHmExQXSxhCEo,302.00,302.00,0.00,INR,rcpt-79021,,paid,1,[],46242.3725462963
order_jVNnUgbcL5oGMb,20031.00,20031.00,0.00,INR,rcpt-96239,,paid,1,[],2026-08-08 15:09:57
order_6UPSJhlvzlGaFm,419.00,419.00,0.00,INR,rcpt-38679,,paid,1,[],2026-08-08 22:22:26
order_0z3OkqKT3FAoLI,996.50,996.50,0.00,INR,rcpt-22591,,paid,1,[],2026-08-08 05:35:55
order_gbGHTR3QOmt51l,5740.00,5740.00,0.00,INR,rcpt-75898,,paid,1,[],2026-08-08 12:48:24
order_aY1Bzqe365XL8R,18080.00,18080.00,0.00,INR,rcpt-33529,,paid,1,[],08/08/2026 19:01:53
order_1D1kDsYmBDyMwk,438.50,438.50,0.00,INR,rcpt-74831,,paid,1,[],2026-08-08 02:14:22
order_v4s8J5HAYlFACD,490.50,490.50,0.00,INR,rcpt-42829,,paid,1,[],2026-08-08 09:27:51
order_91nhafV0Thm4Q1,638.50,638.50,0.00,INR,rcpt-25892,,paid,1,[],2026-08-08 16:40:20
order_TpiJaKjR3QjRcG,3523.00,3523.00,0.00,INR,rcpt-16848,,paid,1,[],2026-08-08 23:53:49
order_D60I8tUvC5ayOK,1948.50,1948.50,0.00,INR,rcpt-93447,,paid,1,[],09/08/2026 06:06:18
order_4jKgAbo4nGAJnY,21020.50,21020.50,0.00,INR,rcpt-66430,,paid,1,[],2026-08-09 13:19:47
order_fYfBs0V5hgUfE4,732.00,732.00,0.00,INR,rcpt-73495,,paid,1,[],10/08/2026 20:32:16
order_QzJikRkGZCxGH4,3366.50,3366.50,0.00,INR,rcpt-72550,,paid,1,[],2026-08-10 03:45:45
order_Ck83kwoeRhdYI8,23658.00,23658.00,0.00,INR,rcpt-77015,,paid,1,[],2026-08-10 10:58:14
order_9RKjL6uZs6TsLP,6764.50,6764.50,0.00,INR,rcpt-97866,,paid,1,[],10/08/2026 17:11:43
order_AmHokg2akrmAZm,3891.50,3891.50,0.00,INR,rcpt-61341,,paid,1,[],2026-08-10 00:24:12
order_yCx4Zk5jZkmRGt,6733.50,6733.50,0.00,INR,rcpt-67160,,paid,1,[],10/08/2026 07:37:41
order_F1vU3FXmFfmcnc,817.00,817.00,0.00,INR,rcpt-87695,,paid,1,[],2026-08-10 14:50:10
order_8b3IPN9pGnusIv,8942.50,8942.50,0.00,INR,rcpt-51032,,paid,1,[],2026-08-10 21:03:39
order_WFmPL0YRU8mjis,268.50,268.50,0.00,INR,rcpt-30548,,paid,1,[],10/08/2026 04:16:08
order_VDBM2fGsgU1xN2,12782.00,12782.00,0.00,INR,rcpt-19851,,paid,1,[],2026-08-10 11:29:37
order_GWV1HzWUP9uVuj,499.50,499.50,0.00,INR,rcpt-14484,,paid,1,[],10/08/2026 18:42:06
order_t1kWnLJRK6DWBU,716.50,716.50,0.00,INR,rcpt-80133,,paid,1,[],2026-08-10 01:55:35
order_rvNkv0UFIWqYal,19240.00,19240.00,0.00,INR,rcpt-26594,,paid,1,[],2026-08-10 08:08:04
order_08eZPEbeST2vXn,417.00,417.00,0.00,INR,rcpt-73675,,paid,1,[],2026-08-10 15:21:33
order_BCRE5jAkcZBnTg,15622.50,15622.50,0.00,INR,rcpt-72939,,paid,1,[],46244.940300925926
order_EYnHbf89nAQ1mN,17338.00,17338.00,0.00,INR,rcpt-56092,,paid,1,[],2026-10-08 05:47:31
order_Z6x25wgMhY5i3t,8920.50,8920.50,0.00,INR,rcpt-23245,,paid,1,[],46244.5
order_zusiaRhpdnFSIw,11383.50,11383.50,0.00,INR,rcpt-37098,,paid,1,[],2026-10-08 19:13:29
order_459fSz3NFKR4lK,802.00,802.00,0.00,INR,rcpt-50490,,paid,1,[],46244.102060185185
order_jnUxmN8Oenc6Hv,804.00,804.00,0.00,INR,rcpt-99175,,paid,1,[],2026-08-10 09:39:27
order_d6IfqzYzd1D9Yh,338.50,338.50,0.00,INR,rcpt-49016,,paid,1,[],2026-08-10 16:52:56
order_xoTPAABL3LNwmJ,1635.50,1635.50,0.00,INR,rcpt-62358,,paid,1,[],2026-08-10 23:05:25
order_oTr2yZCse2OLWZ,20759.50,20759.50,0.00,INR,rcpt-71541,,paid,1,[],46244.263125
order_SKCvotDI5LQtVa,718.50,718.50,0.00,INR,rcpt-37835,,paid,1,[],10/08/2026 13:31:23
order_PFd57GJDsFKHyq,4009.50,4009.50,0.00,INR,rcpt-37806,,paid,1,[],2026-08-10 20:44:52
order_Sr7uil0CYDbyQq,2014.00,2014.00,0.00,INR,rcpt-38419,,paid,1,[],2026-08-10 03:57:21
order_2Dw5NDjmi7UlNY,2114.00,2114.00,0.00,INR,rcpt-23396,,paid,1,[],2026-08-10 10:10:50
order_xmyuVwwBkaLit0,14364.00,14364.00,0.00,INR,rcpt-96962,,paid,1,[],2026-08-10 17:23:19
order_b9keSRCDcVaMTO,822.50,822.50,0.00,INR,rcpt-92738,,paid,1,[],2026-08-10 00:36:48
order_BJDbUIpEoMkpbq,600.50,600.50,0.00,INR,rcpt-41503,,paid,1,[],46244.325891203705
order_fsrW2ufOc5poF4,1471.50,1471.50,0.00,INR,rcpt-42456,,paid,1,[],2026-10-08 14:02:46
order_5QFfxQSKlkCCFC,3408.00,3408.00,0.00,INR,rcpt-23357,,paid,1,[],10/08/2026 21:15:15
order_0smSOqfI32qrRZ,4739.00,4739.00,0.00,INR,rcpt-82763,,paid,1,[],46244.18662037037
order_U5AZdnYRscBO4O,2898.50,2898.50,0.00,INR,rcpt-34441,,paid,1,[],10/08/2026 11:41:13
order_5DJLPn7W5rIIha,1763.50,1763.50,0.00,INR,rcpt-16434,,paid,1,[],46244.787986111114
order_RuEEB0HaJqFpiK,552.50,552.50,0.00,INR,rcpt-14481,,paid,1,[],2026-08-10 01:07:11
order_b0c9ZCYon4cMy5,17546.00,17546.00,0.00,INR,rcpt-74799,,paid,1,[],10/08/2026 08:20:40
order_XUZlD9KcdoQjj3,22627.00,22627.00,0.00,INR,rcpt-75233,,paid,1,[],11/08/2026 15:33:09
order_fNSLtT2cezRCsM,707.50,707.50,0.00,INR,rcpt-30968,,paid,1,[],11/08/2026 22:46:38
order_s7UGVX6DaYK8aH,4510.50,4510.50,0.00,INR,rcpt-36449,,paid,1,[],46245.249386574076
order_9bo2o0ffp7DINj,880.00,880.00,0.00,INR,rcpt-25133,,paid,1,[],2026-08-11 12:12:36
order_Kk7mwRAiuDkpLf,18063.50,18063.50,0.00,INR,rcpt-54958,,paid,1,[],2026-08-11 19:25:05
order_0GsplWNf2QYJ1n,546.50,546.50,0.00,INR,rcpt-62611,,paid,1,[],11/08/2026 02:38:34
order_JAnI4cy7Mxo2d3,19275.00,19275.00,0.00,INR,rcpt-94162,,paid,1,[],2026-08-11 09:51:03
order_aiYMyFz6CkRqU4,3145.50,3145.50,0.00,INR,rcpt-38704,,paid,1,[],11/08/2026 16:04:32
order_dQon2L7L0KAcNw,2040.00,2040.00,0.00,INR,rcpt-51833,,paid,1,[],46245.97015046296
order_Y9Ger2lrSFR9PT,417.50,417.50,0.00,INR,rcpt-45675,,paid,1,[],11/08/2026 06:30:30
order_tzbgxH0R34Fb8v,1165.00,1165.00,0.00,INR,rcpt-62902,,paid,1,[],46245.57221064815
order_a2q271DEdoAJvi,4994.50,4994.50,0.00,INR,rcpt-53567,,paid,1,[],2026-08-11 20:56:28
order_KQt7GHFQB2V6ng,19212.50,19212.50,0.00,INR,rcpt-19586,,paid,1,[],46245.13190972222
order_57KBaB26SPFUoD,4576.50,4576.50,0.00,INR,rcpt-56759,,paid,1,[],2026-08-11 10:22:26
order_tebm7rIMusKx6d,705.00,705.00,0.00,INR,rcpt-63114,,paid,1,[],11/08/2026 17:35:55
order_TnbNuQchvWhpVd,21618.50,21618.50,0.00,INR,rcpt-82336,,paid,1,[],11/08/2026 00:48:24
order_qeV66VPwDn66bn,4139.50,4139.50,0.00,INR,rcpt-69434,,paid,1,[],2026-08-11 07:01:53
order_TnAaSLmSLgqLHL,3056.00,3056.00,0.00,INR,rcpt-20728,,paid,1,[],2026-08-11 14:14:22
order_SwtXTGKu7IfEB2,745.00,745.00,0.00,INR,rcpt-87024,,paid,1,[],11/08/2026 21:27:51
order_W9n3BlOUdEdMdG,20016.50,20016.50,0.00,INR,rcpt-61534,,paid,1,[],2026-08-11 04:40:20
order_lwHO2rGPPYqAk1,275.00,275.00,0.00,INR,rcpt-14269,,paid,1,[],2026-08-11 11:53:49
order_WBsfHnmca9p6fn,24932.50,24932.50,0.00,INR,rcpt-55310,,paid,1,[],2026-08-11 18:06:18
order_mLDihBke1VCHKo,2801.00,2801.00,0.00,INR,rcpt-80029,,paid,1,[],46245.05540509259
order_ol1JKnXjCaxOui,20746.50,20746.50,0.00,INR,rcpt-70118,,paid,1,[],2026-08-12 08:32:16
order_aSNjriPQ5wgtBw,11631.50,11631.50,0.00,INR,rcpt-45765,,paid,1,[],2026-08-12 15:45:45
order_xiIGaJ8hSbYtgn,4357.00,4357.00,0.00,INR,rcpt-73561,,paid,1,[],46246.95710648148
order_fWHDnpT15tgDeL,296.50,296.50,0.00,INR,rcpt-22021,,paid,1,[],2026-08-12 05:11:43
order_msTPd5EroHIi1u,16250.50,16250.50,0.00,INR,rcpt-92305,,paid,1,[],12/08/2026 12:24:12
order_X0vXGtwSVPMVI3,930.00,930.00,0.00,INR,rcpt-19414,,paid,1,[],2026-08-12 19:37:41
order_aEpJ7Zrs0gwcML,829.00,829.00,0.00,INR,rcpt-11312,,paid,1,[],2026-08-12 02:50:10
order_0hM7DQea8PcpsP,3814.50,3814.50,0.00,INR,rcpt-55080,,paid,1,[],2026-08-12 09:03:39
order_LLvo29PlCUNSqx,3564.00,3564.00,0.00,INR,rcpt-39678,,paid,1,[],2026-08-12 16:16:08
order_nuUn9ts0TrHeUs,11661.50,11661.50,0.00,INR,rcpt-98822,,paid,1,[],2026-08-12 23:29:37
order_lSGAL3PSr70mSc,477.00,477.00,0.00,INR,rcpt-21887,,paid,1,[],2026-08-12 06:42:06
order_NAv6ivJSZyc1Qy,956.50,956.50,0.00,INR,rcpt-42704,,paid,1,[],46246.5802662037
order_LHaMxkxKP8Oegc,1178.00,1178.00,0.00,INR,rcpt-26491,,paid,1,[],46246.83893518519
order_DagRW5QNJemagi,17830.50,17830.50,0.00,INR,rcpt-54073,,paid,1,[],2026-08-12 03:21:33
order_pC2ebgJeTYi7V4,11316.00,11316.00,0.00,INR,rcpt-76617,,paid,1,[],2026-08-12 10:34:02
order_DFnE78lV2F6izl,24350.00,24350.00,0.00,INR,rcpt-48148,,paid,1,[],46246.74133101852
order_TOEA0c8IniUBac,8402.00,8402.00,0.00,INR,rcpt-88776,,paid,1,[],12/08/2026 00:00:00
order_xb4E3p2Z9auWaS,4478.00,4478.00,0.00,INR,rcpt-17780,,paid,1,[],46246.301030092596
order_QsrSd0OpW6j9RY,23140.50,23140.50,0.00,INR,rcpt-14796,,paid,1,[],2026-08-12 14:26:58
order_pnG5s5SVDsTsiN,13789.50,13789.50,0.00,INR,rcpt-39014,,paid,1,[],2026-08-12 21:39:27
order_WMj0wsZktdCDIK,17483.50,17483.50,0.00,INR,rcpt-36325,,paid,1,[],2026-08-12 04:52:56
order_FFyy0d1M4znV49,288.50,288.50,0.00,INR,rcpt-21355,,paid,1,[],46246.46209490741
order_BQnXgrJ06I6B3j,11884.00,11884.00,0.00,INR,rcpt-48541,,paid,1,[],2026-08-12 18:18:54
order_vCXtPKZBEequ3m,808.50,808.50,0.00,INR,rcpt-69229,,paid,1,[],2026-08-12 01:31:23
order_GDOQEKcXv8g9Yl,11470.00,11470.00,0.00,INR,rcpt-75692,,paid,1,[],2026-08-12 08:44:52
order_D1QnbB7jbojCNE,420.00,420.00,0.00,INR,rcpt-51913,,paid,1,[],46246.664826388886
order_xvn7blUC2RVEY4,15349.00,15349.00,0.00,INR,rcpt-95116,,paid,1,[],2026-08-12 22:10:50
order_iTbrFa2GjM51xc,843.50,843.50,0.00,INR,rcpt-20783,,paid,1,[],12/08/2026 05:23:19
order_7vbUG1OZ0uy9tN,3235.50,3235.50,0.00,INR,rcpt-11952,,paid,1,[],46246.525555555556
order_1rO2Zapw9HfHoi,239.00,239.00,0.00,INR,rcpt-50602,,paid,1,[],2026-08-12 19:49:17
order_PG1TjCLGnllvpB,215.50,215.50,0.00,INR,rcpt-56202,,paid,1,[],2026-08-13 02:02:46
order_SCuttHa9BABRQG,4723.50,4723.50,0.00,INR,rcpt-25336,,paid,1,[],13/08/2026 09:15:15
order_7aMV7ny3FzOHf1,891.00,891.00,0.00,INR,rcpt-31721,,paid,1,[],13/08/2026 16:28:44
order_GOgpCKfylIRKAU,2808.00,2808.00,0.00,INR,rcpt-69710,,paid,1,[],46247.98695601852
order_NLJIrfEnW91Bxx,2468.00,2468.00,0.00,INR,rcpt-90614,,paid,1,[],2026-08-13 06:54:42
order_UhgtWB0sC8pH7r,9906.00,9906.00,0.00,INR,rcpt-23737,,paid,1,[],2026-08-13 13:07:11
order_5fyqq6UEjwKpAj,2890.00,2890.00,0.00,INR,rcpt-62687,,paid,1,[],2026-08-13 20:20:40
order_onuv8QJ9wWwcRe,5095.00,5095.00,0.00,INR,rcpt-94318,,paid,1,[],2026-08-13 03:33:09
order_g6SGaM4F9TWIjs,866.50,866.50,0.00,INR,rcpt-98884,,paid,1,[],2026-08-13 10:46:38
order_r0vtCzS9V5gMx6,4957.50,4957.50,0.00,INR,rcpt-85367,,paid,1,[],2026-13-08 17:59:07
order_tW4PZVk3U96IW0,7550.50,7550.50,0.00,INR,rcpt-42886,,paid,1,[],2026-08-13 00:12:36
order_eR5JWSfGQhpmKM,1297.00,1297.00,0.00,INR,rcpt-96455,,paid,1,[],13/08/2026 07:25:05
order_fWoCRaJdgsKXRu,9487.00,9487.00,0.00,INR,rcpt-56070,,paid,1,[],46247.61011574074
order_10CFDriauRBEZo,4441.50,4441.50,0.00,INR,rcpt-55488,,paid,1,[],13/08/2026 21:51:03
order_xL2zvTKFeefjfT,15394.50,15394.50,0.00,INR,rcpt-65539,,paid,1,[],2026-08-13 04:04:32
order_Unpu1PXmEyMACS,3480.00,3480.00,0.00,INR,rcpt-17302,,paid,1,[],2026-08-13 11:17:01
order_brwLxTy7Dx5fbM,874.50,874.50,0.00,INR,rcpt-33939,,paid,1,[],13/08/2026 18:30:30
order_HxwuayWXXOldJc,2141.50,2141.50,0.00,INR,rcpt-31811,,paid,1,[],13/08/2026 01:43:59
order_DT1sJrhBOHMJMC,10902.00,10902.00,0.00,INR,rcpt-65493,,paid,1,[],2026-13-08 08:56:28
order_3rd7vZUUqyvqFz,1899.50,1899.50,0.00,INR,rcpt-93717,,paid,1,[],46247.63190972222
order_fhwBw8ZCescW7M,15936.00,15936.00,0.00,INR,rcpt-63696,,paid,1,[],2026-08-13 22:22:26
order_fD6y4OPdQPIdgt,3537.50,3537.50,0.00,INR,rcpt-23860,,paid,1,[],13/08/2026 05:35:55
order_2eHWP1HPoS9kqe,203.50,203.50,0.00,INR,rcpt-17502,,paid,1,[],13/08/2026 12:48:24
order_dTYpYmoS0TYRmS,11001.00,11001.00,0.00,INR,rcpt-54063,,paid,1,[],2026-08-13 19:01:53
order_XyzBZ8XQbtp460,443.00,443.00,0.00,INR,rcpt-29012,,paid,1,[],46248.093310185184
order_gvpvhWEZGFLwOw,6293.00,6293.00,0.00,INR,rcpt-19166,,paid,1,[],14/08/2026 09:27:51
order_FSi1wzAhbnavSn,4690.00,4690.00,0.00,INR,rcpt-69511,,paid,1,[],14/08/2026 16:40:20
order_yEh2GPwKl1TZAf,8010.50,8010.50,0.00,INR,rcpt-74270,,paid,1,[],14/08/2026 23:53:49
order_hpN8wJXZHOo2m0,844.00,844.00,0.00,INR,rcpt-87236,,paid,1,[],14/08/2026 06:06:18
order_Z8kWKTT8ITJP4a,881.00,881.00,0.00,INR,rcpt-53260,,paid,1,[],46248.55540509259
order_l6rIfYI8mFM7n4,780.00,780.00,0.00,INR,rcpt-61521,,paid,1,[],2026-08-14 20:32:16
order_Y0sVRW2Igyt92r,471.00,471.00,0.00,INR,rcpt-97008,,paid,1,[],2026-08-14 03:45:45
order_cloSwO7yQoOHZS,241.50,241.50,0.00,INR,rcpt-46432,,paid,1,[],2026-08-14 10:58:14
order_2OBtZhD8TYu0if,948.50,948.50,0.00,INR,rcpt-53300,,paid,1,[],2026-08-14 17:11:43
order_ToEx9Zg71W5lbV,5432.00,5432.00,0.00,INR,rcpt-73708,,paid,1,[],14/08/2026 00:24:12
order_KDzea2LqxfhgMA,1588.00,1588.00,0.00,INR,rcpt-27352,,paid,1,[],46248.31783564815
order_DUHxRdvWIgjKYo,23991.50,23991.50,0.00,INR,rcpt-65320,,paid,1,[],14/08/2026 14:50:10
order_WNZL1V0W4WiOdG,558.00,558.00,0.00,INR,rcpt-47338,,paid,1,[],2026-08-14 21:03:39
order_6opDX3cUAtTCIv,10109.00,10109.00,0.00,INR,rcpt-34035,,paid,1,[],2026-08-14 04:16:08
order_dwTnZ1oq25RW6y,10255.50,10255.50,0.00,INR,rcpt-66738,,paid,1,[],46248.478900462964
order_WDfgvqm5qb8dEk,4622.50,4622.50,0.00,INR,rcpt-90744,,paid,1,[],2026-14-08 18:42:06
order_AcC1GUZi5WV9dp,21328.50,21328.50,0.00,INR,rcpt-87253,,paid,1,[],2026-08-14 01:55:35
order_i2MGkALr6L55WR,24804.50,24804.50,0.00,INR,rcpt-27216,,paid,1,[],14/08/2026 08:08:04
order_ebGGo6wXAFY8nq,833.50,833.50,0.00,INR,rcpt-57022,,paid,1,[],14/08/2026 15:21:33
order_tNADGM9Kw54xME,820.50,820.50,0.00,INR,rcpt-74254,,paid,1,[],14/08/2026 22:34:02
order_zEqDHMgl3Wy1Xg,894.00,894.00,0.00,INR,rcpt-68349,,paid,1,[],14/08/2026 05:47:31
order_O6b9BxqyTTPNNf,1582.50,1582.50,0.00,INR,rcpt-99803,,paid,1,[],2026-08-14 12:00:00
order_ze2xFKiWtZBEQP,22367.00,22367.00,0.00,INR,rcpt-49576,,paid,1,[],2026-08-14 19:13:29
order_eySK32WRdXEgnU,20829.50,20829.50,0.00,INR,rcpt-33465,,paid,1,[],2026-08-14 02:26:58
order_d1S1Y9u097Cqfk,24892.00,24892.00,0.00,INR,rcpt-68545,,paid,1,[],14/08/2026 09:39:27
order_91arNDDcjAYctE,963.50,963.50,0.00,INR,rcpt-22250,,paid,1,[],2026-08-14 16:52:56
order_SWYZxB4GEd1K6X,1272.00,1272.00,0.00,INR,rcpt-17044,,paid,1,[],14/08/2026 23:05:25
order_yBNOEjZXka5UsB,672.50,672.50,0.00,INR,rcpt-61614,,paid,1,[],14/08/2026 06:18:54
order_r6jhj1mTHGY18R,10624.50,10624.50,0.00,INR,rcpt-11521,,paid,1,[],2026-08-14 13:31:23
order_OWNIsq0RWpZc3D,23347.50,23347.50,0.00,INR,rcpt-48982,,paid,1,[],2026-08-14 20:44:52
order_ILYFar2ht5nxUT,2198.00,2198.00,0.00,INR,rcpt-26209,,paid,1,[],2026-08-14 03:57:21
order_bZTP83rEfMcp5y,13285.00,13285.00,0.00,INR,rcpt-40625,,paid,1,[],14/08/2026 10:10:50
order_UsEvOMgdAdh19S,952.50,952.50,0.00,INR,rcpt-84589,,paid,1,[],46248.72452546296
