id,amount,currency,status,order_id,invoice_id,international,method,amount_refunded,amount_transferred,refund_status,captured,description,card_id,card,bank,wallet,vpa,email,contact,notes,fee,tax,error_code,error_description,created_at,card_type,card_network
pay_D80POPAt0iIDMM,6490.00,INR,captured,order_YWMuVUEW5SsEZk,,0,card,0.00,0.00,,1,,,,SBIN,,,,,[],77.88,14.02,,,01/06/2026 00:00:00,debit,
pay_vMwJgHNlcAlHXJ,4090.50,INR,captured,order_itk7gpIC35mbDR,,0,card,0.00,0.00,,1,,,,KKBK,,,,,[],49.09,8.84,,,2026-01-06 07:13:29,debit,
pay_DD19JJdE6GkOg6,23664.50,INR,captured,order_NLnvKtDrIhUZsY,,0,upi,0.00,0.00,,1,,,,,,,,,[],473.29,85.19,,,01/06/2026 14:26:58,,
pay_G1Lbnwa9Fbdtwx,19544.00,INR,captured,order_zfoCneSqMaICLU,,0,upi,0.00,0.00,,1,,,,,,,,,[],390.88,70.36,,,2026-06-01 21:39:27,,
pay_2Y7hNwD3EXGTgM,328.00,INR,captured,order_9YIL8HWKhYlQYR,,0,upi,0.00,0.00,,1,,,,,,,,,[],6.56,1.18,,,01/06/2026 04:52:56,,
pay_EYOkfeoEvi2wDX,5335.00,INR,captured,order_WHuiURde0kiQoE,,0,upi,0.00,0.00,,1,,,,,,,,,[],106.70,19.21,,,2026-06-01 11:05:25,,
pay_4l8YAueCP4BwtK,3369.00,INR,captured,order_qjwS2jS7MoEQsp,,0,upi,0.00,0.00,,1,,,,,,,,,[],67.38,12.13,,,2026-06-01 18:18:54,,
pay_hgvhqXuC2TdA29,24285.50,INR,captured,order_pUG2slxDrrHtD2,,0,upi,0.00,0.00,,1,,,,,,,,,[],485.71,87.43,,,2026-06-01 01:31:23,,
pay_5SllD6CugxAYgR,20549.00,INR,captured,order_YSTum7cIrAvPBx,,0,upi,0.00,0.00,,1,,,,,,,,,[],410.98,73.98,,,2026-06-01 08:44:52,,
pay_duVqMsUp4mj5sq,2841.50,INR,captured,order_ToYLurfqZ52VYb,,0,upi,0.00,0.00,,1,,,,,,,,,[],56.83,10.23,,,2026-06-01 15:57:21,,
pay_h7fRvq2QUg8Z1y,613.50,INR,captured,order_lStvH6azqmdVvx,,0,upi,0.00,0.00,,1,,,,,,,,,[],12.27,2.21,,,46174.92418981482,,
pay_z1WLJgJdgScJpA,8867.00,INR,captured,order_EA54qGA2TyJt3w,,0,card,0.00,0.00,,1,,,,HDFC,,,,,[],106.40,19.15,,,01/06/2026 05:23:19,debit,
pay_dslRriw2gO1tHy,2839.00,INR,captured,order_vV4CtLAqTUwY7v,,0,card,0.00,0.00,,1,,,,,,,,,[],34.07,6.13,,,2026-06-01 12:36:48,debit,
pay_2jJJePkuBmbgkX,20192.00,INR,captured,order_SMm1RZlHaEMkBL,,0,card,0.00,0.00,,1,,,,HDFC,,,,,[],242.30,43.61,,,2026-06-01 19:49:17,debit,
pay_VzDU34GmrMAuRu,20170.00,INR,captured,order_i0L9MO2aj0rxGI,,0,upi,0.00,0.00,,1,,,,,,,,,[],403.40,72.61,,,01/06/2026 02:02:46,,
pay_midEnmBJOfwM6Z,7319.00,INR,captured,order_1PJCBFDwvKa251,,0,upi,0.00,0.00,,1,,,,,,,,,[],146.38,26.35,,,2026-06-01 09:15:15,,
pay_G9NeP7y4JZ6bXL,4666.50,INR,captured,order_g23aNs0JGWXaHC,,0,wallet,0.00,0.00,,1,,,,,,,,,[],93.33,16.80,,,01/06/2026 16:28:44,,
pay_YVmTzDDGpodhOe,14995.00,INR,captured,order_84wRbCOgdMk725,,0,netbanking,0.00,0.00,,1,,,,ICICI,,,,,[],262.41,47.23,,,2026-06-01 23:41:13,,
pay_yLveebXZUDmOiI,4567.00,INR,captured,order_8Hrz1PPjfz7CdV,,0,upi,0.00,0.00,,1,,,,,,,,,[],91.34,16.44,,,01/06/2026 06:54:42,,
pay_uOYgjdxEZgvkh4,8121.00,INR,captured,order_HQaYetK5V26lCM,,0,upi,0.00,0.00,,1,,,,,,,,,[],162.42,29.24,,,2026-06-01 13:07:11,,
pay_L1FE6qk6dCuxOj,1939.00,INR,captured,order_pdqnIfNB8501de,,0,upi,0.00,0.00,,1,,,,,,,,,[],38.78,6.98,,,01/06/2026 20:20:40,,
pay_jrTKkVQ0LhRpl9,978.00,INR,captured,order_BaZze90QvZMtMC,,0,wallet,0.00,0.00,,1,,,,,,,,,[],19.56,3.52,,,01/06/2026 03:33:09,,
pay_wCDjiRPTISWWqE,4235.50,INR,captured,order_ieElURQooeNqEt,,0,upi,0.00,0.00,,1,,,,,,,,,[],84.71,15.25,,,46174.44905092593,,
pay_snJ47bkLTcz3sU,9767.00,INR,captured,order_2LBn9meZsffSb6,,0,netbanking,0.00,0.00,,1,,,,AXIS,,,,,[],170.92,30.77,,,2026-06-02 17:59:07,,
pay_9h3MCMr2HlWYWe,4792.50,INR,captured,order_azjiyTMuq7Fd2l,,0,upi,0.00,0.00,,1,,,,,,,,,[],95.85,17.25,,,2026-06-02 00:12:36,,
pay_0IVnMQeFkmxXHr,673.00,INR,captured,order_FxjuYkQc6EobTQ,,0,upi,0.00,0.00,,1,,,,,,,,,[],13.46,2.42,,,2026-06-02 07:25:05,,
pay_BSySH6VjRAb6qt,977.00,INR,captured,order_5PkcFBhpCQ7zGY,,0,card,0.00,0.00,,1,,,,AXIS,,,,,[],11.72,2.11,,,2026-06-02 14:38:34,debit,
pay_THJhiqmIJGwDWz,682.00,INR,captured,order_lx7sKp6FqPg5V0,,0,upi,0.00,0.00,,1,,,,,,,,,[],13.64,2.46,,,2026-06-02 21:51:03,,
pay_QSv5kjlLjNYyvB,18613.50,INR,captured,order_lisfexeCdradDT,,0,upi,0.00,0.00,,1,,,,,,,,,[],372.27,67.01,,,02/06/2026 04:04:32,,
pay_v2WCjtdTKUWXiD,7244.50,INR,captured,order_aTYS4PCFJfONB3,,0,upi,0.00,0.00,,1,,,,,,,,,[],144.89,26.08,,,2026-06-02 11:17:01,,
pay_X4eDGWJsQqXXPq,7584.00,INR,captured,order_jAQoVkUnzT5X9J,,0,upi,0.00,0.00,,1,,,,,,,,,[],151.68,27.30,,,2026-06-02 18:30:30,,
pay_FCOmyR4NFxzTgD,6235.50,INR,captured,order_71L13Z7Fxigpyc,,0,upi,0.00,0.00,,1,,,,,,,,,[],124.71,22.45,,,2026-06-02 01:43:59,,
pay_FDV2tK595HvAOd,4733.00,INR,captured,order_YBRxXMajaNegfI,,0,upi,0.00,0.00,,1,,,,,,,,,[],94.66,17.04,,,02/06/2026 08:56:28,,
pay_49vAgqDooDU7Va,17445.50,INR,captured,order_B6sEOHwnNawbQD,,0,netbanking,0.00,0.00,,1,,,,SBIN,,,,,[],305.30,54.95,,,02/06/2026 15:09:57,,
pay_6OSycnmngqaiTK,13597.50,INR,captured,order_RNA6XRqsC2YqU6,,0,card,0.00,0.00,,1,,,,AXIS,,,,,[],163.17,29.37,,,02/06/2026 22:22:26,debit,
pay_qHAx31KE6uU53x,16062.00,INR,captured,order_GlAi1UIjYKqkeO,,0,card,0.00,0.00,,1,,,,ICICI,,,,,[],192.74,34.69,,,2026-06-02 05:35:55,debit,
pay_5CeBTuSBktMzXQ,381.50,INR,captured,order_6kGI9i8axrYvCL,,0,upi,0.00,0.00,,1,,,,,,,,,[],7.63,1.37,,,2026-06-02 12:48:24,,
pay_o0suLlx9dJxcLY,3924.50,INR,captured,order_qebSWO4l5ksqCR,,0,upi,0.00,0.00,,1,,,,,,,,,[],78.49,14.13,,,02/06/2026 19:01:53,,
pay_7vIHL6kEJoNyDZ,4709.50,INR,captured,order_XJ2MoweoRmHTpo,,0,upi,0.00,0.00,,1,,,,,,,,,[],94.19,16.95,,,2026-06-02 02:14:22,,
pay_4KrK8KD0F4P7X3,10904.50,INR,captured,order_1iqaRKPDFr7Acn,,0,upi,0.00,0.00,,1,,,,,,,,,[],218.09,39.26,,,2026-06-02 09:27:51,,
pay_CKNZQmnZMPj76N,3541.00,INR,captured,order_i9lWt56xlX7HlE,,0,upi,0.00,0.00,,1,,,,,,,,,[],70.82,12.75,,,2026-02-06 16:40:20,,
pay_u4bvxR2Id09MoU,1366.00,INR,captured,order_iaD3HPPC6amRzc,,0,card,0.00,0.00,,1,,,,SBIN,,,,,[],34.15,6.15,,,2026-06-02 23:53:49,credit,
pay_KgDi5FhYQMhlpf,21839.00,INR,captured,order_MtUsU3QE7tkJh2,,0,wallet,0.00,0.00,,1,,,,,,,,,[],436.78,78.62,,,2026-06-02 06:06:18,,
pay_I4ooeITJ59fFzt,1642.00,INR,captured,order_BEYwzyUiOVckF9,,0,upi,0.00,0.00,,1,,,,,,,,,[],32.84,5.91,,,2026-06-02 13:19:47,,
pay_WqoO3VFOkjOmMb,411.50,INR,captured,order_KkQWBTGaU23Fm6,,0,card,0.00,0.00,,1,,,,AXIS,,,,,[],8.23,1.48,,,2026-02-06 20:32:16,credit,
pay_FHsZUgm5hPRFll,772.50,INR,captured,order_LC5ZoKLP7voN8c,,0,upi,0.00,0.00,,1,,,,,,,,,[],15.45,2.78,,,02/06/2026 03:45:45,,
pay_PH2JTmCkpvqlSR,12238.00,INR,captured,order_1lQ8TuY0UHgsKh,,0,netbanking,0.00,0.00,,1,,,,ICICI,,,,,[],214.17,38.55,,,02/06/2026 10:58:14,,
pay_RYhfKwBulKIypR,360.50,INR,captured,order_LYtH8WPSBqc9Bi,,0,upi,0.00,0.00,,1,,,,,,,,,[],7.21,1.30,,,2026-02-06 17:11:43,,
pay_pjs4OrRmWZPDPw,9678.00,INR,captured,order_RfBptFO1yudakf,,0,netbanking,0.00,0.00,,1,,,,AXIS,,,,,[],169.37,30.49,,,2026-06-02 00:24:12,,
pay_PAK8hl5lRZblGw,4772.00,INR,captured,order_xV0AzGoRJLT5em,,0,netbanking,0.00,0.00,,1,,,,AXIS,,,,,[],83.51,15.03,,,46175.31783564815,,
pay_ZZhdbxOuH3cCM2,1926.50,INR,captured,order_rqR0hzDM1gnmp9,,0,upi,0.00,0.00,,1,,,,,,,,,[],38.53,6.94,,,2026-06-02 14:50:10,,
pay_5QcCx1iRWRm26X,2700.00,INR,captured,order_JWPS7YmHIPz02l,,0,card,0.00,0.00,,1,,,,KKBK,,,,,[],54.00,9.72,,,02/06/2026 21:03:39,credit,
pay_Qdxk2r121qfIrI,11655.50,INR,captured,order_OK7j8zFe3P4edy,,0,card,0.00,0.00,,1,,,,AXIS,,,,,[],139.87,25.18,,,2026-06-02 04:16:08,debit,
pay_7pLrymTpJG73xw,235.50,INR,captured,order_pZ3mTlOpqtBusg,,0,card,0.00,0.00,,1,,,,SBIN,,,,,[],4.71,0.85,,,02/06/2026 11:29:37,credit,
pay_XHHn3u1NKYGG0f,338.50,INR,captured,order_4Xz8jud9fNOlIA,,0,card,0.00,0.00,,1,,,,KKBK,,,,,[],4.06,0.73,,,2026-06-03 18:42:06,debit,
pay_hTpiyFAplEWNk2,658.00,INR,captured,order_3TxRSdR7D2JHph,,0,upi,0.00,0.00,,1,,,,,,,,,[],13.16,2.37,,,2026-06-03 01:55:35,,
pay_PNDNLVwPFtvz9k,368.50,INR,captured,order_XUfu2Z8F3uAEnT,,0,upi,0.00,0.00,,1,,,,,,,,,[],7.37,1.33,,,2026-03-06 08:08:04,,
pay_4SS2F8k1qM2EkF,492.00,INR,captured,order_1i86cz8AjemvaB,,0,card,0.00,0.00,,1,,,,AXIS,,,,,[],5.90,1.06,,,03/06/2026 15:21:33,debit,
pay_QFT0kC2MC7uQtd,501.50,INR,captured,order_32u5jDap7z7x9B,,0,netbanking,0.00,0.00,,1,,,,HDFC,,,,,[],8.78,1.58,,,2026-06-03 22:34:02,,
pay_IwxRszRleEOs7B,1025.50,INR,captured,order_GkwwU8tPGOHnJn,,0,upi,0.00,0.00,,1,,,,,,,,,[],20.51,3.69,,,2026-06-03 05:47:31,,
pay_uc64YHRyQZB3JO,15607.00,INR,captured,order_KXEheLRl7s5arr,,0,upi,0.00,0.00,,1,,,,,,,,,[],312.14,56.19,,,03/06/2026 12:00:00,,
pay_ydTFOMWPLF3lz3,3998.50,INR,captured,order_PoRubSPmfUsFkp,,0,upi,0.00,0.00,,1,,,,,,,,,[],79.97,14.39,,,2026-06-03 19:13:29,,
pay_S9Y1a00sOzPjuB,1887.50,INR,captured,order_v6JUpuszbMf0NQ,,0,upi,0.00,0.00,,1,,,,,,,,,[],37.75,6.80,,,46176.102060185185,,
pay_Cf4ePP0lSxnuuP,13861.50,INR,captured,order_SgfcRZQlRAxmEx,,0,netbanking,0.00,0.00,,1,,,,ICICI,,,,,[],242.58,43.66,,,03/06/2026 09:39:27,,
pay_MxNnIIKvf1vvfK,15360.00,INR,captured,order_8tX7UPuxI7hGSH,,0,upi,0.00,0.00,,1,,,,,,,,,[],307.20,55.30,,,2026-06-03 16:52:56,,
pay_a82IGgZAVPMfQD,16431.50,INR,captured,order_ARjxW2Z9VuvCMt,,0,upi,0.00,0.00,,1,,,,,,,,,[],328.63,59.15,,,2026-06-03 23:05:25,,
pay_vodIBFifu8CSp8,318.00,INR,captured,order_la8ixUg1D0TDJE,,0,upi,0.00,0.00,,1,,,,,,,,,[],6.36,1.14,,,2026-06-03 06:18:54,,
pay_M1Fl52RJZxwkD2,20538.50,INR,captured,order_hVdLH69IC0xCZ8,,0,upi,0.00,0.00,,1,,,,,,,,,[],410.77,73.94,,,46176.56346064815,,
pay_xo0V8L3DAzd0Ec,683.00,INR,captured,order_OgkJFSNuGifHjL,,0,card,0.00,0.00,,1,,,,AXIS,,,,,[],13.66,2.46,,,2026-06-03 20:44:52,credit,
pay_RCaULJllRtOcRK,20295.00,INR,captured,order_rGWMAROSmZeZ8V,,0,upi,0.00,0.00,,1,,,,,,,,,[],405.90,73.06,,,2026-06-03 03:57:21,,
pay_eJm1BLXNA3vuLG,17997.50,INR,captured,order_ARqkz9GzFVzBXw,,0,upi,0.00,0.00,,1,,,,,,,,,[],359.95,64.79,,,2026-06-03 10:10:50,,
pay_38YqvyJNcAD1my,13461.00,INR,captured,order_VHm9f2rDSPD7Mf,,0,card,0.00,0.00,,1,,,,KKBK,,,,,[],161.53,29.08,,,2026-06-03 17:23:19,debit,
pay_zf0gsU6FOxRLIk,380.50,INR,captured,order_7Ug79xXO4m6fx4,,0,wallet,0.00,0.00,,1,,,,,,,,,[],7.61,1.37,,,2026-06-03 00:36:48,,
pay_JHKnC3EQvAuo0J,243.00,INR,captured,order_vjzUNQq1osP04o,,0,card,0.00,0.00,,1,,,,,,,,,[],4.86,0.87,,,2026-06-03 07:49:17,credit,
pay_2zfEb3OpAks50a,13571.00,INR,captured,order_x3dFZuDvylYiPn,,0,card,0.00,0.00,,1,,,,,,,,,[],162.85,29.31,,,46176.58525462963,debit,
pay_JsOrQgeJZsPJKp,996.00,INR,captured,order_libPNCE2XPeevW,,0,upi,0.00,0.00,,1,,,,,,,,,[],19.92,3.59,,,2026-06-03 21:15:15,,
pay_ZuBdYtEBhsbQMc,400.00,INR,captured,order_mLR4SJdpohlKyM,,0,netbanking,0.00,0.00,,1,,,,SBIN,,,,,[],7.00,1.26,,,2026-06-03 04:28:44,,
pay_I5LBGqAYyx6wqh,16573.50,INR,captured,order_b6a8tkbuOclewB,,0,netbanking,0.00,0.00,,1,,,,AXIS,,,,,[],290.04,52.21,,,03/06/2026 11:41:13,,
pay_3W1247zh6zVGYg,3070.00,INR,refunded,order_ZxHA4nIys6fh88,,0,card,3070.00,0.00,full,1,,,,ICICI,,,,,[],36.84,6.63,,,2026-06-03 18:54:42,debit,
pay_ZJGunneCrsApzM,11548.00,INR,captured,order_KLfdsSd2oaSnGR,,0,upi,0.00,0.00,,1,,,,,,,,,[],230.96,41.57,,,03/06/2026 01:07:11,,
pay_nDQsmYRl0b4Iqe,893.00,INR,captured,order_EkTmaCDJoErjGU,,0,upi,0.00,0.00,,1,,,,,,,,,[],17.86,3.21,,,03/06/2026 08:20:40,,
pay_Vvn8lewcEMYWuQ,642.00,INR,captured,order_Ey6ZUls7dz3bpb,,0,card,0.00,0.00,,1,,,,AXIS,,,,,[],12.84,2.31,,,2026-06-03 15:33:09,credit,
pay_GsmPm9fcEnvQfC,4964.50,INR,captured,order_LbXn5Lej9CWEiF,,0,card,0.00,0.00,,1,,,,,,,,,[],99.29,17.87,,,46176.94905092593,credit,
pay_mii55YcPUALi4x,819.50,INR,captured,order_qYo7DFBv0JFGSc,,0,upi,0.00,0.00,,1,,,,,,,,,[],16.39,2.95,,,03/06/2026 05:59:07,,
pay_O97x1eYOQmY00h,401.50,INR,captured,order_nKa6A8erGYfWxb,,0,card,0.00,0.00,,1,,,,ICICI,,,,,[],8.03,1.45,,,2026-06-03 12:12:36,credit,
pay_xpjluh0wioEOn4,10119.00,INR,captured,order_kdEiFBS8qUcL3m,,0,upi,0.00,0.00,,1,,,,,,,,,[],202.38,36.43,,,03/06/2026 19:25:05,,
pay_lqpjWW5WqmmYbq,445.50,INR,captured,order_riSoKpN0aykPND,,0,card,0.00,0.00,,1,,,,,,,,,[],8.91,1.60,,,2026-06-03 02:38:34,credit,
pay_5ZPgZqj0g4tb3E,920.00,INR,captured,order_OJ6I6ul2xMW0wh,,0,wallet,0.00,0.00,,1,,,,,,,,,[],18.40,3.31,,,2026-06-03 09:51:03,,
pay_F1IbItgeMrFQRN,4875.00,INR,captured,order_5PKjvdhrC4rpi9,,0,upi,0.00,0.00,,1,,,,,,,,,[],97.50,17.55,,,03/06/2026 16:04:32,,
pay_5MvBkpwxULq3MZ,610.50,INR,captured,order_ewy0jawI87jJh2,,0,upi,0.00,0.00,,1,,,,,,,,,[],12.21,2.20,,,46176.97015046296,,
pay_fxzsoVObMpyjIe,12972.50,INR,captured,order_7VCxM0p6tCRd08,,0,netbanking,0.00,0.00,,1,,,,ICICI,,,,,[],227.02,40.86,,,2026-03-06 06:30:30,,
pay_4MEme1uMvVjdjD,3169.50,INR,captured,order_Gse4eyaFoCsGHu,,0,upi,0.00,0.00,,1,,,,,,,,,[],63.39,11.41,,,2026-06-03 13:43:59,,
pay_7xGQqaAR9BumC6,405.00,INR,captured,order_s5qHznTVZDHtsU,,0,upi,0.00,0.00,,1,,,,,,,,,[],8.10,1.46,,,2026-06-03 20:56:28,,
pay_4uxG7I9AqtIk2B,11098.50,INR,captured,order_FwFBYBCOrdiuBR,,0,netbanking,0.00,0.00,,1,,,,ICICI,,,,,[],194.22,34.96,,,2026-06-03 03:09:57,,
pay_DV63jil2hHJ6dP,8094.50,INR,captured,order_FMhAQSfEZ0WqaJ,,0,card,0.00,0.00,,1,,,,HDFC,,,,,[],97.13,17.48,,,04/06/2026 10:22:26,debit,
pay_rsnB7CjqqqLDrJ,3365.50,INR,captured,order_lEMBSDTihYXaHg,,0,netbanking,0.00,0.00,,1,,,,ICICI,,,,,[],58.90,10.60,,,46177.73327546296,,
pay_rVPoPDs9eCb5cN,2744.50,INR,captured,order_qNprZssZpJOOlu,,0,netbanking,0.00,0.00,,1,,,,,,,,,[],48.03,8.65,,,2026-06-04 00:48:24,,
pay_1xsDeyLglRSM8O,467.00,INR,captured,order_rkwwB6Y4blh6mZ,,0,upi,0.00,0.00,,1,,,,,,,,,[],9.34,1.68,,,2026-04-06 07:01:53,,
pay_N3evpviV3sdLD4,11946.50,INR,captured,order_y9xX2m81dM0QoK,,0,upi,0.00,0.00,,1,,,,,,,,,[],238.93,43.01,,,2026-06-04 14:14:22,,
pay_TMWDEVPcMLnA3P,855.00,INR,captured,order_2jVoM9hbbMCxEp,,0,upi,0.00,0.00,,1,,,,,,,,,[],17.10,3.08,,,04/06/2026 21:27:51,,
pay_N10K0FfJ4rn0U0,1264.00,INR,captured,order_8xgBlLdqkywlbl,,0,netbanking,0.00,0.00,,1,,,,,,,,,[],22.12,3.98,,,2026-06-04 04:40:20,,
pay_PISdwtuh1zaD9N,4923.00,INR,captured,order_o7km4mDycBUa9e,,0,upi,0.00,0.00,,1,,,,,,,,,[],98.46,17.72,,,04/06/2026 11:53:49,,
pay_krKywVVMkSmODV,9668.50,INR,captured,order_Liqly69fkii7Aq,,0,netbanking,0.00,0.00,,1,,,,HDFC,,,,,[],169.20,30.46,,,2026-06-04 18:06:18,,
pay_fgaKiXzaclQsce,1958.50,INR,captured,order_oPofB0HdwSbW8Y,,0,card,0.00,0.00,,1,,,,ICICI,,,,,[],23.50,4.23,,,2026-06-04 01:19:47,debit,
pay_CWcTUG72rupcWG,928.50,INR,captured,order_GYbK2NBxOB6SVL,,0,card,0.00,0.00,,1,,,,AXIS,,,,,[],18.57,3.34,,,2026-06-04 08:32:16,credit,
pay_NwjIXnSDsQ7XUY,11473.00,INR,refunded,order_8cqhVW9gnutnsW,,0,card,11473.00,0.00,full,1,,,,SBIN,,,,,[],229.46,41.30,,,2026-06-04 15:45:45,credit,
pay_UtoXIv7uRMTL2w,1384.50,INR,captured,order_lbhEA7r8lJtpci,,0,upi,0.00,0.00,,1,,,,,,,,,[],27.69,4.98,,,04/06/2026 22:58:14,,
pay_2mTtgMdeD5Nid5,886.50,INR,captured,order_8OzHFUblUEmkts,,0,upi,0.00,0.00,,1,,,,,,,,,[],17.73,3.19,,,04/06/2026 05:11:43,,
pay_MbeVZJRxhCFZxE,229.50,INR,captured,order_S6giUAfcBolIkz,,0,upi,0.00,0.00,,1,,,,,,,,,[],4.59,0.83,,,2026-04-06 12:24:12,,
pay_boUm7tenTNIDvI,3301.00,INR,captured,order_IjVZvwhVIpVjIN,,0,upi,0.00,0.00,,1,,,,,,,,,[],66.02,11.88,,,2026-06-04 19:37:41,,
pay_5aoDVINJBCLMoa,616.00,INR,captured,order_7LBrShXtUQpYWx,,0,upi,0.00,0.00,,1,,,,,,,,,[],12.32,2.22,,,2026-06-04 02:50:10,,
pay_srWo8eDujNulZo,13427.50,INR,refunded,order_zsL8VvjGw0JWzN,,0,card,3356.88,0.00,full,1,,,,ICICI,,,,,[],268.55,48.34,,,2026-06-04 09:03:39,credit,
pay_EfOZU12blPLuCP,1091.50,INR,captured,order_lMdXzt7g9QEsBh,,0,upi,0.00,0.00,,1,,,,,,,,,[],21.83,3.93,,,2026-06-04 16:16:08,,
pay_h9pe63CF94wS7a,424.50,INR,captured,order_rVUNjk8oi0CCLd,,0,upi,0.00,0.00,,1,,,,,,,,,[],8.49,1.53,,,46177.978900462964,,
pay_nGYN2EhaI6vMa6,4905.00,INR,captured,order_fMYWat75NkDBuc,,0,upi,0.00,0.00,,1,,,,,,,,,[],98.10,17.66,,,2026-06-04 06:42:06,,
pay_s4W7HPdgi18Sgz,7696.00,INR,captured,order_cFvLEV3tQXH3UK,,0,upi,0.00,0.00,,1,,,,,,,,,[],153.92,27.71,,,2026-06-04 13:55:35,,
pay_3H5Ji2EPu4d9IZ,4415.50,INR,captured,order_7V23xW4lFQCk3k,,0,upi,0.00,0.00,,1,,,,,,,,,[],88.31,15.90,,,04/06/2026 20:08:04,,
pay_o5faTxzhHzVKjF,1304.50,INR,captured,order_jy4OstGZPZ58xk,,0,card,0.00,0.00,,1,,,,AXIS,,,,,[],32.61,5.87,,,2026-06-04 03:21:33,credit,
pay_lshF3fnTiCmpwW,3420.00,INR,captured,order_DkpvTrS7GevIBV,,0,card,0.00,0.00,,1,,,,AXIS,,,,,[],41.04,7.39,,,2026-06-04 10:34:02,debit,
pay_fLbz0LOlEi3U9V,2681.50,INR,captured,order_pTEnox7gOLHDM9,,0,card,0.00,0.00,,1,,,,SBIN,,,,,[],53.63,9.65,,,2026-06-04 17:47:31,credit,
pay_9Poq7SAQiyiocP,2976.50,INR,captured,order_NBpMgghrjx3jph,,0,upi,0.00,0.00,,1,,,,,,,,,[],59.53,10.72,,,46177.0,,
pay_lb2FBKSNtFX7SN,18490.00,INR,captured,order_7dyPSh2BWKHUiz,,0,card,0.00,0.00,,1,,,,SBIN,,,,,[],221.88,39.94,,,2026-06-04 07:13:29,debit,
pay_IOTozTzkvp9zKI,12529.00,INR,captured,order_ZRriFJM8oAwvZP,,0,netbanking,0.00,0.00,,1,,,,KKBK,,,,,[],219.26,39.47,,,2026-06-04 14:26:58,,
pay_s3JuPb4jMCAu0V,4637.50,INR,captured,order_cp53b1QeM15giE,,0,upi,0.00,0.00,,1,,,,,,,,,[],92.75,16.70,,,46177.902395833335,,
pay_9vn2Jfs4184jM6,9946.00,INR,captured,order_DfNBZrS99RF5ed,,0,card,0.00,0.00,,1,,,,KKBK,,,,,[],119.35,21.48,,,46177.20342592592,debit,
pay_Rlq6sJKXIjj6om,21211.50,INR,captured,order_fUgmhXeO2xUHz8,,0,upi,0.00,0.00,,1,,,,,,,,,[],424.23,76.36,,,2026-06-04 11:05:25,,
pay_3NdoK6Ru5qxXV4,964.00,INR,captured,order_uzEpVbvPrkuSOi,,0,card,0.00,0.00,,1,,,,HDFC,,,,,[],11.57,2.08,,,04/06/2026 18:18:54,debit,
pay_syP24Qlc1NqGtw,697.50,INR,captured,order_MVNV8GcTfX6APg,,0,card,0.00,0.00,,1,,,,KKBK,,,,,[],8.37,1.51,,,04/06/2026 01:31:23,debit,
pay_VwAhxnjYWgs7Zu,2081.00,INR,captured,order_6DMrvUXnXChCna,,0,wallet,0.00,0.00,,1,,,,,,,,,[],41.62,7.49,,,2026-06-04 08:44:52,,
pay_EEoCTHeQtn9468,5865.00,INR,captured,order_gYT4GoP0HkyWMB,,0,upi,0.00,0.00,,1,,,,,,,,,[],117.30,21.11,,,2026-06-04 15:57:21,,
pay_TVx4UaXIyv0nOc,3536.50,INR,captured,order_vXgPkqoHWvucMa,,0,wallet,0.00,0.00,,1,,,,,,,,,[],70.73,12.73,,,46177.92418981482,,
pay_fIKQE6BWDjk7RA,2587.50,INR,captured,order_bVnJtYHlgYIUkO,,0,upi,0.00,0.00,,1,,,,,,,,,[],51.75,9.32,,,05/06/2026 05:23:19,,
pay_gsSaJz55HjSbq0,1020.00,INR,captured,order_GNV5A1lswW1M8l,,0,upi,0.00,0.00,,1,,,,,,,,,[],20.40,3.67,,,2026-06-06 12:36:48,,
pay_aI3q1Qxi1yAC4E,9950.00,INR,captured,order_nPPDewlYVb44Fd,,0,upi,0.00,0.00,,1,,,,,,,,,[],199.00,35.82,,,2026-06-06 19:49:17,,
pay_VyCt25N9mgsvLQ,2365.00,INR,captured,order_Aa7YYnDF4Wdg9P,,0,wallet,0.00,0.00,,1,,,,,,,,,[],47.30,8.51,,,06/06/2026 02:02:46,,
pay_fiUeZqajKchwMw,3886.50,INR,captured,order_kJUhuZJ5NX6vJA,,0,upi,0.00,0.00,,1,,,,,,,,,[],77.73,13.99,,,46179.38559027778,,
pay_QLkk2262deqtHR,21342.50,INR,captured,order_egD4J2TvazJJ5a,,0,upi,0.00,0.00,,1,,,,,,,,,[],426.85,76.83,,,2026-06-06 16:28:44,,
pay_qOV5UHMPfPuphb,1399.50,INR,captured,order_x9fWrPIos5MdRV,,0,card,0.00,0.00,,1,,,,HDFC,,,,,[],16.79,3.02,,,06/06/2026 23:41:13,debit,
pay_KOQbVDYRDbwW69,746.00,INR,captured,order_sNwTPRYYX9Vmwa,,0,card,0.00,0.00,,1,,,,,,,,,[],18.65,3.36,,,2026-06-06 06:54:42,credit,
pay_0b6tPaQiElQI5h,1945.00,INR,captured,order_WxpFmwxdzPXcGS,,0,card,0.00,0.00,,1,,,,KKBK,,,,,[],38.90,7.00,,,2026-06-06 13:07:11,credit,
pay_MZqFzksqZ4iFHs,4789.00,INR,captured,order_PFQTvdVK6blxqk,,0,upi,0.00,0.00,,1,,,,,,,,,[],95.78,17.24,,,2026-06-06 20:20:40,,
pay_i42uYIWZaksAc9,4745.00,INR,refunded,order_i6B6fWfy4cqsdI,,0,upi,4745.00,0.00,full,1,,,,,,,,,[],94.90,17.08,,,06/06/2026 03:33:09,,
pay_2jRIoKCeDLKY8k,567.50,INR,captured,order_7eErhc1g29Cobc,,0,upi,0.00,0.00,,1,,,,,,,,,[],11.35,2.04,,,2026-06-06 10:46:38,,
pay_bMbBtxYff4eOQ8,19790.00,INR,captured,order_uLMf9Eoaz9NCMU,,0,upi,0.00,0.00,,1,,,,,,,,,[],395.80,71.24,,,2026-06-06 17:59:07,,
pay_Nbh4Tj9ZwyjjUj,20658.00,INR,captured,order_qwDH0pyaiWN4rc,,0,netbanking,0.00,0.00,,1,,,,AXIS,,,,,[],361.52,65.07,,,46179.00875,,
pay_fchoL5b0Y5IV8X,800.00,INR,captured,order_O3gPAPYR8qgq5c,,0,upi,0.00,0.00,,1,,,,,,,,,[],16.00,2.88,,,2026-06-06 07:25:05,,
pay_mXDaU1GzuKN2Ha,9321.00,INR,captured,order_8yPDYHn9qGzH5x,,0,card,0.00,0.00,,1,,,,HDFC,,,,,[],186.42,33.56,,,2026-06-06 14:38:34,credit,
pay_byJWg46nSfWCU2,8558.50,INR,captured,order_Sfi6QMtrhsEcsF,,0,upi,0.00,0.00,,1,,,,,,,,,[],171.17,30.81,,,46179.91045138889,,
pay_UjygfH0JLhUeij,10870.00,INR,captured,order_YPZQvyEeAg69FC,,0,upi,0.00,0.00,,1,,,,,,,,,[],217.40,39.13,,,06/06/2026 04:04:32,,
pay_VhfXjRBg6vgJkN,354.50,INR,captured,order_V0nZEm5sEX3xO1,,0,upi,0.00,0.00,,1,,,,,,,,,[],7.09,1.28,,,2026-06-06 11:17:01,,
pay_DiuWr5vJF5nPfz,15611.00,INR,captured,order_AfAwZ8jnYs9v7o,,0,wallet,0.00,0.00,,1,,,,,,,,,[],312.22,56.20,,,2026-06-06 18:30:30,,
pay_Vj3ahR7YeKuoSL,23008.50,INR,captured,order_3lLltlzSGYcB6Q,,0,upi,0.00,0.00,,1,,,,,,,,,[],460.17,82.83,,,06/06/2026 01:43:59,,
pay_7irnF2cQRbewEf,753.00,INR,captured,order_d3yymsKE1ivYfN,,0,upi,0.00,0.00,,1,,,,,,,,,[],15.06,2.71,,,46179.3725462963,,
pay_GHHokQxsHntgmv,5546.00,INR,captured,order_GU1FQlhtRbGnKE,,0,upi,0.00,0.00,,1,,,,,,,,,[],110.92,19.97,,,2026-06-06 15:09:57,,
pay_beq12not383iMg,8344.00,INR,captured,order_60APjKPoScbLt3,,0,upi,0.00,0.00,,1,,,,,,,,,[],166.88,30.04,,,2026-06-06 22:22:26,,
pay_hWtdnM1TVOhKHC,14363.50,INR,captured,order_cKCgi8b6SpyyEh,,0,upi,0.00,0.00,,1,,,,,,,,,[],287.27,51.71,,,46179.23327546296,,
pay_Vq6pjv4d3f2iCZ,445.00,INR,captured,order_uvAcuGWNH34L0H,,0,card,0.00,0.00,,1,,,,AXIS,,,,,[],8.90,1.60,,,2026-06-06 12:48:24,credit,
pay_pHc3XA1sz4AV7g,717.50,INR,captured,order_4mXqyUGxi3ieuH,,0,card,0.00,0.00,,1,,,,KKBK,,,,,[],14.35,2.58,,,06/06/2026 19:01:53,credit,
pay_bfNzQ4rLWcspvw,18105.00,INR,captured,order_8uHxtJ79BYJq4X,,0,upi,0.00,0.00,,1,,,,,,,,,[],362.10,65.18,,,2026-06-06 02:14:22,,
pay_as6fx6HV8HxRBB,21141.00,INR,captured,order_LwR9jzvHibN2H9,,0,upi,0.00,0.00,,1,,,,,,,,,[],422.82,76.11,,,46179.39434027778,,
pay_3tU7tM6wggENZN,14991.50,INR,captured,order_nitfoI9cS8Fccy,,0,upi,0.00,0.00,,1,,,,,,,,,[],299.83,53.97,,,06/06/2026 16:40:20,,
pay_zS1oEYuSuGRSyu,8591.50,INR,captured,order_0MOGsRsvFIN2I3,,0,upi,0.00,0.00,,1,,,,,,,,,[],171.83,30.93,,,06/06/2026 23:53:49,,
pay_j8SHuL6DnmdzZV,589.00,INR,captured,order_IAH1UDVfbvrYww,,0,upi,0.00,0.00,,1,,,,,,,,,[],11.78,2.12,,,06/06/2026 06:06:18,,
pay_8oejV2iWeMFkIV,399.50,INR,captured,order_57QUsrqNNoEH3y,,0,card,0.00,0.00,,1,,,,AXIS,,,,,[],7.99,1.44,,,2026-06-06 13:19:47,credit,
pay_IUaXSaHsvWXCsI,842.00,INR,captured,order_Lwe6qOjbGsheGE,,0,upi,0.00,0.00,,1,,,,,,,,,[],16.84,3.03,,,2026-06-06 20:32:16,,
pay_8UVQGdIosQsDR6,17316.50,INR,captured,order_61IDaizB1NA3WQ,,0,upi,0.00,0.00,,1,,,,,,,,,[],346.33,62.34,,,06/06/2026 03:45:45,,
pay_gG9HavqkPU09Qn,9270.00,INR,captured,order_1PxN3kifmPFy5G,,0,upi,0.00,0.00,,1,,,,,,,,,[],185.40,33.37,,,2026-06-06 10:58:14,,
pay_evfd7D4frOrt7h,2055.00,INR,captured,order_dxkQfghrqJ2grO,,0,upi,0.00,0.00,,1,,,,,,,,,[],41.10,7.40,,,2026-06-06 17:11:43,,
pay_bg1FxvTYa0EnyH,304.00,INR,captured,order_JZ6zT5IHPe9mC9,,0,upi,0.00,0.00,,1,,,,,,,,,[],6.08,1.09,,,2026-06-06 00:24:12,,
pay_P86pj1R3eh5PUb,8545.00,INR,captured,order_SBiMsAK96bycVz,,0,upi,0.00,0.00,,1,,,,,,,,,[],170.90,30.76,,,2026-06-06 07:37:41,,
pay_6GsQCw8hHAON18,7532.50,INR,captured,order_6zieEPYCaDw7vx,,0,card,0.00,0.00,,1,,,,AXIS,,,,,[],150.65,27.12,,,06/06/2026 14:50:10,credit,
pay_0VXHVo5gaAauzW,7454.50,INR,captured,order_U6HNX3PgG3gI4e,,0,upi,0.00,0.00,,1,,,,,,,,,[],149.09,26.84,,,2026-06-06 21:03:39,,
pay_RLBk6YJ1PJNxEL,24772.00,INR,captured,order_VrwlccEy9AOGdt,,0,upi,0.00,0.00,,1,,,,,,,,,[],495.44,89.18,,,2026-07-06 04:16:08,,
pay_sbHFkYc6T7Gmsk,1340.50,INR,captured,order_GjJM34BkLUTYL2,,0,upi,0.00,0.00,,1,,,,,,,,,[],26.81,4.83,,,2026-06-07 11:29:37,,
pay_6zlPje2towh8fn,873.50,INR,captured,order_UvsivSU1BNGc9x,,0,card,0.00,0.00,,1,,,,SBIN,,,,,[],17.47,3.14,,,07/06/2026 18:42:06,credit,
pay_HvYA2Dxpi7U2eZ,11480.50,INR,captured,order_zLQNZeBo32RqrA,,0,upi,0.00,0.00,,1,,,,,,,,,[],229.61,41.33,,,2026-06-07 01:55:35,,
pay_ujJ2rHYEBDRTzY,17612.50,INR,captured,order_cso9GRNyOeZTTH,,0,card,0.00,0.00,,1,,,,SBIN,,,,,[],211.35,38.04,,,2026-06-07 08:08:04,debit,
pay_X4t5MIpDuDX2Ac,12626.00,INR,captured,order_5Lk3xr0JGWsIoE,,0,upi,0.00,0.00,,1,,,,,,,,,[],252.52,45.45,,,07/06/2026 15:21:33,,
pay_bLeWaEQdP3RlVw,6420.50,INR,captured,order_RkBTwMCdwZ0hKH,,0,netbanking,0.00,0.00,,1,,,,,,,,,[],112.36,20.22,,,46180.940300925926,,
pay_NJ5UJ16uXiQfpj,892.00,INR,captured,order_MluUsCopuSJIBd,,0,upi,0.00,0.00,,1,,,,,,,,,[],17.84,3.21,,,2026-06-07 05:47:31,,
pay_QE85xdbJwMIBNq,3928.50,INR,captured,order_XbD6DKoMGf9l3N,,0,card,0.00,0.00,,1,,,,SBIN,,,,,[],47.14,8.49,,,2026-06-07 12:00:00,debit,
pay_mxe6t8wdBTlUKB,5777.00,INR,captured,order_iGWTd52q8jUrt4,,0,card,0.00,0.00,,1,,,,SBIN,,,,,[],144.43,26.00,,,2026-06-07 19:13:29,credit,
pay_XBkxl1xRuc0d2s,7691.00,INR,captured,order_ibnVjq88YFWT3r,,0,card,0.00,0.00,,1,,,,KKBK,,,,,[],92.29,16.61,,,46180.102060185185,debit,
pay_CPzQy2F8HQjM6K,1718.50,INR,captured,order_aUg7HYZo0MMpWW,,0,upi,0.00,0.00,,1,,,,,,,,,[],34.37,6.19,,,2026-06-07 09:39:27,,
pay_DL6Q9gx74WgyAC,11375.50,INR,captured,order_SZgCB6BZzT55xu,,0,upi,0.00,0.00,,1,,,,,,,,,[],227.51,40.95,,,07/06/2026 16:52:56,,
pay_eH0ZtLHSMFNLMt,16241.50,INR,captured,order_BUgOgtXLGZinUl,,0,netbanking,0.00,0.00,,1,,,,SBIN,,,,,[],284.23,51.16,,,2026-06-07 23:05:25,,
pay_s6wI0OhhxwoMtw,3128.00,INR,captured,order_i9aghVrOR1Fqf1,,0,upi,0.00,0.00,,1,,,,,,,,,[],62.56,11.26,,,2026-06-07 06:18:54,,
pay_tdP6JuWG3E5CMv,402.00,INR,captured,order_3o4Xa24sUiuapp,,0,upi,0.00,0.00,,1,,,,,,,,,[],8.04,1.45,,,46180.56346064815,,
pay_hVe5VBhzB8aoJ6,3087.50,INR,captured,order_9yFOyXfrY3Tl1P,,0,upi,0.00,0.00,,1,,,,,,,,,[],61.75,11.12,,,07/06/2026 20:44:52,,
pay_Upma5vK6btTWXL,19531.50,INR,captured,order_RWhSsMFsquIW50,,0,upi,0.00,0.00,,1,,,,,,,,,[],390.63,70.31,,,2026-06-07 03:57:21,,
pay_WmJwZxP4pK0den,3471.00,INR,captured,order_bcAicrAddmoUYB,,0,card,0.00,0.00,,1,,,,KKBK,,,,,[],41.65,7.50,,,07/06/2026 10:10:50,debit,
pay_cZokUsI9I0d3uo,16149.00,INR,captured,order_JKCqbmorZdgtFZ,,0,card,0.00,0.00,,1,,,,KKBK,,,,,[],322.98,58.14,,,2026-06-07 17:23:19,credit,
pay_cNcC8VCX5mwZIa,838.00,INR,captured,order_lWFLQZ70voM3qK,,0,card,0.00,0.00,,1,,,,HDFC,,,,,[],16.76,3.02,,,07/06/2026 00:36:48,credit,
pay_Ggu3F3hOQjqoDD,10279.50,INR,captured,order_wUc5BdhufCbSGI,,0,netbanking,0.00,0.00,,1,,,,AXIS,,,,,[],179.89,32.38,,,2026-06-07 07:49:17,,
pay_QiaRNxHoZUiYWd,22049.50,INR,captured,order_gElx2ly9dkibWI,,0,upi,0.00,0.00,,1,,,,,,,,,[],440.99,79.38,,,2026-07-06 14:02:46,,
pay_myEYslkbT8zjkX,19355.50,INR,captured,order_LCNhcHABZkDBxB,,0,upi,0.00,0.00,,1,,,,,,,,,[],387.11,69.68,,,2026-06-07 21:15:15,,
pay_gSkZX6yjPouUKB,369.00,INR,captured,order_cBNocUgByN7H5w,,0,upi,0.00,0.00,,1,,,,,,,,,[],7.38,1.33,,,2026-07-06 04:28:44,,
pay_OmOFAfCAHg9hkr,3451.50,INR,captured,order_Ak9Fy9PXu4LCxd,,0,card,0.00,0.00,,1,,,,KKBK,,,,,[],69.03,12.43,,,2026-06-07 11:41:13,credit,
pay_zd7lptK1t4uc4K,14820.50,INR,captured,order_wE04s3CLhtu8wG,,0,upi,0.00,0.00,,1,,,,,,,,,[],296.41,53.35,,,2026-06-07 18:54:42,,
pay_s0KlZwg2lNNUXF,2514.00,INR,captured,order_5gmia9SIdfRB7k,,0,upi,0.00,0.00,,1,,,,,,,,,[],50.28,9.05,,,2026-06-07 01:07:11,,
pay_TFVQLBOpisiXE3,3358.50,INR,captured,order_L9Bxp2dYo9Ovgh,,0,card,0.00,0.00,,1,,,,,,,,,[],67.17,12.09,,,46180.34768518519,credit,
pay_b5XAaFsFGhFBHs,347.00,INR,captured,order_6isnosOUmcRQG5,,0,upi,0.00,0.00,,1,,,,,,,,,[],6.94,1.25,,,07/06/2026 15:33:09,,
pay_m2jHH3KCHv5BZU,2581.00,INR,captured,order_0TlbUItE5bybng,,0,upi,0.00,0.00,,1,,,,,,,,,[],51.62,9.29,,,2026-06-07 22:46:38,,
pay_a0rpKrikQmgD7n,15606.00,INR,captured,order_RDKNpguNe125rR,,0,wallet,0.00,0.00,,1,,,,,,,,,[],312.12,56.18,,,2026-06-07 05:59:07,,
pay_vweIfTeltG6U9c,8402.00,INR,captured,order_6FyZGC5raVazfG,,0,card,0.00,0.00,,1,,,,AXIS,,,,,[],168.04,30.25,,,07/06/2026 12:12:36,credit,
pay_9e59a2Cdy55uC8,357.50,INR,captured,order_sQdHYKhnu1mkr4,,0,wallet,0.00,0.00,,1,,,,,,,,,[],7.15,1.29,,,2026-06-07 19:25:05,,
pay_59borfvuBpRexo,500.50,INR,captured,order_k8TNZU9oTYJebl,,0,card,0.00,0.00,,1,,,,HDFC,,,,,[],10.01,1.80,,,2026-06-07 02:38:34,credit,
pay_egTIpcg3d2SGK3,13810.00,INR,captured,order_jbNIs68bgfaDOs,,0,upi,0.00,0.00,,1,,,,,,,,,[],276.20,49.72,,,07/06/2026 09:51:03,,
pay_JIHMQ0OTjiwEih,18927.50,INR,captured,order_3V7wfQqbWcJqGA,,0,card,0.00,0.00,,1,,,,AXIS,,,,,[],473.19,85.17,,,2026-06-07 16:04:32,credit,
pay_222W7wamjPHbV2,4613.50,INR,captured,order_7CfZcVm0358W9d,,0,upi,0.00,0.00,,1,,,,,,,,,[],92.27,16.61,,,2026-06-08 23:17:01,,
pay_2fjkwvx2kXngOS,8850.50,INR,captured,order_U8hFfzBkgG4mZQ,,0,upi,0.00,0.00,,1,,,,,,,,,[],177.01,31.86,,,2026-06-08 06:30:30,,
pay_IsrH00PaHGElxl,1423.50,INR,captured,order_IYg4mwzcjXHyRX,,0,upi,0.00,0.00,,1,,,,,,,,,[],28.47,5.12,,,2026-06-08 13:43:59,,
pay_gXA2udPh4w9hta,4478.50,INR,refunded,order_McCo1qjyFt3LSm,,0,upi,4478.50,0.00,full,1,,,,,,,,,[],89.57,16.12,,,2026-06-08 20:56:28,,
pay_nBob6hkkq76hHt,609.50,INR,captured,order_35dHA70acSILDv,,0,netbanking,0.00,0.00,,1,,,,ICICI,,,,,[],10.67,1.92,,,2026-06-08 03:09:57,,
pay_dMWpfc2vecJr6I,20412.50,INR,captured,order_z9LvUJeRoAhTfI,,0,upi,0.00,0.00,,1,,,,,,,,,[],408.25,73.49,,,08/06/2026 10:22:26,,
pay_20TWNbo8TrghKE,819.50,INR,captured,order_n7yLPjhAEta7hW,,0,upi,0.00,0.00,,1,,,,,,,,,[],16.39,2.95,,,2026-06-08 17:35:55,,
pay_Mj0qWNGWKcDLPA,5829.50,INR,captured,order_NBUNMbEzz24NJU,,0,wallet,0.00,0.00,,1,,,,,,,,,[],116.59,20.99,,,08/06/2026 00:48:24,,
pay_56zsVJRKfcvpxp,4080.00,INR,captured,order_TN3wk5QXcYyTFw,,0,netbanking,0.00,0.00,,1,,,,AXIS,,,,,[],71.40,12.85,,,2026-06-08 07:01:53,,
pay_fB7trRBM215Oiv,2099.00,INR,captured,order_wT8lQGO5ztw7DW,,0,upi,0.00,0.00,,1,,,,,,,,,[],41.98,7.56,,,46181.593310185184,,
pay_BhQSbjwPMXJymn,362.50,INR,captured,order_aMFyG9N7onubUI,,0,upi,0.00,0.00,,1,,,,,,,,,[],7.25,1.31,,,08/06/2026 21:27:51,,
pay_gAFoo8k88hYriH,2498.50,INR,captured,order_8QwdlImC8EmSi9,,0,upi,0.00,0.00,,1,,,,,,,,,[],49.97,8.99,,,08/06/2026 04:40:20,,
pay_45b5y90cEjuqDK,14956.50,INR,captured,order_YyfbjZD6bkmAdj,,0,upi,0.00,0.00,,1,,,,,,,,,[],299.13,53.84,,,46181.49570601852,,
pay_5lmsrdlHyp5Ix9,1542.00,INR,captured,order_Q9DzV3rnh1OxRy,,0,card,0.00,0.00,,1,,,,AXIS,,,,,[],30.84,5.55,,,2026-06-08 18:06:18,credit,
pay_IXeEwFJ5hForSF,10878.50,INR,captured,order_WL9JUH9oBOxRfq,,0,upi,0.00,0.00,,1,,,,,,,,,[],217.57,39.16,,,2026-06-08 01:19:47,,
pay_TkVo4eYLsPj5y9,2830.00,INR,captured,order_i8w1sooNXfDvCj,,0,card,0.00,0.00,,1,,,,ICICI,,,,,[],56.60,10.19,,,2026-06-08 08:32:16,credit,
pay_wDI7oMmIM5KfMY,2738.00,INR,captured,order_jsLOXJetOeS8TF,,0,upi,0.00,0.00,,1,,,,,,,,,[],54.76,9.86,,,2026-06-08 15:45:45,,
pay_90EmrsdqBg7f6O,204.00,INR,captured,order_jf9f9MEHNO87ky,,0,upi,0.00,0.00,,1,,,,,,,,,[],4.08,0.73,,,2026-06-08 22:58:14,,
pay_ooyjaUwNIwc4C9,2847.00,INR,refunded,order_X49aBvjKTOBRgu,,0,card,2847.00,0.00,full,1,,,,,,,,,[],71.18,12.81,,,08/06/2026 05:11:43,credit,
pay_s2mlTP96pqiOw2,3026.50,INR,captured,order_9Oa07X9CnPyZXa,,0,upi,0.00,0.00,,1,,,,,,,,,[],60.53,10.90,,,2026-06-08 12:24:12,,
pay_VsvMLzgBbIFgqG,24979.50,INR,captured,order_S9t95cvXRsTEBn,,0,card,0.00,0.00,,1,,,,ICICI,,,,,[],299.75,53.96,,,46181.81783564815,debit,
pay_xRi7Qy8WPZf4Oa,3197.00,INR,captured,order_nRgPYjXRhjws84,,0,upi,0.00,0.00,,1,,,,,,,,,[],63.94,11.51,,,2026-06-08 02:50:10,,
pay_ZTR58kEfoI9CZN,600.50,INR,captured,order_TgDOAWYvoRP4Dz,,0,upi,0.00,0.00,,1,,,,,,,,,[],12.01,2.16,,,08/06/2026 09:03:39,,
pay_03h4dcYfWGYcHS,9526.50,INR,captured,order_ES8PVFQ1bCFCB4,,0,upi,0.00,0.00,,1,,,,,,,,,[],190.53,34.30,,,2026-06-08 16:16:08,,
pay_t68Vqwg7hFdPOj,3155.50,INR,captured,order_D77E9EDsEIO40O,,0,netbanking,0.00,0.00,,1,,,,ICICI,,,,,[],55.22,9.94,,,46181.978900462964,,
pay_Nonv71gwhRBdgp,481.50,INR,captured,order_lY5Tc5hSUD49WJ,,0,upi,0.00,0.00,,1,,,,,,,,,[],9.63,1.73,,,2026-06-08 06:42:06,,
pay_mTWAcfoNlIessM,8573.00,INR,captured,order_4vZinjXj3C3xbT,,0,card,0.00,0.00,,1,,,,AXIS,,,,,[],171.46,30.86,,,08/06/2026 13:55:35,credit,
pay_6TctNjWQ5tT1H7,4308.50,INR,captured,order_QkmniNNyGlvUNj,,0,netbanking,0.00,0.00,,1,,,,,,,,,[],75.40,13.57,,,46181.83893518519,,
pay_Dxn1Qjbo763HJN,4047.50,INR,captured,order_U980trtOmxntR0,,0,card,0.00,0.00,,1,,,,SBIN,,,,,[],48.57,8.74,,,46181.139965277776,debit,
pay_MIDvusE2s0VxQW,763.00,INR,captured,order_RzI3WcJZT1nVJ2,,0,upi,0.00,0.00,,1,,,,,,,,,[],15.26,2.75,,,2026-06-08 10:34:02,,
pay_sBSa1BEJtaXafU,1783.00,INR,captured,order_BDI8pGUCfKoLpI,,0,upi,0.00,0.00,,1,,,,,,,,,[],35.66,6.42,,,08/06/2026 17:47:31,,
pay_kOVdIgQCfWOrCa,24409.50,INR,captured,order_hLRR79pIA7RZlH,,0,upi,0.00,0.00,,1,,,,,,,,,[],488.19,87.87,,,2026-06-08 00:00:00,,
pay_PmgAaKLfbGgGx1,419.50,INR,captured,order_mj8aYTGM2sCqmd,,0,upi,0.00,0.00,,1,,,,,,,,,[],8.39,1.51,,,2026-06-08 07:13:29,,
pay_isAaZMcW196510,287.50,INR,captured,order_R0eOx3oA53GyoR,,0,netbanking,0.00,0.00,,1,,,,AXIS,,,,,[],5.03,0.91,,,08/06/2026 14:26:58,,
pay_MEOMg11hBWT5zC,9430.50,INR,captured,order_jJn1aLDPS3Kllu,,0,upi,0.00,0.00,,1,,,,,,,,,[],188.61,33.95,,,46181.902395833335,,
pay_r6MVye85WlwyZn,21118.50,INR,captured,order_DFY0QKf4xcA0DL,,0,wallet,0.00,0.00,,1,,,,,,,,,[],422.37,76.03,,,08/06/2026 04:52:56,,
pay_tNbS4aTstUOWlx,1489.00,INR,captured,order_zSnGWxx1dJGdCV,,0,upi,0.00,0.00,,1,,,,,,,,,[],29.78,5.36,,,2026-06-08 11:05:25,,
pay_SFZXcT4KUAgE2J,255.00,INR,captured,order_zzNOq9QFVhCyMn,,0,netbanking,0.00,0.00,,1,,,,SBIN,,,,,[],4.46,0.80,,,2026-06-08 18:18:54,,
pay_PbdT6bvfhbJnRp,2622.50,INR,captured,order_LULCbL1ubaJhZM,,0,upi,0.00,0.00,,1,,,,,,,,,[],52.45,9.44,,,46181.06346064815,,
pay_PpvIxBXk1NCF2m,238.50,INR,captured,order_jz8OY2lZvO07MQ,,0,card,0.00,0.00,,1,,,,ICICI,,,,,[],2.86,0.51,,,2026-06-08 08:44:52,debit,
pay_nv00RbKvDbkHqG,16109.00,INR,captured,order_oTjoMYX0V6n4cW,,0,upi,0.00,0.00,,1,,,,,,,,,[],322.18,57.99,,,2026-06-08 15:57:21,,
pay_nq268ElGaqFUTN,2448.00,INR,captured,order_Ky8aE2zZRaFTTh,,0,card,0.00,0.00,,1,,,,SBIN,,,,,[],61.20,11.02,,,2026-08-06 22:10:50,credit,
pay_6J5SHq1pPTEEHI,3460.50,INR,captured,order_ms85ajEeKeiL75,,0,card,0.00,0.00,,1,,,,SBIN,,,,,[],69.21,12.46,,,08/06/2026 05:23:19,credit,
pay_y9rXgikfkATVUY,9852.50,INR,captured,order_6HK1luCKaBFDOE,,0,netbanking,0.00,0.00,,1,,,,SBIN,,,,,[],172.42,31.04,,,2026-06-08 12:36:48,,
pay_arkf11ug6BmBNq,6265.50,INR,captured,order_3nHNYnRFx2aNNa,,0,card,0.00,0.00,,1,,,,AXIS,,,,,[],125.31,22.56,,,46181.825891203705,credit,
pay_v70Z3qbXq5wkRJ,341.50,INR,captured,order_HB0MhLVKGD8gwZ,,0,upi,0.00,0.00,,1,,,,,,,,,[],6.83,1.23,,,2026-06-08 02:02:46,,
pay_2VFx0UshEMnDRf,19942.00,INR,captured,order_SbBIJ4NRCWbT6O,,0,upi,0.00,0.00,,1,,,,,,,,,[],398.84,71.79,,,2026-06-08 09:15:15,,
pay_LvP0Ux8UHUPxgZ,3760.50,INR,captured,order_EJBmFjMh9MBv6o,,0,card,0.00,0.00,,1,,,,ICICI,,,,,[],94.01,16.92,,,2026-06-09 16:28:44,credit,
pay_RA5kB4N5rnolzG,4845.50,INR,captured,order_KTmDBqjqkYvs7t,,0,wallet,0.00,0.00,,1,,,,,,,,,[],96.91,17.44,,,46182.98695601852,,
pay_5zWjetqBBXNAtQ,19637.50,INR,captured,order_nVwy0HAd3E2L5S,,0,wallet,0.00,0.00,,1,,,,,,,,,[],392.75,70.70,,,46182.287986111114,,
pay_Y2FBLvgjWoiJSw,17440.00,INR,captured,order_6Ruc72siurTzug,,0,upi,0.00,0.00,,1,,,,,,,,,[],348.80,62.78,,,2026-06-09 13:07:11,,
pay_kOwMbx3fAymKHY,385.00,INR,captured,order_e56gCdaDvpKVPB,,0,upi,0.00,0.00,,1,,,,,,,,,[],7.70,1.39,,,2026-06-09 20:20:40,,
pay_qfuC5bCOFUJVl4,671.00,INR,captured,order_O2RnuMhlG43NI5,,0,upi,0.00,0.00,,1,,,,,,,,,[],13.42,2.42,,,09/06/2026 03:33:09,,
pay_uOuAwDKoTSFfYV,8173.00,INR,refunded,order_8oUtjOFubhMvuJ,,0,card,8173.00,0.00,full,1,,,,,,,,,[],163.46,29.42,,,09/06/2026 10:46:38,credit,
pay_KC1PHMGMxPBSa7,610.50,INR,captured,order_FmKCefsUCc4h9f,,0,upi,0.00,0.00,,1,,,,,,,,,[],12.21,2.20,,,2026-06-09 17:59:07,,
pay_elfjCkDYoEijat,23688.00,INR,captured,order_zmrdkg6coTK29m,,0,card,0.00,0.00,,1,,,,AXIS,,,,,[],473.76,85.28,,,09/06/2026 00:12:36,credit,
pay_ScPHo4SezFaanZ,647.00,INR,captured,order_SH0nIplpbs61FC,,0,upi,0.00,0.00,,1,,,,,,,,,[],12.94,2.33,,,2026-06-09 07:25:05,,
pay_6McSqWRlbGfX5m,770.50,INR,captured,order_2MCztkTITCPpjo,,0,card,0.00,0.00,,1,,,,SBIN,,,,,[],9.25,1.67,,,2026-06-09 14:38:34,debit,
pay_yHCBtnmwNlmioY,8168.00,INR,captured,order_tvqEYgRefaAttv,,0,card,0.00,0.00,,1,,,,SBIN,,,,,[],163.36,29.40,,,09/06/2026 21:51:03,credit,
pay_6VinLJaJfE6V5f,2690.00,INR,captured,order_neCVZcp5YpjM8I,,0,netbanking,0.00,0.00,,1,,,,SBIN,,,,,[],47.08,8.47,,,09/06/2026 04:04:32,,
pay_Ty2MNAGXqB1iAI,17448.50,INR,captured,order_C2qayOyXp49dHZ,,0,card,0.00,0.00,,1,,,,HDFC,,,,,[],348.97,62.81,,,2026-06-09 11:17:01,credit,
pay_tfVIiZCX6uWDrN,16261.50,INR,captured,order_ZW3teQP5bOCUAQ,,1,card,0.00,0.00,,1,,,,ICICI,,,,,[],569.15,102.45,,,2026-09-06 18:30:30,credit,
pay_Ev1SaD6THUBYBo,17618.00,INR,captured,order_Mq0qEMkwClhRe4,,0,card,0.00,0.00,,1,,,,AXIS,,,,,[],352.36,63.42,,,2026-06-09 01:43:59,credit,
pay_PhFLoiKSerEzab,853.50,INR,captured,order_BSmirpFi8BgWgO,,0,card,0.00,0.00,,1,,,,HDFC,,,,,[],10.24,1.84,,,46182.3725462963,debit,
pay_3jtPYiRDrcBccB,809.50,INR,captured,order_kOeUBST5TgyFaR,,0,card,0.00,0.00,,1,,,,AXIS,,,,,[],16.19,2.91,,,2026-06-09 15:09:57,credit,
pay_bQvv7GmzoWl1Bj,23802.50,INR,captured,order_y0DnFXBnM5jHZe,,0,card,0.00,0.00,,1,,,,SBIN,,,,,[],476.05,85.69,,,09/06/2026 22:22:26,credit,
pay_0jwUqPfNqobi4h,3218.50,INR,captured,order_6j0ZABZ2yHQZ8J,,0,upi,0.00,0.00,,1,,,,,,,,,[],64.37,11.59,,,2026-06-09 05:35:55,,
pay_ngy5BnRA5KUJlc,213.00,INR,captured,order_tOtgtdq75mJH3Y,,0,card,0.00,0.00,,1,,,,HDFC,,,,,[],2.56,0.46,,,2026-06-09 12:48:24,debit,
pay_KTJly6iPLJCCa1,589.00,INR,captured,order_ENqPb2irrotXup,,0,upi,0.00,0.00,,1,,,,,,,,,[],11.78,2.12,,,09/06/2026 19:01:53,,
pay_LHjqGl996HHzl7,13803.00,INR,captured,order_V58oZWzk7iC592,,0,wallet,0.00,0.00,,1,,,,,,,,,[],276.06,49.69,,,09/06/2026 02:14:22,,
pay_6iA0veaEuzlMS0,464.00,INR,captured,order_NmlqRcGhUuXamN,,0,card,0.00,0.00,,1,,,,,,,,,[],11.60,2.09,,,2026-09-06 09:27:51,credit,
pay_q0Cou52LjZR1xH,5918.00,INR,captured,order_Tfkwo1EIpvH1ly,,0,card,0.00,0.00,,1,,,,KKBK,,,,,[],118.36,21.30,,,2026-06-09 16:40:20,credit,
pay_F6ccfcidQxU3ok,15339.00,INR,captured,order_7IeHqwDdScQaj7,,0,netbanking,0.00,0.00,,1,,,,ICICI,,,,,[],268.43,48.32,,,2026-06-09 23:53:49,,
pay_E5NJl4WKjVH8wE,4237.00,INR,captured,order_vEOTX27Wt1RAHL,,0,upi,0.00,0.00,,1,,,,,,,,,[],84.74,15.25,,,46182.254375,,
pay_LN9ZBpeARDyjGA,3552.00,INR,captured,order_iXhqxYZW5lxpdw,,0,card,0.00,0.00,,1,,,,,,,,,[],71.04,12.79,,,09/06/2026 13:19:47,credit,
pay_fxXvRH4msoxrhk,4434.00,INR,refunded,order_gWsYqoUPrQDRGh,,0,upi,4434.00,0.00,full,1,,,,,,,,,[],88.68,15.96,,,2026-06-09 20:32:16,,
pay_Syqz5s58GcYjxj,382.50,INR,captured,order_gFm8rwf1CGG4PM,,0,upi,0.00,0.00,,1,,,,,,,,,[],7.65,1.38,,,09/06/2026 03:45:45,,
pay_4xp7kc9kd3t2Wu,17138.50,INR,captured,order_vFLslKrIwEQ187,,0,upi,0.00,0.00,,1,,,,,,,,,[],342.77,61.70,,,2026-06-09 10:58:14,,
pay_E5IHWiRFW2Py3k,1305.50,INR,captured,order_NSKmPgzVDkk21I,,0,card,0.00,0.00,,1,,,,HDFC,,,,,[],26.11,4.70,,,2026-06-09 17:11:43,credit,
pay_0pDghTBaD973sY,3678.50,INR,captured,order_cAa2ZLxEifkjyw,,0,upi,0.00,0.00,,1,,,,,,,,,[],73.57,13.24,,,46182.016805555555,,
pay_1xZdoEM72jCKDP,4735.50,INR,captured,order_gHtnijHrOTg13Q,,0,upi,0.00,0.00,,1,,,,,,,,,[],94.71,17.05,,,2026-06-09 07:37:41,,
pay_dIthAnuWL1bv8N,9241.00,INR,captured,order_mmXTwcZvQtHhym,,0,netbanking,0.00,0.00,,1,,,,SBIN,,,,,[],161.72,29.11,,,46183.61817129629,,
pay_IyoxDu7QRGe1le,7931.00,INR,captured,order_4Czagjzo2spI91,,0,card,0.00,0.00,,1,,,,ICICI,,,,,[],95.17,17.13,,,11/06/2026 21:03:39,debit,
pay_7hCnUBC7TVM0RS,2931.00,INR,captured,order_o7okuBAVPu8c1Y,,0,netbanking,0.00,0.00,,1,,,,AXIS,,,,,[],51.29,9.23,,,11/06/2026 04:16:08,,
pay_ShddhZIKkCZTHI,3776.50,INR,captured,order_HjI5K7TVGgjMSJ,,0,card,0.00,0.00,,1,,,,HDFC,,,,,[],75.53,13.60,,,46184.478900462964,credit,
pay_DPaACwjR55nbAt,3892.50,INR,refunded,order_otwOnoQx1pYAMR,,0,wallet,973.13,0.00,full,1,,,,,,,,,[],77.85,14.01,,,2026-06-11 18:42:06,,
pay_ULdK2TENrlDQIS,2515.50,INR,captured,order_exILRjRDUyrhho,,0,upi,0.00,0.00,,1,,,,,,,,,[],50.31,9.06,,,2026-06-11 01:55:35,,
pay_ZQW2XS1V4gUEnj,272.50,INR,captured,order_VNCi7JpRofIGtS,,0,upi,0.00,0.00,,1,,,,,,,,,[],5.45,0.98,,,46184.33893518519,,
pay_uLwymOK4RPuTbi,11036.50,INR,captured,order_ucLYicgCIhvB9d,,0,wallet,0.00,0.00,,1,,,,,,,,,[],220.73,39.73,,,46184.639965277776,,
pay_67aWRY48X7f25O,710.50,INR,captured,order_z8IVf3MFItoyOU,,0,card,0.00,0.00,,1,,,,AXIS,,,,,[],14.21,2.56,,,46184.940300925926,credit,
pay_IJ9EygmQh7Ill7,12799.00,INR,captured,order_dp1sp0DWIcE0Vh,,0,netbanking,0.00,0.00,,1,,,,ICICI,,,,,[],223.98,40.32,,,46184.24133101852,,
pay_bxbvwCfQCmxOKT,21090.50,INR,captured,order_eT6jCaTPa4w90X,,0,card,0.00,0.00,,1,,,,HDFC,,,,,[],253.09,45.56,,,2026-06-11 12:00:00,debit,
pay_p5ySXQWyajB98R,970.50,INR,captured,order_yU9tGzna3Ya0DT,,0,netbanking,0.00,0.00,,1,,,,AXIS,,,,,[],16.98,3.06,,,11/06/2026 19:13:29,,
pay_LvEBQWOV67ennn,510.50,INR,captured,order_YLPuHfybzNfyvL,,0,upi,0.00,0.00,,1,,,,,,,,,[],10.21,1.84,,,2026-06-11 02:26:58,,
pay_b97IsjJvGcFgSZ,6717.00,INR,captured,order_UANMLpz1ZnY7eR,,0,upi,0.00,0.00,,1,,,,,,,,,[],134.34,24.18,,,11/06/2026 09:39:27,,
pay_pI4PmBOiz0xuzF,3057.50,INR,captured,order_OFd9EvjfSc78EQ,,0,upi,0.00,0.00,,1,,,,,,,,,[],61.15,11.01,,,2026-06-11 16:52:56,,
pay_StuXxd0IVRx8iW,411.50,INR,captured,order_4XfUUM2Qg5eHoN,,0,upi,0.00,0.00,,1,,,,,,,,,[],8.23,1.48,,,2026-06-11 23:05:25,,
pay_GigXn7SP3ED5Ts,3515.00,INR,captured,order_7CWdKl3DWYgunH,,0,upi,0.00,0.00,,1,,,,,,,,,[],70.30,12.65,,,2026-06-11 06:18:54,,
pay_7bVybTTjo2DrOW,528.50,INR,captured,order_AjDcotkvmgouN6,,0,upi,0.00,0.00,,1,,,,,,,,,[],10.57,1.90,,,2026-06-11 13:31:23,,
pay_A0hhHQSHzocBlb,22240.50,INR,captured,order_HFcxcOtPwaaV9I,,0,card,0.00,0.00,,1,,,,,,,,,[],444.81,80.07,,,2026-06-11 20:44:52,credit,
pay_8ySBjnTDZZzTul,22244.50,INR,captured,order_lOZ6ne3qw3tXGB,,0,netbanking,0.00,0.00,,1,,,,KKBK,,,,,[],389.28,70.07,,,2026-06-11 03:57:21,,
pay_riOwGnZmM0BvIz,647.00,INR,captured,order_1lFnHcrr1ZW5sG,,0,upi,0.00,0.00,,1,,,,,,,,,[],12.94,2.33,,,46184.42418981482,,
pay_V4Yrp4gZfBq91X,2263.00,INR,captured,order_4AL518gZEBPE3U,,0,upi,0.00,0.00,,1,,,,,,,,,[],45.26,8.15,,,11/06/2026 17:23:19,,
pay_HAsuPSP3fUPiix,4464.00,INR,captured,order_cVTaeVfjME1JBZ,,0,upi,0.00,0.00,,1,,,,,,,,,[],89.28,16.07,,,2026-06-11 00:36:48,,
pay_LYUhGbvxbAe8Xf,21088.50,INR,captured,order_HAeSpih9er1P28,,0,upi,0.00,0.00,,1,,,,,,,,,[],421.77,75.92,,,11/06/2026 07:49:17,,
pay_sSwptCQjWRUHcK,20270.00,INR,captured,order_OR5W3y3urTDx1t,,0,card,0.00,0.00,,1,,,,KKBK,,,,,[],506.75,91.22,,,2026-06-11 14:02:46,credit,
pay_bZyqpnPnxptxm1,996.50,INR,captured,order_QWqoOl97BYu2dX,,0,card,0.00,0.00,,1,,,,AXIS,,,,,[],19.93,3.59,,,11/06/2026 21:15:15,credit,
pay_0ZBSJbUlcyCJi3,485.50,INR,captured,order_xmpA5aYNrUHoXv,,0,upi,0.00,0.00,,1,,,,,,,,,[],9.71,1.75,,,2026-06-11 04:28:44,,
pay_t4IlhmXUX5858A,2464.50,INR,captured,order_zsuHoB4z5kz5RI,,0,card,0.00,0.00,,1,,,,HDFC,,,,,[],29.57,5.32,,,2026-06-11 11:41:13,debit,
pay_wezSqVz0Wl8ky1,12949.50,INR,captured,order_joNIXH1DKnpkQM,,0,upi,0.00,0.00,,1,,,,,,,,,[],258.99,46.62,,,2026-06-11 18:54:42,,
pay_4YksUzip4AqSp1,7657.00,INR,captured,order_DUhsASrg6ryFKC,,0,upi,0.00,0.00,,1,,,,,,,,,[],153.14,27.57,,,11/06/2026 01:07:11,,
pay_ZVyc5uJmFGTvfD,7240.50,INR,captured,order_w8zbEuNetbR31z,,0,upi,0.00,0.00,,1,,,,,,,,,[],144.81,26.07,,,2026-06-11 08:20:40,,
pay_kjvdeWgZMpRPpZ,504.00,INR,captured,order_m4dsqW3Bf4ZcXc,,0,card,0.00,0.00,,1,,,,ICICI,,,,,[],12.60,2.27,,,2026-06-11 15:33:09,credit,
pay_TW2ma1k1JExVLY,10473.00,INR,captured,order_WTnJhF7xNXSVWr,,0,card,0.00,0.00,,1,,,,HDFC,,,,,[],125.68,22.62,,,2026-06-11 22:46:38,debit,
pay_v3Lyw0RTPkZTkG,2886.50,INR,captured,order_AmFaqLbeNgV54L,,0,upi,0.00,0.00,,1,,,,,,,,,[],57.73,10.39,,,2026-06-11 05:59:07,,
pay_SRcFP5O2JPQUy6,6515.00,INR,captured,order_dMSSQfaPHPlajD,,0,upi,0.00,0.00,,1,,,,,,,,,[],130.30,23.45,,,2026-06-11 12:12:36,,
pay_BoMpE8Xh8B4CGu,692.00,INR,captured,order_gxZFKDjvMFraGf,,0,upi,0.00,0.00,,1,,,,,,,,,[],13.84,2.49,,,11/06/2026 19:25:05,,
pay_FwfxxRkelLnRN5,4290.00,INR,captured,order_2NQdQZfPK21fFf,,0,card,0.00,0.00,,1,,,,AXIS,,,,,[],85.80,15.44,,,46184.11011574074,credit,
pay_iUmKNOUYa5VXYM,12715.00,INR,captured,order_OTlAMKmwJBaYHE,,0,upi,0.00,0.00,,1,,,,,,,,,[],254.30,45.77,,,46184.41045138889,,
pay_IoiNsNh1bcH2CA,362.00,INR,captured,order_EGqLCsBqZH1b0z,,0,upi,0.00,0.00,,1,,,,,,,,,[],7.24,1.30,,,46184.66981481481,,
pay_vkdfIJQMLRevc9,1082.50,INR,refunded,order_PR3Sk1e2a0OYDZ,,0,wallet,1082.50,0.00,full,1,,,,,,,,,[],21.65,3.90,,,2026-06-11 23:17:01,,
pay_w9hYsiM8lLX0Wl,4637.50,INR,captured,order_k7VomPGXb80ZAQ,,0,upi,0.00,0.00,,1,,,,,,,,,[],92.75,16.70,,,2026-06-11 06:30:30,,
pay_IIPNqzf15pGiJx,422.50,INR,captured,order_91vj3dTt17aT9A,,0,card,0.00,0.00,,1,,,,HDFC,,,,,[],8.45,1.52,,,2026-06-11 13:43:59,credit,
pay_5T8nc6YsKbqvJU,2158.00,INR,captured,order_51prtpjJJpzIri,,0,card,0.00,0.00,,1,,,,AXIS,,,,,[],43.16,7.77,,,2026-06-12 20:56:28,credit,
pay_BIWTKDObMpCugU,14358.00,INR,captured,order_0L3ql3EDOTwOHd,,0,card,0.00,0.00,,1,,,,KKBK,,,,,[],172.30,31.01,,,2026-12-06 03:09:57,debit,
pay_I4Xdvmbsk0xdzv,2879.50,INR,captured,order_sWrRuOmkyDBFyg,,0,card,0.00,0.00,,1,,,,,,,,,[],57.59,10.37,,,46185.43224537037,credit,
pay_K5eSGQCaAPkFYK,1094.50,INR,refunded,order_S92RKw1InxcPaC,,0,card,273.63,0.00,full,1,,,,KKBK,,,,,[],21.89,3.94,,,2026-06-12 17:35:55,credit,
pay_cFrKLY8Li0dP7l,614.50,INR,captured,order_ZQyDLxy5LJED3s,,0,wallet,0.00,0.00,,1,,,,,,,,,[],12.29,2.21,,,2026-06-12 00:48:24,,
pay_WeGBGptYJhzBQd,2096.00,INR,captured,order_5KmF6OMK7pTXOC,,0,upi,0.00,0.00,,1,,,,,,,,,[],41.92,7.55,,,2026-06-12 07:01:53,,
pay_zGWD8Jweh4DErs,6171.50,INR,captured,order_72F7zsH72tzyfv,,0,upi,0.00,0.00,,1,,,,,,,,,[],123.43,22.22,,,2026-06-12 14:14:22,,
pay_n900q8vUPeF3JR,745.50,INR,captured,order_JizSHEM1H61IgV,,0,upi,0.00,0.00,,1,,,,,,,,,[],14.91,2.68,,,46185.89434027778,,
pay_gq7ZHu64t1kaqh,17775.00,INR,captured,order_fWghlwqOrIfmiP,,0,upi,0.00,0.00,,1,,,,,,,,,[],355.50,63.99,,,46185.19467592592,,
pay_2qAEGkQ6jmJ47M,3070.50,INR,captured,order_VoX5qt1XitJYHa,,0,card,0.00,0.00,,1,,,,,,,,,[],61.41,11.05,,,12/06/2026 11:53:49,credit,
pay_wxA2b5fWkM6yjm,967.00,INR,captured,order_HDsoKi2CBXYquE,,0,card,0.00,0.00,,1,,,,KKBK,,,,,[],19.34,3.48,,,12/06/2026 18:06:18,credit,
pay_NkBh748IBycxRU,2486.50,INR,captured,order_CWR5vSGqR9k9r9,,0,card,0.00,0.00,,1,,,,HDFC,,,,,[],29.84,5.37,,,2026-06-12 01:19:47,debit,
pay_HcdM63bJBatHAV,4671.00,INR,captured,order_2vpD0Aoph6TM1d,,0,upi,0.00,0.00,,1,,,,,,,,,[],93.42,16.82,,,2026-06-12 08:32:16,,
pay_C3sCUJFPBfZUfb,337.50,INR,captured,order_bHCmfLGT34YNpK,,0,card,0.00,0.00,,1,,,,ICICI,,,,,[],6.75,1.22,,,46185.65677083333,credit,
pay_JLWlz24awmZ4qv,6270.00,INR,captured,order_KxGFwwkZxrNcMZ,,0,upi,0.00,0.00,,1,,,,,,,,,[],125.40,22.57,,,2026-06-12 22:58:14,,
pay_Ud3ScPHVmREWDi,300.50,INR,captured,order_YCMoTJIksn0cfj,,0,netbanking,0.00,0.00,,1,,,,KKBK,,,,,[],5.26,0.95,,,12/06/2026 05:11:43,,
pay_yL5W5x5b0Dy3GU,979.00,INR,captured,order_ROERXnFiefOXAA,,0,netbanking,0.00,0.00,,1,,,,,,,,,[],17.13,3.08,,,12/06/2026 12:24:12,,
pay_vtDNqZKdAccaMn,1579.50,INR,captured,order_Is8yZFo8LKSnsN,,0,netbanking,0.00,0.00,,1,,,,AXIS,,,,,[],27.64,4.98,,,2026-12-06 19:37:41,,
pay_iVzlU26upMRp8d,15725.00,INR,captured,order_nZgN7qE8Ses6Ve,,0,upi,0.00,0.00,,1,,,,,,,,,[],314.50,56.61,,,2026-06-12 02:50:10,,
pay_B1L27bdN9Jc2N2,18531.50,INR,refunded,order_hHS5Jv9v1G35c4,,0,wallet,18531.50,0.00,full,1,,,,,,,,,[],370.63,66.71,,,2026-06-12 09:03:39,,
pay_TmraSNu1sBPilc,567.50,INR,captured,order_MlyEnPs9MePc8D,,0,card,0.00,0.00,,1,,,,HDFC,,,,,[],11.35,2.04,,,2026-06-12 16:16:08,credit,
pay_C51pBhNR7r6VCh,15822.00,INR,captured,order_9148onIB6Opv0B,,0,card,0.00,0.00,,1,,,,,,,,,[],189.86,34.17,,,12/06/2026 23:29:37,debit,
pay_38GpOffHM9oegZ,16475.50,INR,captured,order_Z0pEh37oJydg2w,,0,upi,0.00,0.00,,1,,,,,,,,,[],329.51,59.31,,,46185.27923611111,,
pay_ujJ6k99yRTDun7,7029.50,INR,captured,order_3v0S3JkwHSMiEl,,0,upi,0.00,0.00,,1,,,,,,,,,[],140.59,25.31,,,46185.5802662037,,
pay_JD9vf9QjXXLAiN,400.00,INR,captured,order_Gv2IAWR7yY4TbL,,0,upi,0.00,0.00,,1,,,,,,,,,[],8.00,1.44,,,2026-06-12 20:08:04,,
pay_41CqNLYNC1XVxT,448.00,INR,captured,order_R48Rzyws3yh8eV,,0,netbanking,0.00,0.00,,1,,,,HDFC,,,,,[],7.84,1.41,,,46185.139965277776,,
pay_j5ZUFfYDc6xW8k,4059.50,INR,captured,order_GpNQb9WdymcpRP,,0,upi,0.00,0.00,,1,,,,,,,,,[],81.19,14.61,,,12/06/2026 10:34:02,,
pay_UE9AI1dsGLrSjb,15987.00,INR,captured,order_0FB2gbGeemZVLM,,0,card,0.00,0.00,,1,,,,AXIS,,,,,[],319.74,57.55,,,2026-06-12 17:47:31,credit,
pay_YjdfAAgivBIWX8,9241.50,INR,captured,order_jYdREWRB3TNtxA,,0,upi,0.00,0.00,,1,,,,,,,,,[],184.83,33.27,,,2026-06-12 00:00:00,,
pay_iW3QslarBMOkUg,4756.00,INR,captured,order_CwqPbYttGETnB8,,0,upi,0.00,0.00,,1,,,,,,,,,[],95.12,17.12,,,12/06/2026 07:13:29,,
pay_7FvGHi03O8SWpD,4811.50,INR,captured,order_a29bkk9NUeBr88,,0,upi,0.00,0.00,,1,,,,,,,,,[],96.23,17.32,,,2026-12-06 14:26:58,,
pay_8WO8DaMnXBSEZc,3056.00,INR,captured,order_9wXzoyDVkuXHu9,,0,card,0.00,0.00,,1,,,,ICICI,,,,,[],61.12,11.00,,,12/06/2026 21:39:27,credit,
pay_nHqlAdpQTuZuW3,523.50,INR,captured,order_u2WHMYMbSKgAmr,,0,upi,0.00,0.00,,1,,,,,,,,,[],10.47,1.88,,,46185.20342592592,,
pay_lmY8vWxfJu1HS0,1438.50,INR,captured,order_5u5RnqVvKAFPrG,,0,upi,0.00,0.00,,1,,,,,,,,,[],28.77,5.18,,,2026-06-12 11:05:25,,
pay_Y9hZ9F8NxItdXl,952.50,INR,captured,order_yg36VMVjO8NL5Z,,0,card,0.00,0.00,,1,,,,SBIN,,,,,[],19.05,3.43,,,2026-06-13 18:18:54,credit,
pay_PyLtqKhuG78dlC,19874.00,INR,captured,order_4WBdgsJuGCVs8o,,0,card,0.00,0.00,,1,,,,AXIS,,,,,[],397.48,71.55,,,2026-06-13 01:31:23,credit,
pay_uEBsEWYygwsyim,835.00,INR,captured,order_4wqqiZEBDVXorY,,0,netbanking,0.00,0.00,,1,,,,HDFC,,,,,[],14.61,2.63,,,2026-13-06 08:44:52,,
pay_9CU86yECQTfqWZ,6595.00,INR,captured,order_7HPyyo94HRbgMp,,0,wallet,0.00,0.00,,1,,,,,,,,,[],131.90,23.74,,,2026-06-13 15:57:21,,
pay_LTkyvxDu0TaBsn,4625.00,INR,captured,order_v7fW91GjVvRgdF,,0,card,0.00,0.00,,1,,,,AXIS,,,,,[],92.50,16.65,,,2026-06-13 22:10:50,credit,
pay_dLTslULDUG2zqo,7892.50,INR,captured,order_TcHYoWbNGh3x6M,,0,upi,0.00,0.00,,1,,,,,,,,,[],157.85,28.41,,,13/06/2026 05:23:19,,
pay_M9XRBazor4nG6e,17518.50,INR,captured,order_iSPFFZrE5BpS9L,,0,card,0.00,0.00,,1,,,,HDFC,,,,,[],210.22,37.84,,,13/06/2026 12:36:48,debit,
pay_mBM7bZsUAgPgTU,1459.50,INR,captured,order_n8bo4jD67N4d2f,,0,upi,0.00,0.00,,1,,,,,,,,,[],29.19,5.25,,,13/06/2026 19:49:17,,
pay_Cw6AdJB23bIWtl,2246.00,INR,captured,order_ABBer7AcYWaWvY,,0,upi,0.00,0.00,,1,,,,,,,,,[],44.92,8.09,,,2026-06-13 02:02:46,,
pay_dyTxGpBjaAyO7s,882.50,INR,refunded,order_QexvS0T2jDDWg2,,0,card,882.50,0.00,full,1,,,,KKBK,,,,,[],17.65,3.18,,,13/06/2026 09:15:15,credit,
pay_ebmBUxsSi5pAT8,10999.00,INR,captured,order_EHkKjkQvWge0ZE,,0,upi,0.00,0.00,,1,,,,,,,,,[],219.98,39.60,,,2026-06-13 16:28:44,,
pay_vh3Ao7V16WsXoF,1013.50,INR,captured,order_wDDxqD63Aq3CM9,,0,upi,0.00,0.00,,1,,,,,,,,,[],20.27,3.65,,,46186.98695601852,,
pay_v8A51NXi4yQOr9,569.00,INR,captured,order_aPOPWv1VZaW12f,,0,upi,0.00,0.00,,1,,,,,,,,,[],11.38,2.05,,,13/06/2026 06:54:42,,
pay_9Zj6rnPkPYV2sr,312.00,INR,captured,order_iWpL7RqTKqZTrc,,0,upi,0.00,0.00,,1,,,,,,,,,[],6.24,1.12,,,2026-06-13 13:07:11,,
pay_H1oxDOFg076NCw,16938.00,INR,captured,order_3RrdrUuVD8WlVh,,0,upi,0.00,0.00,,1,,,,,,,,,[],338.76,60.98,,,2026-13-06 20:20:40,,
pay_GBe3bO7f0LVgYl,2860.50,INR,captured,order_zZXyd2Y42p6XpI,,0,upi,0.00,0.00,,1,,,,,,,,,[],57.21,10.30,,,13/06/2026 03:33:09,,
pay_x2HD2jBqYygMQA,622.00,INR,captured,order_DpRBZjfQ2FpBPg,,0,upi,0.00,0.00,,1,,,,,,,,,[],12.44,2.24,,,2026-06-13 10:46:38,,
pay_TNE5irjgQUP71S,2666.50,INR,captured,order_oa5DcvTwhXxjx4,,0,upi,0.00,0.00,,1,,,,,,,,,[],53.33,9.60,,,46186.749386574076,,
pay_sfGAJEJy14n00l,620.50,INR,captured,order_Xbjeshic47wgWs,,0,netbanking,0.00,0.00,,1,,,,,,,,,[],10.86,1.95,,,13/06/2026 00:12:36,,
pay_CaV3lqk95H64OI,620.50,INR,captured,order_qb3OpYwWrgAa7A,,0,card,0.00,0.00,,1,,,,,,,,,[],12.41,2.23,,,2026-13-06 07:25:05,credit,
pay_YPHPremBDeKcfv,2233.50,INR,captured,order_QVOoc43IR9r7gr,,0,upi,0.00,0.00,,1,,,,,,,,,[],44.67,8.04,,,46186.61011574074,,
pay_0kGCYUdZOj4Arm,959.50,INR,captured,order_NA30kdLiGo8H4K,,0,upi,0.00,0.00,,1,,,,,,,,,[],19.19,3.45,,,46186.91045138889,,
pay_72aGc6FZJVnz5Y,438.00,INR,refunded,order_qhu6mFXNfynCTf,,0,upi,438.00,0.00,full,1,,,,,,,,,[],8.76,1.58,,,2026-06-13 04:04:32,,
pay_ZpjVtpi13gWKYM,3231.00,INR,captured,order_DMXp4FVRi7ygD6,,0,card,0.00,0.00,,1,,,,ICICI,,,,,[],38.77,6.98,,,46186.47015046296,debit,
pay_6RovMMjjLngw45,455.50,INR,captured,order_FisN1aqBtJqhDH,,0,upi,0.00,0.00,,1,,,,,,,,,[],9.11,1.64,,,2026-06-13 18:30:30,,
pay_MxJwaQSkwnwczI,845.50,INR,captured,order_VHi6fLS34viu1W,,0,upi,0.00,0.00,,1,,,,,,,,,[],16.91,3.04,,,2026-06-13 01:43:59,,
pay_OxVDdq5iXelQ0e,20626.50,INR,captured,order_1KeGGMZszm1AiT,,0,upi,0.00,0.00,,1,,,,,,,,,[],412.53,74.26,,,2026-06-13 08:56:28,,
pay_wvjQRlpEJkp51s,4054.50,INR,captured,order_C0QyFYvnEOBqPo,,0,card,0.00,0.00,,1,,,,SBIN,,,,,[],81.09,14.60,,,2026-06-13 15:09:57,credit,
pay_qK5EapY9BQretS,3560.00,INR,captured,order_fiOdQmPfxOBBVy,,0,upi,0.00,0.00,,1,,,,,,,,,[],71.20,12.82,,,2026-06-13 22:22:26,,
pay_hgWpQ6Ly7ShgDZ,22848.50,INR,captured,order_5ePeU4u4nxbomn,,0,netbanking,0.00,0.00,,1,,,,ICICI,,,,,[],399.85,71.97,,,2026-06-13 05:35:55,,
pay_xwshApBIF4PfnB,3537.50,INR,captured,order_Y24Q06O7Gkw4iP,,0,card,0.00,0.00,,1,,,,SBIN,,,,,[],70.75,12.74,,,2026-06-13 12:48:24,credit,
pay_Tn1biWQyc8cPm7,20750.50,INR,captured,order_l46Yk6LMjPglBU,,0,upi,0.00,0.00,,1,,,,,,,,,[],415.01,74.70,,,2026-06-13 19:01:53,,
pay_S4z38j8Cr8ywj2,522.50,INR,captured,order_nDw7O4KQ4Jheqv,,0,upi,0.00,0.00,,1,,,,,,,,,[],10.45,1.88,,,2026-13-06 02:14:22,,
pay_2uu9KpPY49dnKR,11604.50,INR,captured,order_1Ud9Iu9lidpsDb,,0,upi,0.00,0.00,,1,,,,,,,,,[],232.09,41.78,,,13/06/2026 09:27:51,,
pay_YXPL30tFfNev8c,20221.00,INR,captured,order_rAgpjbpBvIL81l,,0,upi,0.00,0.00,,1,,,,,,,,,[],404.42,72.80,,,13/06/2026 16:40:20,,
pay_pvhehaPfWcvTiX,212.50,INR,captured,order_HASByqK1xbiB6d,,0,upi,0.00,0.00,,1,,,,,,,,,[],4.25,0.77,,,13/06/2026 23:53:49,,
pay_8SEpxDdUT20kYI,4452.50,INR,captured,order_WUbmrj6oR1w98x,,0,card,0.00,0.00,,1,,,,SBIN,,,,,[],53.43,9.62,,,46186.254375,debit,
pay_EntFbrO7piyLUT,393.00,INR,refunded,order_0k1vEPza3u24Zm,,0,netbanking,393.00,0.00,full,1,,,,HDFC,,,,,[],6.88,1.24,,,46186.55540509259,,
pay_AatzlCeU6s27mz,16908.00,INR,captured,order_OapXQuQ4pbNRkF,,0,netbanking,0.00,0.00,,1,,,,ICICI,,,,,[],295.89,53.26,,,13/06/2026 20:32:16,,
pay_wu5cDnNWeyWjmI,14212.00,INR,captured,order_H05cJGr0Eh49tp,,0,card,0.00,0.00,,1,,,,HDFC,,,,,[],355.30,63.95,,,46186.15677083333,credit,
pay_yBH85l82NvvsWq,4971.50,INR,captured,order_T7Ixwa9GieEp4E,,0,upi,0.00,0.00,,1,,,,,,,,,[],99.43,17.90,,,2026-06-14 10:58:14,,
pay_xi7JCiz5sDPmnj,4990.50,INR,captured,order_pzYSndc0hQEPxF,,0,card,0.00,0.00,,1,,,,ICICI,,,,,[],99.81,17.97,,,46187.716469907406,credit,
pay_utY6NmEXiZfDYt,1141.00,INR,captured,order_ASLkWRjL95mADU,,0,netbanking,0.00,0.00,,1,,,,,,,,,[],19.97,3.59,,,14/06/2026 00:24:12,,
pay_zx9CP1YLz4gkH7,1053.00,INR,refunded,order_y7Wi8re0aPS0KP,,0,upi,526.50,0.00,full,1,,,,,,,,,[],21.06,3.79,,,14/06/2026 07:37:41,,
pay_UUa7IzynnxXz4J,1563.50,INR,captured,order_h0nLYPRMMkiuGa,,0,upi,0.00,0.00,,1,,,,,,,,,[],31.27,5.63,,,2026-06-14 14:50:10,,
pay_43KPyhYREYqd3c,14754.50,INR,captured,order_7yZYescfZnpJGu,,1,card,0.00,0.00,,1,,,,HDFC,,,,,[],516.41,92.95,,,2026-06-14 21:03:39,credit,
pay_EPGfkRsnf2HLTK,20756.50,INR,captured,order_6VORwm9D8uaNBD,,0,upi,0.00,0.00,,1,,,,,,,,,[],415.13,74.72,,,46187.17787037037,,
pay_ll2ZNjKoRrEWTp,1542.50,INR,captured,order_o6SMUJ5QvqUbS1,,0,upi,0.00,0.00,,1,,,,,,,,,[],30.85,5.55,,,14/06/2026 11:29:37,,
pay_PjFg3GUWgp8ER5,3555.50,INR,captured,order_pAh9TouL0ex9Gb,,0,card,0.00,0.00,,1,,,,,,,,,[],42.67,7.68,,,2026-06-14 18:42:06,debit,
pay_Hnn0TDcghgJ2ev,403.50,INR,captured,order_fWWxHGbHsUZa77,,0,netbanking,0.00,0.00,,1,,,,ICICI,,,,,[],7.06,1.27,,,2026-06-14 01:55:35,,
pay_KoGFaOLBJzOg3x,4637.00,INR,captured,order_xKPAUMS7ybk0JM,,0,card,0.00,0.00,,1,,,,KKBK,,,,,[],55.64,10.02,,,2026-06-14 08:08:04,debit,
pay_Oc9E18nd9ZqjVA,1331.00,INR,captured,order_OpupWPoQh2xayy,,0,upi,0.00,0.00,,1,,,,,,,,,[],26.62,4.79,,,2026-06-14 15:21:33,,
pay_elC2D2C754lyoY,735.00,INR,captured,order_tAYmj2q5ycT47g,,0,upi,0.00,0.00,,1,,,,,,,,,[],14.70,2.65,,,2026-06-14 22:34:02,,
pay_0VU5bAh8JdLktf,725.00,INR,captured,order_cixwJDyB0cJdrc,,0,netbanking,0.00,0.00,,1,,,,SBIN,,,,,[],12.69,2.28,,,2026-06-14 05:47:31,,
pay_XtDp2OsWxVLZSG,15236.50,INR,captured,order_UVuZYk5EmT2GdO,,0,upi,0.00,0.00,,1,,,,,,,,,[],304.73,54.85,,,14/06/2026 12:00:00,,
pay_kMHBkILhZiwIrn,23018.00,INR,captured,order_DZiEWcEQS2p56j,,0,upi,0.00,0.00,,1,,,,,,,,,[],460.36,82.86,,,14/06/2026 19:13:29,,
pay_yOwgeBsIPuyi7Y,707.00,INR,captured,order_geGdPzmqSeugVs,,0,card,0.00,0.00,,1,,,,AXIS,,,,,[],14.14,2.55,,,14/06/2026 02:26:58,credit,
pay_b0uzlfenpaDFdi,21932.00,INR,captured,order_0e2r8yipBOD58C,,0,upi,0.00,0.00,,1,,,,,,,,,[],438.64,78.96,,,2026-06-14 09:39:27,,
pay_dBgNv6gg0mDnhK,9123.00,INR,captured,order_fsXKjjZ1oilwW1,,0,upi,0.00,0.00,,1,,,,,,,,,[],182.46,32.84,,,2026-06-14 16:52:56,,
pay_36W0JOagkj0TvL,949.00,INR,captured,order_z1sDzX3ZxgZjyU,,0,card,0.00,0.00,,1,,,,AXIS,,,,,[],18.98,3.42,,,14/06/2026 23:05:25,credit,
pay_Qpd9Z2k7OPvgPB,4162.50,INR,captured,order_bQSnEdh2IlrKYR,,0,card,0.00,0.00,,1,,,,SBIN,,,,,[],49.95,8.99,,,46187.263125,debit,
pay_l6jntDsFfmKXK8,5897.00,INR,captured,order_IJ2VRpMWA26zRF,,0,card,0.00,0.00,,1,,,,ICICI,,,,,[],70.76,12.74,,,2026-06-14 13:31:23,debit,
pay_ZyB1YrZU2plsGP,9045.00,INR,captured,order_9uuBhh8LRj4Jlh,,0,card,0.00,0.00,,1,,,,,,,,,[],180.90,32.56,,,14/06/2026 20:44:52,credit,
pay_i8MtSdmInmlN9f,2321.00,INR,captured,order_xHPsGiyQvJ8WSN,,0,upi,0.00,0.00,,1,,,,,,,,,[],46.42,8.36,,,2026-06-14 03:57:21,,
pay_RwSRIxDjhz9p2f,462.00,INR,captured,order_6uYqYoUmollUzR,,0,upi,0.00,0.00,,1,,,,,,,,,[],9.24,1.66,,,14/06/2026 10:10:50,,
pay_TMTZAendsJ2NRm,19992.50,INR,captured,order_uvD1gE41YmnYxZ,,0,card,0.00,0.00,,1,,,,SBIN,,,,,[],399.85,71.97,,,14/06/2026 17:23:19,credit,
pay_okVvFFzML9svYk,368.00,INR,captured,order_gGUR9NqbMEGJkC,,0,card,0.00,0.00,,1,,,,,,,,,[],7.36,1.32,,,15/06/2026 00:36:48,credit,
pay_Woebz8UdZYib9T,11148.50,INR,captured,order_yyNeCK3oAbyJWZ,,0,card,0.00,0.00,,1,,,,HDFC,,,,,[],222.97,40.13,,,2026-06-15 07:49:17,credit,
pay_1KJd5SGAS8x6Ra,3159.00,INR,captured,order_azAk6rUsvY68Xm,,0,upi,0.00,0.00,,1,,,,,,,,,[],63.18,11.37,,,46188.58525462963,,
pay_bIPuJJfmyVA0N2,2590.50,INR,captured,order_C83tARLWxR2dBz,,0,wallet,0.00,0.00,,1,,,,,,,,,[],51.81,9.33,,,15/06/2026 21:15:15,,
pay_omOou6q3WFtwsp,11751.50,INR,refunded,order_z9ita0xmWToYKY,,0,upi,11751.50,0.00,full,1,,,,,,,,,[],235.03,42.31,,,2026-06-15 04:28:44,,
pay_yH2HOW9DoQYn6Q,22942.00,INR,captured,order_7CJ5oSV5SiOc96,,0,upi,0.00,0.00,,1,,,,,,,,,[],458.84,82.59,,,2026-06-15 11:41:13,,
pay_JDOkF0txf9H9SI,6861.50,INR,captured,order_mg0fqHfaDxpY2f,,0,upi,0.00,0.00,,1,,,,,,,,,[],137.23,24.70,,,15/06/2026 18:54:42,,
pay_8HH2Qzh1HckA7Q,420.50,INR,captured,order_6Q2x3p3uBoE47Z,,0,netbanking,0.00,0.00,,1,,,,KKBK,,,,,[],7.36,1.32,,,15/06/2026 01:07:11,,
pay_2Yx8oaMdfgqpWB,844.50,INR,captured,order_U4oEn6gJAf0fnp,,0,wallet,0.00,0.00,,1,,,,,,,,,[],16.89,3.04,,,2026-06-15 08:20:40,,
pay_5eEGN22VmM0Lkj,4785.00,INR,captured,order_oZ2Oa5V3DCsuC4,,0,card,0.00,0.00,,1,,,,KKBK,,,,,[],119.63,21.53,,,2026-06-15 15:33:09,credit,
pay_HzA0LGU9r1x5Io,1574.00,INR,captured,order_N4MeCMWbAQvxRV,,0,card,0.00,0.00,,1,,,,HDFC,,,,,[],31.48,5.67,,,2026-06-15 22:46:38,credit,
pay_BnoP84w6iqDPB6,9458.00,INR,captured,order_gRbm3HCckRXIxx,,0,upi,0.00,0.00,,1,,,,,,,,,[],189.16,34.05,,,15/06/2026 05:59:07,,
pay_2Nz2QQcMyLP4Lw,11499.00,INR,captured,order_BrnQGskwpmQcD5,,0,upi,0.00,0.00,,1,,,,,,,,,[],229.98,41.40,,,2026-06-15 12:12:36,,
pay_7wBztepD9PpxrI,4835.50,INR,captured,order_Ljjr3RU4v8RZLZ,,0,upi,0.00,0.00,,1,,,,,,,,,[],96.71,17.41,,,15/06/2026 19:25:05,,
pay_HhkCL76uToPMJj,2792.00,INR,captured,order_BwwgRTL4qlaxPY,,0,upi,0.00,0.00,,1,,,,,,,,,[],55.84,10.05,,,2026-06-15 02:38:34,,
pay_o6r7HBwvAfIL46,387.00,INR,captured,order_d2s4cqDFgRoJDe,,0,card,0.00,0.00,,1,,,,KKBK,,,,,[],7.74,1.39,,,2026-06-15 09:51:03,credit,
pay_yo9qGOUldSSDlM,534.50,INR,captured,order_DRrZz8cvk77FmI,,0,netbanking,0.00,0.00,,1,,,,SBIN,,,,,[],9.35,1.68,,,46188.66981481481,,
pay_GHYf4hakghuRge,1766.50,INR,captured,order_ccRP0i8mwAaC0T,,0,upi,0.00,0.00,,1,,,,,,,,,[],35.33,6.36,,,2026-06-15 23:17:01,,
pay_fzK5DVgcHqGtce,2509.50,INR,captured,order_jlLJHAlxR8gh5T,,0,wallet,0.00,0.00,,1,,,,,,,,,[],50.19,9.03,,,46188.27118055556,,
pay_So5lFp2O9qXbfQ,740.00,INR,captured,order_Y1ZdXcACCzAsQM,,0,upi,0.00,0.00,,1,,,,,,,,,[],14.80,2.66,,,46188.57221064815,,
pay_4bLZtabPVJ1ZAP,4153.00,INR,captured,order_MZIIbMpTAVekDB,,0,upi,0.00,0.00,,1,,,,,,,,,[],83.06,14.95,,,2026-06-15 20:56:28,,
pay_8uZoE1BxhO3T82,875.50,INR,captured,order_MIUtAwTd2eVXIO,,0,upi,0.00,0.00,,1,,,,,,,,,[],17.51,3.15,,,2026-06-15 03:09:57,,
pay_PIoA5KEMpsw5a9,351.00,INR,captured,order_CTa04drE8UOyDt,,0,card,0.00,0.00,,1,,,,AXIS,,,,,[],8.78,1.58,,,46188.43224537037,credit,
pay_vIR2bQ4lcNRxLv,7409.50,INR,captured,order_B8dBZoywvdji7Y,,0,card,0.00,0.00,,1,,,,AXIS,,,,,[],148.19,26.67,,,2026-06-15 17:35:55,credit,
pay_iCNQGLjjJummhP,2937.00,INR,captured,order_9XcVrgKNEBnuaF,,0,upi,0.00,0.00,,1,,,,,,,,,[],58.74,10.57,,,15/06/2026 00:48:24,,
pay_qrz1rOpJ2XiLro,10985.50,INR,captured,order_1EviuXV8esZnp0,,0,upi,0.00,0.00,,1,,,,,,,,,[],219.71,39.55,,,15/06/2026 07:01:53,,
pay_khgGmanAPR919n,946.00,INR,captured,order_S1A8BRGzOJCYL6,,0,upi,0.00,0.00,,1,,,,,,,,,[],18.92,3.41,,,15/06/2026 14:14:22,,
pay_1fJGpvhFzTCrnv,432.50,INR,captured,order_cLr45Xn7xu48bj,,0,upi,0.00,0.00,,1,,,,,,,,,[],8.65,1.56,,,2026-06-15 21:27:51,,
pay_XpObnGXhfg2CfA,3904.50,INR,captured,order_TJXvFYWo7IzkCK,,0,upi,0.00,0.00,,1,,,,,,,,,[],78.09,14.06,,,46188.19467592592,,
pay_jKCy6hr9SDvWkb,4831.50,INR,captured,order_8GrGspqopp6Zm3,,0,card,0.00,0.00,,1,,,,SBIN,,,,,[],96.63,17.39,,,46189.49570601852,credit,
pay_FhSxeBQPy1wljh,7599.00,INR,captured,order_5c7wK5rfadLnla,,0,card,0.00,0.00,,1,,,,KKBK,,,,,[],151.98,27.36,,,16/06/2026 18:06:18,credit,
pay_Znd8izb8ukB9i3,948.00,INR,captured,order_9B7ZBH0I11ZNh9,,0,upi,0.00,0.00,,1,,,,,,,,,[],18.96,3.41,,,2026-06-16 01:19:47,,
pay_BwkCD4JPolG27a,3669.00,INR,captured,order_2F80v1gCeP04Aa,,0,card,0.00,0.00,,1,,,,HDFC,,,,,[],73.38,13.21,,,2026-06-16 08:32:16,credit,
pay_DGIem2epeXgDoI,19418.00,INR,captured,order_avmIZqYCvx2LSS,,0,card,0.00,0.00,,1,,,,ICICI,,,,,[],233.02,41.94,,,2026-06-16 15:45:45,debit,
pay_07Hs5mDMbRnLaJ,4482.00,INR,captured,order_pR2eNBKhS8uqBi,,0,upi,0.00,0.00,,1,,,,,,,,,[],89.64,16.14,,,2026-06-16 22:58:14,,
pay_bjPyqmQkmNNnEc,24520.00,INR,captured,order_UaqaXUNkV820QZ,,0,card,0.00,0.00,,1,,,,ICICI,,,,,[],294.24,52.96,,,46189.216469907406,debit,
pay_HvipJHLw4CLVbc,532.00,INR,captured,order_ue8wrmJNOSpcIK,,0,upi,0.00,0.00,,1,,,,,,,,,[],10.64,1.92,,,2026-06-16 12:24:12,,
pay_gctfy7U0F9Sen4,4353.00,INR,captured,order_pmBdr9AdHFhCcM,,0,upi,0.00,0.00,,1,,,,,,,,,[],87.06,15.67,,,16/06/2026 19:37:41,,
pay_TGtUQJRrI2ONJt,324.50,INR,captured,order_gFVc0n56fgHpLD,,0,netbanking,0.00,0.00,,1,,,,ICICI,,,,,[],5.68,1.02,,,46189.11817129629,,
pay_uhxSNggs8yrMBB,19951.50,INR,captured,order_itJI74gICeLDjA,,0,card,0.00,0.00,,1,,,,HDFC,,,,,[],239.42,43.10,,,16/06/2026 09:03:39,debit,
pay_xMgd0WvIUl9nS3,10123.50,INR,captured,order_ymVq7vWmufvXRO,,0,card,0.00,0.00,,1,,,,SBIN,,,,,[],121.48,21.87,,,2026-06-16 16:16:08,debit,
pay_a6WHswPqZ9ZUBi,22997.50,INR,captured,order_aii2iQPAhpbpPO,,0,netbanking,0.00,0.00,,1,,,,HDFC,,,,,[],402.46,72.44,,,16/06/2026 23:29:37,,
pay_R2weQhdNwEZ58V,10891.50,INR,captured,order_L7trHdbISsyXam,,0,upi,0.00,0.00,,1,,,,,,,,,[],217.83,39.21,,,16/06/2026 06:42:06,,
pay_19e1YnusEEctnv,2676.50,INR,captured,order_qjFJWM2wAInR1H,,0,card,0.00,0.00,,1,,,,KKBK,,,,,[],53.53,9.64,,,16/06/2026 13:55:35,credit,
pay_OEagB74CbpFTYA,650.50,INR,captured,order_THkLLuyPfqwDMY,,0,upi,0.00,0.00,,1,,,,,,,,,[],13.01,2.34,,,46189.83893518519,,
pay_ezCXiubKcJZRL9,4592.50,INR,captured,order_rtVlhzpf6eVWMp,,0,upi,0.00,0.00,,1,,,,,,,,,[],91.85,16.53,,,2026-06-16 03:21:33,,
pay_ONqWArCvJquE2e,3095.50,INR,captured,order_nnUt5bSKAQeSvf,,0,upi,0.00,0.00,,1,,,,,,,,,[],61.91,11.14,,,2026-06-16 10:34:02,,
pay_7gfGTsadld8CG6,23863.50,INR,captured,order_wwE78jglYk6yE9,,0,card,0.00,0.00,,1,,,,KKBK,,,,,[],477.27,85.91,,,2026-06-16 17:47:31,credit,
pay_WsZK1rBVqk60jP,935.00,INR,captured,order_VWX2ODyq0SNY1Z,,0,wallet,0.00,0.00,,1,,,,,,,,,[],18.70,3.37,,,46189.0,,
pay_hsL8r1RHFy4AAV,335.00,INR,captured,order_dXTMDtKxzTB4Ak,,0,upi,0.00,0.00,,1,,,,,,,,,[],6.70,1.21,,,2026-16-06 07:13:29,,
pay_egAZG3vVAP0EHo,14470.50,INR,captured,order_CJndNhLlUucWXg,,0,card,0.00,0.00,,1,,,,AXIS,,,,,[],173.65,31.26,,,2026-06-16 14:26:58,debit,
pay_kX9KFlBVJg40zO,388.50,INR,captured,order_6zQM6MCBRTWfU8,,0,upi,0.00,0.00,,1,,,,,,,,,[],7.77,1.40,,,2026-06-16 21:39:27,,
pay_kslFoExOJi9DHW,750.00,INR,captured,order_O7mqFRXktmgTHG,,0,netbanking,0.00,0.00,,1,,,,HDFC,,,,,[],13.13,2.36,,,16/06/2026 04:52:56,,
pay_vXj2o1YbJOfZja,22018.50,INR,captured,order_VOhe3wKzsR6HWb,,0,upi,0.00,0.00,,1,,,,,,,,,[],440.37,79.27,,,2026-06-17 11:05:25,,
pay_R7iP1eVa1EmAgB,24161.00,INR,captured,order_LLKjNNIJqHNEoW,,0,upi,0.00,0.00,,1,,,,,,,,,[],483.22,86.98,,,2026-06-17 18:18:54,,
pay_UgTZrAHvf8ARz6,15236.00,INR,captured,order_QsrC2crGrVMCvT,,0,upi,0.00,0.00,,1,,,,,,,,,[],304.72,54.85,,,17/06/2026 01:31:23,,
pay_C3YuQzuiu5kcId,20271.00,INR,captured,order_db2B51J0YjT6VF,,0,upi,0.00,0.00,,1,,,,,,,,,[],405.42,72.98,,,46190.36449074074,,
pay_hiFl869y9JuZQY,24292.50,INR,captured,order_DAElX6HcyKBEk8,,0,card,0.00,0.00,,1,,,,ICICI,,,,,[],485.85,87.45,,,17/06/2026 15:57:21,credit,
pay_DJhjKKEsp7wXFw,20424.00,INR,captured,order_5pKAFxk0NeaEuF,,0,card,0.00,0.00,,1,,,,ICICI,,,,,[],408.48,73.53,,,17/06/2026 22:10:50,credit,
pay_KGGY8wvPjoEzk9,4319.50,INR,captured,order_h6IuRJ9XohWGkQ,,0,upi,0.00,0.00,,1,,,,,,,,,[],86.39,15.55,,,2026-17-06 05:23:19,,
pay_2IWb78wzg15Xuf,1802.00,INR,captured,order_Ehu7mXzgHLJCg1,,0,upi,0.00,0.00,,1,,,,,,,,,[],36.04,6.49,,,17/06/2026 12:36:48,,
pay_HRDSIj5cEKf7ci,392.00,INR,captured,order_llQN2rO7I5Zp2B,,0,upi,0.00,0.00,,1,,,,,,,,,[],7.84,1.41,,,17/06/2026 19:49:17,,
pay_QTHQyMwKGlCzYo,20198.00,INR,captured,order_pgopFCcdIyqFXN,,0,upi,0.00,0.00,,1,,,,,,,,,[],403.96,72.71,,,2026-06-17 02:02:46,,
pay_yJuU1ryqgNZG3S,1703.50,INR,captured,order_QUx6F3wEkO2PlP,,0,upi,0.00,0.00,,1,,,,,,,,,[],34.07,6.13,,,2026-06-17 09:15:15,,
pay_cl12isxQbJmDhn,837.00,INR,captured,order_782N3XMvIzd2mf,,0,upi,0.00,0.00,,1,,,,,,,,,[],16.74,3.01,,,2026-06-17 16:28:44,,
pay_q99vwUzKCOMhsT,685.50,INR,captured,order_8HubRrkb7DNVGA,,0,upi,0.00,0.00,,1,,,,,,,,,[],13.71,2.47,,,2026-17-06 23:41:13,,
pay_8x3vCPHaOb1iiZ,737.50,INR,captured,order_JE8VxgD3ZW5t4A,,0,upi,0.00,0.00,,1,,,,,,,,,[],14.75,2.66,,,2026-06-17 06:54:42,,
pay_lCFeevbsGY8FGz,10951.00,INR,captured,order_JgqwHAAM5ScOoO,,0,upi,0.00,0.00,,1,,,,,,,,,[],219.02,39.42,,,2026-06-17 13:07:11,,
pay_CaDrf0VKvope1E,1122.00,INR,captured,order_t8FznxATD2UPA3,,0,upi,0.00,0.00,,1,,,,,,,,,[],22.44,4.04,,,2026-06-17 20:20:40,,
pay_sBDDXWamjTwCHa,17915.00,INR,captured,order_hlIMf60AtFbB0k,,0,card,0.00,0.00,,1,,,,SBIN,,,,,[],214.98,38.70,,,2026-06-17 03:33:09,debit,
pay_WdtgMKQewHFPzc,11602.50,INR,captured,order_Ty86VkWz762WmC,,0,card,0.00,0.00,,1,,,,,,,,,[],232.05,41.77,,,2026-06-17 10:46:38,credit,
pay_qKNX7jmvdrBTsg,4893.00,INR,refunded,order_qXQqV9aY2zifW3,,0,upi,4893.00,0.00,full,1,,,,,,,,,[],97.86,17.61,,,46190.749386574076,,
pay_RshAiE4e26VZtv,4283.00,INR,captured,order_RTgGCy2gR1nQU1,,0,wallet,0.00,0.00,,1,,,,,,,,,[],85.66,15.42,,,2026-06-17 00:12:36,,
pay_hVNqlldOaPnl2h,758.50,INR,refunded,order_2P3UgYJx3gyg83,,0,upi,758.50,0.00,full,1,,,,,,,,,[],15.17,2.73,,,2026-06-17 07:25:05,,
pay_Co78P9nMUV2fcT,2481.00,INR,captured,order_mSO0qiACBvI4PX,,0,card,0.00,0.00,,1,,,,HDFC,,,,,[],49.62,8.93,,,2026-06-17 14:38:34,credit,
pay_vjMAuF6stXX1zc,21190.50,INR,captured,order_NjTRi3l2MuCE01,,0,upi,0.00,0.00,,1,,,,,,,,,[],423.81,76.29,,,46190.91045138889,,
pay_HGGzdWVvK7MvzH,4130.00,INR,captured,order_2mMwfwnlGZsLAm,,0,card,0.00,0.00,,1,,,,ICICI,,,,,[],49.56,8.92,,,2026-06-17 04:04:32,debit,
pay_EWKTqi99iQTMn5,4444.00,INR,captured,order_ItszA40beYUQnZ,,0,upi,0.00,0.00,,1,,,,,,,,,[],88.88,16.00,,,2026-06-17 11:17:01,,
pay_xq20BQRwagWDVX,10829.50,INR,captured,order_WC6N7OZGjR5FU1,,0,card,0.00,0.00,,1,,,,,,,,,[],129.95,23.39,,,2026-06-17 18:30:30,debit,
pay_efiupMQqng1Nef,3691.50,INR,captured,order_zrG0P5RHJPMgIH,,0,upi,0.00,0.00,,1,,,,,,,,,[],73.83,13.29,,,2026-06-17 01:43:59,,
pay_C9jLtQ1eLgpD1h,847.00,INR,captured,order_Muc2e62kUpvunq,,0,card,0.00,0.00,,1,,,,SBIN,,,,,[],10.16,1.83,,,17/06/2026 08:56:28,debit,
pay_8zXxn8Jwbn5rV5,16428.50,INR,captured,order_w4TgeLiK8Csl17,,0,upi,0.00,0.00,,1,,,,,,,,,[],328.57,59.14,,,2026-06-17 15:09:57,,
pay_IpuMEGwdRv9Zjb,1279.50,INR,captured,order_wRrU5WPbiCY8pO,,0,upi,0.00,0.00,,1,,,,,,,,,[],25.59,4.61,,,17/06/2026 22:22:26,,
pay_QvmOvN1VXSoK3J,1985.50,INR,captured,order_iutKAD3xkI68yG,,0,card,0.00,0.00,,1,,,,,,,,,[],23.83,4.29,,,2026-06-17 05:35:55,debit,
pay_Kht0165tBC8vGt,6100.00,INR,captured,order_apHuEAbnODcH3B,,0,card,0.00,0.00,,1,,,,,,,,,[],73.20,13.18,,,18/06/2026 12:48:24,debit,
pay_BluAj88OYLHqGD,1179.50,INR,captured,order_TlHKsrX5T2uhYY,,0,upi,0.00,0.00,,1,,,,,,,,,[],23.59,4.25,,,2026-06-18 19:01:53,,
pay_yQm4Rhu3cMb37v,23819.50,INR,captured,order_pqx0EY30bPBZpt,,0,upi,0.00,0.00,,1,,,,,,,,,[],476.39,85.75,,,46191.093310185184,,
pay_WYIhoqwZJcilhq,535.00,INR,captured,order_H4DmBt9TZnFNu0,,0,wallet,0.00,0.00,,1,,,,,,,,,[],10.70,1.93,,,46191.39434027778,,
pay_Ui12gydsjdP84I,502.50,INR,captured,order_zikLPC5OWlIlZk,,0,upi,0.00,0.00,,1,,,,,,,,,[],10.05,1.81,,,18/06/2026 16:40:20,,
pay_Lpj7ILow4kGZiA,3411.50,INR,captured,order_wWIfq9Y51xcBYR,,0,upi,0.00,0.00,,1,,,,,,,,,[],68.23,12.28,,,2026-06-18 23:53:49,,
pay_tDqT7SVlpb92BI,3042.50,INR,captured,order_1EBZXCBXVELGds,,0,card,0.00,0.00,,1,,,,KKBK,,,,,[],36.51,6.57,,,2026-06-18 06:06:18,debit,
pay_SlcmtxqmaOu1A9,5082.00,INR,captured,order_hluLKnu0DmjcpO,,0,upi,0.00,0.00,,1,,,,,,,,,[],101.64,18.30,,,46191.55540509259,,
pay_AvNxNTfUlEHfBn,5556.00,INR,captured,order_lv2moBkMUNUHdn,,0,netbanking,0.00,0.00,,1,,,,HDFC,,,,,[],97.23,17.50,,,2026-06-18 20:32:16,,
pay_ecD857JqJkZ1Bm,7408.00,INR,captured,order_u1ckUxOFUWU0DW,,0,upi,0.00,0.00,,1,,,,,,,,,[],148.16,26.67,,,2026-06-18 03:45:45,,
pay_MzGEO0SrS53Gpb,524.00,INR,captured,order_TOXFIbKVFJfKUy,,0,netbanking,0.00,0.00,,1,,,,HDFC,,,,,[],9.17,1.65,,,2026-06-18 10:58:14,,
pay_83rvsBcLRQqiz1,4115.00,INR,captured,order_Ztf5R1B8SwGWHi,,0,card,0.00,0.00,,1,,,,,,,,,[],49.38,8.89,,,2026-06-18 17:11:43,debit,
pay_eRhFC96iJ91mUD,13278.50,INR,captured,order_tMGOC5Rhvd0gMu,,0,upi,0.00,0.00,,1,,,,,,,,,[],265.57,47.80,,,2026-06-18 00:24:12,,
pay_9Z7amjSSCBzIIt,15688.00,INR,captured,order_QoCGXONwKEmcIW,,0,netbanking,0.00,0.00,,1,,,,AXIS,,,,,[],274.54,49.42,,,2026-06-18 07:37:41,,
pay_OtvgrqYOdElZ5o,10749.50,INR,captured,order_GIRzl2RxC9GtuJ,,0,wallet,0.00,0.00,,1,,,,,,,,,[],214.99,38.70,,,18/06/2026 14:50:10,,
pay_eodmnDJ3Yl5lek,2140.50,INR,captured,order_VJ9FYJrgCCTcBr,,0,upi,0.00,0.00,,1,,,,,,,,,[],42.81,7.71,,,18/06/2026 21:03:39,,
pay_6e25G3xmwtvE9d,4096.50,INR,captured,order_L5Pxd8KqB12Sej,,0,card,0.00,0.00,,1,,,,HDFC,,,,,[],49.16,8.85,,,46191.17787037037,debit,
pay_m0CtM30k0pjSeF,17734.50,INR,captured,order_tcfCABw0cZgNAy,,0,card,0.00,0.00,,1,,,,ICICI,,,,,[],354.69,63.84,,,18/06/2026 11:29:37,credit,
pay_4cW6BGR0bGf0Dk,960.00,INR,captured,order_cr53epHxM0xT1c,,0,card,0.00,0.00,,1,,,,HDFC,,,,,[],19.20,3.46,,,46191.77923611111,credit,
pay_Bm2LrdVteQiCUQ,476.00,INR,captured,order_v7Hudx3vh7vaPG,,0,upi,0.00,0.00,,1,,,,,,,,,[],9.52,1.71,,,18/06/2026 01:55:35,,
pay_Comi1ViAf9w36w,1354.50,INR,captured,order_bZuXT2NNIuBvBp,,0,upi,0.00,0.00,,1,,,,,,,,,[],27.09,4.88,,,2026-18-06 08:08:04,,
pay_pJ8kJIzTUDEkpT,2869.00,INR,captured,order_ivMoGTizbydCiF,,0,card,0.00,0.00,,1,,,,ICICI,,,,,[],57.38,10.33,,,2026-18-06 15:21:33,credit,
pay_p07rK1Fbd9BeqI,679.50,INR,captured,order_sNzNTxx97aYEmY,,0,card,0.00,0.00,,1,,,,HDFC,,,,,[],13.59,2.45,,,2026-06-18 22:34:02,credit,
pay_odCFuKcEA0oNnT,2510.50,INR,captured,order_ohfZbdJlRPGEnE,,0,card,0.00,0.00,,1,,,,SBIN,,,,,[],62.76,11.30,,,2026-06-18 05:47:31,credit,
pay_EgrnEZJzzP0AZ7,1629.00,INR,captured,order_6LZskBj5ZnPM8S,,0,card,0.00,0.00,,1,,,,HDFC,,,,,[],19.55,3.52,,,2026-06-18 12:00:00,debit,
pay_azMygT7rdozAZL,21358.50,INR,captured,order_081457wK2w77vU,,0,upi,0.00,0.00,,1,,,,,,,,,[],427.17,76.89,,,18/06/2026 19:13:29,,
pay_ZY8h2fEgKKhO2x,22959.00,INR,captured,order_0UYnhWLzPaNs2U,,0,card,0.00,0.00,,1,,,,SBIN,,,,,[],275.51,49.59,,,2026-06-18 02:26:58,debit,
pay_u5ZZFfg7tko7Iz,21392.00,INR,captured,order_TIpTNWD4T4mxNp,,0,card,0.00,0.00,,1,,,,,,,,,[],427.84,77.01,,,18/06/2026 09:39:27,credit,
pay_OahXq1mGUZctFa,298.50,INR,captured,order_nKlRoQhV5LTEBL,,0,upi,0.00,0.00,,1,,,,,,,,,[],5.97,1.07,,,18/06/2026 16:52:56,,
pay_s3JwBXpSXvTkfc,301.00,INR,captured,order_sDfn5h2Lv6AyBP,,0,card,0.00,0.00,,1,,,,AXIS,,,,,[],6.02,1.08,,,2026-06-18 23:05:25,credit,
pay_evKHfC26OUpYrE,16170.00,INR,captured,order_oZa3OazAtgZsP1,,0,upi,0.00,0.00,,1,,,,,,,,,[],323.40,58.21,,,2026-06-18 06:18:54,,
pay_4o0Ni8LaqFcYPd,379.00,INR,captured,order_j8BfVhIje9L5IC,,0,card,0.00,0.00,,1,,,,KKBK,,,,,[],7.58,1.36,,,2026-06-18 13:31:23,credit,
pay_SRqKryN2Flq0E8,776.50,INR,captured,order_ePOEabp248cR6I,,0,card,0.00,0.00,,1,,,,AXIS,,,,,[],15.53,2.80,,,46191.86449074074,credit,
pay_v1TwIg3FC7IOsX,6632.50,INR,captured,order_RKA4OhRgkU26t2,,0,card,0.00,0.00,,1,,,,SBIN,,,,,[],79.59,14.33,,,46191.164826388886,debit,
pay_8Xd9x4AFjx7Wxg,613.00,INR,captured,order_IJi5azT8QBr2IO,,0,upi,0.00,0.00,,1,,,,,,,,,[],12.26,2.21,,,2026-06-18 10:10:50,,
pay_3hLis3MdjztUGm,3576.00,INR,captured,order_aV1hdigOn5edn3,,0,netbanking,0.00,0.00,,1,,,,HDFC,,,,,[],62.58,11.26,,,2026-06-18 17:23:19,,
pay_JTSMjpi8GjvprA,449.00,INR,captured,order_eejkah8D9bHaJK,,0,upi,0.00,0.00,,1,,,,,,,,,[],8.98,1.62,,,2026-06-19 00:36:48,,
pay_myUm9eGTfbI0bB,11759.00,INR,captured,order_tpIzWEirB3IWPm,,0,upi,0.00,0.00,,1,,,,,,,,,[],235.18,42.33,,,2026-06-19 07:49:17,,
pay_t6vDCw89bSZHWX,467.50,INR,captured,order_BBSMczrmHGwEjl,,0,netbanking,0.00,0.00,,1,,,,HDFC,,,,,[],8.18,1.47,,,2026-06-19 14:02:46,,
pay_H9t4MIX8KlwG5U,2230.50,INR,captured,order_LjECa9yb2lRCoj,,0,upi,0.00,0.00,,1,,,,,,,,,[],44.61,8.03,,,2026-06-19 21:15:15,,
pay_iSVB6GAHCC6EUQ,422.00,INR,captured,order_3AmNHVFTlhkte7,,0,card,0.00,0.00,,1,,,,HDFC,,,,,[],8.44,1.52,,,2026-06-19 04:28:44,credit,
pay_6nxcEsuPnLIP1t,276.00,INR,captured,order_H6r2JezuIHo2BI,,0,upi,0.00,0.00,,1,,,,,,,,,[],5.52,0.99,,,2026-06-19 11:41:13,,
pay_2gc0a1bdbwb6oP,15865.50,INR,captured,order_BLFpWpmPlF9gKI,,0,upi,0.00,0.00,,1,,,,,,,,,[],317.31,57.12,,,2026-06-19 18:54:42,,
pay_jYFm3U0DRbuDcq,16702.50,INR,captured,order_TvGTldjpZvupYG,,0,upi,0.00,0.00,,1,,,,,,,,,[],334.05,60.13,,,2026-06-19 01:07:11,,
pay_lZNbuYpKNhFD8U,510.00,INR,captured,order_HMhWERojSnMeLI,,0,upi,0.00,0.00,,1,,,,,,,,,[],10.20,1.84,,,46192.34768518519,,
pay_T336dDG7uM7erh,562.50,INR,captured,order_RU4smAWNtfht5B,,0,card,0.00,0.00,,1,,,,,,,,,[],11.25,2.03,,,2026-06-19 15:33:09,credit,
pay_zWoXDIB6HXIA2f,11414.50,INR,captured,order_kaNPB4GnfYdfT7,,0,upi,0.00,0.00,,1,,,,,,,,,[],228.29,41.09,,,2026-06-19 22:46:38,,
pay_94ewDIx4IBGgvV,665.00,INR,captured,order_lnTLvaxeZSGDOL,,0,netbanking,0.00,0.00,,1,,,,SBIN,,,,,[],11.64,2.10,,,2026-06-19 05:59:07,,
pay_i27qBRAcvXTzFd,452.00,INR,refunded,order_NkOdNwBsnnCuuc,,0,upi,452.00,0.00,full,1,,,,,,,,,[],9.04,1.63,,,2026-06-19 12:12:36,,
pay_7PVI7y4W6acphd,995.50,INR,captured,order_OCWBtOg6WD5rBo,,0,upi,0.00,0.00,,1,,,,,,,,,[],19.91,3.58,,,2026-06-19 19:25:05,,
pay_QEtB2SNYYHQlvR,8917.00,INR,captured,order_cb2JDs4lF2Xk7O,,0,card,0.00,0.00,,1,,,,,,,,,[],178.34,32.10,,,2026-06-19 02:38:34,credit,
pay_xPorzZ2QuQaBRf,1887.50,INR,captured,order_B3dDhx8WIdPKfI,,0,card,0.00,0.00,,1,,,,,,,,,[],37.75,6.80,,,46192.41045138889,credit,
pay_rn1YvVsxuhq7W4,4730.50,INR,captured,order_uEXixUGG4BkxJi,,0,card,0.00,0.00,,1,,,,ICICI,,,,,[],118.26,21.29,,,2026-06-19 16:04:32,credit,
pay_vz41pn1PI2GH9S,14053.50,INR,captured,order_734LUDc4qYUZvj,,0,netbanking,0.00,0.00,,1,,,,HDFC,,,,,[],245.94,44.27,,,46192.97015046296,,
pay_6Ah1Y7IoQORopD,4687.00,INR,captured,order_d308n4ipMaxIbq,,0,upi,0.00,0.00,,1,,,,,,,,,[],93.74,16.87,,,2026-06-19 06:30:30,,
pay_Lg3wIbyKUKAaCI,16630.50,INR,captured,order_3obuL070xqt0sI,,0,upi,0.00,0.00,,1,,,,,,,,,[],332.61,59.87,,,46192.57221064815,,
pay_aBbqQuL7PGqBR8,474.00,INR,captured,order_g3Tkq2Ltvgv7Re,,0,card,0.00,0.00,,1,,,,ICICI,,,,,[],9.48,1.71,,,46192.8725462963,credit,
pay_wVpdt4gUMxbaa5,12370.50,INR,captured,order_4SSBGKYm1KBfwf,,0,wallet,0.00,0.00,,1,,,,,,,,,[],247.41,44.53,,,2026-06-19 03:09:57,,
pay_AbuErXYschDHUU,675.00,INR,captured,order_rACFvwSugED6yJ,,0,upi,0.00,0.00,,1,,,,,,,,,[],13.50,2.43,,,19/06/2026 10:22:26,,
pay_gmFfnrf9VbCRNl,1598.50,INR,captured,order_lsxBolaustP7Mw,,0,card,0.00,0.00,,1,,,,AXIS,,,,,[],31.97,5.75,,,19/06/2026 17:35:55,credit,
pay_20xeeP8WZ9L0dc,14106.00,INR,captured,order_1orM0cxC8e2rpy,,0,card,0.00,0.00,,1,,,,,,,,,[],282.12,50.78,,,2026-06-19 00:48:24,credit,
pay_U7k9icFe4MGtdJ,11035.00,INR,captured,order_4F0QRmyd02AuBA,,1,card,0.00,0.00,,1,,,,ICICI,,,,,[],386.23,69.52,,,2026-06-19 07:01:53,credit,
pay_Cw9WwXfLvvcopV,4558.00,INR,captured,order_rp2C74Y1Jqt3d4,,0,card,0.00,0.00,,1,,,,KKBK,,,,,[],54.70,9.85,,,2026-06-19 14:14:22,debit,
pay_ddar4WDLOqfggt,21788.50,INR,captured,order_x9fDOvqss0cXyY,,0,upi,0.00,0.00,,1,,,,,,,,,[],435.77,78.44,,,2026-06-19 21:27:51,,
pay_TlfGJeTPyhtVHc,18990.50,INR,captured,order_kjlIlpgSJ1cm9J,,0,upi,0.00,0.00,,1,,,,,,,,,[],379.81,68.37,,,2026-06-19 04:40:20,,
pay_6DpgDLKhgcJgH7,3115.50,INR,captured,order_2ct5jGGlmZ6oBr,,0,upi,0.00,0.00,,1,,,,,,,,,[],62.31,11.22,,,2026-06-19 11:53:49,,
pay_LSVhfQa65SSvFo,16813.00,INR,captured,order_l8b4AlnRgGJLKJ,,0,card,0.00,0.00,,1,,,,KKBK,,,,,[],201.76,36.32,,,2026-06-19 18:06:18,debit,
pay_qMoNBbSKsFH427,4593.00,INR,captured,order_Yok96uzltoocii,,0,upi,0.00,0.00,,1,,,,,,,,,[],91.86,16.53,,,2026-06-19 01:19:47,,
pay_CqFRpqkZ4yvUfb,19744.50,INR,captured,order_CvzAOPHwOXWWS8,,0,upi,0.00,0.00,,1,,,,,,,,,[],394.89,71.08,,,46192.35574074074,,
pay_6IbW7k1S7YdXHJ,4939.50,INR,captured,order_jdVQCxsmcX9sBM,,0,upi,0.00,0.00,,1,,,,,,,,,[],98.79,17.78,,,2026-06-19 15:45:45,,
pay_dXg1sAImcxXISz,491.50,INR,captured,order_00KEqD0Ku0G9sH,,0,upi,0.00,0.00,,1,,,,,,,,,[],9.83,1.77,,,2026-06-19 22:58:14,,
pay_wmDsuNvvTlUkzq,246.50,INR,captured,order_2Jmf2RRK9tDKZv,,0,upi,0.00,0.00,,1,,,,,,,,,[],4.93,0.89,,,46192.216469907406,,
pay_guORfiqkcDqLKt,8192.00,INR,captured,order_t68NQ9RRaImy2F,,0,upi,0.00,0.00,,1,,,,,,,,,[],163.84,29.49,,,2026-06-19 12:24:12,,
pay_KLS39QRkUmK3Cf,4256.50,INR,captured,order_8AToSwstoSuXZc,,0,upi,0.00,0.00,,1,,,,,,,,,[],85.13,15.32,,,46192.81783564815,,
pay_CM535p9uBMndJR,848.00,INR,captured,order_eC2eBtUBuNHTki,,0,upi,0.00,0.00,,1,,,,,,,,,[],16.96,3.05,,,2026-06-20 02:50:10,,
pay_ZD39Fz4tEPA5Ec,24434.00,INR,captured,order_QLjPRRQZI3LixJ,,0,card,0.00,0.00,,1,,,,,,,,,[],293.21,52.78,,,20/06/2026 09:03:39,debit,
pay_mxTNmrj6vmJ6lj,657.00,INR,captured,order_7kgskG6fUUDFCV,,0,upi,0.00,0.00,,1,,,,,,,,,[],13.14,2.37,,,2026-06-20 16:16:08,,
pay_hbS1UPgPskk5jf,10222.50,INR,captured,order_VArJ5f9XdPfpV6,,0,netbanking,0.00,0.00,,1,,,,,,,,,[],178.89,32.20,,,2026-06-20 23:29:37,,
pay_p6ZXt7w89jXPs2,579.50,INR,captured,order_AqGZstgK1gPsgh,,0,card,0.00,0.00,,1,,,,SBIN,,,,,[],11.59,2.09,,,20/06/2026 06:42:06,credit,
pay_cYxbBck31y3eSA,8065.50,INR,captured,order_HMxQVAtQkMN2I1,,0,card,0.00,0.00,,1,,,,KKBK,,,,,[],96.79,17.42,,,20/06/2026 13:55:35,debit,
pay_O703AJfs377hQU,3035.50,INR,captured,order_gzddLaTtWVpBy3,,0,upi,0.00,0.00,,1,,,,,,,,,[],60.71,10.93,,,2026-06-20 20:08:04,,
pay_AlA4wB8U1wNVkD,609.50,INR,captured,order_92SHWDP8R0ASW2,,0,wallet,0.00,0.00,,1,,,,,,,,,[],12.19,2.19,,,2026-06-20 03:21:33,,
pay_nhm4ZGios8xnga,17299.00,INR,refunded,order_BEZiLhoQmelgIS,,0,upi,17299.00,0.00,full,1,,,,,,,,,[],345.98,62.28,,,2026-06-20 10:34:02,,
pay_0lficFginhIPxH,19027.50,INR,refunded,order_fw2My9NUMiguv9,,0,upi,19027.50,0.00,full,1,,,,,,,,,[],380.55,68.50,,,46193.74133101852,,
pay_3k620SNIAO1mxV,2271.00,INR,captured,order_OMaafqQlVSQ1w5,,0,netbanking,0.00,0.00,,1,,,,KKBK,,,,,[],39.74,7.15,,,46193.0,,
pay_oIe1a9R7h5LbDZ,11932.00,INR,captured,order_T4atR1oGq87Ftg,,0,card,0.00,0.00,,1,,,,ICICI,,,,,[],238.64,42.96,,,20/06/2026 07:13:29,credit,
pay_aq3Vw2T1MXt42Q,4046.00,INR,refunded,order_bVOCeQu3j2oHBO,,0,upi,4046.00,0.00,full,1,,,,,,,,,[],80.92,14.57,,,20/06/2026 14:26:58,,
pay_f9Dbb3vldyn2SM,4982.00,INR,captured,order_e7V55XecYV18cd,,0,card,0.00,0.00,,1,,,,HDFC,,,,,[],99.64,17.94,,,2026-06-20 21:39:27,credit,
pay_4UPccLPCdeOvVh,868.50,INR,captured,order_wZADZUYFE51LH4,,0,upi,0.00,0.00,,1,,,,,,,,,[],17.37,3.13,,,20/06/2026 04:52:56,,
pay_Wl0nJwrfhzVgQf,1267.00,INR,captured,order_ey6ML3adaVk9HO,,0,upi,0.00,0.00,,1,,,,,,,,,[],25.34,4.56,,,46193.46209490741,,
pay_UmvZ1bjnUXkWM4,3026.50,INR,captured,order_aoUdJJskDtnP7a,,0,netbanking,0.00,0.00,,1,,,,KKBK,,,,,[],52.96,9.53,,,46193.763125,,
pay_fZyhHrKXQHLHtL,716.50,INR,captured,order_1C4f9j4AIh78kR,,0,card,0.00,0.00,,1,,,,KKBK,,,,,[],14.33,2.58,,,46193.06346064815,credit,
pay_C52Mz6KkbcMwB8,291.00,INR,captured,order_AWBnHqUlkp3K0N,,0,upi,0.00,0.00,,1,,,,,,,,,[],5.82,1.05,,,46193.36449074074,,
pay_jG8KRBsUERaopD,23357.00,INR,captured,order_32vOsL8fFzNDk3,,0,card,0.00,0.00,,1,,,,,,,,,[],280.28,50.45,,,2026-06-20 15:57:21,debit,
pay_HkysqoAukz9p6h,4518.00,INR,captured,order_FHbqLiHYZvzWpm,,0,upi,0.00,0.00,,1,,,,,,,,,[],90.36,16.26,,,46193.92418981482,,
pay_eYpvYmAghGJRQi,4736.50,INR,captured,order_PbtcUYKknF9r9y,,0,upi,0.00,0.00,,1,,,,,,,,,[],94.73,17.05,,,2026-06-20 05:23:19,,
pay_1D8HK11LVTyhCx,4591.00,INR,captured,order_UEhT1NcQPiw4dl,,0,card,0.00,0.00,,1,,,,AXIS,,,,,[],91.82,16.53,,,46193.525555555556,credit,
pay_ijlZ16HL7Y6ID5,22050.00,INR,captured,order_lg3UvJuRQU13Am,,0,upi,0.00,0.00,,1,,,,,,,,,[],441.00,79.38,,,21/06/2026 19:49:17,,
pay_3GQ54CeK7XytXE,977.50,INR,captured,order_BwaIGmu9Es8VqB,,0,upi,0.00,0.00,,1,,,,,,,,,[],19.55,3.52,,,46194.08525462963,,
pay_2oePYphqZvFo5r,5639.00,INR,captured,order_HRicQjrOtAkwW6,,0,card,0.00,0.00,,1,,,,,,,,,[],112.78,20.30,,,2026-21-06 09:15:15,credit,
pay_DcJR0XtGPR5PxW,7223.00,INR,captured,order_UTtZykBcbW4Vfo,,0,upi,0.00,0.00,,1,,,,,,,,,[],144.46,26.00,,,2026-06-21 16:28:44,,
pay_mxQKAhroC9Wsc8,4239.50,INR,captured,order_LSrtabm9sgq2X3,,0,upi,0.00,0.00,,1,,,,,,,,,[],84.79,15.26,,,2026-06-21 23:41:13,,
pay_WLtHMdsj4eRb7m,2872.00,INR,captured,order_O0KPtONs375iI3,,0,upi,0.00,0.00,,1,,,,,,,,,[],57.44,10.34,,,2026-06-21 06:54:42,,
pay_PGaBJ8jgPC2W0E,774.50,INR,captured,order_jSZhMEyD8depsd,,0,netbanking,0.00,0.00,,1,,,,AXIS,,,,,[],13.55,2.44,,,2026-06-21 13:07:11,,
pay_hoWH4H6Ikmq37N,19395.50,INR,captured,order_Iha8t5mhFvCYDP,,0,card,0.00,0.00,,1,,,,SBIN,,,,,[],387.91,69.82,,,2026-06-21 20:20:40,credit,
pay_5DR1NLHXaEdH34,1884.00,INR,captured,order_ZjFXdWgIb92Qbb,,0,upi,0.00,0.00,,1,,,,,,,,,[],37.68,6.78,,,21/06/2026 03:33:09,,
pay_ta0AHg0ZbWsKjH,978.50,INR,captured,order_58tyVW4mKITWRs,,0,upi,0.00,0.00,,1,,,,,,,,,[],19.57,3.52,,,2026-21-06 10:46:38,,
pay_dQDJm9OSfMwAKm,14226.00,INR,captured,order_KDBBHflcuZERxG,,0,card,0.00,0.00,,1,,,,HDFC,,,,,[],170.71,30.73,,,46194.749386574076,debit,
pay_WfZdwDbObEstGy,836.50,INR,captured,order_raTIFahU4TPCwt,,0,upi,0.00,0.00,,1,,,,,,,,,[],16.73,3.01,,,2026-21-06 00:12:36,,
pay_JWGzw91AfkZoH7,950.00,INR,captured,order_YSxskDcwjwhwrs,,0,upi,0.00,0.00,,1,,,,,,,,,[],19.00,3.42,,,46194.30908564815,,
pay_VB29XGrhiXjrIO,896.00,INR,captured,order_r3t6oiMhSfIP91,,0,card,0.00,0.00,,1,,,,,,,,,[],17.92,3.23,,,2026-06-21 14:38:34,credit,
pay_gAYbVpaXJ4YKdN,8515.00,INR,captured,order_AF0lfjJTDqeW3k,,0,card,0.00,0.00,,1,,,,HDFC,,,,,[],170.30,30.65,,,46194.91045138889,credit,
pay_ihI0Qn6x6rLsnb,4168.50,INR,captured,order_Gs9VMiPUNLMoCI,,0,card,0.00,0.00,,1,,,,AXIS,,,,,[],50.02,9.00,,,2026-06-21 04:04:32,debit,
pay_xMeIXSpM5tqQdi,832.50,INR,captured,order_TatsmquRJHKWeS,,0,netbanking,0.00,0.00,,1,,,,ICICI,,,,,[],14.57,2.62,,,2026-06-21 11:17:01,,
pay_c1t4Be4v1dHi8d,10749.50,INR,captured,order_aMiCUvbaBUtFja,,0,card,0.00,0.00,,1,,,,ICICI,,,,,[],214.99,38.70,,,46194.77118055556,credit,
pay_1PZ1rSzVxk2npB,704.50,INR,captured,order_EF8qLiWLyNXdi8,,0,upi,0.00,0.00,,1,,,,,,,,,[],14.09,2.54,,,46194.07221064815,,
pay_AdF8qpM51xa31b,872.50,INR,captured,order_mBh66akXrWvtcz,,0,upi,0.00,0.00,,1,,,,,,,,,[],17.45,3.14,,,21/06/2026 08:56:28,,
pay_VhcAPJrjTPpcNK,908.50,INR,captured,order_36grgomX2XWIwR,,0,upi,0.00,0.00,,1,,,,,,,,,[],18.17,3.27,,,21/06/2026 15:09:57,,
pay_CkkjrJmNstUc9L,17653.00,INR,captured,order_G4SBuoD03AycMo,,0,upi,0.00,0.00,,1,,,,,,,,,[],353.06,63.55,,,2026-06-21 22:22:26,,
pay_nd8ByMB6t7M1D4,1102.00,INR,captured,order_1o7dc4lsnwVcMt,,0,upi,0.00,0.00,,1,,,,,,,,,[],22.04,3.97,,,2026-06-21 05:35:55,,
pay_glcPZO85uyKsLJ,2236.50,INR,captured,order_UOkldwmfoN5afL,,0,upi,0.00,0.00,,1,,,,,,,,,[],44.73,8.05,,,2026-06-21 12:48:24,,
pay_Da4vNasPMmhUAM,562.00,INR,captured,order_Mk4UipgihRwT4F,,0,card,0.00,0.00,,1,,,,HDFC,,,,,[],14.05,2.53,,,2026-06-21 19:01:53,credit,
pay_jl8lcwCtF5wGXP,3532.00,INR,captured,order_ZHaEPjZBsdEQ3i,,0,upi,0.00,0.00,,1,,,,,,,,,[],70.64,12.72,,,46194.093310185184,,
pay_QjD3KNThx6o55g,934.00,INR,captured,order_eJtKDtQrnMq5T0,,0,upi,0.00,0.00,,1,,,,,,,,,[],18.68,3.36,,,2026-06-21 09:27:51,,
pay_qXVbJzTxipLxWZ,274.50,INR,captured,order_dgj0WLXCGAcZaT,,0,upi,0.00,0.00,,1,,,,,,,,,[],5.49,0.99,,,21/06/2026 16:40:20,,
pay_XMrA3Ib4Kaomzm,15018.50,INR,captured,order_wpcQllEOQysoeh,,0,netbanking,0.00,0.00,,1,,,,AXIS,,,,,[],262.82,47.31,,,2026-06-21 23:53:49,,
pay_eVtp4WTHsjFEP2,386.50,INR,captured,order_3mEXCnA4zHLj20,,0,upi,0.00,0.00,,1,,,,,,,,,[],7.73,1.39,,,2026-06-21 06:06:18,,
pay_NdSHZcr6zftJ3u,879.50,INR,captured,order_OHDo78e4sE7EOg,,0,netbanking,0.00,0.00,,1,,,,ICICI,,,,,[],15.39,2.77,,,2026-06-21 13:19:47,,
pay_TdNBwxi1E4gbql,997.50,INR,captured,order_MfX5rY6sz0c23E,,0,upi,0.00,0.00,,1,,,,,,,,,[],19.95,3.59,,,21/06/2026 20:32:16,,
pay_uCN9dWkfTNbd5S,22836.00,INR,captured,order_5B9ipCRC5Pk3SR,,0,card,0.00,0.00,,1,,,,KKBK,,,,,[],456.72,82.21,,,21/06/2026 03:45:45,credit,
pay_LzzCATK2LAqKaw,12929.00,INR,captured,order_2B616JR3xiSENX,,0,upi,0.00,0.00,,1,,,,,,,,,[],258.58,46.54,,,46194.45710648148,,
pay_tSm210rcmO7WWu,1068.00,INR,captured,order_9ODEgJAvzTGAgi,,0,netbanking,0.00,0.00,,1,,,,SBIN,,,,,[],18.69,3.36,,,2026-06-21 17:11:43,,
pay_r4aZOXgW2nlC4m,3288.50,INR,captured,order_1rOxUYDXmU7Y1J,,0,upi,0.00,0.00,,1,,,,,,,,,[],65.77,11.84,,,2026-06-21 00:24:12,,
pay_nnxC5ikhJgCMAk,4713.50,INR,captured,order_MJrYHOxaxJYnuy,,0,card,0.00,0.00,,1,,,,ICICI,,,,,[],117.84,21.21,,,2026-21-06 07:37:41,credit,
pay_ZhszrJEIC8jYnq,23805.50,INR,captured,order_u4gyrqrSa5CQUE,,0,upi,0.00,0.00,,1,,,,,,,,,[],476.11,85.70,,,2026-06-21 14:50:10,,
pay_UqQ8xBDS5aqX72,513.50,INR,captured,order_lw2dAp4FbRiUaU,,0,upi,0.00,0.00,,1,,,,,,,,,[],10.27,1.85,,,2026-06-21 21:03:39,,
pay_wLI4BF5zSdQxKA,475.00,INR,captured,order_LI5e7iyn7iaIrY,,0,wallet,0.00,0.00,,1,,,,,,,,,[],9.50,1.71,,,2026-06-21 04:16:08,,
pay_B97QBITndF3Q1d,856.50,INR,captured,order_8ADIeA3maU22G1,,0,netbanking,0.00,0.00,,1,,,,KKBK,,,,,[],14.99,2.70,,,2026-06-21 11:29:37,,
pay_3XmMxUGsCGaR2k,23390.00,INR,captured,order_kspDMMIzGHKOME,,0,card,0.00,0.00,,1,,,,HDFC,,,,,[],280.68,50.52,,,2026-06-21 18:42:06,debit,
pay_tq6xNdzCJN2INF,224.00,INR,captured,order_QxNJ0AlR51q1jp,,0,card,0.00,0.00,,1,,,,,,,,,[],4.48,0.81,,,2026-06-21 01:55:35,credit,
pay_Z4FgVW1MdrkHhq,275.00,INR,captured,order_A9b5jDvTsUL5NY,,0,upi,0.00,0.00,,1,,,,,,,,,[],5.50,0.99,,,2026-06-21 08:08:04,,
pay_lgIaBAa3vbj0qy,23043.50,INR,captured,order_6mQmrS3sKW9FtV,,0,upi,0.00,0.00,,1,,,,,,,,,[],460.87,82.96,,,2026-06-21 15:21:33,,
pay_iPoZRIXyTly9ze,494.50,INR,captured,order_N5yLzvjq0Fyevf,,0,upi,0.00,0.00,,1,,,,,,,,,[],9.89,1.78,,,2026-06-21 22:34:02,,
pay_lCNI4R1aneHyyO,3825.50,INR,captured,order_BCpAxmRIm1VAGy,,0,upi,0.00,0.00,,1,,,,,,,,,[],76.51,13.77,,,2026-06-21 05:47:31,,
pay_mWooWQw0gmj0wp,3550.50,INR,captured,order_uPUBFUWvQnTuzw,,0,wallet,0.00,0.00,,1,,,,,,,,,[],71.01,12.78,,,2026-06-21 12:00:00,,
pay_xTTQWZgPS51Hly,18802.00,INR,captured,order_7jREeGFky6PJFB,,0,upi,0.00,0.00,,1,,,,,,,,,[],376.04,67.69,,,2026-06-22 19:13:29,,
pay_8FdEVNjVuWhj24,20379.50,INR,captured,order_bdtQcpT2TT8ZKg,,0,upi,0.00,0.00,,1,,,,,,,,,[],407.59,73.37,,,2026-06-22 02:26:58,,
pay_DsEi60oVp8rkQg,1294.50,INR,captured,order_jMzLC7gysV5RTL,,0,upi,0.00,0.00,,1,,,,,,,,,[],25.89,4.66,,,46195.402395833335,,
pay_sljN7yDtgIY6Qs,12598.50,INR,captured,order_KW3kDW0bHtxuvp,,0,netbanking,0.00,0.00,,1,,,,SBIN,,,,,[],220.47,39.68,,,46195.70342592592,,
pay_pfjuZVyO1CRdSh,2947.50,INR,captured,order_m9bkDRxj9W2h5W,,0,upi,0.00,0.00,,1,,,,,,,,,[],58.95,10.61,,,2026-22-06 23:05:25,,
pay_sjO0Z9VqVS65L9,14947.50,INR,captured,order_mlUpa2PUZ5siiY,,0,card,0.00,0.00,,1,,,,AXIS,,,,,[],373.69,67.26,,,2026-06-22 06:18:54,credit,
pay_e3YqH6MQCOU1g6,20540.50,INR,captured,order_6DFl0pbqlsb9uU,,0,upi,0.00,0.00,,1,,,,,,,,,[],410.81,73.95,,,2026-06-22 13:31:23,,
pay_dm27ln17g6wYMM,13764.50,INR,captured,order_TiwsIyLmOygeiH,,1,card,0.00,0.00,,1,,,,KKBK,,,,,[],481.76,86.72,,,2026-06-22 20:44:52,credit,
pay_ulQzfJKMykxBqe,420.50,INR,captured,order_lYDewcrpK1KcJP,,0,upi,0.00,0.00,,1,,,,,,,,,[],8.41,1.51,,,2026-06-22 03:57:21,,
pay_xZGuY7KAo8Rvq1,10854.50,INR,captured,order_VyMpdkbHm6aCH6,,0,netbanking,0.00,0.00,,1,,,,ICICI,,,,,[],189.95,34.19,,,22/06/2026 10:10:50,,
pay_UfK5SIeObmqtWU,406.00,INR,captured,order_lcOZnssnk69KsO,,0,netbanking,0.00,0.00,,1,,,,KKBK,,,,,[],7.11,1.28,,,2026-06-22 17:23:19,,
pay_tIshD1dhfzeMym,4860.50,INR,captured,order_tHQgBKhpFmHaNt,,0,upi,0.00,0.00,,1,,,,,,,,,[],97.21,17.50,,,2026-06-22 00:36:48,,
pay_ccEe8hg7AeSOgW,1620.50,INR,captured,order_fu59mksTnGBhhd,,0,upi,0.00,0.00,,1,,,,,,,,,[],32.41,5.83,,,2026-06-22 07:49:17,,
pay_hJ780i5IMCksBr,8515.00,INR,captured,order_ITeDwlSkZxVJL9,,0,card,0.00,0.00,,1,,,,HDFC,,,,,[],170.30,30.65,,,2026-06-22 14:02:46,credit,
pay_NaCtbMvBlkvCpx,18402.50,INR,captured,order_47o1x8QUPtZrZM,,0,upi,0.00,0.00,,1,,,,,,,,,[],368.05,66.25,,,2026-06-22 21:15:15,,
pay_3x1Tv5K4F68oDt,2513.50,INR,captured,order_froP1UL0QJEu1r,,0,wallet,0.00,0.00,,1,,,,,,,,,[],50.27,9.05,,,46195.18662037037,,
pay_M6aDtD0DQ04fYu,3010.50,INR,captured,order_86py81qE0KwDTN,,0,upi,0.00,0.00,,1,,,,,,,,,[],60.21,10.84,,,2026-06-22 11:41:13,,
pay_2uPUMErTbIYRHM,3192.00,INR,captured,order_lsy6AWUvauzuaU,,0,upi,0.00,0.00,,1,,,,,,,,,[],63.84,11.49,,,22/06/2026 18:54:42,,
pay_CijfL7ExVhvSon,1618.50,INR,captured,order_gkNlWqpqmxibxI,,0,card,0.00,0.00,,1,,,,KKBK,,,,,[],32.37,5.83,,,22/06/2026 01:07:11,credit,
pay_nKMiaBM0h6CsbG,568.00,INR,captured,order_FIpASIDHkuIB9J,,0,upi,0.00,0.00,,1,,,,,,,,,[],11.36,2.04,,,46195.34768518519,,
pay_Gz1cpY3ArrLaJ8,2053.00,INR,captured,order_B8H0RQGTEdTHhp,,0,upi,0.00,0.00,,1,,,,,,,,,[],41.06,7.39,,,2026-06-22 15:33:09,,
pay_cNbZNe8rW40LsK,6238.50,INR,captured,order_vHcejdGmCIXkp2,,0,upi,0.00,0.00,,1,,,,,,,,,[],124.77,22.46,,,2026-22-06 22:46:38,,
pay_9t0CvzIFrNkyHD,450.00,INR,captured,order_85T3y93vp1RQLz,,0,wallet,0.00,0.00,,1,,,,,,,,,[],9.00,1.62,,,2026-06-22 05:59:07,,
pay_jvjNiJdTokXJy1,2066.50,INR,captured,order_lMoaCNZgqifoC3,,0,wallet,0.00,0.00,,1,,,,,,,,,[],41.33,7.44,,,22/06/2026 12:12:36,,
pay_3JhUy8qOLZAf1I,10295.00,INR,captured,order_0US0NRnvbHSYVn,,0,upi,0.00,0.00,,1,,,,,,,,,[],205.90,37.06,,,2026-06-22 19:25:05,,
pay_iHvMtz2PfoMgKT,3477.50,INR,captured,order_QwHx2Yh6j3OT5y,,0,upi,0.00,0.00,,1,,,,,,,,,[],69.55,12.52,,,22/06/2026 02:38:34,,
pay_LwTcqrhYC8MZFQ,4292.50,INR,captured,order_6Zhflhp9T3E1Vl,,0,card,0.00,0.00,,1,,,,KKBK,,,,,[],51.51,9.27,,,46195.41045138889,debit,
pay_QpvzoR8Gs8bn3w,1078.50,INR,captured,order_0ocFZRpD8zKbld,,0,upi,0.00,0.00,,1,,,,,,,,,[],21.57,3.88,,,2026-06-22 16:04:32,,
pay_cPaVGKKRiv9CYC,4903.00,INR,captured,order_z2193FPaBxQY2B,,0,upi,0.00,0.00,,1,,,,,,,,,[],98.06,17.65,,,2026-06-22 23:17:01,,
pay_LMRyArKZAlnsOQ,428.50,INR,captured,order_l5vwkufBKgDO7k,,0,card,0.00,0.00,,1,,,,AXIS,,,,,[],5.14,0.93,,,22/06/2026 06:30:30,debit,
pay_a6xrkg95GwqzOo,18941.00,INR,captured,order_uWm6OROwzNRE5y,,0,netbanking,0.00,0.00,,1,,,,HDFC,,,,,[],331.47,59.66,,,46195.57221064815,,
pay_7bjGWYc0JsPJOQ,207.00,INR,captured,order_AxYeTHAb8YTLuu,,0,upi,0.00,0.00,,1,,,,,,,,,[],4.14,0.75,,,2026-06-22 20:56:28,,
pay_o1uFRuWv1D4owC,986.50,INR,captured,order_HOxdDpTNsgzT94,,0,netbanking,0.00,0.00,,1,,,,,,,,,[],17.26,3.11,,,46195.13190972222,,
pay_Lyfwc4x3nJnORP,449.50,INR,captured,order_B9TM5x2B5khBzx,,0,netbanking,0.00,0.00,,1,,,,SBIN,,,,,[],7.87,1.42,,,22/06/2026 10:22:26,,
pay_2PTLKohn0BVCiu,2403.00,INR,captured,order_1kBPuQy4NxJaW4,,0,upi,0.00,0.00,,1,,,,,,,,,[],48.06,8.65,,,22/06/2026 17:35:55,,
pay_tJfmIdDp1SHNQW,8990.00,INR,captured,order_H5UAA39lXMmolz,,0,upi,0.00,0.00,,1,,,,,,,,,[],179.80,32.36,,,2026-06-22 00:48:24,,
pay_A0M2CdDRibz6Ex,12990.00,INR,captured,order_Zfqfh5ORD9Wsk8,,0,wallet,0.00,0.00,,1,,,,,,,,,[],259.80,46.76,,,2026-06-22 07:01:53,,
pay_SjDWYGk9BCyTGd,294.00,INR,captured,order_3w3p039zfFBzZz,,0,card,0.00,0.00,,1,,,,,,,,,[],5.88,1.06,,,2026-06-22 14:14:22,credit,
pay_v0lAJCSRCTqiuV,4441.00,INR,refunded,order_3PYTJ4NwiPBIe8,,0,upi,2220.50,0.00,full,1,,,,,,,,,[],88.82,15.99,,,22/06/2026 21:27:51,,
pay_DNh64oCCREhT4R,369.50,INR,captured,order_NCoLCGog9GuAyk,,0,upi,0.00,0.00,,1,,,,,,,,,[],7.39,1.33,,,46195.19467592592,,
pay_cPRZUTDgpIBSJn,3389.00,INR,captured,order_yvrQxskgnACNBF,,0,upi,0.00,0.00,,1,,,,,,,,,[],67.78,12.20,,,2026-06-22 11:53:49,,
pay_FbaRIUNyUqWpJe,639.00,INR,captured,order_ZN7rW97g0nV26f,,0,netbanking,0.00,0.00,,1,,,,,,,,,[],11.18,2.01,,,2026-06-22 18:06:18,,
pay_vHsGyECPso1CUg,12522.00,INR,captured,order_sFdUq7v004gbCD,,0,upi,0.00,0.00,,1,,,,,,,,,[],250.44,45.08,,,2026-22-06 01:19:47,,
pay_aKn5S5cNtNr7YU,15590.00,INR,captured,order_LUJ15Fi5M2Pzzi,,0,netbanking,0.00,0.00,,1,,,,AXIS,,,,,[],272.83,49.11,,,2026-06-22 08:32:16,,
pay_1OIE2oPlbKJPUf,22889.00,INR,captured,order_CctBOFBr90yVAG,,0,upi,0.00,0.00,,1,,,,,,,,,[],457.78,82.40,,,2026-06-22 15:45:45,,
pay_lG8YbsrqrCurKC,2150.00,INR,captured,order_7BHBD8swywGS84,,0,upi,0.00,0.00,,1,,,,,,,,,[],43.00,7.74,,,22/06/2026 22:58:14,,
pay_u70cpMYBcoJ7T6,8815.50,INR,captured,order_x2jrCTysLWQzNm,,0,card,0.00,0.00,,1,,,,HDFC,,,,,[],105.79,19.04,,,22/06/2026 05:11:43,debit,
pay_c1akJDenB8kWLo,1828.50,INR,captured,order_kfzLH8U2qTy8rf,,0,upi,0.00,0.00,,1,,,,,,,,,[],36.57,6.58,,,2026-22-06 12:24:12,,
pay_c9PFU84q7eBoLG,23132.00,INR,captured,order_kOOSGgnJz64HOK,,0,upi,0.00,0.00,,1,,,,,,,,,[],462.64,83.28,,,23/06/2026 19:37:41,,
pay_JMezTZPxBmFlwZ,15864.00,INR,captured,order_99FHUmkGVSrLar,,0,upi,0.00,0.00,,1,,,,,,,,,[],317.28,57.11,,,2026-06-23 02:50:10,,
pay_KqKlkE8IAoKF0Q,9790.00,INR,captured,order_nZq515xmL9RncH,,0,card,0.00,0.00,,1,,,,HDFC,,,,,[],117.48,21.15,,,23/06/2026 09:03:39,debit,
pay_PLJQoPwUMnlf4U,325.50,INR,captured,order_YbkLUzJbCIDZuT,,0,card,0.00,0.00,,1,,,,KKBK,,,,,[],6.51,1.17,,,46196.67787037037,credit,
pay_sH2dVpcUeH8lnz,712.50,INR,captured,order_iBiqMjW1sHc0pZ,,0,upi,0.00,0.00,,1,,,,,,,,,[],14.25,2.57,,,2026-06-23 23:29:37,,
pay_hFdUOF4j7wCZFr,3842.00,INR,captured,order_BZT35bFXJLKBsM,,0,upi,0.00,0.00,,1,,,,,,,,,[],76.84,13.83,,,46196.27923611111,,
pay_UooBV3WVo06gH0,2588.50,INR,captured,order_oFEIUUET7OIhLB,,0,upi,0.00,0.00,,1,,,,,,,,,[],51.77,9.32,,,46196.5802662037,,
pay_Ma99PeaJP81FAa,3037.50,INR,captured,order_7p8r6QZluCip82,,0,upi,0.00,0.00,,1,,,,,,,,,[],60.75,10.94,,,2026-06-23 20:08:04,,
pay_xdyG8w1rem5qGF,852.00,INR,captured,order_fNAWpimXtR17cu,,0,card,0.00,0.00,,1,,,,,,,,,[],10.22,1.84,,,2026-06-23 03:21:33,debit,
pay_UT2TLgrKzUbOPA,22739.50,INR,captured,order_BgOXS8Tfz6LJfn,,0,card,0.00,0.00,,1,,,,HDFC,,,,,[],272.87,49.12,,,2026-06-23 10:34:02,debit,
pay_rhVrOJumpcDAmL,1911.00,INR,captured,order_1oNUD3TrbU4PbN,,0,upi,0.00,0.00,,1,,,,,,,,,[],38.22,6.88,,,23/06/2026 17:47:31,,
pay_0cFXno9OHysVqR,878.00,INR,captured,order_x8A9Z0zxkPCN97,,0,netbanking,0.00,0.00,,1,,,,HDFC,,,,,[],15.37,2.77,,,23/06/2026 00:00:00,,
pay_pdt6oFne34LliS,1540.50,INR,captured,order_6LCug5oBGhk6SX,,0,netbanking,0.00,0.00,,1,,,,,,,,,[],26.96,4.85,,,46196.301030092596,,
pay_Yr8D9kZY6pfGZB,3743.00,INR,captured,order_jBVANHDMlZhsV7,,0,upi,0.00,0.00,,1,,,,,,,,,[],74.86,13.47,,,46196.602060185185,,
pay_ri88fnW9nWLRIa,12346.50,INR,captured,order_r8Q1M4eKYR9Dnn,,0,card,0.00,0.00,,1,,,,AXIS,,,,,[],246.93,44.45,,,2026-06-23 21:39:27,credit,
pay_Jqw7Dj74DoZzDU,10119.00,INR,captured,order_9SyoXsUUmiSsUQ,,0,card,0.00,0.00,,1,,,,,,,,,[],202.38,36.43,,,23/06/2026 04:52:56,credit,
pay_67FbK67z6cu086,236.50,INR,captured,order_5CdaSRVGup0bmV,,0,card,0.00,0.00,,1,,,,ICICI,,,,,[],2.84,0.51,,,23/06/2026 11:05:25,debit,
pay_ASjV9odWN2tu9w,978.50,INR,captured,order_8Hi0GiYCnIFUKs,,0,netbanking,0.00,0.00,,1,,,,KKBK,,,,,[],17.12,3.08,,,23/06/2026 18:18:54,,
pay_mqqCgoVrNEp0SY,19296.50,INR,captured,order_xBcRmjSxd7PSbu,,0,wallet,0.00,0.00,,1,,,,,,,,,[],385.93,69.47,,,23/06/2026 01:31:23,,
pay_ey2Orfx8S3ar4W,787.00,INR,captured,order_iBZjSqjKHnD5Lt,,0,wallet,0.00,0.00,,1,,,,,,,,,[],15.74,2.83,,,2026-06-23 08:44:52,,
pay_LBXQAMXLuX9zlW,2878.00,INR,captured,order_ZcHoHhtvSXNcum,,0,upi,0.00,0.00,,1,,,,,,,,,[],57.56,10.36,,,46196.664826388886,,
pay_4gOC0DackhM7AX,1514.50,INR,captured,order_f5VgHQEVGhsXY6,,0,netbanking,0.00,0.00,,1,,,,AXIS,,,,,[],26.50,4.77,,,2026-06-23 22:10:50,,
pay_4DYl1vBybNmXm8,1911.50,INR,captured,order_P7IHeMEKJhXurt,,0,upi,0.00,0.00,,1,,,,,,,,,[],38.23,6.88,,,46196.22452546296,,
pay_WTnesUSzzQPvcL,2946.00,INR,captured,order_Lnp5hI14hRVDrY,,0,upi,0.00,0.00,,1,,,,,,,,,[],58.92,10.61,,,2026-06-23 12:36:48,,
pay_eW3WPokl6qWFe7,4542.50,INR,captured,order_H2OYBjabBivPPJ,,0,card,0.00,0.00,,1,,,,AXIS,,,,,[],113.56,20.44,,,46196.825891203705,credit,
pay_p7DisKnYa20rxn,616.50,INR,captured,order_WrcO95raMFtQFo,,0,upi,0.00,0.00,,1,,,,,,,,,[],12.33,2.22,,,2026-06-23 02:02:46,,
pay_C68CGymOI6A8nB,2596.00,INR,captured,order_bfpTmFDPKQQfdP,,0,upi,0.00,0.00,,1,,,,,,,,,[],51.92,9.35,,,23/06/2026 09:15:15,,
pay_9aXm4gzW09pPoB,4001.50,INR,captured,order_PcJeQPZzIFUjcz,,0,netbanking,0.00,0.00,,1,,,,KKBK,,,,,[],70.03,12.61,,,2026-06-23 16:28:44,,
pay_4xb5bVJLiu3d1e,24666.50,INR,captured,order_jemaGhkHBcgYr9,,0,upi,0.00,0.00,,1,,,,,,,,,[],493.33,88.80,,,2026-06-23 23:41:13,,
pay_zyrsQZhGRy2lc6,2114.00,INR,captured,order_67prqNjcjthEMX,,0,card,0.00,0.00,,1,,,,HDFC,,,,,[],25.37,4.57,,,46196.287986111114,debit,
pay_fwNDYApJcARGFz,11694.00,INR,captured,order_g9C3JitvTbyTkC,,0,upi,0.00,0.00,,1,,,,,,,,,[],233.88,42.10,,,46196.54665509259,,
pay_O5zJub1cRmGIxq,1655.50,INR,captured,order_frHsyg8atDNf0V,,0,card,0.00,0.00,,1,,,,AXIS,,,,,[],19.87,3.58,,,2026-06-23 20:20:40,debit,
pay_8lNxsEcoILvdtT,1899.50,INR,captured,order_AxmIo51OOzSdbr,,0,upi,0.00,0.00,,1,,,,,,,,,[],37.99,6.84,,,23/06/2026 03:33:09,,
pay_yDVOgfZJdW6ujE,674.50,INR,captured,order_DsjkDPaYSbzkQn,,0,upi,0.00,0.00,,1,,,,,,,,,[],13.49,2.43,,,2026-06-23 10:46:38,,
pay_zodVmZIJJhqzQ1,9504.50,INR,captured,order_ojAlOYioBFiDal,,0,card,0.00,0.00,,1,,,,,,,,,[],190.09,34.22,,,2026-06-23 17:59:07,credit,
pay_tAL61QS6KFmqik,19348.50,INR,captured,order_fnmn84PV2CWf59,,0,card,0.00,0.00,,1,,,,AXIS,,,,,[],232.18,41.79,,,23/06/2026 00:12:36,debit,
pay_HJij0cCg1KwejO,826.50,INR,captured,order_2jkch45MuOkVNG,,0,card,0.00,0.00,,1,,,,SBIN,,,,,[],20.66,3.72,,,2026-06-23 07:25:05,credit,
pay_Eov1OV8cAVm4LO,386.00,INR,captured,order_2fJmI50hzw7oau,,0,card,0.00,0.00,,1,,,,KKBK,,,,,[],7.72,1.39,,,2026-06-23 14:38:34,credit,
pay_415ICaI8GEr7ff,554.00,INR,captured,order_aFmmxJ4haUVNn6,,0,card,0.00,0.00,,1,,,,KKBK,,,,,[],6.65,1.20,,,2026-06-23 21:51:03,debit,
pay_OCSTAq5ydcQkrW,2607.00,INR,captured,order_GUJ67TaX8R5lsh,,0,netbanking,0.00,0.00,,1,,,,KKBK,,,,,[],45.62,8.21,,,2026-06-23 04:04:32,,
pay_WLMmsPDzd9ueRy,17627.50,INR,captured,order_BlVmTBOVinMPAZ,,0,card,0.00,0.00,,1,,,,KKBK,,,,,[],211.53,38.08,,,2026-06-23 11:17:01,debit,
pay_DM8hnMzoms7jEL,210.50,INR,captured,order_dk8ovt3sURXiL0,,0,card,0.00,0.00,,1,,,,SBIN,,,,,[],2.53,0.46,,,46196.77118055556,debit,
pay_r89LFvPvRSAxCe,994.50,INR,captured,order_OunzlQeb4EcY07,,0,card,0.00,0.00,,1,,,,,,,,,[],19.89,3.58,,,46196.07221064815,credit,
pay_U1jtDnPz8QYw1r,264.00,INR,captured,order_TEDEmS2NClcMTV,,0,upi,0.00,0.00,,1,,,,,,,,,[],5.28,0.95,,,2026-06-23 08:56:28,,
pay_qFjr0poI5llF1E,693.50,INR,captured,order_yCdNhAOrlRVIiV,,0,card,0.00,0.00,,1,,,,KKBK,,,,,[],13.87,2.50,,,2026-06-23 15:09:57,credit,
pay_Tue8T7UQgVMDYj,946.50,INR,captured,order_UOnQMyjX9fivVT,,0,upi,0.00,0.00,,1,,,,,,,,,[],18.93,3.41,,,2026-06-23 22:22:26,,
pay_4wTO8EL1dixSJK,1370.50,INR,captured,order_Ls2WncHg1VOjmN,,0,upi,0.00,0.00,,1,,,,,,,,,[],27.41,4.93,,,2026-23-06 05:35:55,,
pay_esCvVsXY3g6mWe,1599.00,INR,captured,order_YboDQqgtnSi5wI,,0,upi,0.00,0.00,,1,,,,,,,,,[],31.98,5.76,,,46197.53361111111,,
pay_vF2ImTIAMCaQ4J,785.50,INR,captured,order_WtBbPRG3JmOKiV,,0,upi,0.00,0.00,,1,,,,,,,,,[],15.71,2.83,,,24/06/2026 19:01:53,,
pay_FOhhzG0PMQTYcL,18094.50,INR,captured,order_elAjTNW55CvjYh,,0,netbanking,0.00,0.00,,1,,,,KKBK,,,,,[],316.65,57.00,,,24/06/2026 02:14:22,,
pay_O53kC8cFD6AX0W,10683.00,INR,captured,order_Q8OTcfuo93ooKW,,0,card,0.00,0.00,,1,,,,HDFC,,,,,[],128.20,23.08,,,24/06/2026 09:27:51,debit,
pay_Pn8F0eKUTPSySa,4801.00,INR,captured,order_pbxKT77uRXO9PM,,0,card,0.00,0.00,,1,,,,KKBK,,,,,[],57.61,10.37,,,2026-06-24 16:40:20,debit,
pay_gUESBYhCL5bsMq,20117.00,INR,captured,order_Un54Y85uZH4y9C,,0,card,0.00,0.00,,1,,,,,,,,,[],241.40,43.45,,,2026-06-24 23:53:49,debit,
pay_zSoL8RDWdORVee,14937.00,INR,captured,order_slzS7977nhRkS8,,0,upi,0.00,0.00,,1,,,,,,,,,[],298.74,53.77,,,24/06/2026 06:06:18,,
pay_5S1O71vdma5bOz,3576.50,INR,captured,order_iLuM8YRq56cgOr,,0,card,0.00,0.00,,1,,,,KKBK,,,,,[],42.92,7.73,,,46197.55540509259,debit,
pay_FxfdpAUtcp1aim,535.00,INR,captured,order_YCf65cXTnJOJfR,,0,upi,0.00,0.00,,1,,,,,,,,,[],10.70,1.93,,,24/06/2026 20:32:16,,
pay_KwkNnUCohPEbcQ,15466.00,INR,captured,order_4UBufLVni2G67V,,0,wallet,0.00,0.00,,1,,,,,,,,,[],309.32,55.68,,,2026-24-06 03:45:45,,
pay_8rOMABtx9VpN74,6296.50,INR,captured,order_qTab0d9zVzIfB8,,0,upi,0.00,0.00,,1,,,,,,,,,[],125.93,22.67,,,2026-06-24 10:58:14,,
pay_Id6NqS6IiirnSd,21132.50,INR,captured,order_3jZM0QqCu9OoIG,,0,card,0.00,0.00,,1,,,,SBIN,,,,,[],253.59,45.65,,,2026-06-24 17:11:43,debit,
pay_4HGajdrZab0TkL,12656.00,INR,captured,order_MDFKWfHJHAqsBa,,0,card,0.00,0.00,,1,,,,AXIS,,,,,[],253.12,45.56,,,2026-06-24 00:24:12,credit,
pay_bYZjyzIztv9tRd,11331.50,INR,captured,order_IJj1IV2JegRoDu,,0,netbanking,0.00,0.00,,1,,,,KKBK,,,,,[],198.30,35.69,,,2026-06-24 07:37:41,,
pay_TOjREI3AYiqNjb,774.00,INR,captured,order_bzYVYWa4MD06w2,,0,netbanking,0.00,0.00,,1,,,,HDFC,,,,,[],13.55,2.44,,,2026-06-24 14:50:10,,
pay_e3msS0I3l94FA5,1665.00,INR,refunded,order_aXsN1JFvF9WKAt,,0,upi,1665.00,0.00,full,1,,,,,,,,,[],33.30,5.99,,,2026-06-24 21:03:39,,
pay_eiMdUHIE9uEimi,12804.00,INR,captured,order_WL3Rikie1Z3rxZ,,0,upi,0.00,0.00,,1,,,,,,,,,[],256.08,46.09,,,2026-06-24 04:16:08,,
pay_9CJsgO6UWgFFu9,487.00,INR,captured,order_3l5ndh54khjQ42,,0,card,0.00,0.00,,1,,,,HDFC,,,,,[],9.74,1.75,,,2026-06-24 11:29:37,credit,
pay_YcuPNreAyfMfyi,710.00,INR,captured,order_YqTTBWkxtiYVr0,,0,upi,0.00,0.00,,1,,,,,,,,,[],14.20,2.56,,,46197.77923611111,,
pay_lI51nCDnmMNxAO,3112.00,INR,captured,order_sQ7yU5uRluNpwV,,0,upi,0.00,0.00,,1,,,,,,,,,[],62.24,11.20,,,24/06/2026 01:55:35,,
pay_FBZnzvMNNEL2VP,318.50,INR,captured,order_bwvO8iJhHiIsQx,,0,card,0.00,0.00,,1,,,,ICICI,,,,,[],3.82,0.69,,,2026-06-24 08:08:04,debit,
pay_J6U54W66DQAQxO,12565.50,INR,captured,order_MLJIfxxFK66lGM,,0,netbanking,0.00,0.00,,1,,,,ICICI,,,,,[],219.90,39.58,,,2026-06-24 15:21:33,,
pay_ommXiStampuTK3,1546.00,INR,captured,order_8bAHvEFBiLyohy,,0,upi,0.00,0.00,,1,,,,,,,,,[],30.92,5.57,,,24/06/2026 22:34:02,,
pay_3Vg68dJhqgQCnn,4727.50,INR,captured,order_MOmJUkwLkHLFpJ,,0,netbanking,0.00,0.00,,1,,,,SBIN,,,,,[],82.73,14.89,,,2026-24-06 05:47:31,,
pay_locCIBwwut69GH,4125.00,INR,captured,order_Pgry7mq2QFEO0h,,0,upi,0.00,0.00,,1,,,,,,,,,[],82.50,14.85,,,24/06/2026 12:00:00,,
pay_VRu19dNoXSYc0X,694.50,INR,captured,order_Q1GMWxEn5DydC2,,0,card,0.00,0.00,,1,,,,AXIS,,,,,[],8.33,1.50,,,2026-06-24 19:13:29,debit,
pay_BavL3IuJZMNs3j,4188.00,INR,captured,order_BaIQg9ub1SvXKd,,0,netbanking,0.00,0.00,,1,,,,SBIN,,,,,[],73.29,13.19,,,2026-06-24 02:26:58,,
pay_A9T0QB47t8vAmW,1249.00,INR,captured,order_3yToUihYs1o7in,,0,netbanking,0.00,0.00,,1,,,,ICICI,,,,,[],21.86,3.93,,,24/06/2026 09:39:27,,
pay_bcLX1Wybln6Ebc,407.50,INR,captured,order_ZLUxb5ymnv5276,,0,wallet,0.00,0.00,,1,,,,,,,,,[],8.15,1.47,,,24/06/2026 16:52:56,,
pay_AkctKFZP54HhCb,1112.00,INR,captured,order_qyrXgqb0Fvqtxf,,0,upi,0.00,0.00,,1,,,,,,,,,[],22.24,4.00,,,46197.96209490741,,
pay_dJjR7ucNIOuJh5,761.00,INR,captured,order_XTXfjRUYYPtJcU,,0,netbanking,0.00,0.00,,1,,,,,,,,,[],13.32,2.40,,,2026-06-24 06:18:54,,
pay_4kAQPNV3UaaB08,1585.50,INR,captured,order_2GFSX6Jm1eIcf8,,0,netbanking,0.00,0.00,,1,,,,,,,,,[],27.75,5.00,,,2026-24-06 13:31:23,,
pay_7DgXOJpLGIAo8J,216.50,INR,captured,order_uuqY4kIBAz3rCH,,0,upi,0.00,0.00,,1,,,,,,,,,[],4.33,0.78,,,46197.86449074074,,
pay_U0KItGc8qh7J3T,3449.00,INR,captured,order_1F7xZ6eQcS13ND,,0,card,0.00,0.00,,1,,,,AXIS,,,,,[],86.23,15.52,,,46197.164826388886,credit,
pay_OB9Z5LsF4NzL2c,2319.50,INR,captured,order_mZxQbYabGivhKm,,0,upi,0.00,0.00,,1,,,,,,,,,[],46.39,8.35,,,2026-06-24 10:10:50,,
pay_JrTLX51AqyAri9,291.50,INR,captured,order_2Eqr9MZMgwcYm1,,0,upi,0.00,0.00,,1,,,,,,,,,[],5.83,1.05,,,24/06/2026 17:23:19,,
pay_nE95LKX9zJ58rr,909.00,INR,captured,order_uXPbKuQRHI8P8k,,0,upi,0.00,0.00,,1,,,,,,,,,[],18.18,3.27,,,2026-06-24 00:36:48,,
pay_lfOoJ73T6QmR4h,1294.00,INR,captured,order_xDV1pjLLOdo6Om,,0,upi,0.00,0.00,,1,,,,,,,,,[],25.88,4.66,,,2026-06-24 07:49:17,,
pay_mDH4GOWcwvS0bt,3510.50,INR,captured,order_laAcpNh9Ggnc5t,,0,upi,0.00,0.00,,1,,,,,,,,,[],70.21,12.64,,,2026-06-24 14:02:46,,
pay_92St6d1X4gt4HW,2663.00,INR,captured,order_yK6Uc3Ipe0bXKO,,0,upi,0.00,0.00,,1,,,,,,,,,[],53.26,9.59,,,46197.88559027778,,
pay_td1RFcAB0rLh9W,533.50,INR,captured,order_P0AyoOo4Sj8eWe,,0,netbanking,0.00,0.00,,1,,,,SBIN,,,,,[],9.34,1.68,,,2026-06-24 04:28:44,,
pay_8Qkygu8q5kT5MK,13187.00,INR,captured,order_GjQmONDGPbZeme,,0,upi,0.00,0.00,,1,,,,,,,,,[],263.74,47.47,,,2026-24-06 11:41:13,,
pay_wNcBe9FKkPJ1bn,13435.00,INR,captured,order_GSdq3n1kEACbIi,,0,upi,0.00,0.00,,1,,,,,,,,,[],268.70,48.37,,,2026-06-24 18:54:42,,
pay_bXmo4hGYfhTsQj,23061.50,INR,captured,order_CQnIkaCwHULuwo,,0,upi,0.00,0.00,,1,,,,,,,,,[],461.23,83.02,,,24/06/2026 01:07:11,,
pay_PS0JoWnX5pGyex,391.50,INR,captured,order_Cx7wxTtu4DZrGV,,0,upi,0.00,0.00,,1,,,,,,,,,[],7.83,1.41,,,46198.34768518519,,
pay_MSocJzxRUhV1PC,305.50,INR,captured,order_XJn6aYTEzNHdYo,,0,upi,0.00,0.00,,1,,,,,,,,,[],6.11,1.10,,,2026-06-25 15:33:09,,
pay_eXIM1UWGtL7qZK,20293.00,INR,captured,order_y4S5gOuoCNIAXT,,0,upi,0.00,0.00,,1,,,,,,,,,[],405.86,73.05,,,25/06/2026 22:46:38,,
pay_5JfIWqeLLbUnxz,3005.50,INR,captured,order_QFmI1onYh0KlOx,,0,upi,0.00,0.00,,1,,,,,,,,,[],60.11,10.82,,,25/06/2026 05:59:07,,
pay_3Qjk4BKH5NqTw9,18582.50,INR,captured,order_RRMt7CqDwqwEo4,,0,netbanking,0.00,0.00,,1,,,,SBIN,,,,,[],325.19,58.53,,,46198.50875,,
pay_GxmVKF3cTKzyEi,572.50,INR,captured,order_ctAIVmnP3yP3jZ,,0,card,0.00,0.00,,1,,,,AXIS,,,,,[],11.45,2.06,,,2026-06-25 19:25:05,credit,
pay_OZe8CYhn5t6upz,566.00,INR,captured,order_2qfCjZVDR5UTcR,,0,card,0.00,0.00,,1,,,,HDFC,,,,,[],11.32,2.04,,,2026-06-25 02:38:34,credit,
pay_ssFjVgFUa4PO6u,3052.00,INR,captured,order_vvl1Abr05Qiv55,,0,upi,0.00,0.00,,1,,,,,,,,,[],61.04,10.99,,,2026-06-25 09:51:03,,
pay_DcSRhteZpNWBfJ,21850.50,INR,captured,order_1WCa0VFRkgr9qv,,0,upi,0.00,0.00,,1,,,,,,,,,[],437.01,78.66,,,2026-06-25 16:04:32,,
pay_4jMinMuWsJeDPj,22749.50,INR,captured,order_K5tY7Mn8lfml0I,,0,card,0.00,0.00,,1,,,,,,,,,[],272.99,49.14,,,2026-06-25 23:17:01,debit,
pay_x4nWentsieb8xT,1526.50,INR,captured,order_Teeb8qshqJEzMR,,0,card,0.00,0.00,,1,,,,ICICI,,,,,[],30.53,5.50,,,46198.27118055556,credit,
pay_6uHNRMrpg9FzK0,1690.50,INR,captured,order_z2OIFjbx2BQXjF,,0,upi,0.00,0.00,,1,,,,,,,,,[],33.81,6.09,,,25/06/2026 13:43:59,,
pay_bKGEDRhmbybkHL,1369.00,INR,captured,order_rpiBQydjTq2BLi,,0,upi,0.00,0.00,,1,,,,,,,,,[],27.38,4.93,,,25/06/2026 20:56:28,,
pay_Pis4xU3kRdNyl1,1252.00,INR,captured,order_NxC83NtYLf2qnO,,0,card,0.00,0.00,,1,,,,ICICI,,,,,[],25.04,4.51,,,25/06/2026 03:09:57,credit,
pay_eVlIC2NqnPIMEp,874.50,INR,captured,order_zqSDg7acLwQQRh,,0,upi,0.00,0.00,,1,,,,,,,,,[],17.49,3.15,,,2026-06-25 10:22:26,,
pay_foCkEmuVfcIW3C,529.00,INR,captured,order_eipJnvCb91DM5V,,0,netbanking,0.00,0.00,,1,,,,SBIN,,,,,[],9.26,1.67,,,2026-06-25 17:35:55,,
pay_wLFSmRXLZQdC7u,712.50,INR,captured,order_AtVcDEJDs5uXRx,,0,upi,0.00,0.00,,1,,,,,,,,,[],14.25,2.57,,,25/06/2026 00:48:24,,
pay_6VV3RUaAEfb4Ey,2465.00,INR,captured,order_dvKL5qraBgvAc2,,0,upi,0.00,0.00,,1,,,,,,,,,[],49.30,8.87,,,25/06/2026 07:01:53,,
pay_3qj9mUPnBy33pI,18895.00,INR,captured,order_CJrIewe1IeyZWR,,0,upi,0.00,0.00,,1,,,,,,,,,[],377.90,68.02,,,46198.593310185184,,
pay_JBL7eYkAgzgCwr,886.00,INR,captured,order_0k1UcYtbY7YuJv,,0,card,0.00,0.00,,1,,,,ICICI,,,,,[],10.63,1.91,,,2026-06-25 21:27:51,debit,
pay_CsQFNQY4I06BGL,5795.50,INR,captured,order_MT0IPKxQRRJkSz,,0,upi,0.00,0.00,,1,,,,,,,,,[],115.91,20.86,,,46198.19467592592,,
pay_P3FsrFS2NvzkNf,585.00,INR,captured,order_OwamMosoDYM1E4,,0,wallet,0.00,0.00,,1,,,,,,,,,[],11.70,2.11,,,2026-06-25 11:53:49,,
pay_tj6ERM5F7pKTfz,2531.50,INR,captured,order_DF6wiO0HoWkReY,,0,card,0.00,0.00,,1,,,,KKBK,,,,,[],50.63,9.11,,,2026-06-25 18:06:18,credit,
pay_yYLBRXDiKQn82n,930.50,INR,captured,order_IrE2rJkG00CtiI,,0,card,0.00,0.00,,1,,,,AXIS,,,,,[],11.17,2.01,,,46198.05540509259,debit,
pay_VWZ2RxZL5VNokQ,21656.50,INR,captured,order_G5yPUzsNOKaVXB,,0,upi,0.00,0.00,,1,,,,,,,,,[],433.13,77.96,,,25/06/2026 08:32:16,,
pay_EYU9feq19XznHY,3217.00,INR,captured,order_PuqNzxHHHte0BR,,0,card,0.00,0.00,,1,,,,SBIN,,,,,[],38.60,6.95,,,25/06/2026 15:45:45,debit,
pay_q3QqjnPntroyVJ,583.50,INR,captured,order_XLqnqDzztuDhyM,,0,card,0.00,0.00,,1,,,,AXIS,,,,,[],11.67,2.10,,,2026-06-25 22:58:14,credit,
pay_4XcrveN3huBXed,752.00,INR,captured,order_ImbWFPSo3DYorg,,0,upi,0.00,0.00,,1,,,,,,,,,[],15.04,2.71,,,2026-06-25 05:11:43,,
pay_q7leIV27R1Oy7D,2578.50,INR,captured,order_YOzhbdHHrfjATK,,0,upi,0.00,0.00,,1,,,,,,,,,[],51.57,9.28,,,2026-06-25 12:24:12,,
pay_dpN2fm7cbxT8da,8709.00,INR,captured,order_1zD0wfVAWd8mQm,,0,card,0.00,0.00,,1,,,,SBIN,,,,,[],104.51,18.81,,,2026-06-25 19:37:41,debit,
pay_Tytuk8sdZC5Asd,217.00,INR,captured,order_UPy3DvJQaVpy3L,,0,netbanking,0.00,0.00,,1,,,,AXIS,,,,,[],3.80,0.68,,,25/06/2026 02:50:10,,
pay_jsq2xCTYrrIH5U,10210.50,INR,captured,order_gu8uE8m7diTihQ,,0,netbanking,0.00,0.00,,1,,,,,,,,,[],178.68,32.16,,,2026-25-06 09:03:39,,
pay_Pl9L2bXyT1yfNQ,2474.00,INR,captured,order_wYXWkbCujvN3Ye,,0,upi,0.00,0.00,,1,,,,,,,,,[],49.48,8.91,,,2026-06-25 16:16:08,,
pay_WVUB1VVOc0vzzf,5708.00,INR,captured,order_PS6Pr3E0sNAJR4,,0,wallet,0.00,0.00,,1,,,,,,,,,[],114.16,20.55,,,25/06/2026 23:29:37,,
pay_Rq0dKZn5rvCjEe,12282.50,INR,captured,order_U71jS4Ze5wt7kV,,0,card,0.00,0.00,,1,,,,AXIS,,,,,[],147.39,26.53,,,25/06/2026 06:42:06,debit,
pay_lCm6bhY5v929kg,5165.00,INR,refunded,order_n7HYhXNW8ZT93r,,0,upi,5165.00,0.00,full,1,,,,,,,,,[],103.30,18.59,,,2026-06-25 13:55:35,,
pay_Q5oUeiQm1U4Ta6,14396.50,INR,captured,order_KAAsDKEvxScZs2,,0,upi,0.00,0.00,,1,,,,,,,,,[],287.93,51.83,,,2026-06-25 20:08:04,,
pay_VgQ7PTr0deFbTS,922.50,INR,captured,order_KSWtPeZWNkrN13,,0,upi,0.00,0.00,,1,,,,,,,,,[],18.45,3.32,,,25/06/2026 03:21:33,,
pay_QVmsF4dJ5G6LU7,1364.50,INR,captured,order_3srl2WKbvRYlU1,,0,upi,0.00,0.00,,1,,,,,,,,,[],27.29,4.91,,,2026-06-25 10:34:02,,
pay_N6zY0vOUkWwHSp,739.50,INR,captured,order_RS6kjOdqsdgC4H,,0,card,0.00,0.00,,1,,,,ICICI,,,,,[],8.87,1.60,,,2026-06-25 17:47:31,debit,
pay_q01FLWWWLfnRrE,360.50,INR,captured,order_RjwU5Q2eCc87CZ,,0,upi,0.00,0.00,,1,,,,,,,,,[],7.21,1.30,,,2026-06-25 00:00:00,,
pay_FylDjK7bnUsQqV,736.50,INR,captured,order_Ai2eGD0cn3Y4TU,,0,card,0.00,0.00,,1,,,,ICICI,,,,,[],8.84,1.59,,,2026-06-26 07:13:29,debit,
pay_8LwrSSak2ujHPA,228.00,INR,captured,order_2txkKI3uC8cj2I,,0,upi,0.00,0.00,,1,,,,,,,,,[],4.56,0.82,,,26/06/2026 14:26:58,,
pay_bk1s9LFHQE8n3G,20918.00,INR,captured,order_CSN7ej590BP9NK,,0,wallet,0.00,0.00,,1,,,,,,,,,[],418.36,75.30,,,26/06/2026 21:39:27,,
pay_XuinKeb9rti8ZE,3208.50,INR,captured,order_1zURZZhRgl7tXH,,0,upi,0.00,0.00,,1,,,,,,,,,[],64.17,11.55,,,2026-06-26 04:52:56,,
pay_zGEn9wTStrBjlY,2021.50,INR,captured,order_YNL3wxGfcMRFH7,,0,card,0.00,0.00,,1,,,,SBIN,,,,,[],40.43,7.28,,,46199.46209490741,credit,
pay_h3Rkd2VpsycLzU,9032.50,INR,captured,order_w24RNL2HKXVeDZ,,0,card,0.00,0.00,,1,,,,KKBK,,,,,[],180.65,32.52,,,46199.763125,credit,
pay_xXdZ9bgoswC0Bp,1681.50,INR,captured,order_G79g2gU2Mda2an,,0,wallet,0.00,0.00,,1,,,,,,,,,[],33.63,6.05,,,26/06/2026 01:31:23,,
pay_kyVroHZmadUYZO,1620.00,INR,captured,order_u2AjouJ3YZxFA5,,0,upi,0.00,0.00,,1,,,,,,,,,[],32.40,5.83,,,2026-26-06 08:44:52,,
pay_WjEIK02FkhjWBi,496.50,INR,captured,order_LTpXB47zdY2c8z,,0,upi,0.00,0.00,,1,,,,,,,,,[],9.93,1.79,,,2026-06-26 15:57:21,,
pay_26xWgBCH1Rufnw,837.00,INR,captured,order_qbO08xmhfwSy1K,,0,upi,0.00,0.00,,1,,,,,,,,,[],16.74,3.01,,,26/06/2026 22:10:50,,
pay_ZoRHRZDBtGUYxG,2714.50,INR,captured,order_9JVimuz6LpKDGN,,0,upi,0.00,0.00,,1,,,,,,,,,[],54.29,9.77,,,26/06/2026 05:23:19,,
pay_8YPsyZKaChrLTv,3285.00,INR,captured,order_lqxtuOqMT9DNsf,,0,card,0.00,0.00,,1,,,,AXIS,,,,,[],65.70,11.83,,,26/06/2026 12:36:48,credit,
pay_tTfk4UAIHJR7Dn,3057.00,INR,captured,order_3blCTQnqwlszb2,,0,netbanking,0.00,0.00,,1,,,,ICICI,,,,,[],53.50,9.63,,,2026-06-26 19:49:17,,
pay_Y7lIYAKlZtGMDK,4938.00,INR,captured,order_7v9y4fuLl37ilz,,0,upi,0.00,0.00,,1,,,,,,,,,[],98.76,17.78,,,26/06/2026 02:02:46,,
pay_4MUpyVyCLsYcv3,5495.00,INR,captured,order_CEPQ5x3jpuFVMu,,0,upi,0.00,0.00,,1,,,,,,,,,[],109.90,19.78,,,2026-06-26 09:15:15,,
pay_QU6U1QKJLrOSup,682.50,INR,captured,order_YSgo7Xe0cuS2Ok,,0,card,0.00,0.00,,1,,,,SBIN,,,,,[],8.19,1.47,,,26/06/2026 16:28:44,debit,
pay_8MzP7T7q0l49FB,770.50,INR,captured,order_G6h6W2ifE8u7Bl,,0,netbanking,0.00,0.00,,1,,,,ICICI,,,,,[],13.48,2.43,,,46199.98695601852,,
pay_CU813hiPNK7MOI,354.50,INR,refunded,order_rBlLPmso0uhjhp,,0,upi,354.50,0.00,full,1,,,,,,,,,[],7.09,1.28,,,2026-06-26 06:54:42,,
pay_4ivOp7SvqpfckT,586.00,INR,captured,order_rF1OYT9ig5QLXN,,0,upi,0.00,0.00,,1,,,,,,,,,[],11.72,2.11,,,26/06/2026 13:07:11,,
pay_8OSeJzDiAZGhBo,16702.50,INR,captured,order_i4TjS1PjqaktQ7,,0,card,0.00,0.00,,1,,,,ICICI,,,,,[],334.05,60.13,,,2026-06-26 20:20:40,credit,
pay_XuHsAXDQRQIRiz,12285.50,INR,captured,order_4PwPArwIfIPShQ,,0,netbanking,0.00,0.00,,1,,,,SBIN,,,,,[],215.00,38.70,,,2026-06-26 03:33:09,,
pay_A8WBBIvom68fWG,13098.50,INR,captured,order_e7Grp8XyihiQY3,,0,card,0.00,0.00,,1,,,,ICICI,,,,,[],157.18,28.29,,,26/06/2026 10:46:38,debit,
pay_myaeRqLaS5rFyD,10762.00,INR,captured,order_woFb0ZtQEsodx1,,0,card,0.00,0.00,,1,,,,,,,,,[],215.24,38.74,,,26/06/2026 17:59:07,credit,
pay_zTZs82meTVQbUj,609.50,INR,captured,order_pNz1BErfxo6gOv,,0,upi,0.00,0.00,,1,,,,,,,,,[],12.19,2.19,,,27/06/2026 00:12:36,,
pay_q0RJ8vyUV7ZzdJ,1333.50,INR,captured,order_4nDCqwaWosyYNN,,0,upi,0.00,0.00,,1,,,,,,,,,[],26.67,4.80,,,2026-06-27 07:25:05,,
pay_KXFPjtxQfNeAQQ,799.00,INR,captured,order_PZqsgnrqiWHR0f,,0,card,0.00,0.00,,1,,,,HDFC,,,,,[],9.59,1.73,,,2026-06-27 14:38:34,debit,
pay_t9xOf2AN973kjI,22657.00,INR,captured,order_LeKz4BG8siT1bm,,0,upi,0.00,0.00,,1,,,,,,,,,[],453.14,81.57,,,2026-06-27 21:51:03,,
pay_bNKq7QNsdSVDqA,2228.00,INR,captured,order_hp7HyB1X217N2G,,0,upi,0.00,0.00,,1,,,,,,,,,[],44.56,8.02,,,2026-06-27 04:04:32,,
pay_QaDtfbMFbnXXJX,323.50,INR,captured,order_3rJnWYA6hSqwqy,,0,upi,0.00,0.00,,1,,,,,,,,,[],6.47,1.16,,,2026-06-27 11:17:01,,
pay_whbjilQsyv82TK,5093.50,INR,captured,order_FiOu6UhuskDOU4,,0,card,0.00,0.00,,1,,,,KKBK,,,,,[],61.12,11.00,,,2026-06-27 18:30:30,debit,
pay_NVx49K10OvskN8,298.50,INR,captured,order_rkm6Kf1c42QTz7,,0,upi,0.00,0.00,,1,,,,,,,,,[],5.97,1.07,,,2026-06-27 01:43:59,,
pay_5oDnggM2EefxGQ,364.00,INR,captured,order_hVwy52LKdT2wdU,,0,upi,0.00,0.00,,1,,,,,,,,,[],7.28,1.31,,,2026-06-27 08:56:28,,
pay_n2XH2QAFmeDWr8,913.50,INR,captured,order_RZuHxjj60soSzU,,0,wallet,0.00,0.00,,1,,,,,,,,,[],18.27,3.29,,,2026-06-27 15:09:57,,
pay_ObXQuzP3RL9aE1,17678.50,INR,captured,order_mzsBmAJq4n2MYf,,0,card,0.00,0.00,,1,,,,AXIS,,,,,[],441.96,79.55,,,2026-27-06 22:22:26,credit,
pay_VDZLaW0gqEQz1A,20572.00,INR,refunded,order_M6cLxkfdsGzY7O,,0,upi,5143.00,0.00,full,1,,,,,,,,,[],411.44,74.06,,,2026-06-27 05:35:55,,
pay_nV5iG4OxI8OPeh,2306.00,INR,captured,order_73hc1oZTn07tWT,,0,upi,0.00,0.00,,1,,,,,,,,,[],46.12,8.30,,,27/06/2026 12:48:24,,
pay_2KZo3q2X1nKvJb,826.00,INR,captured,order_qPYSuUMftHX9F1,,0,card,0.00,0.00,,1,,,,KKBK,,,,,[],20.65,3.72,,,2026-06-27 19:01:53,credit,
pay_SH0WLaT0zvJ8hY,17363.50,INR,captured,order_olRjmYUW09fmEG,,0,netbanking,0.00,0.00,,1,,,,AXIS,,,,,[],303.86,54.69,,,2026-06-27 02:14:22,,
pay_tvh4R3mdG5RDzy,9580.50,INR,captured,order_K4JwPOHPsIy829,,0,card,0.00,0.00,,1,,,,SBIN,,,,,[],191.61,34.49,,,46200.39434027778,credit,
pay_bvOsUIp5Iuq2NB,2274.00,INR,refunded,order_NWP20mmJsFStFT,,0,card,2274.00,0.00,full,1,,,,ICICI,,,,,[],27.29,4.91,,,2026-06-27 16:40:20,debit,
pay_kpWzLFlcNyAtTz,414.00,INR,captured,order_P1PbTyWhPkXteY,,0,card,0.00,0.00,,1,,,,ICICI,,,,,[],8.28,1.49,,,2026-06-27 23:53:49,credit,
pay_svwMc8v1Z8qOeN,24314.00,INR,captured,order_JICPBHR91eC4Ev,,0,card,0.00,0.00,,1,,,,SBIN,,,,,[],291.77,52.52,,,2026-06-27 06:06:18,debit,
pay_JjyEqfdOIPnu0C,255.00,INR,captured,order_5Qhd0sxXDrxC7K,,0,upi,0.00,0.00,,1,,,,,,,,,[],5.10,0.92,,,2026-06-27 13:19:47,,
pay_B1kEE8QoqMieo2,3652.50,INR,captured,order_ZDlQrkPvB9nRq7,,0,upi,0.00,0.00,,1,,,,,,,,,[],73.05,13.15,,,46200.85574074074,,
pay_Pz0wJI1m49NlEt,21857.00,INR,captured,order_brKkbCrWodWa3k,,0,card,0.00,0.00,,1,,,,,,,,,[],262.28,47.21,,,2026-27-06 03:45:45,debit,
pay_joCpmz8qfI3BPH,2270.50,INR,captured,order_0ngzFTf9Eh8MNj,,0,upi,0.00,0.00,,1,,,,,,,,,[],45.41,8.17,,,2026-06-27 10:58:14,,
pay_KJYwRX0Hee6VqM,4697.00,INR,captured,order_7tJdXXHkhseFra,,0,wallet,0.00,0.00,,1,,,,,,,,,[],93.94,16.91,,,27/06/2026 17:11:43,,
pay_erzCx6n3sMlmI2,688.00,INR,captured,order_CmHDA5y7DQtMCs,,0,card,0.00,0.00,,1,,,,,,,,,[],13.76,2.48,,,27/06/2026 00:24:12,credit,
pay_780hopNJWWMAha,12758.00,INR,captured,order_7cvPZ8tT9aEPfH,,0,card,0.00,0.00,,1,,,,AXIS,,,,,[],318.95,57.41,,,2026-06-27 07:37:41,credit,
pay_fLWeWU1O3jbwde,1733.50,INR,captured,order_vGOFHhJ2B7fs9i,,0,upi,0.00,0.00,,1,,,,,,,,,[],34.67,6.24,,,2026-06-27 14:50:10,,
pay_QkrOuu0jAn2ZYP,18871.00,INR,captured,order_gkmPgRppWGI2NM,,0,card,0.00,0.00,,1,,,,AXIS,,,,,[],377.42,67.94,,,2026-06-27 21:03:39,credit,
pay_NW14zxQwc1y0iu,9960.50,INR,captured,order_82gF4995LBGgL1,,0,upi,0.00,0.00,,1,,,,,,,,,[],199.21,35.86,,,2026-06-27 04:16:08,,
pay_onaPb2Mf0bt09q,8748.50,INR,captured,order_8C04XNHvD0kZy5,,0,wallet,0.00,0.00,,1,,,,,,,,,[],174.97,31.49,,,2026-06-27 11:29:37,,
pay_H9fGVdSaWbhdVF,431.50,INR,captured,order_hEnzGtnI2wyaoR,,0,upi,0.00,0.00,,1,,,,,,,,,[],8.63,1.55,,,46200.77923611111,,
pay_HNY5uNUQjsO6Jh,647.50,INR,captured,order_gxl03Z4jYuOz89,,0,upi,0.00,0.00,,1,,,,,,,,,[],12.95,2.33,,,27/06/2026 01:55:35,,
pay_4d1QtBnhai31Vn,3511.00,INR,captured,order_XlGZaQwcDDsnou,,0,netbanking,0.00,0.00,,1,,,,HDFC,,,,,[],61.44,11.06,,,2026-06-27 08:08:04,,
pay_BqrSaNvkhZkE5H,207.00,INR,captured,order_XdgwwyJZ2j8Qf9,,0,netbanking,0.00,0.00,,1,,,,HDFC,,,,,[],3.62,0.65,,,2026-06-27 15:21:33,,
pay_rXB2BIwAifoSTZ,4457.00,INR,captured,order_hDHQhJdpK8VsF4,,0,card,0.00,0.00,,1,,,,AXIS,,,,,[],89.14,16.05,,,2026-06-27 22:34:02,credit,
pay_Rvdcw7JqiqjGBd,1798.00,INR,captured,order_V2vczwnRWG8goZ,,0,upi,0.00,0.00,,1,,,,,,,,,[],35.96,6.47,,,27/06/2026 05:47:31,,
pay_kaITUPdAl47Af1,699.50,INR,captured,order_mGuOj34vZQR3Ct,,0,upi,0.00,0.00,,1,,,,,,,,,[],13.99,2.52,,,2026-06-28 12:00:00,,
pay_5nxKBQF8mz7UI2,3958.00,INR,captured,order_T3tGttbGOPvShN,,0,upi,0.00,0.00,,1,,,,,,,,,[],79.16,14.25,,,2026-06-28 19:13:29,,
pay_O7XwZG4PjzgtHA,1432.50,INR,captured,order_YG4EkkQXJ3OAYa,,0,netbanking,0.00,0.00,,1,,,,AXIS,,,,,[],25.07,4.51,,,29/06/2026 02:26:58,,
pay_SVuiZ86O7k8FKy,1667.50,INR,captured,order_FOr5MFB6b6JAqt,,0,upi,0.00,0.00,,1,,,,,,,,,[],33.35,6.00,,,46202.402395833335,,
pay_I67oUZpdgGgE5W,844.50,INR,captured,order_FW5Bfw01r0zIk4,,0,upi,0.00,0.00,,1,,,,,,,,,[],16.89,3.04,,,2026-06-29 16:52:56,,
pay_89HC9kVyp4bbr4,21096.50,INR,captured,order_eptT6WaNgctumu,,0,upi,0.00,0.00,,1,,,,,,,,,[],421.93,75.95,,,46202.96209490741,,
pay_BosYgtBfUtIgvP,1084.00,INR,captured,order_cPQu2JNG0Lh4U8,,0,upi,0.00,0.00,,1,,,,,,,,,[],21.68,3.90,,,29/06/2026 06:18:54,,
pay_iGZEmKeR8bEKyi,6757.50,INR,captured,order_mO8CBaCRWbLA22,,0,card,0.00,0.00,,1,,,,AXIS,,,,,[],135.15,24.33,,,2026-06-29 13:31:23,credit,
pay_5fNgShb4BF01R3,6457.50,INR,captured,order_Jozxt2ETM4wllY,,0,netbanking,0.00,0.00,,1,,,,SBIN,,,,,[],113.01,20.34,,,29/06/2026 20:44:52,,
pay_2djqs2sgS70jcb,9865.50,INR,captured,order_2IXi0aW2f25JVE,,0,upi,0.00,0.00,,1,,,,,,,,,[],197.31,35.52,,,2026-06-29 03:57:21,,
pay_GQWmwibjS15A8y,571.00,INR,captured,order_t53ZMFSF8ja9TO,,0,upi,0.00,0.00,,1,,,,,,,,,[],11.42,2.06,,,2026-06-29 10:10:50,,
pay_eeBfPwrPsmumJp,11329.00,INR,captured,order_DJI1WOKWAmoYNi,,0,wallet,0.00,0.00,,1,,,,,,,,,[],226.58,40.78,,,2026-06-29 17:23:19,,
pay_BklvFde5E7deHG,2140.50,INR,captured,order_XeCD3tfYKTHf5t,,0,upi,0.00,0.00,,1,,,,,,,,,[],42.81,7.71,,,2026-06-29 00:36:48,,
pay_RehaikYXc08jv2,533.50,INR,captured,order_hmvrABcYABiu9j,,0,upi,0.00,0.00,,1,,,,,,,,,[],10.67,1.92,,,29/06/2026 07:49:17,,
pay_FHxyPtFxd5eBAY,2098.00,INR,captured,order_9y3RK2e6ta4mWA,,0,card,0.00,0.00,,1,,,,AXIS,,,,,[],52.45,9.44,,,2026-06-29 14:02:46,credit,
pay_4b997NI73WOk4j,4721.50,INR,captured,order_DlxgzeLt6u6WUL,,0,card,0.00,0.00,,1,,,,,,,,,[],56.66,10.20,,,2026-29-06 21:15:15,debit,
pay_4Ebo7llb9VIITd,17219.00,INR,captured,order_y9SWm041sBF8ij,,0,card,0.00,0.00,,1,,,,,,,,,[],206.63,37.19,,,2026-06-29 04:28:44,debit,
pay_T2sKh9PO8YfEFj,15116.50,INR,captured,order_k8M6jksvHKZdAa,,0,card,0.00,0.00,,1,,,,AXIS,,,,,[],181.40,32.65,,,2026-06-29 11:41:13,debit,
pay_nY9Y3eL8NFb6cv,700.50,INR,captured,order_IrIHIx4umu4dhr,,0,upi,0.00,0.00,,1,,,,,,,,,[],14.01,2.52,,,2026-29-06 18:54:42,,
pay_Z8BgSzwJCpoV8W,378.50,INR,captured,order_XfZ2GHYoDfZASm,,0,upi,0.00,0.00,,1,,,,,,,,,[],7.57,1.36,,,2026-06-29 01:07:11,,
pay_IkqxG4tyOXxSRZ,22330.50,INR,captured,order_hRlDqTQRqBCfmc,,0,card,0.00,0.00,,1,,,,HDFC,,,,,[],446.61,80.39,,,2026-06-29 08:20:40,credit,
pay_ncq7vIFVNQ8xYU,15186.50,INR,captured,order_NTSmv40akAb4dF,,0,upi,0.00,0.00,,1,,,,,,,,,[],303.73,54.67,,,2026-06-29 15:33:09,,
pay_DviaOHZGqPb1wS,1312.00,INR,captured,order_syQuk6gOtAkvUF,,0,upi,0.00,0.00,,1,,,,,,,,,[],26.24,4.72,,,2026-06-29 22:46:38,,
pay_DpCdnxCtOuL7Rs,516.50,INR,captured,order_fnH5szWjxazTne,,0,card,0.00,0.00,,1,,,,HDFC,,,,,[],12.91,2.32,,,2026-06-29 05:59:07,credit,
pay_3d0kIwdpTNpFZf,13566.00,INR,captured,order_jZWjeDA3vfSXfV,,0,card,0.00,0.00,,1,,,,ICICI,,,,,[],339.15,61.05,,,2026-06-29 12:12:36,credit,
pay_1L4INdxC90P3bE,19147.50,INR,captured,order_D05yloLjZBMv8Y,,0,card,0.00,0.00,,1,,,,,,,,,[],229.77,41.36,,,30/06/2026 19:25:05,debit,
pay_QIys2Fa2j5vEFR,11458.50,INR,refunded,order_EDy7K88F6mICju,,0,upi,5729.25,0.00,full,1,,,,,,,,,[],229.17,41.25,,,2026-06-30 02:38:34,,
pay_RrXHRqS0RE01zz,294.00,INR,captured,order_okLKqEPV1g0dyV,,0,upi,0.00,0.00,,1,,,,,,,,,[],5.88,1.06,,,46203.41045138889,,
pay_lzS09k9VPP89s9,4029.50,INR,captured,order_7XzMU6E6S6mSbr,,0,netbanking,0.00,0.00,,1,,,,HDFC,,,,,[],70.52,12.69,,,2026-06-30 16:04:32,,
pay_AfZiHtbnQ3UuzE,459.50,INR,captured,order_xn81JwRmpu2gec,,0,card,0.00,0.00,,1,,,,SBIN,,,,,[],9.19,1.65,,,2026-06-30 23:17:01,credit,
pay_vDf8L0BGB21Cms,4500.00,INR,captured,order_q7uz58upKtqG7N,,0,upi,0.00,0.00,,1,,,,,,,,,[],90.00,16.20,,,30/06/2026 06:30:30,,
pay_aqUFlpqzhhmf3E,12478.50,INR,captured,order_qT2zY1AVNQyRnD,,0,netbanking,0.00,0.00,,1,,,,ICICI,,,,,[],218.37,39.31,,,2026-06-30 13:43:59,,
pay_gsmtr4xZSRy8N6,18387.50,INR,captured,order_MjQ5yVWmbJvGcj,,0,upi,0.00,0.00,,1,,,,,,,,,[],367.75,66.20,,,2026-06-30 20:56:28,,
pay_mBW2D8IikYAEyi,3930.00,INR,captured,order_RlmgCG70kVtUQr,,0,card,0.00,0.00,,1,,,,SBIN,,,,,[],47.16,8.49,,,30/06/2026 03:09:57,debit,
pay_tcuHqaz8hsgSUG,4076.50,INR,captured,order_G3b2xSiDDhoLy4,,0,netbanking,0.00,0.00,,1,,,,HDFC,,,,,[],71.34,12.84,,,2026-06-30 10:22:26,,
pay_GHhr80rucbdj3V,302.00,INR,captured,order_nob8E1fIekCJ3c,,0,card,0.00,0.00,,1,,,,SBIN,,,,,[],6.04,1.09,,,2026-06-30 17:35:55,credit,
pay_20fmo5CoHTQGhZ,2557.50,INR,refunded,order_cZOkF2VnTcCBob,,0,card,2557.50,0.00,full,1,,,,KKBK,,,,,[],30.69,5.52,,,46203.03361111111,debit,
pay_N6rpTbGxN74aSJ,3975.00,INR,refunded,order_jH4bcWhfT6UrN0,,0,upi,3975.00,0.00,full,1,,,,,,,,,[],79.50,14.31,,,30/06/2026 07:01:53,,
pay_QQnpnRnUBtknoC,199.50,INR,captured,order_06wHSBMy4KXNId,,0,upi,0.00,0.00,,1,,,,,,,,,[],3.99,0.72,,,30/06/2026 14:14:22,,
pay_ObDD7wASo6m2X5,1443.50,INR,captured,order_OvxheIQUznytn5,,0,netbanking,0.00,0.00,,1,,,,HDFC,,,,,[],25.26,4.55,,,2026-06-30 21:27:51,,
pay_SPSwTlvRuYLJe0,23017.50,INR,captured,order_fa26B7AbQ8QmFq,,0,upi,0.00,0.00,,1,,,,,,,,,[],460.35,82.86,,,2026-06-30 04:40:20,,
pay_JendEGZWMNtkS3,9082.00,INR,captured,order_4r3hKmeLydIHeW,,0,upi,0.00,0.00,,1,,,,,,,,,[],181.64,32.70,,,2026-06-30 11:53:49,,
pay_E6q3M989EZo9ze,578.50,INR,captured,order_JDM9WzcVBjxDcl,,0,upi,0.00,0.00,,1,,,,,,,,,[],11.57,2.08,,,30/06/2026 18:06:18,,
pay_aZUnBswxsYpY7t,7000.50,INR,captured,order_cL4D4JsnBgzOjT,,0,upi,0.00,0.00,,1,,,,,,,,,[],140.01,25.20,,,30/06/2026 01:19:47,,
pay_p0V5qUEO5XLVXj,1666.50,INR,captured,order_UfR5BxL2jjkTtu,,0,upi,0.00,0.00,,1,,,,,,,,,[],33.33,6.00,,,2026-06-30 08:32:16,,
pay_2EWQxgurp6OnfJ,21336.00,INR,captured,order_tGxqKLc15aJkcp,,0,upi,0.00,0.00,,1,,,,,,,,,[],426.72,76.81,,,30/06/2026 15:45:45,,
pay_Onoe5CZk1egQRn,6064.50,INR,captured,order_98m5tHsQjfwMFQ,,0,upi,0.00,0.00,,1,,,,,,,,,[],121.29,21.83,,,30/06/2026 22:58:14,,
pay_aLF1gJD401TlWW,1924.50,INR,captured,order_WmgIjwFRKYhh01,,0,upi,0.00,0.00,,1,,,,,,,,,[],38.49,6.93,,,30/06/2026 05:11:43,,
pay_sOiDvBf9AIwIKW,24294.00,INR,captured,order_0zSgoWyTAdnlo5,,0,netbanking,0.00,0.00,,1,,,,HDFC,,,,,[],425.15,76.53,,,2026-06-30 12:24:12,,
pay_L5xipI413qcfcu,2808.00,INR,captured,order_wI5LQj7lfjsYNO,,0,upi,0.00,0.00,,1,,,,,,,,,[],56.16,10.11,,,2026-06-30 19:37:41,,
pay_52pd60I30sbSIs,19409.50,INR,captured,order_bCpVmFLSM6jFxs,,0,upi,0.00,0.00,,1,,,,,,,,,[],388.19,69.87,,,2026-06-30 02:50:10,,
pay_TCuMKpNZoOru3e,4750.00,INR,captured,order_rGIesal43cLv9A,,0,card,0.00,0.00,,1,,,,ICICI,,,,,[],57.00,10.26,,,2026-30-06 09:03:39,debit,
pay_8kL2SA1DqbKaOV,17242.00,INR,captured,order_obyUe20O3VNree,,0,upi,0.00,0.00,,1,,,,,,,,,[],344.84,62.07,,,30/06/2026 16:16:08,,
pay_p182iv9xLvprlV,18483.00,INR,captured,order_pNcr8MsYFOWtOJ,,0,card,0.00,0.00,,1,,,,SBIN,,,,,[],369.66,66.54,,,2026-06-30 23:29:37,credit,
pay_fRhSHJKV9Bpfbq,3481.00,INR,captured,order_fv4lwJEiJKFPE0,,0,upi,0.00,0.00,,1,,,,,,,,,[],69.62,12.53,,,46203.27923611111,,
pay_2Q5UGXgZbZSZCM,20283.50,INR,captured,order_HNrf0W5GHtLkXJ,,0,card,0.00,0.00,,1,,,,,,,,,[],243.40,43.81,,,2026-06-30 13:55:35,debit,
pay_TZj3ZZPZRf42fH,485.00,INR,captured,order_hiJtFIybxB2jo2,,0,netbanking,0.00,0.00,,1,,,,ICICI,,,,,[],8.49,1.53,,,2026-06-30 20:08:04,,
pay_FCQ4XfOwr8TVto,308.00,INR,captured,order_IOEEG2jLPLUnWx,,0,upi,0.00,0.00,,1,,,,,,,,,[],6.16,1.11,,,30/06/2026 03:21:33,,
pay_ASIwLDUENUgIq7,727.00,INR,captured,order_ZnGD9Mhuub0b7z,,0,card,0.00,0.00,,1,,,,,,,,,[],14.54,2.62,,,30/06/2026 10:34:02,credit,
pay_WGtd2W9PEEW1uL,523.50,INR,captured,order_Kaey42EwEJFTYT,,0,netbanking,0.00,0.00,,1,,,,,,,,,[],9.16,1.65,,,30/06/2026 17:47:31,,
pay_WqN0MiwfeolFBY,883.50,INR,captured,order_QhBsC2u0ZreBuo,,0,netbanking,0.00,0.00,,1,,,,AXIS,,,,,[],15.46,2.78,,,46203.0,,
pay_azfx6IFbcnDA3a,15820.50,INR,captured,order_9vZU2wep3rAQmQ,,0,upi,0.00,0.00,,1,,,,,,,,,[],316.41,56.95,,,30/06/2026 07:13:29,,
pay_r9qezVHVd8FBYE,4756.00,INR,captured,order_wVKCVBJHWZ32Vj,,0,upi,0.00,0.00,,1,,,,,,,,,[],95.12,17.12,,,46203.602060185185,,
pay_y50g9K0CftGkPp,367.00,INR,captured,order_lscxyUCtfkJHdu,,0,upi,0.00,0.00,,1,,,,,,,,,[],7.34,1.32,,,2026-06-30 21:39:27,,
pay_Fduu5XdT4RIPhJ,23643.50,INR,captured,order_l5htS6ytbFK9FG,,0,netbanking,0.00,0.00,,1,,,,ICICI,,,,,[],413.76,74.48,,,46203.20342592592,,
pay_fQ3SHT00XetQgD,641.50,INR,captured,order_sc2yTidnXIAwxf,,0,netbanking,0.00,0.00,,1,,,,HDFC,,,,,[],11.23,2.02,,,30/06/2026 11:05:25,,
pay_tOqejLRhjTyTpV,1624.00,INR,captured,order_3zyRw6KRMY5nbh,,0,upi,0.00,0.00,,1,,,,,,,,,[],32.48,5.85,,,2026-30-06 18:18:54,,
pay_XHbld5iNkRPeUI,3519.50,INR,captured,order_1sI2HmSMBkW5I0,,1,card,0.00,0.00,,1,,,,SBIN,,,,,[],123.18,22.17,,,2026-06-30 01:31:23,credit,
pay_5WQoTpqnkh2TX5,14904.00,INR,captured,order_DeAD9cjkYiOnVx,,0,upi,0.00,0.00,,1,,,,,,,,,[],298.08,53.65,,,2026-06-30 08:44:52,,
pay_JTgu9bZit2hF5r,794.00,INR,captured,order_fRzWjFBqu5FsIv,,0,card,0.00,0.00,,1,,,,ICICI,,,,,[],9.53,1.72,,,46203.664826388886,debit,
pay_QjFZBQjq0K4afQ,619.00,INR,captured,order_C9KwfdRc3wnp2q,,0,card,0.00,0.00,,1,,,,KKBK,,,,,[],15.48,2.79,,,01/07/2026 22:10:50,credit,
pay_OIryY4Su4V1w5w,533.50,INR,captured,order_fMsLltToHFz7L5,,0,upi,0.00,0.00,,1,,,,,,,,,[],10.67,1.92,,,2026-07-01 05:23:19,,
pay_4HVam4tXd5TKfE,5775.50,INR,captured,order_NLmOhmUxESx4Kh,,0,upi,0.00,0.00,,1,,,,,,,,,[],115.51,20.79,,,01/07/2026 12:36:48,,
pay_4FA35ZCRFBmrcz,14819.50,INR,captured,order_KlM69EoTBsxnNd,,0,upi,0.00,0.00,,1,,,,,,,,,[],296.39,53.35,,,2026-07-01 19:49:17,,
pay_pCEAbR2gcud9jc,23617.00,INR,captured,order_iKIpiIcIIA5YOS,,0,upi,0.00,0.00,,1,,,,,,,,,[],472.34,85.02,,,46204.08525462963,,
pay_d8CjThXwiBWzM0,898.00,INR,captured,order_y9qSMSTth60edL,,0,wallet,0.00,0.00,,1,,,,,,,,,[],17.96,3.23,,,01/07/2026 09:15:15,,
pay_87XJNZlBWTU2xK,8392.50,INR,captured,order_8HQyMxOIeH3sXN,,0,upi,0.00,0.00,,1,,,,,,,,,[],167.85,30.21,,,2026-07-01 16:28:44,,
pay_1aP2pnuPnbx8P8,8136.50,INR,captured,order_LB7jV5sWXkX8No,,0,card,0.00,0.00,,1,,,,SBIN,,,,,[],97.64,17.58,,,46204.98695601852,debit,
pay_2MCrqdeAF6r959,4188.00,INR,captured,order_FwJCoYGu6kKWvn,,0,upi,0.00,0.00,,1,,,,,,,,,[],83.76,15.08,,,2026-07-01 06:54:42,,
pay_MGGdIxYuo94wn9,891.50,INR,captured,order_CSZQdN2RCuaLhH,,0,upi,0.00,0.00,,1,,,,,,,,,[],17.83,3.21,,,01/07/2026 13:07:11,,
pay_fZZWc6uIvfbfcs,684.00,INR,captured,order_AZR5jtoKNRv48L,,0,card,0.00,0.00,,1,,,,KKBK,,,,,[],13.68,2.46,,,2026-07-01 20:20:40,credit,
pay_Kz73KdZF04LQBV,439.00,INR,captured,order_r0G0iFlmzEmyXH,,0,upi,0.00,0.00,,1,,,,,,,,,[],8.78,1.58,,,46204.14802083333,,
pay_5mtvYReCSnlGiS,10761.50,INR,captured,order_rhqzXHsUDN5D71,,0,netbanking,0.00,0.00,,1,,,,SBIN,,,,,[],188.33,33.90,,,01/07/2026 10:46:38,,
pay_BUIUSWahMUZdgl,20368.50,INR,captured,order_rtJlCV2oIwW2d0,,0,upi,0.00,0.00,,1,,,,,,,,,[],407.37,73.33,,,01/07/2026 17:59:07,,
pay_s8RRHmCUzUaTP2,5686.00,INR,captured,order_z8oxPlQGWZUP0V,,0,netbanking,0.00,0.00,,1,,,,KKBK,,,,,[],99.51,17.91,,,01/07/2026 00:12:36,,
pay_6GEQmzqwZs4tDN,1634.00,INR,captured,order_JiliJrFDJDXrh5,,0,netbanking,0.00,0.00,,1,,,,ICICI,,,,,[],28.60,5.15,,,46204.30908564815,,
pay_fAHpcBXoXmSAes,23041.00,INR,captured,order_2Y95Y4X3fOtJUM,,0,netbanking,0.00,0.00,,1,,,,ICICI,,,,,[],403.22,72.58,,,01/07/2026 14:38:34,,
pay_Q9S30uTq7nGKEt,702.50,INR,captured,order_kS4MQ7caP6v0iL,,0,card,0.00,0.00,,1,,,,HDFC,,,,,[],14.05,2.53,,,46204.91045138889,credit,
pay_bQ1yxNBiKzU8Ak,670.50,INR,captured,order_0aDxZVpy3wHp5j,,0,card,0.00,0.00,,1,,,,HDFC,,,,,[],16.76,3.02,,,2026-07-01 04:04:32,credit,
pay_QpgVOy2dUCQKQS,520.50,INR,captured,order_B5uKzZMCe9jb4O,,0,card,0.00,0.00,,1,,,,ICICI,,,,,[],10.41,1.87,,,2026-07-01 11:17:01,credit,
pay_HyWbxf0xIp7Fk9,563.00,INR,captured,order_5HsJbjBnpOrJf2,,0,upi,0.00,0.00,,1,,,,,,,,,[],11.26,2.03,,,46204.77118055556,,
pay_v1Wu9fePALOYsu,23489.50,INR,captured,order_5NaFh2uFcdWaMh,,0,upi,0.00,0.00,,1,,,,,,,,,[],469.79,84.56,,,2026-07-01 01:43:59,,
pay_9LVI7X57fOiy1N,3897.00,INR,captured,order_c9cepKjxlX7APU,,0,upi,0.00,0.00,,1,,,,,,,,,[],77.94,14.03,,,2026-07-01 08:56:28,,
pay_UgahRnb7hf1TyQ,12059.00,INR,captured,order_H26PEz6uPAmEGr,,0,card,0.00,0.00,,1,,,,AXIS,,,,,[],241.18,43.41,,,2026-07-01 15:09:57,credit,
pay_DdSj7JFWSOM0Of,20001.00,INR,captured,order_pYbeVNfALWs5Da,,0,upi,0.00,0.00,,1,,,,,,,,,[],400.02,72.00,,,46204.93224537037,,
pay_B3k7zPTIkCfpJA,22280.50,INR,captured,order_CPTq1MaegZH4Dm,,0,upi,0.00,0.00,,1,,,,,,,,,[],445.61,80.21,,,2026-07-01 05:35:55,,
pay_FU9eyuyRyfh2Gc,3385.50,INR,captured,order_iA8xT69gKBhVPa,,0,card,0.00,0.00,,1,,,,HDFC,,,,,[],67.71,12.19,,,01/07/2026 12:48:24,credit,
pay_HOFKUXjVTs7xW9,258.50,INR,captured,order_U5fSNJYD5idlFp,,0,wallet,0.00,0.00,,1,,,,,,,,,[],5.17,0.93,,,2026-07-01 19:01:53,,
pay_zbWBbGdnPoTiku,525.00,INR,captured,order_9m5PDXglkeEEpD,,0,upi,0.00,0.00,,1,,,,,,,,,[],10.50,1.89,,,01/07/2026 02:14:22,,
pay_exrERQBuGTQwJQ,3615.00,INR,captured,order_7MEvZ1qlEiqpSf,,0,upi,0.00,0.00,,1,,,,,,,,,[],72.30,13.01,,,2026-07-01 09:27:51,,
pay_nOiD3HMfG7Zd0J,2618.00,INR,captured,order_C8OtLReKxjUsbz,,0,upi,0.00,0.00,,1,,,,,,,,,[],52.36,9.42,,,01/07/2026 16:40:20,,
pay_ul3by4Na627q0B,839.50,INR,captured,order_UbbmV3WKEwJskC,,0,upi,0.00,0.00,,1,,,,,,,,,[],16.79,3.02,,,01/07/2026 23:53:49,,
pay_EPj4jN3Pi01BsE,14215.00,INR,captured,order_9c6Ue7GX46nuxK,,0,card,0.00,0.00,,1,,,,ICICI,,,,,[],170.58,30.70,,,46204.254375,debit,
pay_P0TVKO7OI7bYH3,8424.50,INR,captured,order_vYve766yREJT8U,,0,upi,0.00,0.00,,1,,,,,,,,,[],168.49,30.33,,,2026-07-01 13:19:47,,
pay_rNa8ZlpDuOXCm3,2075.00,INR,captured,order_232plgnMjE2ZQB,,0,card,0.00,0.00,,1,,,,,,,,,[],41.50,7.47,,,2026-07-01 20:32:16,credit,
pay_dGtoEx9sJO1HdQ,4417.00,INR,captured,order_0WBcc4VMi0Z6Sh,,0,netbanking,0.00,0.00,,1,,,,KKBK,,,,,[],77.30,13.91,,,01/07/2026 03:45:45,,
pay_zbQXwpA55fq1QG,858.00,INR,captured,order_Xd8aXBLw3PxIE4,,0,upi,0.00,0.00,,1,,,,,,,,,[],17.16,3.09,,,01/07/2026 10:58:14,,
pay_JVQv5JfU8lZTMc,2368.00,INR,captured,order_Jo1sGnKm3AkOUx,,0,upi,0.00,0.00,,1,,,,,,,,,[],47.36,8.52,,,46204.716469907406,,
pay_hv3QDtnKtSIlCb,314.00,INR,captured,order_PdEykX5xvIBwNy,,0,netbanking,0.00,0.00,,1,,,,,,,,,[],5.50,0.99,,,2026-07-01 00:24:12,,
pay_PQQdi8PIzXgRuU,625.50,INR,captured,order_lrv05EeoOZrKEh,,0,upi,0.00,0.00,,1,,,,,,,,,[],12.51,2.25,,,2026-07-01 07:37:41,,
pay_Hqf8DCHJ9LVggK,9101.00,INR,captured,order_D2Zczed9EuyVqE,,0,netbanking,0.00,0.00,,1,,,,SBIN,,,,,[],159.27,28.67,,,2026-07-01 14:50:10,,
pay_nGvHYpELSV2HHE,11669.00,INR,captured,order_XtXvRisSXpuxL2,,0,card,0.00,0.00,,1,,,,AXIS,,,,,[],140.03,25.21,,,2026-07-01 21:03:39,debit,
pay_siCOPXdXoxgYfx,385.50,INR,captured,order_cSKq9D51CSvXf0,,0,netbanking,0.00,0.00,,1,,,,,,,,,[],6.75,1.22,,,2026-07-01 04:16:08,,
pay_RYngo3yuOEF00F,202.50,INR,captured,order_248f6WSBGbi919,,0,netbanking,0.00,0.00,,1,,,,KKBK,,,,,[],3.54,0.64,,,2026-07-01 11:29:37,,
pay_VUmqUIgcDqLkn8,1823.00,INR,captured,order_dYpoZTVfSUHljt,,0,card,0.00,0.00,,1,,,,ICICI,,,,,[],36.46,6.56,,,46204.77923611111,credit,
pay_EsMFvE3pMBOfqw,1677.50,INR,captured,order_K4S1HSaDAfoDvG,,0,wallet,0.00,0.00,,1,,,,,,,,,[],33.55,6.04,,,02/07/2026 01:55:35,,
pay_LbhWH6FH771ZLU,14950.00,INR,captured,order_Nmq8NQh6MWhVe9,,0,upi,0.00,0.00,,1,,,,,,,,,[],299.00,53.82,,,2026-07-02 08:08:04,,
pay_oE0BarDJfGn6Wb,701.00,INR,captured,order_a6QFMTOmGuxFmC,,0,netbanking,0.00,0.00,,1,,,,HDFC,,,,,[],12.27,2.21,,,2026-07-02 15:21:33,,
pay_W1vUUHVE294yaA,955.50,INR,captured,order_xPiSfEHZLJOLCt,,0,card,0.00,0.00,,1,,,,AXIS,,,,,[],19.11,3.44,,,2026-07-02 22:34:02,credit,
pay_5hyRukN1qqKeu1,3607.00,INR,captured,order_J8IDQGPt5pntIt,,0,card,0.00,0.00,,1,,,,HDFC,,,,,[],90.18,16.23,,,2026-07-02 05:47:31,credit,
pay_gf8u7U4bonpj8p,2149.50,INR,captured,order_yjziJcl26x9kuA,,0,card,0.00,0.00,,1,,,,,,,,,[],42.99,7.74,,,2026-07-02 12:00:00,credit,
pay_wABgtxMpVaMvIE,550.00,INR,captured,order_QclsJKOWqY82Bq,,0,upi,0.00,0.00,,1,,,,,,,,,[],11.00,1.98,,,2026-07-02 19:13:29,,
pay_RJYcBOphREKN6S,6311.00,INR,captured,order_w5AafZtGkkN7ir,,0,upi,0.00,0.00,,1,,,,,,,,,[],126.22,22.72,,,02/07/2026 02:26:58,,
pay_M3LqkmIrvV5SQg,1409.00,INR,captured,order_R0Z16T465SetoG,,0,card,0.00,0.00,,1,,,,HDFC,,,,,[],28.18,5.07,,,2026-07-02 09:39:27,credit,
pay_ldXPy9mFEOVYyD,583.00,INR,captured,order_l1rSIoJwH81qM1,,0,card,0.00,0.00,,1,,,,ICICI,,,,,[],11.66,2.10,,,46205.70342592592,credit,
pay_R9stXcyqOjZaoY,4761.00,INR,captured,order_UWvomL9JkGVUva,,0,upi,0.00,0.00,,1,,,,,,,,,[],95.22,17.14,,,46205.96209490741,,
pay_xXnp1E4FLCZ2vm,7068.50,INR,refunded,order_5hSPKkASciiVGu,,0,upi,7068.50,0.00,full,1,,,,,,,,,[],141.37,25.45,,,02/07/2026 06:18:54,,
pay_ZRozabOGuePM7f,473.00,INR,captured,order_Y0N9tON0KXkam5,,0,upi,0.00,0.00,,1,,,,,,,,,[],9.46,1.70,,,2026-07-02 13:31:23,,
pay_YZwirPDEgXhemr,7408.50,INR,captured,order_auLY8A3P6A5tqI,,0,netbanking,0.00,0.00,,1,,,,AXIS,,,,,[],129.65,23.34,,,2026-07-02 20:44:52,,
pay_16nkwEPZYLKgnu,12137.50,INR,captured,order_ssuLqSoYdg1huy,,0,upi,0.00,0.00,,1,,,,,,,,,[],242.75,43.70,,,2026-07-02 03:57:21,,
pay_MP6rq74upAONU5,2874.00,INR,captured,order_sINuKg0rbRv4A4,,0,upi,0.00,0.00,,1,,,,,,,,,[],57.48,10.35,,,2026-07-02 10:10:50,,
pay_mpOUIHOiBmkl69,564.50,INR,captured,order_40Dk3cRudjrhyJ,,0,wallet,0.00,0.00,,1,,,,,,,,,[],11.29,2.03,,,2026-07-02 17:23:19,,
pay_sQcX2OLDQ5r094,210.00,INR,captured,order_SThO8lOgwcg8Y0,,0,upi,0.00,0.00,,1,,,,,,,,,[],4.20,0.76,,,2026-07-02 00:36:48,,
pay_l6d5nEgUvp37sL,521.50,INR,captured,order_XmgB7gfJODjo7u,,0,upi,0.00,0.00,,1,,,,,,,,,[],10.43,1.88,,,2026-07-02 07:49:17,,
pay_zuycuVJeTk5sxq,2337.50,INR,captured,order_uNUibsVnjhBxLL,,0,upi,0.00,0.00,,1,,,,,,,,,[],46.75,8.42,,,2026-07-02 14:02:46,,
pay_I9XOhRcrQ2n6k4,10378.50,INR,captured,order_9YwnmINjWURFFY,,0,netbanking,0.00,0.00,,1,,,,AXIS,,,,,[],181.62,32.69,,,2026-07-02 21:15:15,,
pay_I03w5FWYPGoEVG,555.00,INR,captured,order_Sku4HdG8eQXlXG,,0,card,0.00,0.00,,1,,,,ICICI,,,,,[],6.66,1.20,,,02/07/2026 04:28:44,debit,
pay_5mofJAJc2jl5T0,4535.00,INR,captured,order_vQTezV8aDUPEmN,,0,card,0.00,0.00,,1,,,,,,,,,[],90.70,16.33,,,2026-07-02 11:41:13,credit,
pay_EDAkLQU7B3qRX6,412.00,INR,captured,order_7PVobAIrecR80o,,0,upi,0.00,0.00,,1,,,,,,,,,[],8.24,1.48,,,2026-07-02 18:54:42,,
pay_P20cLRXvfIwDSB,13421.50,INR,captured,order_0Tn6WRtKQhknli,,0,card,0.00,0.00,,1,,,,ICICI,,,,,[],161.06,28.99,,,2026-07-02 01:07:11,debit,
pay_fx3UF5biyjrpeh,8993.50,INR,refunded,order_qKHLmfvZeHOEJL,,0,upi,8993.50,0.00,full,1,,,,,,,,,[],179.87,32.38,,,2026-07-02 08:20:40,,
pay_gTsvtnvQ88IGhm,4878.00,INR,captured,order_GwRf6jJfx1YtXq,,0,card,0.00,0.00,,1,,,,AXIS,,,,,[],121.95,21.95,,,46205.64802083333,credit,
pay_5Mwj9GiqbQSOq6,2335.00,INR,captured,order_CRBgGzNFYT4chI,,0,wallet,0.00,0.00,,1,,,,,,,,,[],46.70,8.41,,,2026-07-02 22:46:38,,
pay_wqts7I81ixjaFf,890.50,INR,captured,order_fvDxHjXBKaaSIl,,0,wallet,0.00,0.00,,1,,,,,,,,,[],17.81,3.21,,,2026-07-03 05:59:07,,
pay_p2P0X94wsouciI,18372.00,INR,captured,order_BGbXeiXak9ih1F,,0,wallet,0.00,0.00,,1,,,,,,,,,[],367.44,66.14,,,2026-07-03 12:12:36,,
pay_V3HEFDe05Ru7dU,4326.00,INR,captured,order_45daiWSuukNJJq,,0,card,0.00,0.00,,1,,,,ICICI,,,,,[],51.91,9.34,,,2026-07-03 19:25:05,debit,
pay_DqcDamQ1WP9Mr6,20365.00,INR,captured,order_zFtqyCKiZ450BY,,0,upi,0.00,0.00,,1,,,,,,,,,[],407.30,73.31,,,2026-07-03 02:38:34,,
pay_zrkNRByshGunva,7005.50,INR,captured,order_h5E6PUM1se6mSC,,0,upi,0.00,0.00,,1,,,,,,,,,[],140.11,25.22,,,03/07/2026 09:51:03,,
pay_zL9JTtBxzmPeCc,4420.00,INR,captured,order_1LngufQn9Wkfjo,,0,upi,0.00,0.00,,1,,,,,,,,,[],88.40,15.91,,,2026-07-03 16:04:32,,
pay_zzn18zIFM11e3O,24511.00,INR,captured,order_2DkMKmCbgmbRyQ,,0,card,0.00,0.00,,1,,,,AXIS,,,,,[],490.22,88.24,,,03/07/2026 23:17:01,credit,
pay_EChj4gUoFN83FZ,23358.00,INR,captured,order_ixafcYlvtVa0uS,,0,upi,0.00,0.00,,1,,,,,,,,,[],467.16,84.09,,,2026-07-03 06:30:30,,
pay_18ynkM1hVULZWN,679.00,INR,captured,order_Ehd1e1B0lhVqSS,,0,upi,0.00,0.00,,1,,,,,,,,,[],13.58,2.44,,,03/07/2026 13:43:59,,
pay_ilni23Ubh2s3kw,13279.00,INR,captured,order_rKjpHqKvasQV9J,,0,card,0.00,0.00,,1,,,,HDFC,,,,,[],159.35,28.68,,,46206.8725462963,debit,
pay_zTfyGV1v1YlKbN,3614.50,INR,captured,order_msJjyrRf3fUEub,,0,card,0.00,0.00,,1,,,,KKBK,,,,,[],72.29,13.01,,,03/07/2026 03:09:57,credit,
pay_23NRMFKT9pJfBn,17855.50,INR,captured,order_0DfduNryh5Vhtk,,0,upi,0.00,0.00,,1,,,,,,,,,[],357.11,64.28,,,2026-07-03 10:22:26,,
pay_gjAQ1NF6Y1BKAg,12662.50,INR,captured,order_LSVnAdyxzYwOh4,,0,netbanking,0.00,0.00,,1,,,,SBIN,,,,,[],221.59,39.89,,,2026-07-03 17:35:55,,
pay_ZuU2L3oZ4kjqq7,1162.00,INR,captured,order_dGum5kMlV5aFLS,,0,card,0.00,0.00,,1,,,,KKBK,,,,,[],23.24,4.18,,,2026-07-03 00:48:24,credit,
pay_nsYz5TcUtxxG7z,13082.50,INR,captured,order_Vt82yyyijMaU3r,,0,card,0.00,0.00,,1,,,,KKBK,,,,,[],261.65,47.10,,,03/07/2026 07:01:53,credit,
pay_U5enF569auvdnb,4375.00,INR,captured,order_djUVhcYxL11RnK,,0,card,0.00,0.00,,1,,,,,,,,,[],52.50,9.45,,,03/07/2026 14:14:22,debit,
pay_KR2kYqhMdnVwyW,670.50,INR,captured,order_Eg9mdngxHUih2G,,0,upi,0.00,0.00,,1,,,,,,,,,[],13.41,2.41,,,2026-07-03 21:27:51,,
pay_1cwuWYNMBgZWsH,8714.50,INR,captured,order_zzonJF8L8BOFYk,,1,card,0.00,0.00,,1,,,,KKBK,,,,,[],305.01,54.90,,,03/07/2026 04:40:20,credit,
pay_pYtVGSIiqbc2hQ,3728.50,INR,captured,order_t6r7tbHEx5vDoP,,0,upi,0.00,0.00,,1,,,,,,,,,[],74.57,13.42,,,2026-07-03 11:53:49,,
pay_9LOg2jpoYD0sbl,1432.50,INR,captured,order_KOf2iONiF6a8fn,,0,upi,0.00,0.00,,1,,,,,,,,,[],28.65,5.16,,,2026-07-03 18:06:18,,
pay_KJZeAbwDp9Tttz,619.50,INR,captured,order_nTivMdNPzvws36,,0,card,0.00,0.00,,1,,,,,,,,,[],7.43,1.34,,,03/07/2026 01:19:47,debit,
pay_vvfipwp9kjGq3M,15022.50,INR,captured,order_yOoiCaoaWB2wxk,,0,upi,0.00,0.00,,1,,,,,,,,,[],300.45,54.08,,,03/07/2026 08:32:16,,
pay_0i12MaJ5bAgszt,2713.00,INR,captured,order_cPpCOSayubhJFl,,0,upi,0.00,0.00,,1,,,,,,,,,[],54.26,9.77,,,2026-07-03 15:45:45,,
pay_AqFh0vBbhmpEVh,950.50,INR,captured,order_h3mLOQAMKWBa3p,,0,upi,0.00,0.00,,1,,,,,,,,,[],19.01,3.42,,,46206.95710648148,,
pay_qgPqkesaj1EgvE,24547.50,INR,captured,order_lTdD9tmyHR41ZC,,0,wallet,0.00,0.00,,1,,,,,,,,,[],490.95,88.37,,,2026-07-03 05:11:43,,
pay_G7OQ8XYuLkREMb,694.50,INR,captured,order_laVXVXB5wCaoVA,,0,upi,0.00,0.00,,1,,,,,,,,,[],13.89,2.50,,,03/07/2026 12:24:12,,
pay_kE6NjcuOxbM4HP,9473.50,INR,captured,order_SWi4wHDrN6om8k,,0,card,0.00,0.00,,1,,,,AXIS,,,,,[],113.68,20.46,,,03/07/2026 19:37:41,debit,
pay_pTyzMkWhg9iauR,516.00,INR,captured,order_XnYSPEAoGUG4Di,,0,upi,0.00,0.00,,1,,,,,,,,,[],10.32,1.86,,,46206.11817129629,,
pay_XgafZXuHTfje36,3016.00,INR,captured,order_wpMrkrXr2vlr8B,,0,upi,0.00,0.00,,1,,,,,,,,,[],60.32,10.86,,,2026-07-03 09:03:39,,
pay_9nAET5xJ0qJAdw,3698.50,INR,captured,order_AfQTvJz3KhrCuw,,0,upi,0.00,0.00,,1,,,,,,,,,[],73.97,13.31,,,2026-07-03 16:16:08,,
pay_GhczHXkS5nE8PO,13400.00,INR,refunded,order_TDApmY3P5nyyx9,,0,upi,13400.00,0.00,full,1,,,,,,,,,[],268.00,48.24,,,03/07/2026 23:29:37,,
pay_YV7qctZHZyQBCw,3243.00,INR,refunded,order_ZvTb87JP7lvwWn,,0,card,1621.50,0.00,full,1,,,,KKBK,,,,,[],64.86,11.67,,,03/07/2026 06:42:06,credit,
pay_IROeGTbcOSSiWo,439.00,INR,captured,order_KBgLgTmpNpoDNL,,0,upi,0.00,0.00,,1,,,,,,,,,[],8.78,1.58,,,2026-07-03 13:55:35,,
pay_cl3T1EDHljT6u3,14446.50,INR,captured,order_Bz2COCW3uKxj89,,0,wallet,0.00,0.00,,1,,,,,,,,,[],288.93,52.01,,,2026-07-03 20:08:04,,
pay_gJG9AheOu5tqHT,2613.00,INR,captured,order_3yg9lIbln2C0WO,,0,upi,0.00,0.00,,1,,,,,,,,,[],52.26,9.41,,,46206.139965277776,,
pay_pD0WxQbdvbiA3G,2820.50,INR,captured,order_V4dGzSMSaCYuai,,0,upi,0.00,0.00,,1,,,,,,,,,[],56.41,10.15,,,2026-07-03 10:34:02,,
pay_vB1kKsXTWXJk2r,3254.00,INR,captured,order_lUZimQVmS4AaG1,,0,upi,0.00,0.00,,1,,,,,,,,,[],65.08,11.71,,,46206.74133101852,,
pay_XkL3H30sCGig7b,12332.50,INR,captured,order_M3K1ze2IFxd8P5,,0,upi,0.00,0.00,,1,,,,,,,,,[],246.65,44.40,,,03/07/2026 00:00:00,,
pay_E1yDcPMjpy15BN,668.00,INR,captured,order_DiQ624JVUGnc0P,,0,upi,0.00,0.00,,1,,,,,,,,,[],13.36,2.40,,,03/07/2026 07:13:29,,
pay_Eb33Ix5O0R74NY,1548.50,INR,captured,order_hbygkXjmyToUpG,,0,upi,0.00,0.00,,1,,,,,,,,,[],30.97,5.57,,,2026-07-03 14:26:58,,
pay_hYY4zwvsCTS7aa,252.50,INR,captured,order_v3WZrlQHNB5aul,,0,upi,0.00,0.00,,1,,,,,,,,,[],5.05,0.91,,,2026-07-03 21:39:27,,
pay_hYxZHehbCH2Tnc,8583.50,INR,captured,order_bWaPpkauweMCrp,,0,card,0.00,0.00,,1,,,,KKBK,,,,,[],171.67,30.90,,,2026-03-07 04:52:56,credit,
pay_IdTW8oubH1fDQ3,961.50,INR,captured,order_sxp6dFXf5jRGTR,,0,upi,0.00,0.00,,1,,,,,,,,,[],19.23,3.46,,,03/07/2026 11:05:25,,
pay_vez2iEOyrUiTAV,4357.50,INR,captured,order_Gngpn43bOesyi4,,0,card,0.00,0.00,,1,,,,HDFC,,,,,[],52.29,9.41,,,2026-03-07 18:18:54,debit,
pay_KfYzGzfm5HfwCy,9299.50,INR,refunded,order_soh19j2hNOJA0h,,0,card,9299.50,0.00,full,1,,,,ICICI,,,,,[],185.99,33.48,,,2026-07-03 01:31:23,credit,
pay_kf1y2a5fOL4lxu,14578.00,INR,captured,order_ZocetzhgsIG4B9,,0,card,0.00,0.00,,1,,,,SBIN,,,,,[],364.45,65.60,,,46207.36449074074,credit,
pay_JmMY44jp8r8CzL,14307.00,INR,captured,order_959IjHocDzHwpO,,0,card,0.00,0.00,,1,,,,,,,,,[],171.68,30.90,,,2026-07-04 15:57:21,debit,
pay_STKvwzagZ6Xk8z,2105.00,INR,captured,order_sMJ8fNbKwSuv5J,,0,netbanking,0.00,0.00,,1,,,,SBIN,,,,,[],36.84,6.63,,,2026-04-07 22:10:50,,
pay_bVEc8fXQmtibLl,12963.50,INR,captured,order_kbgqHfa76EDScv,,0,card,0.00,0.00,,1,,,,HDFC,,,,,[],259.27,46.67,,,2026-07-04 05:23:19,credit,
pay_pq029cuCSMernx,302.50,INR,captured,order_zDB4eR4QnU4Ost,,0,upi,0.00,0.00,,1,,,,,,,,,[],6.05,1.09,,,04/07/2026 12:36:48,,
pay_rDVOkvFoXxi0tV,24532.00,INR,captured,order_hg2ljvLwK8cBmB,,0,upi,0.00,0.00,,1,,,,,,,,,[],490.64,88.32,,,46207.825891203705,,
pay_hAOHtjXomfQYvY,1701.00,INR,captured,order_0IyI5a0NeSiMII,,0,upi,0.00,0.00,,1,,,,,,,,,[],34.02,6.12,,,04/07/2026 02:02:46,,
pay_ayfuiDd6ONHfbc,2063.50,INR,captured,order_xndir4JRDekvhe,,0,upi,0.00,0.00,,1,,,,,,,,,[],41.27,7.43,,,04/07/2026 09:15:15,,
pay_qiVq1mupI74xcq,10902.00,INR,captured,order_shZmda9F6Vq2S3,,0,card,0.00,0.00,,1,,,,AXIS,,,,,[],218.04,39.25,,,46207.68662037037,credit,
pay_5FeZm4Rjl3WwXP,289.00,INR,captured,order_OhjFTHzACNySXa,,0,upi,0.00,0.00,,1,,,,,,,,,[],5.78,1.04,,,2026-07-04 23:41:13,,
pay_vvUvytpO1ma95H,1690.50,INR,captured,order_LGq6w0sXvMoPiL,,0,upi,0.00,0.00,,1,,,,,,,,,[],33.81,6.09,,,2026-07-04 06:54:42,,
pay_HIv0oacZVTtsFE,253.50,INR,captured,order_hS6moEUi8eCTZO,,0,netbanking,0.00,0.00,,1,,,,KKBK,,,,,[],4.44,0.80,,,2026-07-04 13:07:11,,
pay_JAaMnFL6kV0cC9,296.00,INR,refunded,order_Qa8ZYf3EoEmSML,,0,card,296.00,0.00,full,1,,,,SBIN,,,,,[],5.92,1.07,,,2026-07-04 20:20:40,credit,
pay_KXKdqueeu2RGWK,873.00,INR,captured,order_GBKc5wUoj1ydpK,,0,card,0.00,0.00,,1,,,,SBIN,,,,,[],17.46,3.14,,,2026-07-04 03:33:09,credit,
pay_Z20I0AS7hZ4wxN,1751.00,INR,captured,order_KPOU6AQ5aFjz7S,,0,upi,0.00,0.00,,1,,,,,,,,,[],35.02,6.30,,,46207.44905092593,,
pay_k0rPSynd5esoQQ,868.50,INR,captured,order_r6QfIaNMo4IsVf,,0,card,0.00,0.00,,1,,,,KKBK,,,,,[],17.37,3.13,,,2026-07-04 17:59:07,credit,
pay_bWtKqMn4dvZdMC,369.00,INR,captured,order_5tBCnTv7DQir0u,,0,upi,0.00,0.00,,1,,,,,,,,,[],7.38,1.33,,,2026-07-04 00:12:36,,
pay_wChFu3jgf3bKZg,11204.50,INR,captured,order_JBZhkFQIAyLtd2,,0,upi,0.00,0.00,,1,,,,,,,,,[],224.09,40.34,,,2026-07-04 07:25:05,,
pay_X5RwYCCfCkSyDY,3813.00,INR,captured,order_5jRAuNonnt4BHC,,0,card,0.00,0.00,,1,,,,HDFC,,,,,[],76.26,13.73,,,2026-07-04 14:38:34,credit,
pay_QuGHhOSiYhjYYK,11176.00,INR,captured,order_Jh0mUQmjM9x9No,,0,upi,0.00,0.00,,1,,,,,,,,,[],223.52,40.23,,,2026-07-04 21:51:03,,
pay_NLs7NTSb8wLYJd,5584.50,INR,captured,order_xjHNtxRFpwEc4u,,0,upi,0.00,0.00,,1,,,,,,,,,[],111.69,20.10,,,04/07/2026 04:04:32,,
pay_NDQ7oFQq61Chza,14668.50,INR,captured,order_pkfLkm7eOpRjMx,,0,upi,0.00,0.00,,1,,,,,,,,,[],293.37,52.81,,,2026-07-04 11:17:01,,
pay_glFe6175pqC65Z,15488.00,INR,captured,order_j6NJtRZdFwTRqD,,0,netbanking,0.00,0.00,,1,,,,SBIN,,,,,[],271.04,48.79,,,2026-07-04 18:30:30,,
pay_Vu7mPgHYwUOIcd,20639.00,INR,captured,order_tWiRLjPohxEw3y,,0,card,0.00,0.00,,1,,,,KKBK,,,,,[],412.78,74.30,,,2026-07-04 01:43:59,credit,
pay_hnknNOMeOFkzLo,1200.00,INR,captured,order_XBrgjVOblXdTQk,,0,upi,0.00,0.00,,1,,,,,,,,,[],24.00,4.32,,,2026-07-04 08:56:28,,
pay_VHRyrVjYuf1u4z,4043.00,INR,captured,order_XnwML8p5g83J9V,,0,upi,0.00,0.00,,1,,,,,,,,,[],80.86,14.55,,,46207.63190972222,,
pay_zCwVzhSQzXl04v,260.00,INR,captured,order_7D0kHfRvOZ4kgY,,0,card,0.00,0.00,,1,,,,AXIS,,,,,[],5.20,0.94,,,2026-04-07 22:22:26,credit,
pay_rI84iXG4Q7h9l1,3429.00,INR,captured,order_ZX0Et08q0XWmf7,,0,upi,0.00,0.00,,1,,,,,,,,,[],68.58,12.34,,,04/07/2026 05:35:55,,
pay_VC5P96AHXDHU0r,229.50,INR,captured,order_vMuCDMDoc2TkNk,,0,upi,0.00,0.00,,1,,,,,,,,,[],4.59,0.83,,,04/07/2026 12:48:24,,
pay_WzM94HnIcJU4vZ,21678.50,INR,captured,order_WcUxPuYJor7fNq,,0,card,0.00,0.00,,1,,,,ICICI,,,,,[],433.57,78.04,,,04/07/2026 19:01:53,credit,
pay_pBXAV98hB6jehX,902.00,INR,captured,order_vfiieaZ3AjoscY,,0,upi,0.00,0.00,,1,,,,,,,,,[],18.04,3.25,,,2026-07-04 02:14:22,,
pay_1qtejIgZCks1w6,706.50,INR,captured,order_31X76QbqXjOjmy,,0,upi,0.00,0.00,,1,,,,,,,,,[],14.13,2.54,,,2026-07-04 09:27:51,,
pay_fxNPyXLdymdmt8,22868.50,INR,captured,order_0JMtvO85AUOTAz,,0,upi,0.00,0.00,,1,,,,,,,,,[],457.37,82.33,,,2026-07-05 16:40:20,,
pay_jzhfk5YBJfFsoW,4867.50,INR,captured,order_bfYYVSLuiFKio5,,0,upi,0.00,0.00,,1,,,,,,,,,[],97.35,17.52,,,2026-05-07 23:53:49,,
pay_4VSaOswE1P90pd,5180.50,INR,captured,order_u3gZiOPXIewPe2,,0,card,0.00,0.00,,1,,,,SBIN,,,,,[],62.17,11.19,,,2026-07-05 06:06:18,debit,
pay_h8xrbeozF7aS4N,1367.00,INR,captured,order_u15JZWFHtXJEJn,,0,card,0.00,0.00,,1,,,,SBIN,,,,,[],27.34,4.92,,,05/07/2026 13:19:47,credit,
pay_4I6KDxjLEaRssd,2344.00,INR,refunded,order_cmwG44OC7mwfby,,0,upi,2344.00,0.00,full,1,,,,,,,,,[],46.88,8.44,,,2026-07-05 20:32:16,,
pay_B4MHwebqtvQ3kY,3367.50,INR,captured,order_eeraWWuiiXeIo1,,0,card,0.00,0.00,,1,,,,,,,,,[],67.35,12.12,,,2026-07-05 03:45:45,credit,
pay_Ad38hfMXZjIIS1,655.50,INR,captured,order_vQe9jZPOckUoJj,,0,card,0.00,0.00,,1,,,,HDFC,,,,,[],7.87,1.42,,,05/07/2026 10:58:14,debit,
pay_4CNKAnmx8AjBXd,4714.50,INR,captured,order_yk8lKso6b3mBGA,,0,upi,0.00,0.00,,1,,,,,,,,,[],94.29,16.97,,,2026-07-05 17:11:43,,
pay_3119T9ot3q0zAB,3393.50,INR,captured,order_Vg4VICA6CimNRZ,,0,upi,0.00,0.00,,1,,,,,,,,,[],67.87,12.22,,,2026-07-05 00:24:12,,
pay_FRrUOEn6Y6tsAs,704.00,INR,captured,order_v0nxcx4jM3RFw1,,0,upi,0.00,0.00,,1,,,,,,,,,[],14.08,2.53,,,2026-07-05 07:37:41,,
pay_KxoZYWpCWZyOCW,21186.50,INR,captured,order_b6hyfWB0TC8IgN,,0,upi,0.00,0.00,,1,,,,,,,,,[],423.73,76.27,,,2026-07-05 14:50:10,,
pay_Xv00pTpXk8pm2C,1198.00,INR,captured,order_ypKiLP4Tog7IbE,,0,card,0.00,0.00,,1,,,,AXIS,,,,,[],14.38,2.59,,,2026-07-05 21:03:39,debit,
pay_1hS3Pmw7LMrkM5,645.50,INR,captured,order_Du73PzdYwNK7Ct,,0,upi,0.00,0.00,,1,,,,,,,,,[],12.91,2.32,,,05/07/2026 04:16:08,,
pay_yQ0JDwHODMp8T8,10912.00,INR,captured,order_NaoSptQaxYe9VN,,0,upi,0.00,0.00,,1,,,,,,,,,[],218.24,39.28,,,2026-07-05 11:29:37,,
pay_GojtFb5nMIbCh2,4830.00,INR,captured,order_qJOeaZBtZ0ioKJ,,0,upi,0.00,0.00,,1,,,,,,,,,[],96.60,17.39,,,05/07/2026 18:42:06,,
pay_w7lI2sndqsIoLV,619.50,INR,captured,order_p7in0tPUcOFCJT,,0,card,0.00,0.00,,1,,,,SBIN,,,,,[],12.39,2.23,,,05/07/2026 01:55:35,credit,
pay_qj3uIDD8QpJ6C0,8809.50,INR,captured,order_x95IDtK2uFGzZc,,0,upi,0.00,0.00,,1,,,,,,,,,[],176.19,31.71,,,46208.33893518519,,
pay_qcJSbK4nWN2FTK,249.50,INR,captured,order_COKagGpTSu734P,,0,card,0.00,0.00,,1,,,,ICICI,,,,,[],4.99,0.90,,,2026-07-05 15:21:33,credit,
pay_pyJ7cvcxCtmxt1,987.00,INR,captured,order_bYRBWesjGXppRn,,0,card,0.00,0.00,,1,,,,AXIS,,,,,[],19.74,3.55,,,2026-07-05 22:34:02,credit,
pay_Yh9emOvOrWtM8i,638.00,INR,captured,order_l758yMUCkQ13j7,,0,card,0.00,0.00,,1,,,,ICICI,,,,,[],7.66,1.38,,,2026-07-05 05:47:31,debit,
pay_W8dyJNjWZtBk8F,558.50,INR,captured,order_wBMbklxmSgPxBY,,0,upi,0.00,0.00,,1,,,,,,,,,[],11.17,2.01,,,2026-07-05 12:00:00,,
pay_IxGcfNp3mh9Xoi,11881.00,INR,captured,order_uBaesOk5hhc1vy,,0,upi,0.00,0.00,,1,,,,,,,,,[],237.62,42.77,,,2026-07-05 19:13:29,,
pay_DthhFpX4qyEfIn,1122.00,INR,captured,order_Isl2NRifxMRl18,,0,upi,0.00,0.00,,1,,,,,,,,,[],22.44,4.04,,,2026-07-05 02:26:58,,
pay_b6pZxx8cYIlW3z,1119.50,INR,captured,order_qIYVPh12iVYw9Q,,0,upi,0.00,0.00,,1,,,,,,,,,[],22.39,4.03,,,2026-07-05 09:39:27,,
pay_20WIpqPcM3ZqzN,639.00,INR,captured,order_dpbk8mpBheWWkw,,0,upi,0.00,0.00,,1,,,,,,,,,[],12.78,2.30,,,05/07/2026 16:52:56,,
pay_jUH1DmmvzB9ggH,3734.00,INR,captured,order_FQGz8UmMMxnM27,,0,upi,0.00,0.00,,1,,,,,,,,,[],74.68,13.44,,,2026-07-05 23:05:25,,
pay_oao7haWP4MbVrW,16238.00,INR,captured,order_oVhPoCHA5uerAd,,0,card,0.00,0.00,,1,,,,KKBK,,,,,[],324.76,58.46,,,05/07/2026 06:18:54,credit,
pay_VHjuiIWGrUdxze,2900.00,INR,captured,order_kROtgZ5IPfVWzj,,0,card,0.00,0.00,,1,,,,KKBK,,,,,[],34.80,6.26,,,2026-07-05 13:31:23,debit,
pay_Fi6PIVdo3TOVWE,611.50,INR,captured,order_iRztcT6BWk212m,,0,upi,0.00,0.00,,1,,,,,,,,,[],12.23,2.20,,,2026-07-05 20:44:52,,
pay_rrvMG76VPX6lEM,458.50,INR,captured,order_4f3DgbN5buQvhh,,0,upi,0.00,0.00,,1,,,,,,,,,[],9.17,1.65,,,2026-07-05 03:57:21,,
pay_iA4K5qgGrjNFdc,10939.00,INR,captured,order_3y3H2JjxSz594K,,0,upi,0.00,0.00,,1,,,,,,,,,[],218.78,39.38,,,05/07/2026 10:10:50,,
pay_ZyPg6wKXZhnjFR,211.00,INR,captured,order_4N3A4Byc8WkKuY,,0,upi,0.00,0.00,,1,,,,,,,,,[],4.22,0.76,,,2026-07-05 17:23:19,,
pay_K5zqY5OlACysYh,10366.50,INR,captured,order_TPXKt9NQbjSvdd,,0,upi,0.00,0.00,,1,,,,,,,,,[],207.33,37.32,,,2026-07-05 00:36:48,,
pay_lmJM4iQUJIhw9M,16706.50,INR,captured,order_umzHtuviiUtVG4,,0,card,0.00,0.00,,1,,,,HDFC,,,,,[],334.13,60.14,,,46209.325891203705,credit,
pay_u4kSwWAzXw2u05,4444.00,INR,captured,order_UVNC7F667RVFgX,,0,upi,0.00,0.00,,1,,,,,,,,,[],88.88,16.00,,,2026-07-07 14:02:46,,
pay_MuizMTLgdVuWEQ,488.00,INR,captured,order_98CSdfqQ7HUUPm,,0,card,0.00,0.00,,1,,,,HDFC,,,,,[],9.76,1.76,,,07/07/2026 21:15:15,credit,
pay_zWOzsjZEUF8QC5,764.00,INR,captured,order_vqBH7YgpLG3a0s,,0,upi,0.00,0.00,,1,,,,,,,,,[],15.28,2.75,,,2026-07-07 04:28:44,,
pay_noyO7pDcDf9WBq,24879.00,INR,captured,order_QKzdUddjKp0gTX,,0,upi,0.00,0.00,,1,,,,,,,,,[],497.58,89.56,,,2026-07-07 11:41:13,,
pay_SJybV3x99F3UVX,1056.50,INR,captured,order_n95CRKLUy96ll4,,0,card,0.00,0.00,,1,,,,,,,,,[],12.68,2.28,,,2026-07-07 18:54:42,debit,
pay_G9e8yvOBnKsdUw,492.00,INR,captured,order_QBhXWtrUlYyErI,,0,upi,0.00,0.00,,1,,,,,,,,,[],9.84,1.77,,,2026-07-07 01:07:11,,
pay_CqMeQwP2n2eyOF,4500.00,INR,captured,order_UkmUVeGe8DaBJb,,0,upi,0.00,0.00,,1,,,,,,,,,[],90.00,16.20,,,07/07/2026 08:20:40,,
pay_zf0RTjTZVOjeK9,642.00,INR,captured,order_xntTP1O4Psl9Sl,,0,card,0.00,0.00,,1,,,,HDFC,,,,,[],7.70,1.39,,,2026-07-07 15:33:09,debit,
pay_m4EQ719y9JBmPD,707.50,INR,captured,order_EhmBm5JocvLe5u,,0,upi,0.00,0.00,,1,,,,,,,,,[],14.15,2.55,,,07/07/2026 22:46:38,,
pay_Dl1CzbBzjp7gZB,23746.50,INR,captured,order_nmSxUbzPDCXpYg,,0,netbanking,0.00,0.00,,1,,,,,,,,,[],415.56,74.80,,,2026-07-07 05:59:07,,
pay_9bIvn5LKhwvD49,14437.00,INR,captured,order_K6VtLiChBhQt9T,,0,upi,0.00,0.00,,1,,,,,,,,,[],288.74,51.97,,,2026-07-07 12:12:36,,
pay_5pdIJRLWgW4qZZ,250.00,INR,captured,order_92yuz8L90ryiFg,,0,upi,0.00,0.00,,1,,,,,,,,,[],5.00,0.90,,,07/07/2026 19:25:05,,
pay_f6aS0EJAEbe21L,735.00,INR,captured,order_dzXEv9WnM2wTDL,,0,upi,0.00,0.00,,1,,,,,,,,,[],14.70,2.65,,,2026-07-07 02:38:34,,
pay_tGMc5ITQ98ZmiN,4442.00,INR,captured,order_uFJRl16sIf7Ik0,,0,upi,0.00,0.00,,1,,,,,,,,,[],88.84,15.99,,,07/07/2026 09:51:03,,
pay_OW1oCTJfYtJzol,4114.00,INR,captured,order_an23QWUjkMA7Pk,,0,card,0.00,0.00,,1,,,,HDFC,,,,,[],82.28,14.81,,,07/07/2026 16:04:32,credit,
pay_6JBxQ7FE148t39,15646.00,INR,captured,order_DFJxlzGmN8QsSx,,1,card,0.00,0.00,,1,,,,KKBK,,,,,[],547.61,98.57,,,2026-07-07 23:17:01,credit,
pay_D1ZeOZ3XrCAyDF,18436.00,INR,captured,order_u5sFm9n6rRqaqv,,0,upi,0.00,0.00,,1,,,,,,,,,[],368.72,66.37,,,07/07/2026 06:30:30,,
pay_j2V1oQq1Nia82Q,397.50,INR,captured,order_9lkhtV0f86fgXc,,0,wallet,0.00,0.00,,1,,,,,,,,,[],7.95,1.43,,,07/07/2026 13:43:59,,
pay_zmfLup3se8nAWw,5053.50,INR,captured,order_he4bUe5VNMcfx0,,0,card,0.00,0.00,,1,,,,SBIN,,,,,[],126.34,22.74,,,2026-07-07 20:56:28,credit,
pay_RaYNOkEbmuDdn6,17031.00,INR,captured,order_1XtApknZStUirK,,0,card,0.00,0.00,,1,,,,AXIS,,,,,[],340.62,61.31,,,07/07/2026 03:09:57,credit,
pay_uVjIpoIbpx2ZPr,3691.50,INR,captured,order_HGL4UKeCvYnPwI,,0,upi,0.00,0.00,,1,,,,,,,,,[],73.83,13.29,,,2026-07-07 10:22:26,,
pay_Sc4GCGFKXWsA38,4709.50,INR,captured,order_uNqx0sgyqFBHxK,,0,upi,0.00,0.00,,1,,,,,,,,,[],94.19,16.95,,,07/07/2026 17:35:55,,
pay_OxAfQrIlE0QMCI,975.00,INR,captured,order_c7u7iFkrCqUtgY,,0,card,0.00,0.00,,1,,,,AXIS,,,,,[],11.70,2.11,,,2026-07-07 00:48:24,debit,
pay_vIR3Gwgc61dmvT,623.50,INR,captured,order_EFwSRACVwMl5hR,,0,upi,0.00,0.00,,1,,,,,,,,,[],12.47,2.24,,,2026-07-07 07:01:53,,
pay_iPZrsYBkbxn9tu,2203.00,INR,captured,order_0ZFNzituSG26Bh,,0,wallet,0.00,0.00,,1,,,,,,,,,[],44.06,7.93,,,2026-07-07 14:14:22,,
pay_NknULqcwzrYt0K,950.50,INR,captured,order_Wcw5Zo4WeZts8l,,0,upi,0.00,0.00,,1,,,,,,,,,[],19.01,3.42,,,2026-07-07 21:27:51,,
pay_Sv6ASii6NYfZG2,4323.50,INR,captured,order_iDvDjUwoWu9DGR,,0,netbanking,0.00,0.00,,1,,,,,,,,,[],75.66,13.62,,,2026-07-07 04:40:20,,
pay_LpnEBAwdlyXjgX,3373.50,INR,captured,order_7nFlrT8jP2Tj5W,,0,netbanking,0.00,0.00,,1,,,,AXIS,,,,,[],59.04,10.63,,,2026-07-07 11:53:49,,
pay_o0Jir1UeCH5Gnz,4517.00,INR,captured,order_oHxdlZddpcXYtZ,,0,upi,0.00,0.00,,1,,,,,,,,,[],90.34,16.26,,,2026-07-07 18:06:18,,
pay_jVr4YK4seAaHNP,2751.00,INR,captured,order_VkZSVCITVdfwlz,,0,upi,0.00,0.00,,1,,,,,,,,,[],55.02,9.90,,,2026-07-07 01:19:47,,
pay_Hpkpy6RXbUaZl2,4522.00,INR,refunded,order_4uyIIrjdRNuo8R,,0,upi,4522.00,0.00,full,1,,,,,,,,,[],90.44,16.28,,,07/07/2026 08:32:16,,
pay_RE8uFiVeuhi97U,3767.50,INR,captured,order_3RJvy76FY97V2C,,0,card,0.00,0.00,,1,,,,KKBK,,,,,[],45.21,8.14,,,2026-07-07 15:45:45,debit,
pay_0CDt01cUVrCuck,505.00,INR,captured,order_VqgaQ7WtRdjkzz,,0,netbanking,0.00,0.00,,1,,,,,,,,,[],8.84,1.59,,,07/07/2026 22:58:14,,
pay_sM36o8wnCTiBQs,10938.50,INR,captured,order_ejtjseZDpg62Ij,,0,upi,0.00,0.00,,1,,,,,,,,,[],218.77,39.38,,,07/07/2026 05:11:43,,
pay_bFD0jmtfJ7r7rB,7873.00,INR,captured,order_Pg9CRhtiikhWxE,,0,netbanking,0.00,0.00,,1,,,,AXIS,,,,,[],137.78,24.80,,,2026-07-07 12:24:12,,
pay_sQGoXPa1Bbh7nJ,4888.50,INR,captured,order_TC9dxIFpi0HLnN,,0,upi,0.00,0.00,,1,,,,,,,,,[],97.77,17.60,,,2026-07-07 19:37:41,,
pay_JZf0YekkUyUd09,22327.50,INR,captured,order_eVEvrhMUGhi8MX,,0,upi,0.00,0.00,,1,,,,,,,,,[],446.55,80.38,,,07/07/2026 02:50:10,,
pay_1gZ7CwM9H2UpY0,583.00,INR,captured,order_Plg0NRPxVzmY6B,,0,upi,0.00,0.00,,1,,,,,,,,,[],11.66,2.10,,,2026-07-07 09:03:39,,
pay_JCL6CliDKefGnq,24534.00,INR,captured,order_oBDYpwnOECFtF6,,0,card,0.00,0.00,,1,,,,ICICI,,,,,[],490.68,88.32,,,2026-07-07 16:16:08,credit,
pay_eDV7sY8kWTtngv,3691.00,INR,captured,order_AAXMfWH5wi8Wj8,,0,card,0.00,0.00,,1,,,,KKBK,,,,,[],44.29,7.97,,,08/07/2026 23:29:37,debit,
pay_NeBvix31avByzj,15869.00,INR,captured,order_8C2vC95S0vLC8S,,0,card,0.00,0.00,,1,,,,HDFC,,,,,[],317.38,57.13,,,2026-07-09 06:42:06,credit,
pay_QzAq7EI2huu1nV,319.00,INR,captured,order_HwZOyHvgRHhtQ1,,0,netbanking,0.00,0.00,,1,,,,HDFC,,,,,[],5.58,1.00,,,2026-07-09 13:55:35,,
pay_Tftxo32Z8RGxdo,2279.50,INR,captured,order_uC1RHL15mNNZ5I,,0,upi,0.00,0.00,,1,,,,,,,,,[],45.59,8.21,,,2026-07-09 20:08:04,,
pay_2ZQrYkPWlOhe6d,6820.00,INR,captured,order_ZNFKlUqPANP42P,,1,card,0.00,0.00,,1,,,,SBIN,,,,,[],238.70,42.97,,,2026-07-09 03:21:33,credit,
pay_FxpseRZZw5y31Y,398.00,INR,captured,order_oB5BF9GJa0DHFU,,0,upi,0.00,0.00,,1,,,,,,,,,[],7.96,1.43,,,09/07/2026 10:34:02,,
pay_7JuR0SVwQQbesr,350.00,INR,captured,order_2OWngzetYz082r,,0,netbanking,0.00,0.00,,1,,,,SBIN,,,,,[],6.13,1.10,,,2026-07-09 17:47:31,,
pay_DQsgWAmSDCMHnv,4267.50,INR,captured,order_5toKv38W490UD4,,0,upi,0.00,0.00,,1,,,,,,,,,[],85.35,15.36,,,09/07/2026 00:00:00,,
pay_tCGKzDyyyQkWsN,24994.50,INR,captured,order_AU7ATesFIFfTVV,,0,upi,0.00,0.00,,1,,,,,,,,,[],499.89,89.98,,,2026-07-09 07:13:29,,
pay_TkSHNR05fVmPpS,3006.50,INR,captured,order_8HEWBMC0EhpYjW,,0,card,0.00,0.00,,1,,,,,,,,,[],36.08,6.49,,,46212.602060185185,debit,
pay_0glJ8hK0wdBcso,4124.00,INR,captured,order_oqb8ZgS1iwOIfX,,0,netbanking,0.00,0.00,,1,,,,,,,,,[],72.17,12.99,,,2026-07-09 21:39:27,,
pay_GXnEXtBfA6kKcM,694.00,INR,captured,order_LtAhWCvtq5Xn57,,0,card,0.00,0.00,,1,,,,AXIS,,,,,[],8.33,1.50,,,09/07/2026 04:52:56,debit,
pay_t3BnxLbzDXbPrr,18957.50,INR,captured,order_7uyNo136RTf3Qh,,0,upi,0.00,0.00,,1,,,,,,,,,[],379.15,68.25,,,2026-07-09 11:05:25,,
pay_A7fc59Uxg63RPe,8415.00,INR,captured,order_hEiVMvPiNaZsCz,,0,card,0.00,0.00,,1,,,,,,,,,[],100.98,18.18,,,46212.763125,debit,
pay_Hbacke4OutqlST,6610.00,INR,captured,order_Y0NLpDCona6bvs,,0,upi,0.00,0.00,,1,,,,,,,,,[],132.20,23.80,,,2026-09-07 01:31:23,,
pay_MeCFcriWcLdRAp,18977.50,INR,captured,order_rYiAF9DX9yY8oC,,0,card,0.00,0.00,,1,,,,ICICI,,,,,[],227.73,40.99,,,46212.36449074074,debit,
pay_MIJ7ka8nktcmom,887.00,INR,captured,order_TCfgCcKbGXKqjx,,0,upi,0.00,0.00,,1,,,,,,,,,[],17.74,3.19,,,2026-07-09 15:57:21,,
pay_OrHRFFjawgcMRF,2007.50,INR,captured,order_i43a5H8H9NZ1rB,,0,card,0.00,0.00,,1,,,,ICICI,,,,,[],24.09,4.34,,,2026-07-09 22:10:50,debit,
pay_uIesDu3y5SViKh,19426.50,INR,captured,order_iIEFkWQ8eBTiHl,,0,upi,0.00,0.00,,1,,,,,,,,,[],388.53,69.94,,,2026-07-09 05:23:19,,
pay_EbSyoDJYf59dWy,4265.00,INR,captured,order_4Nbr9CVrB0Cgju,,0,upi,0.00,0.00,,1,,,,,,,,,[],85.30,15.35,,,46212.525555555556,,
pay_HsZ4bizP0JOFe5,3314.50,INR,captured,order_H52HG4mGkkMLes,,0,netbanking,0.00,0.00,,1,,,,HDFC,,,,,[],58.00,10.44,,,2026-07-09 19:49:17,,
pay_EyjPEQbx0g83K5,625.50,INR,captured,order_d9hJpcvAF6qU3I,,0,card,0.00,0.00,,1,,,,,,,,,[],12.51,2.25,,,2026-09-07 02:02:46,credit,
pay_q0Os9f0l6FHSk6,3445.50,INR,captured,order_sJsPSu3OFBQY6K,,0,card,0.00,0.00,,1,,,,ICICI,,,,,[],68.91,12.40,,,09/07/2026 09:15:15,credit,
pay_o0wHs3x4ikA0O9,3226.00,INR,captured,order_0G8VylSryi2Tqa,,0,upi,0.00,0.00,,1,,,,,,,,,[],64.52,11.61,,,2026-07-09 16:28:44,,
pay_0muNt13ji7b8Ul,3282.00,INR,captured,order_ks0heyLi1rxmLx,,0,upi,0.00,0.00,,1,,,,,,,,,[],65.64,11.82,,,09/07/2026 23:41:13,,
pay_pFBnKWcOnMAmNq,3941.00,INR,captured,order_trYrXWH6rcKKp2,,0,upi,0.00,0.00,,1,,,,,,,,,[],78.82,14.19,,,09/07/2026 06:54:42,,
pay_WiIMNsn8jvl8x5,1401.00,INR,captured,order_wtpM16mhhuwsX9,,0,upi,0.00,0.00,,1,,,,,,,,,[],28.02,5.04,,,46212.54665509259,,
pay_FwPsq2jT7xmOV1,577.50,INR,captured,order_UOU4P8zief0OKJ,,0,card,0.00,0.00,,1,,,,KKBK,,,,,[],11.55,2.08,,,46212.84768518519,credit,
pay_jLnMTO7SOwqM0B,3501.50,INR,captured,order_y84ireravUnkhE,,0,card,0.00,0.00,,1,,,,KKBK,,,,,[],70.03,12.61,,,46212.14802083333,credit,
pay_FTtwQpfLSNEnLY,493.50,INR,captured,order_iCNmb9fcYtApkP,,0,card,0.00,0.00,,1,,,,SBIN,,,,,[],9.87,1.78,,,2026-07-09 10:46:38,credit,
pay_WM6ZBXDhWpmsBK,12191.00,INR,captured,order_Rw35ZARGcNa0Ws,,0,upi,0.00,0.00,,1,,,,,,,,,[],243.82,43.89,,,2026-07-09 17:59:07,,
pay_H6huWfmbpJlG2C,224.50,INR,captured,order_DkavwlVVfj4YqI,,0,upi,0.00,0.00,,1,,,,,,,,,[],4.49,0.81,,,2026-07-09 00:12:36,,
pay_rN8X9Py51AjF9i,4234.50,INR,captured,order_pV8iPlJSxyNM5J,,0,card,0.00,0.00,,1,,,,ICICI,,,,,[],84.69,15.24,,,2026-07-09 07:25:05,credit,
pay_nRUKnl580MjHzB,12298.00,INR,captured,order_ZJ4hj9RdaaehA5,,0,upi,0.00,0.00,,1,,,,,,,,,[],245.96,44.27,,,2026-07-09 14:38:34,,
pay_wqdVI8EhFKLsm2,12396.00,INR,captured,order_o74fjrByQ2gFBz,,0,upi,0.00,0.00,,1,,,,,,,,,[],247.92,44.63,,,09/07/2026 21:51:03,,
pay_X5Lscu9Ss49lee,806.00,INR,captured,order_AYBGWQ63FIQplK,,0,upi,0.00,0.00,,1,,,,,,,,,[],16.12,2.90,,,46212.16981481481,,
pay_VELjxd4nZ6IeKc,4816.50,INR,captured,order_Er1cRRVFU4NFXs,,0,card,0.00,0.00,,1,,,,SBIN,,,,,[],96.33,17.34,,,10/07/2026 11:17:01,credit,
pay_C8FLuK43WMPHGR,217.50,INR,captured,order_HiVxfYh7L1GycQ,,0,upi,0.00,0.00,,1,,,,,,,,,[],4.35,0.78,,,10/07/2026 18:30:30,,
pay_jite39n18gkzVm,858.50,INR,captured,order_SWpBmSf3eFl8bH,,0,upi,0.00,0.00,,1,,,,,,,,,[],17.17,3.09,,,2026-07-10 01:43:59,,
pay_McNMQnil76cUyg,908.00,INR,captured,order_9X0xZiK1kbARBX,,0,card,0.00,0.00,,1,,,,HDFC,,,,,[],10.90,1.96,,,10/07/2026 08:56:28,debit,
pay_dfRitcM7xDFg4g,18129.00,INR,captured,order_bcbKNKtjLn1re6,,0,upi,0.00,0.00,,1,,,,,,,,,[],362.58,65.26,,,2026-07-10 15:09:57,,
pay_xnMrfjlQOJ45Uk,790.50,INR,captured,order_0uG8F4cq5j4JMM,,0,upi,0.00,0.00,,1,,,,,,,,,[],15.81,2.85,,,2026-07-10 22:22:26,,
pay_JhkEuPCVs7eZvR,14483.50,INR,captured,order_dooZOBHHfJOCQk,,0,upi,0.00,0.00,,1,,,,,,,,,[],289.67,52.14,,,2026-07-10 05:35:55,,
pay_856TxTTmDtZIew,14543.00,INR,captured,order_qd1g0KiW0VcgP9,,0,upi,0.00,0.00,,1,,,,,,,,,[],290.86,52.35,,,2026-07-10 12:48:24,,
pay_RpzQgUxlB5Fe2g,437.50,INR,captured,order_xJ8iCwLxDz5oAC,,0,card,0.00,0.00,,1,,,,AXIS,,,,,[],8.75,1.58,,,2026-10-07 19:01:53,credit,
pay_IeTe4F1Vf2x3Tn,4427.50,INR,captured,order_DwzZKMoc3326lx,,0,netbanking,0.00,0.00,,1,,,,ICICI,,,,,[],77.48,13.95,,,10/07/2026 02:14:22,,
pay_WPfnAaYtb8X6wK,22275.50,INR,captured,order_6WfcJ6lgiFfbhA,,0,netbanking,0.00,0.00,,1,,,,HDFC,,,,,[],389.82,70.17,,,46213.39434027778,,
pay_jRb7NY7OsQfbcU,4197.50,INR,captured,order_skSaYx1U4zzfUg,,0,upi,0.00,0.00,,1,,,,,,,,,[],83.95,15.11,,,2026-10-07 16:40:20,,
pay_sUpk8PhbkVzULC,2852.50,INR,captured,order_TSpdznRFO2F4oU,,0,upi,0.00,0.00,,1,,,,,,,,,[],57.05,10.27,,,10/07/2026 23:53:49,,
pay_vQM9nJqFfUmHkY,15220.50,INR,captured,order_7NHK0603CKCPs2,,0,upi,0.00,0.00,,1,,,,,,,,,[],304.41,54.79,,,10/07/2026 06:06:18,,
pay_4lBq0JQ5ZZsAVk,699.50,INR,captured,order_BN9ViIUBB3aVX5,,0,netbanking,0.00,0.00,,1,,,,,,,,,[],12.24,2.20,,,46213.55540509259,,
pay_FFysCLuZ8Anm05,1640.00,INR,captured,order_rd81zVMqvTCJYr,,0,upi,0.00,0.00,,1,,,,,,,,,[],32.80,5.90,,,2026-07-10 20:32:16,,
pay_3uEKo2miiPgWiW,16248.00,INR,captured,order_O24HMT5HbYpiwP,,0,upi,0.00,0.00,,1,,,,,,,,,[],324.96,58.49,,,2026-07-10 03:45:45,,
pay_ERbuuzSzGrQBKr,1792.00,INR,captured,order_8NlsMjiTrjnsGU,,0,upi,0.00,0.00,,1,,,,,,,,,[],35.84,6.45,,,2026-07-10 10:58:14,,
pay_z53t7UdPJB4FYO,1997.50,INR,captured,order_EfESe0HcHtDtaa,,0,upi,0.00,0.00,,1,,,,,,,,,[],39.95,7.19,,,10/07/2026 17:11:43,,
pay_mLADudpuvGDyDk,23498.50,INR,captured,order_Bl2Hp4WxzVOyi3,,0,card,0.00,0.00,,1,,,,ICICI,,,,,[],281.98,50.76,,,2026-07-10 00:24:12,debit,
pay_FlGfVLv3RC6KX6,951.00,INR,captured,order_s7o0NTPWB3Av9x,,0,upi,0.00,0.00,,1,,,,,,,,,[],19.02,3.42,,,46213.31783564815,,
pay_4Bp2KGeNlagmCo,3323.50,INR,refunded,order_2jSbTmZWZxHnmJ,,0,upi,3323.50,0.00,full,1,,,,,,,,,[],66.47,11.96,,,2026-10-07 14:50:10,,
pay_CeBWDIpALvsmb2,211.50,INR,captured,order_9Mgskxls3iuE3d,,0,upi,0.00,0.00,,1,,,,,,,,,[],4.23,0.76,,,10/07/2026 21:03:39,,
pay_kZq0kAWlNtzw1b,17625.00,INR,captured,order_II1rnkZaFnKwKK,,0,wallet,0.00,0.00,,1,,,,,,,,,[],352.50,63.45,,,10/07/2026 04:16:08,,
pay_pXMOitoNw3Vdax,8380.50,INR,captured,order_o3dB13zuWhlJ3a,,0,upi,0.00,0.00,,1,,,,,,,,,[],167.61,30.17,,,10/07/2026 11:29:37,,
pay_ucWFe7yhJJLobu,2415.00,INR,captured,order_Y1PDrCjkKvSUaL,,0,wallet,0.00,0.00,,1,,,,,,,,,[],48.30,8.69,,,10/07/2026 18:42:06,,
pay_bbkdAc0URj8pRM,877.00,INR,captured,order_qc3ePd0bLVtg66,,0,upi,0.00,0.00,,1,,,,,,,,,[],17.54,3.16,,,2026-07-10 01:55:35,,
pay_7R6jjuORhwxf3L,18670.50,INR,captured,order_6hJhgUHEMSOrAW,,0,card,0.00,0.00,,1,,,,,,,,,[],373.41,67.21,,,2026-07-10 08:08:04,credit,
pay_6q24xvtiRky9sS,18144.50,INR,captured,order_8IyCEDIVpurVhA,,0,upi,0.00,0.00,,1,,,,,,,,,[],362.89,65.32,,,46213.639965277776,,
pay_excqkm08N18urr,4930.00,INR,captured,order_QF1Kalmvgrf8AT,,0,card,0.00,0.00,,1,,,,,,,,,[],98.60,17.75,,,2026-07-10 22:34:02,credit,
pay_f9j7ZO2Fr53GMG,11812.50,INR,captured,order_JXkOlWKodyGmrh,,0,netbanking,0.00,0.00,,1,,,,AXIS,,,,,[],206.72,37.21,,,10/07/2026 05:47:31,,
pay_1laWLAXAVQB3Gv,2670.50,INR,captured,order_399bPaMY60Y8SI,,0,upi,0.00,0.00,,1,,,,,,,,,[],53.41,9.61,,,2026-07-10 12:00:00,,
pay_QfaT7RJaVJYxWh,3631.00,INR,captured,order_AVutRB7PyarfDq,,0,upi,0.00,0.00,,1,,,,,,,,,[],72.62,13.07,,,46213.801030092596,,
pay_ygNCQZJr3pffSr,16818.00,INR,captured,order_LwGs2tc1lqsbfd,,0,card,0.00,0.00,,1,,,,ICICI,,,,,[],201.82,36.33,,,10/07/2026 02:26:58,debit,
pay_VhatK27O2DAYNJ,5684.00,INR,refunded,order_npUGjtmD5I2m3t,,0,card,1421.00,0.00,full,1,,,,HDFC,,,,,[],113.68,20.46,,,2026-10-07 09:39:27,credit,
pay_zcI5htj4tp8R5B,863.00,INR,captured,order_c6SQqhNeM3KaVx,,0,card,0.00,0.00,,1,,,,SBIN,,,,,[],10.36,1.86,,,2026-07-10 16:52:56,debit,
pay_yOSee6XSd7Oshh,3914.50,INR,captured,order_oejwJhVLbrTxn8,,0,upi,0.00,0.00,,1,,,,,,,,,[],78.29,14.09,,,10/07/2026 23:05:25,,
pay_vt8MGJbnfwoHV4,904.00,INR,captured,order_ZnFh4eKlMrCHWm,,0,upi,0.00,0.00,,1,,,,,,,,,[],18.08,3.25,,,10/07/2026 06:18:54,,
pay_Z4LKbe5xeyvdOR,2936.50,INR,captured,order_shFTr889kSa06M,,0,upi,0.00,0.00,,1,,,,,,,,,[],58.73,10.57,,,46213.56346064815,,
pay_XitWcSQfHOKHRa,416.00,INR,captured,order_52GOizbZkqPvA2,,0,netbanking,0.00,0.00,,1,,,,,,,,,[],7.28,1.31,,,46213.86449074074,,
pay_g5ttWCny7ZsTM5,1959.00,INR,captured,order_vxNgph1tdZnBOa,,0,card,0.00,0.00,,1,,,,,,,,,[],39.18,7.05,,,2026-07-10 03:57:21,credit,
pay_XLNX1QmoDkd12E,17216.50,INR,refunded,order_XDzETZLMySATYI,,0,upi,4304.13,0.00,full,1,,,,,,,,,[],344.33,61.98,,,46213.42418981482,,
pay_ipASsqCYxewYPP,2372.00,INR,captured,order_yoI9bTXgL7LaXk,,0,upi,0.00,0.00,,1,,,,,,,,,[],47.44,8.54,,,10/07/2026 17:23:19,,
pay_8njxQSiSrC7oW5,236.00,INR,captured,order_B4aa3Faqqr1NHs,,0,wallet,0.00,0.00,,1,,,,,,,,,[],4.72,0.85,,,46213.025555555556,,
pay_rgjaOsWtYa8imN,7221.50,INR,captured,order_n9Xudj3aYfPaLI,,0,upi,0.00,0.00,,1,,,,,,,,,[],144.43,26.00,,,46214.325891203705,,
pay_oNHY5T5OcPWil8,822.50,INR,captured,order_yhdOYFcgwSbjax,,0,card,0.00,0.00,,1,,,,HDFC,,,,,[],16.45,2.96,,,2026-07-11 14:02:46,credit,
pay_YkmZf34Yk0snva,2251.50,INR,captured,order_q1BDD2CWbKjfzT,,0,upi,0.00,0.00,,1,,,,,,,,,[],45.03,8.11,,,2026-07-11 21:15:15,,
pay_7GBzrXiKguhemw,3090.50,INR,captured,order_ps6Xucx1g5pU38,,0,upi,0.00,0.00,,1,,,,,,,,,[],61.81,11.13,,,11/07/2026 04:28:44,,
pay_gvAhoMXkUrL6gG,4827.00,INR,captured,order_mJvx71p4gyWClT,,0,upi,0.00,0.00,,1,,,,,,,,,[],96.54,17.38,,,11/07/2026 11:41:13,,
pay_1Qbzoe69F5MLzB,5669.50,INR,captured,order_dmwbtyDIUzOjjt,,0,upi,0.00,0.00,,1,,,,,,,,,[],113.39,20.41,,,46214.787986111114,,
pay_RexDpKKp51nvOk,928.00,INR,refunded,order_joH1k7ASAquVFI,,0,upi,928.00,0.00,full,1,,,,,,,,,[],18.56,3.34,,,2026-07-11 01:07:11,,
pay_kl9YeHzN1ALwoE,574.50,INR,captured,order_0Phz9P0COVM5uP,,0,upi,0.00,0.00,,1,,,,,,,,,[],11.49,2.07,,,11/07/2026 08:20:40,,
pay_FCi0SiV3iAThkT,12020.00,INR,captured,order_4maOf1ow8rOEkq,,0,upi,0.00,0.00,,1,,,,,,,,,[],240.40,43.27,,,2026-07-11 15:33:09,,
pay_VSo3ZMNPihgM9k,813.00,INR,captured,order_BtJE4qSBJQ2U31,,0,upi,0.00,0.00,,1,,,,,,,,,[],16.26,2.93,,,2026-07-11 22:46:38,,
pay_nvS4iYQ9jkfZgP,4202.00,INR,captured,order_Tm2yrFzyJbym6W,,0,netbanking,0.00,0.00,,1,,,,HDFC,,,,,[],73.54,13.24,,,11/07/2026 05:59:07,,
pay_qMwy6jEYAXdJ1e,2227.50,INR,captured,order_vlxqT2Y7VPHppX,,0,upi,0.00,0.00,,1,,,,,,,,,[],44.55,8.02,,,11/07/2026 12:12:36,,
pay_KM0krWjtzzrQOu,3395.00,INR,captured,order_FWUvUOh07jVoBf,,0,upi,0.00,0.00,,1,,,,,,,,,[],67.90,12.22,,,2026-07-11 19:25:05,,
pay_aErCx5SsK3Vk2v,4245.00,INR,captured,order_BRmgs9x1i5bPhY,,0,upi,0.00,0.00,,1,,,,,,,,,[],84.90,15.28,,,2026-11-07 02:38:34,,
pay_dijQvAtRCJGnda,23706.50,INR,captured,order_SjtAuYfWMKjcE5,,0,upi,0.00,0.00,,1,,,,,,,,,[],474.13,85.34,,,11/07/2026 09:51:03,,
pay_64xeBbgOJLgXHE,491.00,INR,captured,order_RDCWzjpNFygRm9,,1,card,0.00,0.00,,1,,,,AXIS,,,,,[],17.19,3.09,,,11/07/2026 16:04:32,credit,
pay_R7ljjy32zFRHBc,382.00,INR,refunded,order_uEeBl0GkyPVN5G,,0,upi,382.00,0.00,full,1,,,,,,,,,[],7.64,1.38,,,2026-07-11 23:17:01,,
pay_KW5JJcxWudYpTn,1109.50,INR,captured,order_TEEzbcfDtUVpBT,,0,card,0.00,0.00,,1,,,,,,,,,[],22.19,3.99,,,11/07/2026 06:30:30,credit,
pay_13UzkS7U0uAePO,3491.50,INR,captured,order_tCGEvU618cYy5O,,0,card,0.00,0.00,,1,,,,ICICI,,,,,[],41.90,7.54,,,46214.57221064815,debit,
pay_pGEiqW2VhEqvnZ,9309.00,INR,captured,order_f0RHtSTf1DeSSS,,0,card,0.00,0.00,,1,,,,HDFC,,,,,[],186.18,33.51,,,2026-07-11 20:56:28,credit,
pay_r1CLFQtS9qkw07,9177.00,INR,captured,order_PDTdKmstOeyWZG,,0,upi,0.00,0.00,,1,,,,,,,,,[],183.54,33.04,,,2026-07-11 03:09:57,,
pay_sj360t9zyD1g39,2214.50,INR,captured,order_DVOjlVa2TXpyBn,,0,upi,0.00,0.00,,1,,,,,,,,,[],44.29,7.97,,,2026-07-11 10:22:26,,
pay_GIg1iKZ7B5IYcG,339.00,INR,captured,order_76olcLmBVcvlzT,,0,card,0.00,0.00,,1,,,,AXIS,,,,,[],6.78,1.22,,,11/07/2026 17:35:55,credit,
pay_W7Qm6daTdrDTTu,229.00,INR,captured,order_fipipD6Suvslui,,0,card,0.00,0.00,,1,,,,KKBK,,,,,[],2.75,0.50,,,11/07/2026 00:48:24,debit,
pay_KU2s2NmO8iBWeW,11173.00,INR,captured,order_VHLWSDobq8yRMS,,0,card,0.00,0.00,,1,,,,SBIN,,,,,[],279.33,50.28,,,2026-11-07 07:01:53,credit,
pay_Zm4HvBmtIAx0UM,6763.50,INR,captured,order_qjtvmwOtFa7Sw6,,0,upi,0.00,0.00,,1,,,,,,,,,[],135.27,24.35,,,2026-07-11 14:14:22,,
pay_Cph0rml6F0SLV8,345.50,INR,captured,order_IjqAIME6iZHDPF,,0,upi,0.00,0.00,,1,,,,,,,,,[],6.91,1.24,,,46214.89434027778,,
pay_vfWYOKUbygRto8,858.50,INR,captured,order_I8WABxL5PWQyZO,,0,upi,0.00,0.00,,1,,,,,,,,,[],17.17,3.09,,,46214.19467592592,,
pay_EFgdnDvQiCawDH,9308.00,INR,captured,order_gWupjJeOAkvia7,,0,card,0.00,0.00,,1,,,,SBIN,,,,,[],111.70,20.11,,,2026-07-11 11:53:49,debit,
pay_MvyhLILR0etFOz,11516.00,INR,captured,order_sVT85rJx3j1tgG,,0,upi,0.00,0.00,,1,,,,,,,,,[],230.32,41.46,,,2026-07-11 18:06:18,,
pay_dsgsF8ex8AEdfr,2406.00,INR,captured,order_DU2j5a5hXVaq0e,,0,upi,0.00,0.00,,1,,,,,,,,,[],48.12,8.66,,,12/07/2026 01:19:47,,
pay_IH1JLvydNmsOdT,2261.00,INR,captured,order_nyUuoYvQId49Vd,,0,card,0.00,0.00,,1,,,,,,,,,[],45.22,8.14,,,2026-07-12 08:32:16,credit,
pay_aVplbEROEJf5CV,8273.00,INR,captured,order_wPYGIuUCArXJ9h,,0,upi,0.00,0.00,,1,,,,,,,,,[],165.46,29.78,,,12/07/2026 15:45:45,,
pay_rn5RuM8R9rweCH,4901.50,INR,captured,order_1t7X11qIrpfU7G,,0,upi,0.00,0.00,,1,,,,,,,,,[],98.03,17.65,,,2026-07-12 22:58:14,,
pay_DBZkVGxkkvBCti,1183.50,INR,captured,order_Ao4wd2QQoDMLAo,,0,upi,0.00,0.00,,1,,,,,,,,,[],23.67,4.26,,,2026-07-12 05:11:43,,
pay_Dr6WxzQ3D8xuLC,23260.50,INR,captured,order_MTMzm2S6wJUGSu,,0,card,0.00,0.00,,1,,,,AXIS,,,,,[],465.21,83.74,,,2026-07-12 12:24:12,credit,
pay_SwsI4PkbjLX1NO,4333.50,INR,captured,order_qDgMfAFqgT6IXG,,0,upi,0.00,0.00,,1,,,,,,,,,[],86.67,15.60,,,2026-07-12 19:37:41,,
pay_0xvX4qPaPZS4tO,322.50,INR,captured,order_DZ7Q8Amw6pyIMt,,0,upi,0.00,0.00,,1,,,,,,,,,[],6.45,1.16,,,2026-07-12 02:50:10,,
pay_qoLUFZtRiD6TOh,4554.00,INR,captured,order_4Iq3JtZmk9wX1b,,0,wallet,0.00,0.00,,1,,,,,,,,,[],91.08,16.39,,,2026-07-12 09:03:39,,
pay_Yc2bLKh8nqtMXF,15856.00,INR,captured,order_q6ul6h3iKFfRWV,,0,netbanking,0.00,0.00,,1,,,,SBIN,,,,,[],277.48,49.95,,,2026-07-12 16:16:08,,
pay_iZQC1QAQ7765Ch,573.00,INR,captured,order_9TQ28AyTILqbI8,,0,upi,0.00,0.00,,1,,,,,,,,,[],11.46,2.06,,,46215.978900462964,,
pay_tpfWNZOA6hmWOl,4028.00,INR,captured,order_I7NF4jCFKvSBe8,,0,upi,0.00,0.00,,1,,,,,,,,,[],80.56,14.50,,,2026-07-12 06:42:06,,
pay_bOL24Yby1F4YU9,3735.50,INR,captured,order_XUvvBDQoNlg1kx,,0,wallet,0.00,0.00,,1,,,,,,,,,[],74.71,13.45,,,12/07/2026 13:55:35,,
pay_ZLpyzRvp7oKNqe,3437.50,INR,captured,order_Gq6atbXA9dnEXI,,0,card,0.00,0.00,,1,,,,HDFC,,,,,[],68.75,12.38,,,2026-07-12 20:08:04,credit,
pay_xBXnZO3iNiLAre,920.00,INR,captured,order_zKSAgfBNSx1lb1,,0,upi,0.00,0.00,,1,,,,,,,,,[],18.40,3.31,,,46215.139965277776,,
pay_kiojzIO2NNCWh9,3054.50,INR,captured,order_mZ304be5hr1PIN,,0,upi,0.00,0.00,,1,,,,,,,,,[],61.09,11.00,,,2026-12-07 10:34:02,,
pay_KefphOH7rkJhNq,2811.00,INR,captured,order_Qx6T9QQjawjpoo,,0,card,0.00,0.00,,1,,,,,,,,,[],70.28,12.65,,,2026-07-12 17:47:31,credit,
pay_GjgH5DvttH5FAt,504.00,INR,captured,order_xQsPkyUnaArVLW,,0,upi,0.00,0.00,,1,,,,,,,,,[],10.08,1.81,,,2026-07-12 00:00:00,,
pay_nQJD2veUTKsW6d,18998.50,INR,captured,order_ARPayXJ1Cp36Gq,,0,upi,0.00,0.00,,1,,,,,,,,,[],379.97,68.39,,,12/07/2026 07:13:29,,
pay_G8fsesXCln2ueM,1940.50,INR,captured,order_WisepRn75Fhsy2,,0,upi,0.00,0.00,,1,,,,,,,,,[],38.81,6.99,,,12/07/2026 14:26:58,,
pay_jwNottQsFXdMx6,775.50,INR,captured,order_ZnFrQza7YEPBYn,,0,card,0.00,0.00,,1,,,,ICICI,,,,,[],9.31,1.68,,,2026-07-12 21:39:27,debit,
pay_ohmT4NUY4rGKeV,2997.00,INR,captured,order_sGFdTjf0xbA8QW,,0,card,0.00,0.00,,1,,,,,,,,,[],59.94,10.79,,,12/07/2026 04:52:56,credit,
pay_Dx0AjOgTDrdjX4,21301.50,INR,captured,order_RDd21AtdMRaysy,,0,upi,0.00,0.00,,1,,,,,,,,,[],426.03,76.69,,,12/07/2026 11:05:25,,
pay_aa6NXLk2ZCGlz6,4630.50,INR,captured,order_LNfKQjMXmE5xqs,,0,upi,0.00,0.00,,1,,,,,,,,,[],92.61,16.67,,,2026-07-12 18:18:54,,
pay_ehxEBPTIr4x2b8,568.00,INR,captured,order_nhBod0vYwzmADK,,0,upi,0.00,0.00,,1,,,,,,,,,[],11.36,2.04,,,2026-07-12 01:31:23,,
pay_BWOTvlLa1gbf3L,2575.00,INR,captured,order_vlM5funtq9BZX7,,0,upi,0.00,0.00,,1,,,,,,,,,[],51.50,9.27,,,2026-07-12 08:44:52,,
pay_VIBNUqqdOlHzfG,623.00,INR,captured,order_GbfG3Zjym6nGoL,,0,wallet,0.00,0.00,,1,,,,,,,,,[],12.46,2.24,,,12/07/2026 15:57:21,,
pay_0UejLwU26hPGFU,8627.00,INR,captured,order_AFHk9encB7rY9V,,0,upi,0.00,0.00,,1,,,,,,,,,[],172.54,31.06,,,12/07/2026 22:10:50,,
pay_ml3fITJwvtKcmP,724.00,INR,captured,order_nbEhYIzawAae0q,,0,netbanking,0.00,0.00,,1,,,,ICICI,,,,,[],12.67,2.28,,,12/07/2026 05:23:19,,
pay_fKVCycrs0ZYt2r,22085.50,INR,captured,order_Kz1GkyNPnXXYEs,,0,upi,0.00,0.00,,1,,,,,,,,,[],441.71,79.51,,,2026-07-12 12:36:48,,
pay_5OS1trepkITsFa,799.50,INR,captured,order_7ZMSP6z26WEoNy,,0,card,0.00,0.00,,1,,,,,,,,,[],15.99,2.88,,,12/07/2026 19:49:17,credit,
pay_9GrodG9ygx12rf,16117.00,INR,captured,order_mg56vREqbVseZF,,0,upi,0.00,0.00,,1,,,,,,,,,[],322.34,58.02,,,46215.08525462963,,
pay_CqS3ttI1ycZWbG,24933.00,INR,captured,order_Hk11jiiC0ysenV,,1,card,0.00,0.00,,1,,,,SBIN,,,,,[],872.66,157.08,,,46216.38559027778,credit,
pay_Lj2JxzxsHb0WnZ,17698.50,INR,captured,order_ng93AtVP7wKGjd,,0,upi,0.00,0.00,,1,,,,,,,,,[],353.97,63.71,,,2026-07-13 16:28:44,,
pay_uATIEX1OjSI63I,7342.50,INR,captured,order_r2Dx4NBWNU0UoF,,0,upi,0.00,0.00,,1,,,,,,,,,[],146.85,26.43,,,2026-07-13 23:41:13,,
pay_3B3VhyooiJStFS,548.50,INR,captured,order_3x15PB8vLwHgTY,,0,upi,0.00,0.00,,1,,,,,,,,,[],10.97,1.97,,,2026-07-13 06:54:42,,
pay_CwXp3fCQZSfzgK,425.00,INR,captured,order_lzPUaF3r06V3Vg,,0,card,0.00,0.00,,1,,,,SBIN,,,,,[],8.50,1.53,,,2026-07-13 13:07:11,credit,
pay_ECAi0uryaNsQLd,24239.50,INR,captured,order_YpwBTre5FJRwB9,,0,upi,0.00,0.00,,1,,,,,,,,,[],484.79,87.26,,,46216.84768518519,,
pay_XfWswndsepSjsH,21978.00,INR,captured,order_4wKltjJ4Wfs0qq,,0,card,0.00,0.00,,1,,,,SBIN,,,,,[],439.56,79.12,,,13/07/2026 03:33:09,credit,
pay_7B5ihvlc8LGiWq,3979.50,INR,captured,order_CHrfrsGTCEqBm6,,1,card,0.00,0.00,,1,,,,HDFC,,,,,[],139.28,25.07,,,13/07/2026 10:46:38,credit,
pay_zV8KsH9Vwt2byz,24237.00,INR,captured,order_89BWrqjiCvN2WL,,0,upi,0.00,0.00,,1,,,,,,,,,[],484.74,87.25,,,2026-07-13 17:59:07,,
pay_VwuVlQMd37uuDh,2985.00,INR,captured,order_mV3fNHuqU6iafp,,0,upi,0.00,0.00,,1,,,,,,,,,[],59.70,10.75,,,2026-07-13 00:12:36,,
pay_L7tVBKnkXA7mAX,22433.50,INR,captured,order_67GYK3zxWcrStq,,0,card,0.00,0.00,,1,,,,AXIS,,,,,[],448.67,80.76,,,2026-07-13 07:25:05,credit,
pay_mDNMMCrlPwiAh5,3434.00,INR,captured,order_ihbK6DNfabe1y5,,0,upi,0.00,0.00,,1,,,,,,,,,[],68.68,12.36,,,46216.61011574074,,
pay_Y480KNqaK9cu3h,3468.50,INR,captured,order_MrnPs5orQyWqcC,,0,netbanking,0.00,0.00,,1,,,,SBIN,,,,,[],60.70,10.93,,,2026-07-13 21:51:03,,
pay_NfD4IlBOkIwNMf,1565.50,INR,captured,order_n9hLH0qaUlHZjp,,0,upi,0.00,0.00,,1,,,,,,,,,[],31.31,5.64,,,2026-13-07 04:04:32,,
pay_y9tbVQfZg1S4nE,4765.50,INR,captured,order_GdB7RqWfMaaEdA,,0,upi,0.00,0.00,,1,,,,,,,,,[],95.31,17.16,,,2026-07-13 11:17:01,,
pay_0klwDPA4b2nX3E,2388.00,INR,captured,order_DMDycVJHLrvfSB,,0,card,0.00,0.00,,1,,,,,,,,,[],28.66,5.16,,,13/07/2026 18:30:30,debit,
pay_oFJUcPVoHvahe2,4565.50,INR,captured,order_h1WJTPgNVDNpct,,0,card,0.00,0.00,,1,,,,AXIS,,,,,[],91.31,16.44,,,2026-07-13 01:43:59,credit,
pay_CFA9mDpTli3mfz,2709.00,INR,captured,order_udtaa0pnore4Qm,,0,upi,0.00,0.00,,1,,,,,,,,,[],54.18,9.75,,,2026-07-13 08:56:28,,
pay_Ycj3xeZnkB8EUA,928.00,INR,captured,order_tXlyVpDkduJNmN,,0,card,0.00,0.00,,1,,,,SBIN,,,,,[],11.14,2.01,,,13/07/2026 15:09:57,debit,
pay_uSA4G5QAz1kVBq,1197.50,INR,captured,order_CiflnS91i0KV03,,0,upi,0.00,0.00,,1,,,,,,,,,[],23.95,4.31,,,46216.93224537037,,
pay_T65E5dl2qYP8h5,21888.50,INR,captured,order_Uz4vrTkgyuJhDK,,0,upi,0.00,0.00,,1,,,,,,,,,[],437.77,78.80,,,2026-07-13 05:35:55,,
pay_q7sL2CRJ7gbplj,666.00,INR,captured,order_fm5shS5pODO8jC,,0,card,0.00,0.00,,1,,,,AXIS,,,,,[],7.99,1.44,,,2026-07-13 12:48:24,debit,
pay_RRM7HCA7GnO7IZ,222.00,INR,captured,order_jMRvyKdBs81CVm,,0,netbanking,0.00,0.00,,1,,,,SBIN,,,,,[],3.89,0.70,,,13/07/2026 19:01:53,,
pay_83FH2lAw00tGhx,13957.00,INR,captured,order_rVDnW7moh30rBm,,0,upi,0.00,0.00,,1,,,,,,,,,[],279.14,50.25,,,46216.093310185184,,
pay_nsvGsybNKJJS13,589.00,INR,captured,order_pdYygwCNBomFgq,,0,upi,0.00,0.00,,1,,,,,,,,,[],11.78,2.12,,,2026-07-13 09:27:51,,
pay_alcnQ0tIctt8Py,2952.00,INR,captured,order_DqCojdS2zTOG8l,,0,upi,0.00,0.00,,1,,,,,,,,,[],59.04,10.63,,,2026-07-13 16:40:20,,
pay_qeFuF3OERoBuI6,15375.50,INR,captured,order_6Wbvy5gtQ9jIsX,,0,card,0.00,0.00,,1,,,,SBIN,,,,,[],307.51,55.35,,,2026-07-14 23:53:49,credit,
pay_KhDxuySbPYRsKW,3337.50,INR,captured,order_en7prTheFRiYV5,,0,upi,0.00,0.00,,1,,,,,,,,,[],66.75,12.02,,,2026-07-15 06:06:18,,
pay_Tfbvm1WpvqJ9Xt,2866.00,INR,captured,order_2vfEd1aovegbwW,,0,upi,0.00,0.00,,1,,,,,,,,,[],57.32,10.32,,,2026-07-15 13:19:47,,
pay_NMlRJhAR2jHcs1,2155.50,INR,captured,order_GJ3OXXAe9H6RUb,,0,card,0.00,0.00,,1,,,,HDFC,,,,,[],25.87,4.66,,,2026-07-15 20:32:16,debit,
pay_JrsdZQSx5HMbdE,3759.50,INR,captured,order_we6h0CGXXHY5Of,,0,upi,0.00,0.00,,1,,,,,,,,,[],75.19,13.53,,,2026-07-15 03:45:45,,
pay_TXUyqPOJW8AEib,12814.50,INR,captured,order_jGdarRICmwfFCa,,0,upi,0.00,0.00,,1,,,,,,,,,[],256.29,46.13,,,2026-07-15 10:58:14,,
pay_Wpu7j1f5cDRgDw,4488.50,INR,captured,order_639j7qP5Nofegd,,0,upi,0.00,0.00,,1,,,,,,,,,[],89.77,16.16,,,15/07/2026 17:11:43,,
pay_TH8AqnKX5zaw5K,4135.50,INR,captured,order_YAPdrlnGBNYbFA,,0,upi,0.00,0.00,,1,,,,,,,,,[],82.71,14.89,,,15/07/2026 00:24:12,,
pay_3icOLlB0k68b1y,1292.50,INR,captured,order_J93KDKSGRK38cN,,0,upi,0.00,0.00,,1,,,,,,,,,[],25.85,4.65,,,2026-07-15 07:37:41,,
pay_jmLqVlnRw9MQTl,1085.50,INR,captured,order_rceqTyhxAsERXL,,0,upi,0.00,0.00,,1,,,,,,,,,[],21.71,3.91,,,15/07/2026 14:50:10,,
pay_S0eM8cCKPWznuk,265.00,INR,captured,order_qe07QVQ36rcAY7,,0,card,0.00,0.00,,1,,,,,,,,,[],6.63,1.19,,,15/07/2026 21:03:39,credit,
pay_qyyvtaBUA9QTtx,19927.00,INR,captured,order_HMzGV6ON7pnLuT,,0,card,0.00,0.00,,1,,,,HDFC,,,,,[],398.54,71.74,,,2026-07-15 04:16:08,credit,
pay_2GaUddrLO3F49y,448.50,INR,captured,order_lFlsiuI1wIBlDL,,0,upi,0.00,0.00,,1,,,,,,,,,[],8.97,1.61,,,15/07/2026 11:29:37,,
pay_LAphaVXCYYL0Q9,354.50,INR,captured,order_B1yagdcYGIgh6m,,0,netbanking,0.00,0.00,,1,,,,ICICI,,,,,[],6.20,1.12,,,2026-07-15 18:42:06,,
pay_nae1mqOm0oRUwy,8867.50,INR,captured,order_Sio4Dw9rNObuEI,,0,netbanking,0.00,0.00,,1,,,,ICICI,,,,,[],155.18,27.93,,,15/07/2026 01:55:35,,
pay_1BWJcumwXEXmyU,429.00,INR,captured,order_EnKDBWoaZYDoNm,,0,upi,0.00,0.00,,1,,,,,,,,,[],8.58,1.54,,,2026-07-15 08:08:04,,
pay_Fa8h720gAb4qvF,784.00,INR,captured,order_bKFZkSEZBcOasU,,0,upi,0.00,0.00,,1,,,,,,,,,[],15.68,2.82,,,15/07/2026 15:21:33,,
pay_u8EtVrsVPgyP2G,10515.00,INR,captured,order_avaQn7zHd8ZQhs,,0,netbanking,0.00,0.00,,1,,,,,,,,,[],184.01,33.12,,,2026-07-15 22:34:02,,
pay_AK5XVJd0dyD4gF,8268.00,INR,captured,order_nYlFcp10dZKlsA,,0,netbanking,0.00,0.00,,1,,,,HDFC,,,,,[],144.69,26.04,,,46218.24133101852,,
pay_vBEDux59H45nOW,710.00,INR,captured,order_7vCSN1Gt1pZ5d3,,0,card,0.00,0.00,,1,,,,AXIS,,,,,[],14.20,2.56,,,2026-07-15 12:00:00,credit,
pay_lsUYJipaeZvynY,6518.00,INR,captured,order_9QAGbC2B8qVdhS,,0,upi,0.00,0.00,,1,,,,,,,,,[],130.36,23.46,,,15/07/2026 19:13:29,,
pay_hQVHkzvdL3uTLg,705.50,INR,captured,order_7R9E6PgzYUJMkS,,0,upi,0.00,0.00,,1,,,,,,,,,[],14.11,2.54,,,2026-07-15 02:26:58,,
pay_0Tdz75OWbuW1il,407.50,INR,captured,order_wjZoSW9eKnPlJG,,0,card,0.00,0.00,,1,,,,HDFC,,,,,[],4.89,0.88,,,2026-07-15 09:39:27,debit,
pay_1DKK3BORC55I8S,407.00,INR,captured,order_QMLq79DYkeggRm,,0,netbanking,0.00,0.00,,1,,,,HDFC,,,,,[],7.12,1.28,,,2026-07-15 16:52:56,,
pay_aHSjtKs3qYtEhq,3331.00,INR,captured,order_2YGLT77UwI3Yg4,,0,upi,0.00,0.00,,1,,,,,,,,,[],66.62,11.99,,,2026-07-15 23:05:25,,
pay_jcE44nLicZJcxH,12701.00,INR,captured,order_5ycBnZ1lz2PPSu,,0,upi,0.00,0.00,,1,,,,,,,,,[],254.02,45.72,,,2026-07-15 06:18:54,,
pay_jjFCbqNTcjnFlK,19376.50,INR,captured,order_fsfSgRIQpQPwfD,,0,upi,0.00,0.00,,1,,,,,,,,,[],387.53,69.76,,,2026-07-15 13:31:23,,
pay_7MS5UxxG5L6U04,336.50,INR,captured,order_OFVsmbNY9iCt0D,,0,upi,0.00,0.00,,1,,,,,,,,,[],6.73,1.21,,,2026-15-07 20:44:52,,
pay_MKAAPsKIY5fs57,526.50,INR,captured,order_kvxlkMVOZh8Zpp,,0,upi,0.00,0.00,,1,,,,,,,,,[],10.53,1.90,,,2026-07-15 03:57:21,,
pay_AIGSki8Jhu7XGc,529.00,INR,captured,order_KDrKZKDX9VVMUx,,0,wallet,0.00,0.00,,1,,,,,,,,,[],10.58,1.90,,,2026-07-15 10:10:50,,
pay_bGTHv2ILndhpVs,4847.50,INR,captured,order_28335S7yiBNPu0,,0,card,0.00,0.00,,1,,,,ICICI,,,,,[],58.17,10.47,,,46218.72452546296,debit,
pay_IT8S57kbKr1QQy,4635.50,INR,captured,order_nqHIxR6TOf0v0l,,0,upi,0.00,0.00,,1,,,,,,,,,[],92.71,16.69,,,15/07/2026 00:36:48,,
pay_MRwM9KrHaTsO10,4175.00,INR,captured,order_baUPSpXn8ENnNZ,,0,upi,0.00,0.00,,1,,,,,,,,,[],83.50,15.03,,,2026-07-15 07:49:17,,
pay_IIrYKH5m5GgAy3,10289.50,INR,captured,order_Qjg3sqCOPm1RYb,,0,netbanking,0.00,0.00,,1,,,,SBIN,,,,,[],180.07,32.41,,,2026-15-07 14:02:46,,
pay_hidNHGZwaiIuYM,303.00,INR,captured,order_BmLp6ErpmkBIQo,,0,upi,0.00,0.00,,1,,,,,,,,,[],6.06,1.09,,,2026-15-07 21:15:15,,
pay_6PC6zKcnAuZ7nc,4202.00,INR,captured,order_DILNh9bxWmCu3F,,0,upi,0.00,0.00,,1,,,,,,,,,[],84.04,15.13,,,46218.18662037037,,
pay_TSqVed7NF3VaJ2,799.00,INR,captured,order_aSq2oR7B7Hvi7p,,0,upi,0.00,0.00,,1,,,,,,,,,[],15.98,2.88,,,15/07/2026 11:41:13,,
pay_xp30S1VC9LdA6R,4285.00,INR,captured,order_C3Jm0S75Ys04Zw,,0,card,0.00,0.00,,1,,,,HDFC,,,,,[],51.42,9.26,,,2026-07-15 18:54:42,debit,
pay_SjfKU3XB3Ie2QS,4152.50,INR,captured,order_mG1HSh49RivfcA,,0,card,0.00,0.00,,1,,,,HDFC,,,,,[],83.05,14.95,,,2026-07-15 01:07:11,credit,
pay_P7NqTvJb8NuPv7,2774.50,INR,captured,order_1LEes321DbbBRN,,0,upi,0.00,0.00,,1,,,,,,,,,[],55.49,9.99,,,2026-07-15 08:20:40,,
pay_2QaIbpg47nFNEs,18068.50,INR,captured,order_Nnu4nr3RUvcZAm,,0,card,0.00,0.00,,1,,,,AXIS,,,,,[],361.37,65.05,,,2026-07-15 15:33:09,credit,
pay_3AOfVxDdm973fr,603.00,INR,captured,order_Gg0ZLJf2QxjDG9,,0,card,0.00,0.00,,1,,,,HDFC,,,,,[],12.06,2.17,,,46218.94905092593,credit,
pay_U8lt2MDT11iB2c,4368.50,INR,captured,order_WtwjaDyjFYvsQI,,0,wallet,0.00,0.00,,1,,,,,,,,,[],87.37,15.73,,,46218.249386574076,,
pay_0p6UqreE65XRwm,3282.00,INR,captured,order_prc06QoZU23wje,,0,upi,0.00,0.00,,1,,,,,,,,,[],65.64,11.82,,,15/07/2026 12:12:36,,
pay_0G19ta1LYRCGko,958.00,INR,captured,order_h7FnBs70hIcTnV,,0,card,0.00,0.00,,1,,,,AXIS,,,,,[],19.16,3.45,,,46218.80908564815,credit,
pay_vkgfeEv0RQFg1f,236.50,INR,captured,order_fjzuMGgVRuv5cV,,0,card,0.00,0.00,,1,,,,SBIN,,,,,[],4.73,0.85,,,2026-07-15 02:38:34,credit,
pay_8raUn3Tug17dKE,9951.00,INR,captured,order_5jFH6ZtMUIzu3p,,0,upi,0.00,0.00,,1,,,,,,,,,[],199.02,35.82,,,46218.41045138889,,
pay_J47pe0zuSq64Vb,507.00,INR,captured,order_cp1emPs9t1Mouq,,0,card,0.00,0.00,,1,,,,SBIN,,,,,[],10.14,1.83,,,2026-07-15 16:04:32,credit,
pay_JPkzXzdiunVrwi,2342.00,INR,captured,order_HdpW8XK0qChREi,,0,netbanking,0.00,0.00,,1,,,,ICICI,,,,,[],40.99,7.38,,,2026-07-15 23:17:01,,
pay_w8FrXPVb9YkFRg,654.50,INR,captured,order_ryfrZWZzOE4Qax,,0,netbanking,0.00,0.00,,1,,,,,,,,,[],11.45,2.06,,,2026-07-16 06:30:30,,
pay_fjCrWDCmBPjVu1,4402.50,INR,captured,order_h6yq4ShQLvn7wo,,0,wallet,0.00,0.00,,1,,,,,,,,,[],88.05,15.85,,,46219.57221064815,,
pay_2QbdsOdi1EiaJP,3104.00,INR,captured,order_lkw3Xt9KyV48T4,,0,upi,0.00,0.00,,1,,,,,,,,,[],62.08,11.17,,,16/07/2026 20:56:28,,
pay_fqa4RHqsQNhc04,10160.50,INR,captured,order_ih6Zqk17XRjL35,,0,card,0.00,0.00,,1,,,,ICICI,,,,,[],203.21,36.58,,,2026-07-16 03:09:57,credit,
pay_KrJLKwY8bI3Yrd,2890.50,INR,captured,order_QhWFTOL9KdDLCx,,0,upi,0.00,0.00,,1,,,,,,,,,[],57.81,10.41,,,2026-07-16 10:22:26,,
pay_QeGuVxt4ylqn9T,239.00,INR,captured,order_q0H7sGsLILBnMf,,0,card,0.00,0.00,,1,,,,SBIN,,,,,[],4.78,0.86,,,2026-16-07 17:35:55,credit,
pay_WHEP1PaFDGSsXT,2152.00,INR,captured,order_xXRfijfvRmE7KV,,0,upi,0.00,0.00,,1,,,,,,,,,[],43.04,7.75,,,16/07/2026 00:48:24,,
pay_LiXz5oQB07c6pl,961.00,INR,captured,order_8gztak2egc8Pq0,,0,card,0.00,0.00,,1,,,,HDFC,,,,,[],11.53,2.08,,,2026-07-16 07:01:53,debit,
pay_7xruNwcpcv5xX9,3422.00,INR,captured,order_Vbf72SKH0qtmnB,,0,card,0.00,0.00,,1,,,,ICICI,,,,,[],68.44,12.32,,,2026-07-16 14:14:22,credit,
pay_dpT7SBwQMhTmUn,3508.50,INR,captured,order_9flGAkads8Rncm,,0,card,0.00,0.00,,1,,,,SBIN,,,,,[],42.10,7.58,,,2026-07-16 21:27:51,debit,
pay_NPfknhhZMq9sG1,3781.00,INR,captured,order_4yB7hVAJA3pGJf,,0,card,0.00,0.00,,1,,,,AXIS,,,,,[],75.62,13.61,,,16/07/2026 04:40:20,credit,
pay_yksh00tKwN4rTk,398.50,INR,refunded,order_U9IlRDUGhteEUx,,0,upi,398.50,0.00,full,1,,,,,,,,,[],7.97,1.43,,,2026-07-16 11:53:49,,
pay_HqBgYPmEvru7hp,7018.50,INR,captured,order_vUCO4qTbpHNFgv,,0,upi,0.00,0.00,,1,,,,,,,,,[],140.37,25.27,,,16/07/2026 18:06:18,,
pay_zP9SyWHMTK5FwU,6684.50,INR,captured,order_vTTgMxvjOzOIyC,,0,wallet,0.00,0.00,,1,,,,,,,,,[],133.69,24.06,,,16/07/2026 01:19:47,,
pay_bxPIKZPsuUR3vC,3117.00,INR,captured,order_HcIMGNs8vTaNuR,,0,upi,0.00,0.00,,1,,,,,,,,,[],62.34,11.22,,,46219.35574074074,,
pay_ysEA8ZZsIcpyJT,17209.50,INR,captured,order_Ne4012doOYAj6i,,0,netbanking,0.00,0.00,,1,,,,KKBK,,,,,[],301.17,54.21,,,2026-07-16 15:45:45,,
pay_ienqYgwuKLBHVa,17325.00,INR,captured,order_y7le9T0vmAHipx,,0,card,0.00,0.00,,1,,,,,,,,,[],433.13,77.96,,,16/07/2026 22:58:14,credit,
pay_CKd8OnjcHWvs0K,246.50,INR,captured,order_3nR5WPsLgcLweo,,0,netbanking,0.00,0.00,,1,,,,AXIS,,,,,[],4.31,0.78,,,16/07/2026 05:11:43,,
pay_PiCSI4knWx0zBk,2056.50,INR,captured,order_YQlvjeS23mimxo,,0,upi,0.00,0.00,,1,,,,,,,,,[],41.13,7.40,,,16/07/2026 12:24:12,,
pay_98DL3flXHWn73S,529.00,INR,captured,order_amGU83Eh6sq78W,,0,card,0.00,0.00,,1,,,,ICICI,,,,,[],10.58,1.90,,,16/07/2026 19:37:41,credit,
pay_ymndicBfRwbsN8,21770.00,INR,captured,order_MtQ8wCx8F4mHhV,,0,card,0.00,0.00,,1,,,,HDFC,,,,,[],435.40,78.37,,,2026-07-16 02:50:10,credit,
pay_kQ7NVEF5RIQogB,24218.50,INR,captured,order_lbzKJrfPCQCeF8,,0,card,0.00,0.00,,1,,,,,,,,,[],290.62,52.31,,,46219.377534722225,debit,
pay_cFIaEdMQP3OF5b,2605.50,INR,captured,order_FZ5QH1JNCSeDws,,0,upi,0.00,0.00,,1,,,,,,,,,[],52.11,9.38,,,2026-07-16 16:16:08,,
pay_oGDqMoOJI4KXJU,2197.00,INR,captured,order_lyVP4sVu8L7KtM,,0,netbanking,0.00,0.00,,1,,,,AXIS,,,,,[],38.45,6.92,,,16/07/2026 23:29:37,,
pay_flhB9XF9CURjdF,1083.50,INR,captured,order_jBHXsCVgdzqaxL,,0,card,0.00,0.00,,1,,,,AXIS,,,,,[],13.00,2.34,,,46219.27923611111,debit,
pay_1c6h614wdmXJ2w,881.00,INR,captured,order_Yo9hYuNqEvOceD,,0,upi,0.00,0.00,,1,,,,,,,,,[],17.62,3.17,,,16/07/2026 13:55:35,,
pay_yfdl02LmaHpAbd,21127.50,INR,captured,order_AY40abdZfm7Clc,,0,netbanking,0.00,0.00,,1,,,,SBIN,,,,,[],369.73,66.55,,,16/07/2026 20:08:04,,
pay_EuPbi6hM6zP8Mw,1016.50,INR,captured,order_xtx6hSBWZILFq7,,0,upi,0.00,0.00,,1,,,,,,,,,[],20.33,3.66,,,2026-07-16 03:21:33,,
pay_hxH7b66vOGQLNm,585.50,INR,captured,order_geVOPGjwvYFS4r,,0,upi,0.00,0.00,,1,,,,,,,,,[],11.71,2.11,,,2026-07-16 10:34:02,,
pay_cGlSDyxNSTLTD2,1110.50,INR,captured,order_tjbqOEesOGrBJg,,0,card,0.00,0.00,,1,,,,KKBK,,,,,[],22.21,4.00,,,2026-07-16 17:47:31,credit,
pay_tKT07C635Y8j4s,5060.00,INR,captured,order_28B5GXIV6kS0Dc,,0,netbanking,0.00,0.00,,1,,,,SBIN,,,,,[],88.55,15.94,,,16/07/2026 00:00:00,,
pay_BbSSk4i79sYqAB,8700.50,INR,captured,order_6Zq82hqgvvcUPA,,0,upi,0.00,0.00,,1,,,,,,,,,[],174.01,31.32,,,2026-07-16 07:13:29,,
pay_ySalFCDbMWjgmz,907.00,INR,captured,order_Jq9SMaIeTMU2ls,,0,card,0.00,0.00,,1,,,,SBIN,,,,,[],10.88,1.96,,,2026-07-16 14:26:58,debit,
pay_Lug9N5MaF5nKtt,512.00,INR,captured,order_GxDMW3GrtQ4krv,,0,upi,0.00,0.00,,1,,,,,,,,,[],10.24,1.84,,,2026-07-16 21:39:27,,
pay_4xNytFUGuBpuj2,10113.50,INR,captured,order_GagAq5JZVseOQy,,0,upi,0.00,0.00,,1,,,,,,,,,[],202.27,36.41,,,2026-07-16 04:52:56,,
pay_cmdNKZJqy6jqzy,252.00,INR,captured,order_B7cX8yp68JdfLe,,0,card,0.00,0.00,,1,,,,KKBK,,,,,[],5.04,0.91,,,2026-07-16 11:05:25,credit,
pay_zh4T9PPJiGzORN,16818.50,INR,captured,order_IrvZsGJShLc1DZ,,0,upi,0.00,0.00,,1,,,,,,,,,[],336.37,60.55,,,2026-07-16 18:18:54,,
pay_WuztChEiLsbHQr,510.00,INR,captured,order_6TFUyEvO5QkOv8,,0,card,0.00,0.00,,1,,,,AXIS,,,,,[],6.12,1.10,,,2026-07-16 01:31:23,debit,
pay_nUwwuQr9bfHXqb,385.00,INR,captured,order_Xz5W3zyACrWW3c,,0,card,0.00,0.00,,1,,,,AXIS,,,,,[],7.70,1.39,,,16/07/2026 08:44:52,credit,
pay_bIO7x0tXNahDum,4208.50,INR,captured,order_1SJFUaTPmzROgS,,0,card,0.00,0.00,,1,,,,ICICI,,,,,[],84.17,15.15,,,16/07/2026 15:57:21,credit,
pay_sq0ZTBXuxmjj6d,602.50,INR,captured,order_xPE4izcNBEcNtV,,0,upi,0.00,0.00,,1,,,,,,,,,[],12.05,2.17,,,17/07/2026 22:10:50,,
pay_D1mXLeziWnPzex,2816.50,INR,refunded,order_AzLRbrLefY99WG,,0,netbanking,704.13,0.00,full,1,,,,HDFC,,,,,[],49.29,8.87,,,2026-07-17 05:23:19,,
pay_SsOLijFdqPnIj7,11719.00,INR,captured,order_2A6XbrgQUtMnZU,,0,netbanking,0.00,0.00,,1,,,,AXIS,,,,,[],205.08,36.91,,,46220.525555555556,,
pay_p0MdglG118nIfP,478.00,INR,captured,order_jtoGRkcaMA5YRo,,0,upi,0.00,0.00,,1,,,,,,,,,[],9.56,1.72,,,2026-07-17 19:49:17,,
pay_PmCu21O4BbGrRl,339.50,INR,captured,order_k4kKe1P5lpdZgf,,0,card,0.00,0.00,,1,,,,AXIS,,,,,[],6.79,1.22,,,46220.08525462963,credit,
pay_vgb0vw5Tv2D1VM,575.00,INR,captured,order_kT7DlQxZ15elff,,0,upi,0.00,0.00,,1,,,,,,,,,[],11.50,2.07,,,17/07/2026 09:15:15,,
pay_nwpnH9fdIOb4K9,4413.50,INR,captured,order_48DoPlWWepWdFU,,0,upi,0.00,0.00,,1,,,,,,,,,[],88.27,15.89,,,2026-07-17 16:28:44,,
pay_9ArM2cvV5CUYAv,18712.00,INR,captured,order_NKNfnfrNq18U2v,,0,upi,0.00,0.00,,1,,,,,,,,,[],374.24,67.36,,,2026-07-17 23:41:13,,
pay_cnrR9xxwRv1EXD,1880.00,INR,captured,order_LUXzEssM6aKaEt,,0,upi,0.00,0.00,,1,,,,,,,,,[],37.60,6.77,,,2026-07-17 06:54:42,,
pay_JiDo2tC246Iwjv,13185.50,INR,captured,order_mapecBMPI7TpWJ,,0,card,0.00,0.00,,1,,,,SBIN,,,,,[],263.71,47.47,,,2026-07-17 13:07:11,credit,
pay_LeIeEe2FILzp16,22443.50,INR,captured,order_VgfKVj4d6k036L,,0,card,0.00,0.00,,1,,,,AXIS,,,,,[],448.87,80.80,,,2026-07-17 20:20:40,credit,
pay_1G846EdHu12yIx,598.00,INR,captured,order_mXKVp6qeA2Iwi5,,0,upi,0.00,0.00,,1,,,,,,,,,[],11.96,2.15,,,2026-07-17 03:33:09,,
pay_3Pfb9vjA0vj6Mg,12549.50,INR,captured,order_ucFApawcq7lKAg,,0,upi,0.00,0.00,,1,,,,,,,,,[],250.99,45.18,,,17/07/2026 10:46:38,,
pay_pzLovBCJ85VoTQ,974.50,INR,captured,order_J83rM5VT1ODN3C,,0,upi,0.00,0.00,,1,,,,,,,,,[],19.49,3.51,,,2026-07-17 17:59:07,,
pay_K3u4Q8ajsLFcU6,12468.50,INR,captured,order_SQeZCiQfX2Y3dt,,0,upi,0.00,0.00,,1,,,,,,,,,[],249.37,44.89,,,2026-07-17 00:12:36,,
pay_0HnlD7ek6jcE2o,884.00,INR,captured,order_Z88kDpccZeNt5N,,0,card,0.00,0.00,,1,,,,,,,,,[],17.68,3.18,,,2026-07-17 07:25:05,credit,
pay_Ae8QPqPVpmnQuy,2436.00,INR,captured,order_LgBTPNEJmtR8lJ,,0,upi,0.00,0.00,,1,,,,,,,,,[],48.72,8.77,,,17/07/2026 14:38:34,,
pay_98oJD1rSnPVGIS,4271.50,INR,captured,order_0JUuZkcpWiTaNI,,0,upi,0.00,0.00,,1,,,,,,,,,[],85.43,15.38,,,2026-07-17 21:51:03,,
pay_yy2axrpgPr5MDS,8276.50,INR,captured,order_NboiKVA56EkvYV,,0,card,0.00,0.00,,1,,,,ICICI,,,,,[],99.32,17.88,,,2026-07-17 04:04:32,debit,
pay_ZIRLs6ONOqxmDt,24524.50,INR,captured,order_vDKGfsMvXypQ1X,,0,card,0.00,0.00,,1,,,,SBIN,,,,,[],294.29,52.97,,,2026-07-17 11:17:01,debit,
pay_34GkH8k9dsny77,16935.00,INR,captured,order_GtjktlcivUMx1r,,0,card,0.00,0.00,,1,,,,,,,,,[],338.70,60.97,,,2026-07-17 18:30:30,credit,
pay_iZ45prSGYERpkp,22448.50,INR,captured,order_xw6uKCZ43iMw6h,,0,card,0.00,0.00,,1,,,,HDFC,,,,,[],269.38,48.49,,,46220.07221064815,debit,
pay_HlmSFoEDWRDR3L,219.00,INR,captured,order_jowanVFbzfm8Wj,,0,upi,0.00,0.00,,1,,,,,,,,,[],4.38,0.79,,,2026-07-17 08:56:28,,
pay_hNLBVtlUmA7QqV,11913.50,INR,captured,order_u7vvxDfd1MF3fs,,0,upi,0.00,0.00,,1,,,,,,,,,[],238.27,42.89,,,17/07/2026 15:09:57,,
pay_orvWTcb3ALfcOp,5276.50,INR,captured,order_JD5uk3mFSdLPlq,,0,upi,0.00,0.00,,1,,,,,,,,,[],105.53,19.00,,,2026-07-17 22:22:26,,
pay_epp6iCvoOOjAdC,24645.50,INR,captured,order_T6alEiUKyw5GmF,,0,upi,0.00,0.00,,1,,,,,,,,,[],492.91,88.72,,,17/07/2026 05:35:55,,
pay_QqsayRrNBXsHbO,4036.00,INR,captured,order_aXHEcDwx89NpM7,,0,upi,0.00,0.00,,1,,,,,,,,,[],80.72,14.53,,,2026-07-17 12:48:24,,
pay_IRo2y52tKdunWY,1383.50,INR,captured,order_IRDeNhLwDZt7e0,,0,upi,0.00,0.00,,1,,,,,,,,,[],27.67,4.98,,,17/07/2026 19:01:53,,
pay_qxL3M7c7rNPhBH,4268.00,INR,captured,order_M4esYooszMsXu0,,0,upi,0.00,0.00,,1,,,,,,,,,[],85.36,15.36,,,2026-07-17 02:14:22,,
pay_raU44IlLPB9mbU,624.50,INR,refunded,order_mAZ3GAhcvzbBNm,,0,upi,624.50,0.00,full,1,,,,,,,,,[],12.49,2.25,,,2026-07-17 09:27:51,,
pay_mAVBW5EOGfL6qp,2194.50,INR,refunded,order_V9HCPEkdTCuFhk,,0,wallet,548.63,0.00,full,1,,,,,,,,,[],43.89,7.90,,,2026-07-18 16:40:20,,
pay_PIZKoAYb0SEJcH,466.50,INR,captured,order_SVv9oByCEKRYqb,,0,upi,0.00,0.00,,1,,,,,,,,,[],9.33,1.68,,,46221.99570601852,,
pay_U4im0u3LKemJld,4441.00,INR,captured,order_6OryRZSb5yy797,,0,upi,0.00,0.00,,1,,,,,,,,,[],88.82,15.99,,,46221.254375,,
pay_nKjUQYuF1ZMNwa,4445.50,INR,captured,order_G9r1UEUE0a1dlL,,0,card,0.00,0.00,,1,,,,ICICI,,,,,[],53.35,9.60,,,2026-07-18 13:19:47,debit,
pay_BPgoNPKHzY2706,9532.50,INR,captured,order_SRyGbmvhyhL5pa,,0,wallet,0.00,0.00,,1,,,,,,,,,[],190.65,34.32,,,2026-07-18 20:32:16,,
pay_328HbizfAqzmCr,1100.00,INR,captured,order_iEpyQgKgJhFsI7,,0,card,0.00,0.00,,1,,,,AXIS,,,,,[],13.20,2.38,,,18/07/2026 03:45:45,debit,
pay_4yrhqCyHIZY1jb,4066.00,INR,captured,order_mx7OBmF2qN5f8h,,0,upi,0.00,0.00,,1,,,,,,,,,[],81.32,14.64,,,2026-07-18 10:58:14,,
pay_nGiIqhdglQzaPM,984.00,INR,captured,order_9w7GZrFFTf8tKT,,0,card,0.00,0.00,,1,,,,AXIS,,,,,[],11.81,2.13,,,2026-07-18 17:11:43,debit,
pay_hbI7D0ZrRMdAlV,22906.00,INR,captured,order_rgTD8rFFe7QCGy,,0,card,0.00,0.00,,1,,,,HDFC,,,,,[],274.87,49.48,,,18/07/2026 00:24:12,debit,
pay_LYgzDiMd04REZa,893.00,INR,captured,order_5fFQ7OH2LvAWz3,,0,netbanking,0.00,0.00,,1,,,,,,,,,[],15.63,2.81,,,2026-07-18 07:37:41,,
pay_D3lges578Iqt1k,769.50,INR,captured,order_PzvwzrC2v4Disx,,0,upi,0.00,0.00,,1,,,,,,,,,[],15.39,2.77,,,18/07/2026 14:50:10,,
pay_r44YENIwaIyTeh,362.00,INR,captured,order_oXdL57t43aXBbm,,0,netbanking,0.00,0.00,,1,,,,ICICI,,,,,[],6.34,1.14,,,2026-07-18 21:03:39,,
pay_zL0Ai6uAcP1Tkh,3630.50,INR,captured,order_RLSWI7Cv6k76dK,,0,upi,0.00,0.00,,1,,,,,,,,,[],72.61,13.07,,,18/07/2026 04:16:08,,
pay_JYrngqG8x1ZOCX,1682.50,INR,captured,order_QmP57xhmxpAtzD,,0,upi,0.00,0.00,,1,,,,,,,,,[],33.65,6.06,,,18/07/2026 11:29:37,,
pay_swfmIXv9HxQW5K,1464.50,INR,captured,order_iUXOwEbOeg5KAg,,0,upi,0.00,0.00,,1,,,,,,,,,[],29.29,5.27,,,46221.77923611111,,
pay_5xd8Q4Ua5oqw0V,1403.50,INR,captured,order_1h1wHf39Y1NZrz,,0,upi,0.00,0.00,,1,,,,,,,,,[],28.07,5.05,,,2026-07-18 01:55:35,,
pay_cI5havfqdVTZn1,257.00,INR,captured,order_bZ2GFoT2AIyxNd,,0,upi,0.00,0.00,,1,,,,,,,,,[],5.14,0.93,,,18/07/2026 08:08:04,,
pay_xQXvv7lJw0YxuX,4103.50,INR,captured,order_axIR1jqOBN0p6Z,,0,card,0.00,0.00,,1,,,,AXIS,,,,,[],49.24,8.86,,,46221.639965277776,debit,
pay_2YxwsUacCtGgXU,447.50,INR,captured,order_xULDQSLdShHJW5,,0,netbanking,0.00,0.00,,1,,,,ICICI,,,,,[],7.83,1.41,,,2026-07-18 22:34:02,,
pay_Th8a7sRmq1tK7j,1413.00,INR,captured,order_egmmRPlqpuK7jE,,0,upi,0.00,0.00,,1,,,,,,,,,[],28.26,5.09,,,46221.24133101852,,
pay_lHHKl8PSk7riDP,219.00,INR,refunded,order_XiqXbGZhbMxdWw,,0,upi,109.50,0.00,full,1,,,,,,,,,[],4.38,0.79,,,2026-07-18 12:00:00,,
pay_VG8ooHDYb7B30h,2137.00,INR,captured,order_vyob6rUdGDJQUb,,1,card,0.00,0.00,,1,,,,KKBK,,,,,[],74.80,13.46,,,2026-07-18 19:13:29,credit,
pay_cn18iLoqoWhCBT,4789.00,INR,captured,order_gf32aiL6po1cLR,,0,netbanking,0.00,0.00,,1,,,,ICICI,,,,,[],83.81,15.09,,,46221.102060185185,,
pay_0RjYDEAwjBHnlN,4993.00,INR,captured,order_iNDZFLHIFhW94M,,0,netbanking,0.00,0.00,,1,,,,AXIS,,,,,[],87.38,15.73,,,46221.402395833335,,
pay_vLtxjv7FSnqaAL,613.00,INR,captured,order_chE67W4ZJXit39,,0,upi,0.00,0.00,,1,,,,,,,,,[],12.26,2.21,,,18/07/2026 16:52:56,,
pay_Kk3P504TFT1pql,3423.50,INR,captured,order_H6p7tLxbs52Vnn,,0,upi,0.00,0.00,,1,,,,,,,,,[],68.47,12.32,,,2026-07-18 23:05:25,,
pay_Q9xKPMhKt4hX4f,3157.00,INR,captured,order_sKCSQB37HzsGMc,,0,upi,0.00,0.00,,1,,,,,,,,,[],63.14,11.37,,,2026-07-18 06:18:54,,
pay_SRQUvF1VtlNJED,20776.50,INR,captured,order_OkmJgBfPLXwMoB,,0,netbanking,0.00,0.00,,1,,,,ICICI,,,,,[],363.59,65.45,,,2026-07-18 13:31:23,,
pay_QbbRfEGdd4z533,251.50,INR,captured,order_Brjdta9Poizdhf,,0,card,0.00,0.00,,1,,,,HDFC,,,,,[],6.29,1.13,,,46221.86449074074,credit,
pay_UyOhVpdoSXAacp,5545.00,INR,refunded,order_mgYwCHZMRBeWL3,,0,card,5545.00,0.00,full,1,,,,,,,,,[],110.90,19.96,,,18/07/2026 03:57:21,credit,
pay_1YXpz21ilNkPVd,2407.50,INR,captured,order_oJNYl40X0yQOts,,0,netbanking,0.00,0.00,,1,,,,KKBK,,,,,[],42.13,7.58,,,2026-07-18 10:10:50,,
pay_Bl7QTgywP6oESV,1461.00,INR,captured,order_QXTL40eVrvEU4o,,0,card,0.00,0.00,,1,,,,ICICI,,,,,[],17.53,3.16,,,2026-07-18 17:23:19,debit,
pay_ODVgNIDlw2AvxG,19836.50,INR,captured,order_Jr0wfbnhLDU2pj,,0,netbanking,0.00,0.00,,1,,,,SBIN,,,,,[],347.14,62.49,,,2026-07-18 00:36:48,,
pay_4zA82GqV9ipGon,2703.00,INR,captured,order_T4DJfeFjw0nevW,,0,card,0.00,0.00,,1,,,,,,,,,[],54.06,9.73,,,46221.325891203705,credit,
pay_3rMLBjNhGT2hUf,2441.50,INR,captured,order_pBxvWd6FZmCbsy,,0,card,0.00,0.00,,1,,,,KKBK,,,,,[],48.83,8.79,,,2026-07-18 14:02:46,credit,
pay_Rs84l01saOAHPA,2944.50,INR,captured,order_iriMz9hY5AzxA3,,0,upi,0.00,0.00,,1,,,,,,,,,[],58.89,10.60,,,2026-07-18 21:15:15,,
pay_CHFYGldqZaxuJF,1409.00,INR,captured,order_gf7auPq8UxAM93,,0,upi,0.00,0.00,,1,,,,,,,,,[],28.18,5.07,,,46221.18662037037,,
pay_02zgIxIhPzcO9z,409.00,INR,captured,order_AkykLgBQn1MRUM,,0,upi,0.00,0.00,,1,,,,,,,,,[],8.18,1.47,,,2026-07-18 11:41:13,,
pay_NIomuCmsJ3H03f,583.00,INR,captured,order_dXqkqoUD2Wivov,,0,upi,0.00,0.00,,1,,,,,,,,,[],11.66,2.10,,,46221.787986111114,,
pay_P28JC0xpBBAuBg,2320.00,INR,captured,order_LwLT5mnlRDQkjt,,0,upi,0.00,0.00,,1,,,,,,,,,[],46.40,8.35,,,18/07/2026 01:07:11,,
pay_8jQmKjTrCe2M35,2382.50,INR,captured,order_tLAOC9Ccg1NNTo,,0,upi,0.00,0.00,,1,,,,,,,,,[],47.65,8.58,,,18/07/2026 08:20:40,,
pay_EktlnRagtWC4Te,16128.00,INR,captured,order_gvx8Fw3MGQZXub,,0,upi,0.00,0.00,,1,,,,,,,,,[],322.56,58.06,,,2026-07-18 15:33:09,,
pay_NlOH4SqvrMh2Cz,7375.50,INR,captured,order_eZsqA0XBF4AFrU,,0,upi,0.00,0.00,,1,,,,,,,,,[],147.51,26.55,,,2026-07-18 22:46:38,,
pay_wUfAOlcJ70gHq1,24219.50,INR,captured,order_HtkDRZHbwTxBqK,,0,upi,0.00,0.00,,1,,,,,,,,,[],484.39,87.19,,,18/07/2026 05:59:07,,
pay_cifrLj2JA1N06t,18375.00,INR,captured,order_Zywi0otMyQflFa,,0,card,0.00,0.00,,1,,,,HDFC,,,,,[],367.50,66.15,,,2026-07-18 12:12:36,credit,
pay_TPy9k6mIJslNmM,23614.50,INR,captured,order_xl8YpNoeOOPpgD,,0,netbanking,0.00,0.00,,1,,,,KKBK,,,,,[],413.25,74.39,,,2026-07-18 19:25:05,,
pay_6XOlmf8JxHv3F8,2455.50,INR,refunded,order_4bTjy1wcMtenGN,,0,card,1227.75,0.00,full,1,,,,AXIS,,,,,[],49.11,8.84,,,2026-07-18 02:38:34,credit,
pay_LX0LOqTDh719Bn,311.50,INR,captured,order_Oynmr3IGQVvH2P,,0,upi,0.00,0.00,,1,,,,,,,,,[],6.23,1.12,,,46221.41045138889,,
pay_GISu5oGCmVgJ1H,3126.00,INR,captured,order_SxGyZtrxBzBBWl,,0,upi,0.00,0.00,,1,,,,,,,,,[],62.52,11.25,,,46222.66981481481,,
pay_JbS7KHMONAwoUG,1012.00,INR,captured,order_TxWWj19yLMJ7GA,,0,upi,0.00,0.00,,1,,,,,,,,,[],20.24,3.64,,,2026-07-19 23:17:01,,
pay_IaDwxojgmSDHxQ,24513.00,INR,captured,order_246Pe3Etlfxqlc,,0,card,0.00,0.00,,1,,,,,,,,,[],490.26,88.25,,,46222.27118055556,credit,
pay_u7sZwovvTbt4mM,23601.00,INR,captured,order_nEleXBZP360DZQ,,0,upi,0.00,0.00,,1,,,,,,,,,[],472.02,84.96,,,19/07/2026 13:43:59,,
pay_5SD16VRlzzx2yV,15887.00,INR,captured,order_vEhLNJM0T0EBDx,,0,upi,0.00,0.00,,1,,,,,,,,,[],317.74,57.19,,,46222.8725462963,,
pay_QHvmmRIHa7PZY9,998.50,INR,captured,order_hKqlaHOyfJprgW,,0,card,0.00,0.00,,1,,,,,,,,,[],19.97,3.59,,,19/07/2026 03:09:57,credit,
pay_kqmkEDiEKK0RAG,839.50,INR,captured,order_52NMlIaRWN4hVH,,0,card,0.00,0.00,,1,,,,HDFC,,,,,[],20.99,3.78,,,2026-07-19 10:22:26,credit,
pay_ollYMwdP5rN0gF,14400.00,INR,captured,order_AksWGMDzXTfVFr,,0,card,0.00,0.00,,1,,,,SBIN,,,,,[],288.00,51.84,,,19/07/2026 17:35:55,credit,
pay_GZINddeFFXXPKE,1987.50,INR,captured,order_SqebwZhYYF7a2d,,0,upi,0.00,0.00,,1,,,,,,,,,[],39.75,7.16,,,19/07/2026 00:48:24,,
pay_g9cyJlqZSXizJs,19839.50,INR,captured,order_1HUsvxqIRIzlyn,,0,upi,0.00,0.00,,1,,,,,,,,,[],396.79,71.42,,,46222.292974537035,,
pay_BGolktzNx0soXs,3741.50,INR,captured,order_INTMvFmH4Pwmbr,,0,upi,0.00,0.00,,1,,,,,,,,,[],74.83,13.47,,,46222.593310185184,,
pay_kLJZDCIiszihdu,661.50,INR,captured,order_y8fKe3dDcjwT3H,,0,netbanking,0.00,0.00,,1,,,,ICICI,,,,,[],11.58,2.08,,,2026-07-19 21:27:51,,
pay_FRf65khfcbDNRq,597.00,INR,captured,order_xdsdgYS4UNCXH8,,0,card,0.00,0.00,,1,,,,HDFC,,,,,[],7.16,1.29,,,2026-07-19 04:40:20,debit,
pay_TThUh0O9fniytw,3643.50,INR,captured,order_1F9bpSNknO7KHs,,0,upi,0.00,0.00,,1,,,,,,,,,[],72.87,13.12,,,2026-07-19 11:53:49,,
pay_jai0ygzI08suWh,11612.00,INR,captured,order_DFkN3cD8C76K04,,0,netbanking,0.00,0.00,,1,,,,KKBK,,,,,[],203.21,36.58,,,2026-07-19 18:06:18,,
pay_9bT91M4VOBErGO,7121.00,INR,captured,order_ssFLuDDQbfo5Rb,,0,card,0.00,0.00,,1,,,,KKBK,,,,,[],142.42,25.64,,,46222.05540509259,credit,
pay_QgOCvOUvLCTOxW,10818.50,INR,captured,order_xxMpULMAPYpgcu,,0,upi,0.00,0.00,,1,,,,,,,,,[],216.37,38.95,,,19/07/2026 08:32:16,,
pay_e6fVpjqfYTpc3o,960.50,INR,captured,order_5j37MdcSXmQnEC,,0,netbanking,0.00,0.00,,1,,,,AXIS,,,,,[],16.81,3.03,,,2026-07-19 15:45:45,,
pay_jcMJacamfxWjD7,14904.00,INR,captured,order_Aha9AWFgcr95n3,,1,card,0.00,0.00,,1,,,,AXIS,,,,,[],521.64,93.90,,,2026-07-19 22:58:14,credit,
pay_N2PtdPBdsVlEs6,1916.50,INR,captured,order_ohn4LgqFMDNla8,,0,card,0.00,0.00,,1,,,,ICICI,,,,,[],47.91,8.62,,,46222.216469907406,credit,
pay_DCX52oZQeMF1ff,15936.00,INR,captured,order_ftVy3mIvWhogAW,,0,upi,0.00,0.00,,1,,,,,,,,,[],318.72,57.37,,,46222.516805555555,,
pay_uulGswucTG64XV,1018.50,INR,captured,order_4GlxzqnLEeiDGY,,0,upi,0.00,0.00,,1,,,,,,,,,[],20.37,3.67,,,46222.81783564815,,
pay_frJ7FY0itX3q9p,24930.50,INR,captured,order_O8JL4DSviWRgRK,,0,upi,0.00,0.00,,1,,,,,,,,,[],498.61,89.75,,,19/07/2026 02:50:10,,
pay_Vh4imbyLVF8ovG,948.00,INR,captured,order_tA2QCJiFlm5cB1,,0,upi,0.00,0.00,,1,,,,,,,,,[],18.96,3.41,,,2026-07-19 09:03:39,,
pay_5GIRStUL1NqwQ6,22455.50,INR,captured,order_geNOpXdqtoj5Km,,0,card,0.00,0.00,,1,,,,SBIN,,,,,[],269.47,48.50,,,2026-07-19 16:16:08,debit,
pay_oIfaK6sc5R8sJg,14136.50,INR,captured,order_FrTJrGWBDhqJxK,,0,upi,0.00,0.00,,1,,,,,,,,,[],282.73,50.89,,,46222.978900462964,,
pay_MWokzvYAWvLqW5,22909.50,INR,captured,order_S4eaBLAJjdh7zl,,0,card,0.00,0.00,,1,,,,KKBK,,,,,[],274.91,49.48,,,19/07/2026 06:42:06,debit,
pay_j0oDMKmKtyg88d,3577.50,INR,captured,order_t20qm5ghNpxVJ5,,0,upi,0.00,0.00,,1,,,,,,,,,[],71.55,12.88,,,46222.5802662037,,
pay_kXEGjFzUYQpQb6,3953.50,INR,captured,order_o1fNzvyhKR6yF4,,0,netbanking,0.00,0.00,,1,,,,SBIN,,,,,[],69.19,12.45,,,2026-07-19 20:08:04,,
pay_9FkuPvENzFC3m3,521.50,INR,captured,order_cg1eCdee75KyyJ,,0,upi,0.00,0.00,,1,,,,,,,,,[],10.43,1.88,,,2026-07-19 03:21:33,,
pay_jOtZTUhFVGJLvz,662.00,INR,captured,order_Pp3fSXUzaGKO8Y,,0,upi,0.00,0.00,,1,,,,,,,,,[],13.24,2.38,,,2026-07-19 10:34:02,,
pay_60d8fvj7hALvAB,3874.50,INR,captured,order_7XHFB1rZryOyn6,,0,upi,0.00,0.00,,1,,,,,,,,,[],77.49,13.95,,,2026-07-19 17:47:31,,
pay_onqCpEw8ggxT1n,698.00,INR,captured,order_j48n1g9s1y97iB,,0,card,0.00,0.00,,1,,,,KKBK,,,,,[],13.96,2.51,,,2026-07-19 00:00:00,credit,
pay_IeCSIPeeO6Nbph,15565.50,INR,captured,order_wWvK13nnLB659l,,0,card,0.00,0.00,,1,,,,HDFC,,,,,[],186.79,33.62,,,2026-07-19 07:13:29,debit,
pay_BN7ciwigg91WyK,7227.50,INR,captured,order_1DoUvMfaMPwH1H,,0,upi,0.00,0.00,,1,,,,,,,,,[],144.55,26.02,,,2026-07-19 14:26:58,,
pay_egJ0754vCoQteH,656.50,INR,captured,order_zRaorfalgZo2OP,,0,card,0.00,0.00,,1,,,,AXIS,,,,,[],7.88,1.42,,,2026-07-19 21:39:27,debit,
pay_vEG17IBjLFlaVQ,549.50,INR,refunded,order_xcxeRTTynsV2EO,,0,upi,137.38,0.00,full,1,,,,,,,,,[],10.99,1.98,,,2026-07-19 04:52:56,,
pay_UfJRGI9rPKEyfI,383.00,INR,captured,order_dcG956KTerWmKY,,0,upi,0.00,0.00,,1,,,,,,,,,[],7.66,1.38,,,2026-07-19 11:05:25,,
pay_0EXbz3fCM6BzjW,11220.00,INR,captured,order_n4I3cHl9zS0YdD,,0,upi,0.00,0.00,,1,,,,,,,,,[],224.40,40.39,,,2026-07-19 18:18:54,,
pay_033mqVKQoUf7e4,900.50,INR,captured,order_4uj76TsqSkMZtc,,0,card,0.00,0.00,,1,,,,HDFC,,,,,[],10.81,1.95,,,2026-07-20 01:31:23,debit,
pay_KGHGIkDqW6wexQ,23273.50,INR,captured,order_yCsc580gOtVIrp,,0,card,0.00,0.00,,1,,,,SBIN,,,,,[],279.28,50.27,,,20/07/2026 08:44:52,debit,
pay_XOVghjl4y5PHuS,2199.00,INR,captured,order_sqiRbqcZ1UPc5T,,0,upi,0.00,0.00,,1,,,,,,,,,[],43.98,7.92,,,2026-07-20 15:57:21,,
pay_IdCIuXbuNwW9Sb,435.50,INR,captured,order_a4d4E4UAVRRo8x,,0,upi,0.00,0.00,,1,,,,,,,,,[],8.71,1.57,,,2026-07-20 22:10:50,,
pay_sbzBcPgS6IFPs5,16279.00,INR,captured,order_ZxGiBfw5lATRRq,,1,card,0.00,0.00,,1,,,,,,,,,[],569.77,102.56,,,20/07/2026 05:23:19,credit,
pay_PDhZH6llsqU0md,4997.50,INR,captured,order_gSMCwZdEAIEWN0,,0,upi,0.00,0.00,,1,,,,,,,,,[],99.95,17.99,,,20/07/2026 12:36:48,,
pay_uwer48GmMhONol,3530.00,INR,captured,order_LNEcYnVWCUmRTK,,0,upi,0.00,0.00,,1,,,,,,,,,[],70.60,12.71,,,2026-07-20 19:49:17,,
pay_T70SCvygDURSvK,2427.50,INR,captured,order_viZawfmELkzhVI,,0,upi,0.00,0.00,,1,,,,,,,,,[],48.55,8.74,,,20/07/2026 02:02:46,,
pay_PZ00jpR2Xz12YJ,4295.00,INR,captured,order_dmcUydLVM49D5j,,0,upi,0.00,0.00,,1,,,,,,,,,[],85.90,15.46,,,46223.38559027778,,
pay_WCvq8bfUiBW9Sy,537.50,INR,captured,order_9S7pDq9qvO5kYT,,0,card,0.00,0.00,,1,,,,,,,,,[],10.75,1.94,,,2026-07-20 16:28:44,credit,
pay_p03jxell8BVjIt,17476.50,INR,captured,order_EfdZunW9Mwt3Uj,,0,card,0.00,0.00,,1,,,,AXIS,,,,,[],209.72,37.75,,,20/07/2026 23:41:13,debit,
pay_dnwfpyPeMUAQlD,4345.50,INR,captured,order_mshfvNkihtjWOx,,0,upi,0.00,0.00,,1,,,,,,,,,[],86.91,15.64,,,2026-07-20 06:54:42,,
pay_z3N1j8ExGwNW3r,1701.00,INR,captured,order_bmbKy6VrGX1Ty0,,0,wallet,0.00,0.00,,1,,,,,,,,,[],34.02,6.12,,,2026-07-20 13:07:11,,
pay_yKrEk3mC2WFZVH,454.00,INR,captured,order_KHdN3q4wPaOjeF,,0,netbanking,0.00,0.00,,1,,,,HDFC,,,,,[],7.95,1.43,,,2026-07-20 20:20:40,,
pay_NX0tIgvsfK2s5P,3292.50,INR,refunded,order_YEMHiux3PBY4p9,,0,upi,3292.50,0.00,full,1,,,,,,,,,[],65.85,11.85,,,20/07/2026 03:33:09,,
pay_X3lmikoroqIw6N,3057.00,INR,captured,order_zcDuEu65d8Y9fG,,0,upi,0.00,0.00,,1,,,,,,,,,[],61.14,11.01,,,2026-07-20 10:46:38,,
pay_J5NW4JxWTzosX6,678.50,INR,captured,order_1GBSlc1qWKRTAH,,0,upi,0.00,0.00,,1,,,,,,,,,[],13.57,2.44,,,2026-07-20 17:59:07,,
pay_2SuUcA7DdgG0UL,2444.50,INR,captured,order_qHFrrejQw0iyAT,,0,upi,0.00,0.00,,1,,,,,,,,,[],48.89,8.80,,,46223.00875,,
pay_tbLRzdpnjE8kVd,566.00,INR,captured,order_siXIC5KAA3P2L3,,0,upi,0.00,0.00,,1,,,,,,,,,[],11.32,2.04,,,46223.30908564815,,
pay_J1MQ3kZhwCrhIM,724.00,INR,refunded,order_kSVhyh3qnkou6K,,0,wallet,724.00,0.00,full,1,,,,,,,,,[],14.48,2.61,,,46223.61011574074,,
pay_2voSYgWbSFlh3O,4482.00,INR,captured,order_eaPV8ve3A4YRL5,,0,card,0.00,0.00,,1,,,,KKBK,,,,,[],112.05,20.17,,,20/07/2026 21:51:03,credit,
pay_mb2qh6oEvm4g8C,22888.50,INR,captured,order_zwy7TvyGEh4jtz,,0,card,0.00,0.00,,1,,,,SBIN,,,,,[],572.21,103.00,,,20/07/2026 04:04:32,credit,
pay_DPAZLQrDjJgUae,526.50,INR,captured,order_rovcnSlaINN3xG,,0,netbanking,0.00,0.00,,1,,,,KKBK,,,,,[],9.21,1.66,,,2026-07-20 11:17:01,,
pay_iJdw3zyPaexeFw,20277.00,INR,captured,order_q4Yaxsvx0K72yB,,0,upi,0.00,0.00,,1,,,,,,,,,[],405.54,73.00,,,2026-07-20 18:30:30,,
pay_fkTF0mMwP0K6hv,17940.00,INR,captured,order_Gi2PZ7SXhc66ew,,0,upi,0.00,0.00,,1,,,,,,,,,[],358.80,64.58,,,20/07/2026 01:43:59,,
pay_ESUXYFTWQZLY9r,3463.00,INR,captured,order_5SziqqeAcx13FI,,0,upi,0.00,0.00,,1,,,,,,,,,[],69.26,12.47,,,2026-07-21 08:56:28,,
pay_1RvUNtpi1T3CFO,2862.50,INR,captured,order_1rETyaFzNXlWf8,,0,upi,0.00,0.00,,1,,,,,,,,,[],57.25,10.31,,,2026-21-07 15:09:57,,
pay_ciRKyYZUfdREPB,876.50,INR,captured,order_vXXCFrM1qQQsYR,,0,upi,0.00,0.00,,1,,,,,,,,,[],17.53,3.16,,,21/07/2026 22:22:26,,
pay_YhZJun34MGaSyi,2413.50,INR,captured,order_mtHQE2E2rDw3O9,,0,netbanking,0.00,0.00,,1,,,,SBIN,,,,,[],42.24,7.60,,,2026-21-07 05:35:55,,
pay_JeDdFWI4Xbz5wH,786.50,INR,captured,order_16EgzDCic6odQo,,0,wallet,0.00,0.00,,1,,,,,,,,,[],15.73,2.83,,,21/07/2026 12:48:24,,
pay_VqdvzH8Fmsagf5,1711.50,INR,captured,order_DzxPIzmF5k8Ibq,,0,card,0.00,0.00,,1,,,,KKBK,,,,,[],20.54,3.70,,,21/07/2026 19:01:53,debit,
pay_1ZC9elh93dV8iE,758.00,INR,captured,order_qilhqMIuIvKtxB,,0,upi,0.00,0.00,,1,,,,,,,,,[],15.16,2.73,,,2026-07-21 02:14:22,,
pay_9VfjGBDXLgnsb9,713.50,INR,captured,order_QyaAotA6QS1DJK,,0,netbanking,0.00,0.00,,1,,,,SBIN,,,,,[],12.49,2.25,,,2026-07-21 09:27:51,,
pay_NtJoQY6mAGYyEk,4488.00,INR,captured,order_Y9UejHSKUNcsiv,,0,card,0.00,0.00,,1,,,,AXIS,,,,,[],53.86,9.69,,,46224.69467592592,debit,
pay_WZjTcwsolDh6pR,4605.50,INR,captured,order_zTh5X1UPYbK1fS,,0,upi,0.00,0.00,,1,,,,,,,,,[],92.11,16.58,,,2026-07-21 23:53:49,,
pay_VIpuyLnMyDqsQJ,18243.50,INR,captured,order_7tnOxlQ66pfT3O,,0,upi,0.00,0.00,,1,,,,,,,,,[],364.87,65.68,,,2026-07-21 06:06:18,,
pay_RSs8b8uLUoDpnU,20443.50,INR,captured,order_NtcsVVcALKB9ra,,0,upi,0.00,0.00,,1,,,,,,,,,[],408.87,73.60,,,21/07/2026 13:19:47,,
pay_T3QpwxIiODCbgg,993.50,INR,captured,order_aLBIq9dMERQ2gv,,0,card,0.00,0.00,,1,,,,SBIN,,,,,[],11.92,2.15,,,2026-07-21 20:32:16,debit,
pay_C4VIjcrTJ0ldc1,918.50,INR,captured,order_Y5XCN90MOPK1QG,,0,upi,0.00,0.00,,1,,,,,,,,,[],18.37,3.31,,,21/07/2026 03:45:45,,
pay_fPIk88OU7CxL5j,14981.00,INR,captured,order_z6HXyPaoYx6On2,,0,upi,0.00,0.00,,1,,,,,,,,,[],299.62,53.93,,,21/07/2026 10:58:14,,
pay_BXsKqzOLftAD7d,24848.50,INR,captured,order_i7zWhlMooOd43l,,0,card,0.00,0.00,,1,,,,AXIS,,,,,[],298.18,53.67,,,2026-21-07 17:11:43,debit,
pay_Rq57zU5v8jKImB,18032.00,INR,captured,order_YHzl5n8Rwy7TgH,,0,upi,0.00,0.00,,1,,,,,,,,,[],360.64,64.92,,,21/07/2026 00:24:12,,
pay_L7ii1NzY6uT6tN,1396.00,INR,captured,order_UIb1bY2aUehCJO,,0,upi,0.00,0.00,,1,,,,,,,,,[],27.92,5.03,,,2026-07-21 07:37:41,,
pay_KkomDk5E6KdTde,10260.00,INR,captured,order_BEeCsiPEeKRcaW,,0,upi,0.00,0.00,,1,,,,,,,,,[],205.20,36.94,,,2026-07-21 14:50:10,,
pay_LI3A3ASTpJWia4,6751.50,INR,captured,order_a7a10r0TRoaBN8,,0,upi,0.00,0.00,,1,,,,,,,,,[],135.03,24.31,,,2026-07-21 21:03:39,,
pay_uD1Nc8T21FZtQ0,4954.00,INR,refunded,order_PDgvXYMVaRRWNx,,0,card,4954.00,0.00,full,1,,,,AXIS,,,,,[],99.08,17.83,,,2026-07-21 04:16:08,credit,
pay_uME64YpFXUp6yv,945.00,INR,captured,order_dchLoROT1ILpCj,,0,upi,0.00,0.00,,1,,,,,,,,,[],18.90,3.40,,,2026-07-21 11:29:37,,
pay_G9jwO2nxrqf5Yj,201.00,INR,captured,order_ynIZ69tBqWNDg0,,0,upi,0.00,0.00,,1,,,,,,,,,[],4.02,0.72,,,2026-07-21 18:42:06,,
pay_TnxIQAGKOb1BCa,833.00,INR,captured,order_dG1qtUdXyihp99,,0,upi,0.00,0.00,,1,,,,,,,,,[],16.66,3.00,,,2026-07-21 01:55:35,,
pay_0qOHKnp0xu0xlh,16030.50,INR,captured,order_nahIE86gStV7SA,,0,upi,0.00,0.00,,1,,,,,,,,,[],320.61,57.71,,,2026-07-21 08:08:04,,
pay_5jb4JYG9owFEEb,4924.50,INR,refunded,order_iL41tg9kfg8OEl,,0,upi,2462.25,0.00,full,1,,,,,,,,,[],98.49,17.73,,,2026-07-21 15:21:33,,
pay_0Qgej18779zhJQ,2486.00,INR,refunded,order_lNa0Jl5cU35tgn,,0,upi,2486.00,0.00,full,1,,,,,,,,,[],49.72,8.95,,,46224.940300925926,,
pay_GKheExSHhBLXeE,3988.00,INR,captured,order_uWopnSVksCT9Lm,,0,upi,0.00,0.00,,1,,,,,,,,,[],79.76,14.36,,,2026-07-21 05:47:31,,
pay_5JR9f0JAfusK7v,3914.50,INR,captured,order_0nUnBcNAF15h7M,,0,upi,0.00,0.00,,1,,,,,,,,,[],78.29,14.09,,,46224.5,,
pay_yhUJmxlez4Sbus,4344.00,INR,captured,order_j8wxsuB3ggtK6t,,0,upi,0.00,0.00,,1,,,,,,,,,[],86.88,15.64,,,2026-07-21 19:13:29,,
pay_Qw9szYOtev0FBK,15726.50,INR,captured,order_gs9nX8Js9loysG,,0,upi,0.00,0.00,,1,,,,,,,,,[],314.53,56.62,,,46224.102060185185,,
pay_0CnY0AJSVmI0UZ,510.00,INR,captured,order_dweeGKLpSifln3,,0,netbanking,0.00,0.00,,1,,,,ICICI,,,,,[],8.93,1.61,,,2026-07-21 09:39:27,,
pay_G3SZmCceraqDRW,1190.50,INR,captured,order_Wl02BTiuRirUba,,0,upi,0.00,0.00,,1,,,,,,,,,[],23.81,4.29,,,21/07/2026 16:52:56,,
pay_2S1EPBuse9uWz4,563.50,INR,captured,order_Zg0PBn1UHF6LNp,,0,upi,0.00,0.00,,1,,,,,,,,,[],11.27,2.03,,,21/07/2026 23:05:25,,
pay_aOterVBjZlNm69,4456.00,INR,captured,order_V8uNkdeGJv9FWE,,0,card,0.00,0.00,,1,,,,HDFC,,,,,[],89.12,16.04,,,2026-07-21 06:18:54,credit,
pay_neys62QpUakPVj,293.50,INR,captured,order_bIWttqKl24mZPl,,0,upi,0.00,0.00,,1,,,,,,,,,[],5.87,1.06,,,2026-07-21 13:31:23,,
pay_fWbPI5SDE7hmf0,618.50,INR,captured,order_qdRhUr7cxcOFhv,,0,upi,0.00,0.00,,1,,,,,,,,,[],12.37,2.23,,,21/07/2026 20:44:52,,
pay_a5l3QZ9ntSKjhI,2970.00,INR,captured,order_nX7v3qLWMCDxm9,,0,upi,0.00,0.00,,1,,,,,,,,,[],59.40,10.69,,,2026-07-21 03:57:21,,
pay_gB2pvxjFrLqJGw,245.00,INR,captured,order_76eNaRXidGpvU0,,0,upi,0.00,0.00,,1,,,,,,,,,[],4.90,0.88,,,22/07/2026 10:10:50,,
pay_0C8Q3rFLGDOVSJ,15801.50,INR,captured,order_WVuoFrbOousfdc,,0,wallet,0.00,0.00,,1,,,,,,,,,[],316.03,56.89,,,2026-07-22 17:23:19,,
pay_MS2l7UgcUgGArN,672.50,INR,captured,order_HpD3dE87Cp3Kld,,0,upi,0.00,0.00,,1,,,,,,,,,[],13.45,2.42,,,46225.025555555556,,
pay_cPWALavDOnMwZo,19011.50,INR,captured,order_wbA6SwHya0HBql,,0,card,0.00,0.00,,1,,,,AXIS,,,,,[],380.23,68.44,,,2026-07-22 07:49:17,credit,
pay_VKULPm6srvBHRX,2769.00,INR,captured,order_0hKZ4QDP3uRLFN,,0,upi,0.00,0.00,,1,,,,,,,,,[],55.38,9.97,,,2026-22-07 14:02:46,,
pay_yX16Km2ZoKlVjV,4895.50,INR,captured,order_omm8FmGeBEkeGk,,0,netbanking,0.00,0.00,,1,,,,,,,,,[],85.67,15.42,,,2026-07-22 21:15:15,,
pay_gCrUNwdby4vOPh,23412.00,INR,captured,order_2gErrUATyStsC7,,0,wallet,0.00,0.00,,1,,,,,,,,,[],468.24,84.28,,,22/07/2026 04:28:44,,
pay_C8yDYlVstHw1wN,5711.50,INR,captured,order_w62Rwq3fmv1IiT,,1,card,0.00,0.00,,1,,,,,,,,,[],199.90,35.98,,,2026-07-22 11:41:13,credit,
pay_mqdLrLCyP8177F,1906.00,INR,captured,order_ylb6M63NwSDFwf,,0,netbanking,0.00,0.00,,1,,,,,,,,,[],33.36,6.00,,,22/07/2026 18:54:42,,
pay_wcwwxAdOBgNRWp,218.00,INR,refunded,order_uhJzUEd5rtZ2XY,,0,card,109.00,0.00,full,1,,,,AXIS,,,,,[],4.36,0.78,,,46225.04665509259,credit,
pay_RudXPL9XPXAD60,5526.50,INR,captured,order_JyYRHTF8Sb6qvS,,0,upi,0.00,0.00,,1,,,,,,,,,[],110.53,19.90,,,46225.34768518519,,
pay_1HEJZBpoI0OrsW,2628.50,INR,captured,order_Wy8JvqUnzTTjNt,,0,upi,0.00,0.00,,1,,,,,,,,,[],52.57,9.46,,,2026-07-22 15:33:09,,
pay_jbqRJvqv0M4CpH,1103.50,INR,captured,order_JRlv3oYnxM8Kyi,,0,upi,0.00,0.00,,1,,,,,,,,,[],22.07,3.97,,,2026-07-22 22:46:38,,
pay_CAM5EVV2CiEXoO,2229.50,INR,captured,order_nlbNj1sAHtALfj,,0,card,0.00,0.00,,1,,,,AXIS,,,,,[],44.59,8.03,,,2026-07-22 05:59:07,credit,
pay_pivLCBknnyqfrv,4996.00,INR,captured,order_9hKIWL8padSJtY,,0,upi,0.00,0.00,,1,,,,,,,,,[],99.92,17.99,,,2026-07-22 12:12:36,,
pay_NGZMGSTMJFcwXg,4176.00,INR,captured,order_IjLNRSvrxzBhEq,,0,upi,0.00,0.00,,1,,,,,,,,,[],83.52,15.03,,,2026-07-22 19:25:05,,
pay_NUeEMe40j9BB1M,594.00,INR,captured,order_gcLJEmMFhbgrKH,,0,upi,0.00,0.00,,1,,,,,,,,,[],11.88,2.14,,,22/07/2026 02:38:34,,
pay_gb8bg820IFX6t3,796.50,INR,captured,order_7qgn5nyHsSjebx,,0,netbanking,0.00,0.00,,1,,,,AXIS,,,,,[],13.94,2.51,,,2026-07-22 09:51:03,,
pay_HgfowlqzLIEVER,23081.50,INR,captured,order_H46vRR4Y9giGoX,,0,card,0.00,0.00,,1,,,,SBIN,,,,,[],461.63,83.09,,,2026-22-07 16:04:32,credit,
pay_ZYJLYiX5Ffm7MY,3211.00,INR,captured,order_G41Nqc4rxQGL5p,,0,upi,0.00,0.00,,1,,,,,,,,,[],64.22,11.56,,,2026-07-22 23:17:01,,
pay_20UFlc9KA9nXRf,23346.50,INR,captured,order_S62H14VRDQfHCO,,0,card,0.00,0.00,,1,,,,ICICI,,,,,[],583.66,105.06,,,46225.27118055556,credit,
pay_HfZYMMa9UPAV2g,10318.50,INR,captured,order_NKEkcHUpfbMpac,,0,upi,0.00,0.00,,1,,,,,,,,,[],206.37,37.15,,,2026-07-22 13:43:59,,
pay_hZ3vOD73tDosyr,3857.50,INR,captured,order_BiC3yuUIgHmIGl,,0,upi,0.00,0.00,,1,,,,,,,,,[],77.15,13.89,,,46225.8725462963,,
pay_zied1XUQ4pNjOF,1957.00,INR,captured,order_0PzfPAs02eRtR3,,0,upi,0.00,0.00,,1,,,,,,,,,[],39.14,7.05,,,2026-07-22 03:09:57,,
pay_BqfT3iyg7rRr0J,220.00,INR,captured,order_Pm3ZsiWmWHWHzI,,0,upi,0.00,0.00,,1,,,,,,,,,[],4.40,0.79,,,2026-07-22 10:22:26,,
pay_qTupHep3KrSfGt,4646.50,INR,captured,order_Ptx9oJOybTJZXc,,0,netbanking,0.00,0.00,,1,,,,ICICI,,,,,[],81.31,14.64,,,2026-07-23 17:35:55,,
pay_2ipRijcQJ3VCRU,4954.00,INR,captured,order_TeA0RE6F1UA0hx,,0,upi,0.00,0.00,,1,,,,,,,,,[],99.08,17.83,,,2026-07-23 00:48:24,,
pay_a1Hl9UkEDI6QyT,921.50,INR,captured,order_CfyoPvtosG84a8,,0,upi,0.00,0.00,,1,,,,,,,,,[],18.43,3.32,,,46226.292974537035,,
pay_UcRjeyTrVxTEe0,4843.00,INR,captured,order_gz7OxC8pD9lqRH,,0,upi,0.00,0.00,,1,,,,,,,,,[],96.86,17.43,,,2026-07-23 14:14:22,,
pay_0FM0zvyz1LPZCR,13764.50,INR,captured,order_XQwtx7FH32Kh6M,,0,netbanking,0.00,0.00,,1,,,,AXIS,,,,,[],240.88,43.36,,,23/07/2026 21:27:51,,
pay_1mMWHQ55ai2qzf,865.50,INR,captured,order_tJOWH6lQVebnyR,,0,card,0.00,0.00,,1,,,,ICICI,,,,,[],17.31,3.12,,,46226.19467592592,credit,
pay_v1s5tuzSGKuWZz,22593.00,INR,captured,order_U2jAtQzHsVFlr8,,0,upi,0.00,0.00,,1,,,,,,,,,[],451.86,81.33,,,23/07/2026 11:53:49,,
pay_T1yLgaX8bOdk89,916.00,INR,captured,order_GetB4bDbr2KBPT,,0,netbanking,0.00,0.00,,1,,,,HDFC,,,,,[],16.03,2.89,,,46226.754375,,
pay_Bk6vH6OakRh5tO,8108.50,INR,refunded,order_j63b77WunqqGN4,,0,upi,8108.50,0.00,full,1,,,,,,,,,[],162.17,29.19,,,46226.05540509259,,
pay_k2UysG7p8UG67N,4643.50,INR,captured,order_ZjrhKPbqf36ZOI,,0,upi,0.00,0.00,,1,,,,,,,,,[],92.87,16.72,,,2026-07-23 08:32:16,,
pay_jhxRalpQ7EZEuV,953.00,INR,captured,order_0ReAr5W5n6mzL1,,0,upi,0.00,0.00,,1,,,,,,,,,[],19.06,3.43,,,23/07/2026 15:45:45,,
pay_Jcn5LkI1OAPLqr,4214.50,INR,captured,order_zDmcNT34MylMUK,,0,upi,0.00,0.00,,1,,,,,,,,,[],84.29,15.17,,,2026-07-23 22:58:14,,
pay_p3fsC00gcwYmly,1308.50,INR,captured,order_SxDY6DRUfbYYau,,0,upi,0.00,0.00,,1,,,,,,,,,[],26.17,4.71,,,2026-07-23 05:11:43,,
pay_Nlw4oFHe6O3qhI,19290.00,INR,captured,order_5ti4vPgd2GbGgd,,0,upi,0.00,0.00,,1,,,,,,,,,[],385.80,69.44,,,46226.516805555555,,
pay_oUZnis2nl1Tbls,14038.00,INR,captured,order_sn635ui1fSc17Q,,0,upi,0.00,0.00,,1,,,,,,,,,[],280.76,50.54,,,23/07/2026 19:37:41,,
pay_Wna4L1fRaEmfH4,2930.00,INR,captured,order_KE7RktbFFiExXv,,0,upi,0.00,0.00,,1,,,,,,,,,[],58.60,10.55,,,2026-23-07 02:50:10,,
pay_cWVSCVSVzSBH2k,606.00,INR,captured,order_ae2FONktF6hVVb,,0,netbanking,0.00,0.00,,1,,,,SBIN,,,,,[],10.61,1.91,,,2026-07-23 09:03:39,,
pay_VYROTXLoU1l8zl,298.50,INR,captured,order_tjhCjfinZMz8kq,,0,netbanking,0.00,0.00,,1,,,,SBIN,,,,,[],5.22,0.94,,,2026-07-23 16:16:08,,
pay_VHcZ3LMkRB42z6,4538.00,INR,refunded,order_W4pAG23lSRfs0d,,0,upi,4538.00,0.00,full,1,,,,,,,,,[],90.76,16.34,,,2026-07-23 23:29:37,,
pay_isQZFlMUHWs5qK,597.00,INR,captured,order_4SXXE1HJKb9rJB,,1,card,0.00,0.00,,1,,,,ICICI,,,,,[],20.90,3.76,,,2026-07-23 06:42:06,credit,
pay_O1XDbgxL25d9Jp,4412.00,INR,captured,order_8qOIzkmbGT5tqB,,0,upi,0.00,0.00,,1,,,,,,,,,[],88.24,15.88,,,2026-23-07 13:55:35,,
pay_SveaGpaMlUQqh5,24242.00,INR,captured,order_ZpBWyWuy40JHrz,,0,netbanking,0.00,0.00,,1,,,,AXIS,,,,,[],424.24,76.36,,,2026-07-23 20:08:04,,
pay_JOg7tEk0TsYizv,16191.00,INR,captured,order_XtNIJTwYnFexHe,,0,upi,0.00,0.00,,1,,,,,,,,,[],323.82,58.29,,,2026-07-23 03:21:33,,
pay_OMyTPNdDNfjpke,21825.00,INR,captured,order_pKhBEfbTyrZqbq,,0,upi,0.00,0.00,,1,,,,,,,,,[],436.50,78.57,,,2026-07-23 10:34:02,,
pay_V9JaCdSSgSz1Nx,3817.00,INR,captured,order_nUbRKkfmpqsjNQ,,0,netbanking,0.00,0.00,,1,,,,HDFC,,,,,[],66.80,12.02,,,23/07/2026 17:47:31,,
pay_qL6OlKttfBF0e3,1669.00,INR,captured,order_bxFKtIOQJBvShT,,0,upi,0.00,0.00,,1,,,,,,,,,[],33.38,6.01,,,2026-23-07 00:00:00,,
pay_pBlfH3paVcPuJW,2217.00,INR,captured,order_KU5V1rREE19zD5,,0,upi,0.00,0.00,,1,,,,,,,,,[],44.34,7.98,,,23/07/2026 07:13:29,,
pay_wabW2v8qcQBgHb,4636.50,INR,captured,order_XYlgTfu7fhOrYG,,0,card,0.00,0.00,,1,,,,,,,,,[],92.73,16.69,,,46226.602060185185,credit,
pay_rnFCWafCwyx6Tw,3766.50,INR,captured,order_1F40HuqqQv9U7Z,,0,upi,0.00,0.00,,1,,,,,,,,,[],75.33,13.56,,,23/07/2026 21:39:27,,
pay_YVJK77hhQ8Fgsx,857.50,INR,captured,order_GYgqax6x4Dku9d,,0,upi,0.00,0.00,,1,,,,,,,,,[],17.15,3.09,,,2026-07-23 04:52:56,,
pay_Xy5iqVOSInpBgJ,11399.00,INR,captured,order_Bkw9EJModAe82j,,0,upi,0.00,0.00,,1,,,,,,,,,[],227.98,41.04,,,2026-07-23 11:05:25,,
pay_e9FH8XcmW5StHg,17883.00,INR,captured,order_4ujRaCPbSN4Ym6,,0,upi,0.00,0.00,,1,,,,,,,,,[],357.66,64.38,,,23/07/2026 18:18:54,,
pay_X5360f5bVp3xvf,816.00,INR,captured,order_NA9lB7Qz9BEnDp,,0,netbanking,0.00,0.00,,1,,,,ICICI,,,,,[],14.28,2.57,,,2026-07-23 01:31:23,,
pay_3oUSNDlATZroWk,4130.50,INR,captured,order_Nr7qWq1TfIaGJg,,0,upi,0.00,0.00,,1,,,,,,,,,[],82.61,14.87,,,2026-07-23 08:44:52,,
pay_tAJJfkpzbZeovg,13790.50,INR,captured,order_JMudZNaDgAVUyL,,0,card,0.00,0.00,,1,,,,KKBK,,,,,[],275.81,49.65,,,2026-07-23 15:57:21,credit,
pay_JGLAn4nBrVq5Lo,1280.50,INR,captured,order_MstOkekbFBMu6S,,0,upi,0.00,0.00,,1,,,,,,,,,[],25.61,4.61,,,2026-07-23 22:10:50,,
pay_uWmdGo6KE6Lhl1,2147.00,INR,captured,order_Brtg9N1Nmd6sRy,,0,netbanking,0.00,0.00,,1,,,,ICICI,,,,,[],37.57,6.76,,,46226.22452546296,,
pay_pGGpim6EfHtKB7,2757.50,INR,captured,order_3RJI5ZXGE4J1so,,0,netbanking,0.00,0.00,,1,,,,ICICI,,,,,[],48.26,8.69,,,24/07/2026 12:36:48,,
pay_NDa1NIO5cSPsI9,507.50,INR,captured,order_hFWXg3M7cnDNQM,,0,upi,0.00,0.00,,1,,,,,,,,,[],10.15,1.83,,,46227.825891203705,,
pay_JYGPBxETfoZqAf,932.00,INR,captured,order_cUiZpOGVfFsjbY,,0,netbanking,0.00,0.00,,1,,,,AXIS,,,,,[],16.31,2.94,,,2026-07-25 02:02:46,,
pay_5qSKwrzNKgf5Bz,4131.50,INR,captured,order_xAFSnPKgq2fckv,,0,card,0.00,0.00,,1,,,,SBIN,,,,,[],82.63,14.87,,,2026-07-25 09:15:15,credit,
pay_ABwVD1Lq80LmHL,7054.00,INR,captured,order_BhpfjseWYTMWAA,,0,upi,0.00,0.00,,1,,,,,,,,,[],141.08,25.39,,,2026-25-07 16:28:44,,
pay_5tnbOpSpfZeRlC,1617.50,INR,captured,order_60jUG3JViSGaJ1,,0,card,0.00,0.00,,1,,,,HDFC,,,,,[],32.35,5.82,,,2026-07-25 23:41:13,credit,
pay_ElO4S0NVuaJfg6,623.00,INR,captured,order_jIIeoYxJEub1VC,,0,upi,0.00,0.00,,1,,,,,,,,,[],12.46,2.24,,,25/07/2026 06:54:42,,
pay_uAUlZtTgm1vUlJ,12088.50,INR,captured,order_5dFIVJnwpSkaO9,,0,upi,0.00,0.00,,1,,,,,,,,,[],241.77,43.52,,,2026-07-25 13:07:11,,
pay_hW1BPc7aMZsfPa,484.50,INR,captured,order_tgDt1aN1a72jmZ,,0,upi,0.00,0.00,,1,,,,,,,,,[],9.69,1.74,,,2026-25-07 20:20:40,,
pay_bsJt7gPuxbBFPE,550.50,INR,captured,order_LpYiQOYUux61Z0,,0,upi,0.00,0.00,,1,,,,,,,,,[],11.01,1.98,,,46228.14802083333,,
pay_qskbbyeOyZEp0n,4064.50,INR,captured,order_OuNLbVeMeXrbsc,,0,card,0.00,0.00,,1,,,,AXIS,,,,,[],48.77,8.78,,,2026-07-25 10:46:38,debit,
pay_ef3oY9Amvgbans,1917.00,INR,captured,order_veDmNNePiJWqfF,,0,upi,0.00,0.00,,1,,,,,,,,,[],38.34,6.90,,,46228.749386574076,,
pay_txwGVXEcdEw2es,8075.00,INR,refunded,order_GEYM1heCLvWy4E,,0,netbanking,2018.75,0.00,full,1,,,,,,,,,[],141.31,25.44,,,2026-25-07 00:12:36,,
pay_K4aVWp4AsC1FOH,22098.50,INR,captured,order_S3sXf0XrLzDmel,,0,upi,0.00,0.00,,1,,,,,,,,,[],441.97,79.55,,,2026-07-25 07:25:05,,
pay_1eWdOWNCZdIaBj,887.50,INR,captured,order_8oND2w5zkLFjfk,,0,upi,0.00,0.00,,1,,,,,,,,,[],17.75,3.20,,,2026-07-25 14:38:34,,
pay_ihxu4BK00taSQ0,18875.50,INR,captured,order_WfK6RKJkqsws2t,,0,card,0.00,0.00,,1,,,,SBIN,,,,,[],226.51,40.77,,,2026-07-25 21:51:03,debit,
pay_31I4wwLOxp2b0l,13237.50,INR,captured,order_ES8lW15h3yDOgO,,0,card,0.00,0.00,,1,,,,HDFC,,,,,[],264.75,47.66,,,2026-07-25 04:04:32,credit,
pay_Ll5BuwmrWLGOMQ,2863.50,INR,captured,order_1jEwVCCRgekkZn,,0,card,0.00,0.00,,1,,,,AXIS,,,,,[],71.59,12.89,,,2026-07-25 11:17:01,credit,
pay_zj3xlzvnw3Qcel,15908.50,INR,captured,order_yOiO8eiNMrfMuQ,,0,card,0.00,0.00,,1,,,,KKBK,,,,,[],318.17,57.27,,,25/07/2026 18:30:30,credit,
pay_juKpxE5FoL1vdE,4045.00,INR,captured,order_ziAlzk2eLsG3Us,,0,card,0.00,0.00,,1,,,,AXIS,,,,,[],80.90,14.56,,,25/07/2026 01:43:59,credit,
pay_oLZ9b8kYvCDIFM,766.00,INR,captured,order_76N3jXwhyeJfP0,,0,netbanking,0.00,0.00,,1,,,,HDFC,,,,,[],13.41,2.41,,,2026-07-25 08:56:28,,
pay_WKVCnIoaCHdCRH,1879.50,INR,captured,order_GVZI2buocN8ZaF,,0,upi,0.00,0.00,,1,,,,,,,,,[],37.59,6.77,,,2026-07-25 15:09:57,,
pay_FXTk1TvUSFj1H9,21750.50,INR,captured,order_WGJLWWj3jBUMqN,,0,upi,0.00,0.00,,1,,,,,,,,,[],435.01,78.30,,,2026-07-25 22:22:26,,
pay_2SyiARwLFTU1K1,210.00,INR,captured,order_HXiBBKfn9imlKD,,0,upi,0.00,0.00,,1,,,,,,,,,[],4.20,0.76,,,25/07/2026 05:35:55,,
pay_wW3P7teSBnC78s,8640.00,INR,captured,order_1Qb6TuBvTybqZn,,0,upi,0.00,0.00,,1,,,,,,,,,[],172.80,31.10,,,2026-07-25 12:48:24,,
pay_LbeGUaIsyZkuTc,7000.50,INR,captured,order_K3I2T97qIBMqja,,0,netbanking,0.00,0.00,,1,,,,SBIN,,,,,[],122.51,22.05,,,2026-07-25 19:01:53,,
pay_7HjdIOzCjazGu1,3406.50,INR,captured,order_qy477QzgmKSGrl,,0,upi,0.00,0.00,,1,,,,,,,,,[],68.13,12.26,,,2026-07-25 02:14:22,,
pay_pxmnNfJze1dDve,2526.00,INR,captured,order_aRbaOezlOBHsLS,,0,upi,0.00,0.00,,1,,,,,,,,,[],50.52,9.09,,,2026-07-25 09:27:51,,
pay_17rdRazCdnbcFr,6578.50,INR,captured,order_cckIa4vQeKqbZx,,0,card,0.00,0.00,,1,,,,AXIS,,,,,[],78.94,14.21,,,2026-07-25 16:40:20,debit,
pay_2ISMqI99hTBMVS,1454.00,INR,captured,order_nxXP7FQ0gbE3bZ,,0,card,0.00,0.00,,1,,,,SBIN,,,,,[],17.45,3.14,,,25/07/2026 23:53:49,debit,
pay_jNqyTV8JtJag2y,600.00,INR,captured,order_ub0sQE343GrOYl,,0,upi,0.00,0.00,,1,,,,,,,,,[],12.00,2.16,,,2026-07-25 06:06:18,,
pay_RgcsK0dGambq3H,793.50,INR,captured,order_4vj5IfRe4Xr9SF,,0,upi,0.00,0.00,,1,,,,,,,,,[],15.87,2.86,,,2026-07-25 13:19:47,,
pay_XxUwsvUxVlipYR,874.00,INR,captured,order_VOo31AfvXnog6y,,0,upi,0.00,0.00,,1,,,,,,,,,[],17.48,3.15,,,25/07/2026 20:32:16,,
pay_o5MipUHCa0BjVE,1477.50,INR,captured,order_TlBUw7ERxOcWhD,,0,upi,0.00,0.00,,1,,,,,,,,,[],29.55,5.32,,,25/07/2026 03:45:45,,
pay_x4AJnbDq3a8Lt5,24177.50,INR,captured,order_G8mTwt9R60w2zC,,0,card,0.00,0.00,,1,,,,AXIS,,,,,[],483.55,87.04,,,46228.45710648148,credit,
pay_yaSZn45h82xm9m,834.50,INR,captured,order_5z2HdtN11YERLl,,0,wallet,0.00,0.00,,1,,,,,,,,,[],16.69,3.00,,,46228.716469907406,,
pay_rVbZOF1JxXM5iW,727.00,INR,refunded,order_NvK9Lj1FquHUzo,,0,upi,181.75,0.00,full,1,,,,,,,,,[],14.54,2.62,,,2026-07-25 00:24:12,,
pay_fMwp0qjyKxzove,2929.50,INR,captured,order_wTyvBBS3saiOKM,,0,upi,0.00,0.00,,1,,,,,,,,,[],58.59,10.55,,,25/07/2026 07:37:41,,
pay_Xhpr55bW3ly25D,1251.00,INR,captured,order_g6CVfrOclKtoZc,,0,card,0.00,0.00,,1,,,,HDFC,,,,,[],15.01,2.70,,,2026-07-25 14:50:10,debit,
pay_fhYwx7COM5P8bA,389.50,INR,captured,order_sLM2WSzuC1yQRR,,0,upi,0.00,0.00,,1,,,,,,,,,[],7.79,1.40,,,2026-07-25 21:03:39,,
pay_xQoLLty1CrdJmV,4541.00,INR,captured,order_ZTJvmY6OsiM8jY,,0,card,0.00,0.00,,1,,,,SBIN,,,,,[],54.49,9.81,,,2026-25-07 04:16:08,debit,
pay_mI4DSIz30pLLp7,2868.00,INR,captured,order_Ejwma2XRyH4BVs,,0,upi,0.00,0.00,,1,,,,,,,,,[],57.36,10.32,,,46228.478900462964,,
pay_vuHyskkxA1VdD7,593.50,INR,captured,order_3gDnxrHsOJj3sI,,0,wallet,0.00,0.00,,1,,,,,,,,,[],11.87,2.14,,,46228.77923611111,,
pay_qBGaE0xa6bcNW3,4616.00,INR,captured,order_NgCDRrcaUZt2XB,,0,netbanking,0.00,0.00,,1,,,,AXIS,,,,,[],80.78,14.54,,,2026-07-25 01:55:35,,
pay_OoEJwM1mHLQ4Xc,334.00,INR,captured,order_FVjIa2eOuUtK19,,0,card,0.00,0.00,,1,,,,KKBK,,,,,[],6.68,1.20,,,2026-07-25 08:08:04,credit,
pay_4Q4NWJZxG3ttbb,5627.00,INR,captured,order_vm5A2xI42HyuMK,,0,netbanking,0.00,0.00,,1,,,,HDFC,,,,,[],98.47,17.72,,,2026-25-07 15:21:33,,
pay_VJwqhJw47VmYms,1942.50,INR,captured,order_2iXfTBMzQd4OMI,,0,upi,0.00,0.00,,1,,,,,,,,,[],38.85,6.99,,,2026-07-25 22:34:02,,
pay_3XqRIvVhXFZO3J,421.50,INR,refunded,order_1mX3jMzpOOxZbq,,0,netbanking,421.50,0.00,full,1,,,,SBIN,,,,,[],7.38,1.33,,,46229.24133101852,,
pay_jHiAGMVeL7t0hp,11248.50,INR,refunded,order_ayKd6GQW5K7XyT,,0,upi,11248.50,0.00,full,1,,,,,,,,,[],224.97,40.49,,,26/07/2026 12:00:00,,
pay_GmDcSUear4jpki,18816.00,INR,captured,order_dpecGBeyiZ8JYC,,0,upi,0.00,0.00,,1,,,,,,,,,[],376.32,67.74,,,2026-07-27 19:13:29,,
pay_cyh5MPzRk2YciE,4137.00,INR,captured,order_xi4xHY2l5rOrTC,,0,upi,0.00,0.00,,1,,,,,,,,,[],82.74,14.89,,,46230.102060185185,,
pay_I0Dbxt5hfytYrt,2511.00,INR,captured,order_KzYlsjV2XnjRel,,0,card,0.00,0.00,,1,,,,KKBK,,,,,[],50.22,9.04,,,2026-07-27 09:39:27,credit,
pay_SBPO3YBx7MJsI5,3984.00,INR,captured,order_fPHLclm4N35g1d,,0,netbanking,0.00,0.00,,1,,,,HDFC,,,,,[],69.72,12.55,,,27/07/2026 16:52:56,,
pay_4dtlt14zz6hhBR,1366.00,INR,refunded,order_GOWPkEycLN5f6n,,0,upi,341.50,0.00,full,1,,,,,,,,,[],27.32,4.92,,,46230.96209490741,,
pay_7sxFtglesnXeU1,3532.00,INR,captured,order_TJRr6J2D8b7dKo,,0,upi,0.00,0.00,,1,,,,,,,,,[],70.64,12.72,,,27/07/2026 06:18:54,,
pay_fh71SNsFrnaTdu,505.50,INR,captured,order_xB9rFuNHMGLqSZ,,0,card,0.00,0.00,,1,,,,ICICI,,,,,[],10.11,1.82,,,2026-07-27 13:31:23,credit,
pay_QTZNXSdlSZxEpS,816.50,INR,captured,order_d7DpL3h4AJMD4r,,0,upi,0.00,0.00,,1,,,,,,,,,[],16.33,2.94,,,27/07/2026 20:44:52,,
pay_ISss6fOsSBtHJI,4392.00,INR,captured,order_pVvIIbBTdlpygZ,,0,upi,0.00,0.00,,1,,,,,,,,,[],87.84,15.81,,,2026-07-27 03:57:21,,
pay_c6KuFJDgQ4yiPu,407.50,INR,captured,order_oYbpPNz1EmKiUC,,0,card,0.00,0.00,,1,,,,SBIN,,,,,[],8.15,1.47,,,46230.42418981482,credit,
pay_0LWJeT9I21hcsb,717.50,INR,captured,order_R5hs0FrnagTfjd,,0,upi,0.00,0.00,,1,,,,,,,,,[],14.35,2.58,,,2026-07-27 17:23:19,,
pay_xv9BfGo9xtw8oN,24547.00,INR,captured,order_PcqTnasR4EvRZB,,0,netbanking,0.00,0.00,,1,,,,SBIN,,,,,[],429.57,77.32,,,2026-07-27 00:36:48,,
pay_b3IUEeTz3E2hoM,551.00,INR,captured,order_9NMHIOCW1nyzWV,,0,netbanking,0.00,0.00,,1,,,,ICICI,,,,,[],9.64,1.74,,,2026-07-27 07:49:17,,
pay_D0dIlFRqeHZCgZ,827.00,INR,captured,order_Sr4z4EhZYeoRwo,,0,netbanking,0.00,0.00,,1,,,,HDFC,,,,,[],14.47,2.60,,,2026-07-27 14:02:46,,
pay_Orlwx2JS2hNeb9,3042.50,INR,captured,order_AKerJtZKQGeLir,,0,netbanking,0.00,0.00,,1,,,,,,,,,[],53.24,9.58,,,27/07/2026 21:15:15,,
pay_rzYbAwoF7i4kLe,1468.50,INR,captured,order_TV1UnaL2D1msqT,,0,upi,0.00,0.00,,1,,,,,,,,,[],29.37,5.29,,,46230.18662037037,,
pay_PKnGJJbSFTEeUm,13001.00,INR,captured,order_q4LGEfdSAQsQ2Y,,0,netbanking,0.00,0.00,,1,,,,,,,,,[],227.52,40.95,,,46230.48695601852,,
pay_wPkzlWsiNOFgOv,14448.00,INR,captured,order_F1hKrsBoWurYuI,,0,card,0.00,0.00,,1,,,,ICICI,,,,,[],288.96,52.01,,,2026-07-27 18:54:42,credit,
pay_2hvviAIAZj4gMP,904.00,INR,captured,order_QakD08suqNaHFh,,0,card,0.00,0.00,,1,,,,SBIN,,,,,[],18.08,3.25,,,27/07/2026 01:07:11,credit,
pay_p8PBh571e1gmlk,18617.50,INR,captured,order_ofbvXHCbXvNMEp,,0,upi,0.00,0.00,,1,,,,,,,,,[],372.35,67.02,,,2026-07-27 08:20:40,,
pay_WBCkkerLLYyolp,217.00,INR,captured,order_lpf79nvC9Lz13v,,0,card,0.00,0.00,,1,,,,HDFC,,,,,[],2.60,0.47,,,2026-07-27 15:33:09,debit,
pay_E9k5RwMHwqg44U,4416.00,INR,captured,order_1jhgw7UbYjGID6,,0,upi,0.00,0.00,,1,,,,,,,,,[],88.32,15.90,,,46230.94905092593,,
pay_kMTYY9bsztDcPw,3604.50,INR,captured,order_b4Mp5xnKHpSzWs,,0,upi,0.00,0.00,,1,,,,,,,,,[],72.09,12.98,,,2026-07-27 05:59:07,,
pay_nYqwFxye7jXAU0,503.00,INR,captured,order_vzQkEP252gmotx,,0,netbanking,0.00,0.00,,1,,,,KKBK,,,,,[],8.80,1.58,,,2026-07-27 12:12:36,,
pay_9NNmP8N18Et7Cp,2720.00,INR,captured,order_4YZkstSXO6KyE0,,0,upi,0.00,0.00,,1,,,,,,,,,[],54.40,9.79,,,46230.80908564815,,
pay_dc2eHbqycRqPtW,661.50,INR,captured,order_JhX6n2ZB6gkRNZ,,0,card,0.00,0.00,,1,,,,ICICI,,,,,[],7.94,1.43,,,2026-07-27 02:38:34,debit,
pay_6DTodY4WOdxhtt,475.50,INR,captured,order_SC3jmDgV5uznZr,,0,upi,0.00,0.00,,1,,,,,,,,,[],9.51,1.71,,,2026-07-27 09:51:03,,
pay_kvYt1UMIyfO139,24405.00,INR,captured,order_YwdMwBYi4WWppF,,0,upi,0.00,0.00,,1,,,,,,,,,[],488.10,87.86,,,2026-07-27 16:04:32,,
pay_HoSGEbhLxj6FRJ,9263.50,INR,captured,order_GKTwSB4QjceyXe,,0,card,0.00,0.00,,1,,,,KKBK,,,,,[],185.27,33.35,,,2026-07-28 23:17:01,credit,
pay_BAmrGXxngLtOtF,721.00,INR,captured,order_sL1tO9hIO2ku4B,,0,netbanking,0.00,0.00,,1,,,,HDFC,,,,,[],12.62,2.27,,,2026-07-29 06:30:30,,
pay_AJtMXM4PcxirdM,1356.00,INR,captured,order_sVlxscQtp7uiLk,,0,upi,0.00,0.00,,1,,,,,,,,,[],27.12,4.88,,,46232.57221064815,,
pay_4LpUN8RRBqiM6y,4020.50,INR,captured,order_DuS7G53ihPCTeS,,0,card,0.00,0.00,,1,,,,ICICI,,,,,[],48.25,8.69,,,29/07/2026 20:56:28,debit,
pay_WhBZJK5UHDL7F1,23673.50,INR,captured,order_prlq0lknc4DuP8,,0,upi,0.00,0.00,,1,,,,,,,,,[],473.47,85.22,,,29/07/2026 03:09:57,,
pay_KXP46BELKYmtgQ,326.50,INR,captured,order_qZXZVOssNz4zlw,,0,netbanking,0.00,0.00,,1,,,,HDFC,,,,,[],5.71,1.03,,,2026-07-29 10:22:26,,
pay_50pqpbj16tFBe0,6168.50,INR,captured,order_8gd4FZWzrcsNZN,,0,upi,0.00,0.00,,1,,,,,,,,,[],123.37,22.21,,,2026-07-29 17:35:55,,
pay_SaajpD2vF72As3,2007.00,INR,captured,order_4POXfCwwb4w6tO,,0,card,0.00,0.00,,1,,,,ICICI,,,,,[],50.18,9.03,,,2026-07-29 00:48:24,credit,
pay_0Yrs0FuQIC8BY5,266.50,INR,captured,order_sqL9wanzuOn57l,,0,upi,0.00,0.00,,1,,,,,,,,,[],5.33,0.96,,,2026-07-29 07:01:53,,
pay_2c7DskdHMBgrIv,3798.00,INR,captured,order_XmE3BOCbSKh7rb,,0,upi,0.00,0.00,,1,,,,,,,,,[],75.96,13.67,,,46232.593310185184,,
pay_xFQYCFye3dSP9r,1310.00,INR,captured,order_YqSGGkSXVft1LO,,0,upi,0.00,0.00,,1,,,,,,,,,[],26.20,4.72,,,2026-07-29 21:27:51,,
pay_NrSskGPfhFZPVM,4444.00,INR,refunded,order_4lu83ncnvBb5Ln,,0,upi,4444.00,0.00,full,1,,,,,,,,,[],88.88,16.00,,,29/07/2026 04:40:20,,
pay_4aSptG2gHLYpi2,23147.50,INR,captured,order_8FwIRhyDfDQsS0,,0,upi,0.00,0.00,,1,,,,,,,,,[],462.95,83.33,,,46232.49570601852,,
pay_xE4CL46cMnBM13,568.50,INR,captured,order_bXPZaQFAue3haQ,,0,upi,0.00,0.00,,1,,,,,,,,,[],11.37,2.05,,,2026-07-29 18:06:18,,
pay_c2Vveu4cdZyHHZ,513.50,INR,captured,order_F29YEFuQo7uVfr,,0,upi,0.00,0.00,,1,,,,,,,,,[],10.27,1.85,,,2026-07-29 01:19:47,,
pay_UYWIPX5HKFynCJ,693.50,INR,captured,order_X3XdWO1UBd8hWh,,0,upi,0.00,0.00,,1,,,,,,,,,[],13.87,2.50,,,29/07/2026 08:32:16,,
pay_CCQzQ2Tu61DJuj,714.50,INR,captured,order_bpMWU6dUQ44sa0,,0,card,0.00,0.00,,1,,,,ICICI,,,,,[],14.29,2.57,,,2026-07-29 15:45:45,credit,
pay_qWbZH2w6QQIps7,3300.50,INR,captured,order_YVmFyDUVL1suGI,,0,netbanking,0.00,0.00,,1,,,,HDFC,,,,,[],57.76,10.40,,,29/07/2026 22:58:14,,
pay_WH53CTjzDXXWpu,2625.00,INR,captured,order_fxWrQMnLbCcOBl,,0,card,0.00,0.00,,1,,,,HDFC,,,,,[],31.50,5.67,,,29/07/2026 05:11:43,debit,
pay_idNjZcQbc6sJAZ,24520.50,INR,captured,order_eMkrbciFz1NGBE,,0,netbanking,0.00,0.00,,1,,,,AXIS,,,,,[],429.11,77.24,,,2026-07-29 12:24:12,,
pay_1ZnXgKFWgNHUA3,1867.00,INR,captured,order_cSaXz7GtqTmnWu,,0,card,0.00,0.00,,1,,,,ICICI,,,,,[],22.40,4.03,,,2026-07-29 19:37:41,debit,
pay_2VFSCXnGxZtUxu,968.50,INR,captured,order_zfAYgqwm2S0Gbf,,0,card,0.00,0.00,,1,,,,HDFC,,,,,[],11.62,2.09,,,46232.11817129629,debit,
pay_FaMd7NOyBNcAep,10290.00,INR,captured,order_8ZD7oTw5I0Z9uc,,0,upi,0.00,0.00,,1,,,,,,,,,[],205.80,37.04,,,46232.377534722225,,
pay_cVJo1RW91BV2DL,4874.00,INR,captured,order_9lC3dqYLocG1WM,,0,upi,0.00,0.00,,1,,,,,,,,,[],97.48,17.55,,,29/07/2026 16:16:08,,
pay_IW1p7DsN80JOWv,261.00,INR,captured,order_6GZSUQLwRguDVa,,0,upi,0.00,0.00,,1,,,,,,,,,[],5.22,0.94,,,2026-07-29 23:29:37,,
pay_hdJdFel3As4fLH,692.00,INR,captured,order_aJRvVeAjKQGNdN,,0,card,0.00,0.00,,1,,,,KKBK,,,,,[],8.30,1.49,,,2026-07-29 06:42:06,debit,
pay_BLfN6sCUNSiVN5,3699.00,INR,captured,order_YRKhNVL48OFXPM,,0,upi,0.00,0.00,,1,,,,,,,,,[],73.98,13.32,,,2026-07-29 13:55:35,,
pay_SimsAUOmKJc7Bf,4825.50,INR,captured,order_6Lqqfu1P1Qdeaa,,0,card,0.00,0.00,,1,,,,ICICI,,,,,[],57.91,10.42,,,2026-30-07 20:08:04,debit,
pay_9or7UD95T0Ig6W,229.50,INR,captured,order_DeXUp43ylNsNoz,,0,upi,0.00,0.00,,1,,,,,,,,,[],4.59,0.83,,,2026-07-30 03:21:33,,
pay_OILZ2wGf4sOnwq,4766.50,INR,captured,order_wft1U89R5cOYrF,,0,upi,0.00,0.00,,1,,,,,,,,,[],95.33,17.16,,,2026-07-30 10:34:02,,
pay_oDSY4BiqyNEfzs,1571.00,INR,refunded,order_67YrRXYkF5ZS8I,,0,upi,1571.00,0.00,full,1,,,,,,,,,[],31.42,5.66,,,30/07/2026 17:47:31,,
pay_NAVZt5TftI7DvA,584.50,INR,captured,order_2nWMTOky80pGwt,,0,card,0.00,0.00,,1,,,,AXIS,,,,,[],7.01,1.26,,,2026-07-30 00:00:00,debit,
pay_5JrgAtyZBMKoue,3937.50,INR,captured,order_omG1dRM0Xevz4r,,0,upi,0.00,0.00,,1,,,,,,,,,[],78.75,14.18,,,2026-07-30 07:13:29,,
pay_ohSXluHAsFbZWR,8322.00,INR,captured,order_LS1uX7bzW97c2O,,0,upi,0.00,0.00,,1,,,,,,,,,[],166.44,29.96,,,2026-07-30 14:26:58,,
pay_tGgLwyQh7ykn3Q,24615.00,INR,captured,order_p7fMXz1R044kB4,,0,upi,0.00,0.00,,1,,,,,,,,,[],492.30,88.61,,,2026-07-30 21:39:27,,
pay_lyfj954qOMwL4T,1246.50,INR,captured,order_bhvIMoXp0gZcCq,,0,upi,0.00,0.00,,1,,,,,,,,,[],24.93,4.49,,,30/07/2026 04:52:56,,
pay_x8lpeIzsHhHfXK,9549.50,INR,captured,order_h94lHrsNjQXD4b,,0,card,0.00,0.00,,1,,,,,,,,,[],114.59,20.63,,,2026-30-07 11:05:25,debit,
pay_br65zu8GXO2Y1Z,8206.00,INR,captured,order_FiJ6uSFAdEzXNV,,0,wallet,0.00,0.00,,1,,,,,,,,,[],164.12,29.54,,,2026-07-30 18:18:54,,
pay_KHnPpn7EQh8vWq,569.00,INR,captured,order_vlFA9NGR2pIgQt,,0,card,0.00,0.00,,1,,,,SBIN,,,,,[],11.38,2.05,,,46233.06346064815,credit,
pay_8SPOHQBE6TCwLf,6347.50,INR,captured,order_JDmlavfRDor1oa,,0,upi,0.00,0.00,,1,,,,,,,,,[],126.95,22.85,,,2026-07-30 08:44:52,,
pay_AVNxrrSxeoYydA,2943.50,INR,captured,order_NTGHoHQB9lyj6o,,0,upi,0.00,0.00,,1,,,,,,,,,[],58.87,10.60,,,46233.664826388886,,
pay_qXx9drjq60uksp,829.00,INR,captured,order_YgYTzf5n7no9Zf,,0,upi,0.00,0.00,,1,,,,,,,,,[],16.58,2.98,,,2026-30-07 22:10:50,,
pay_392bJX3jB3b1EY,2228.00,INR,captured,order_e9nivm2wMlJ4PF,,0,upi,0.00,0.00,,1,,,,,,,,,[],44.56,8.02,,,2026-07-30 05:23:19,,
pay_NJwoYGdUq54OJE,955.00,INR,captured,order_jbdNO15rVQYv7h,,0,upi,0.00,0.00,,1,,,,,,,,,[],19.10,3.44,,,30/07/2026 12:36:48,,
pay_4sRJ4VzlmMbD9x,21790.50,INR,captured,order_SZEDLhlZGlijiI,,0,upi,0.00,0.00,,1,,,,,,,,,[],435.81,78.45,,,30/07/2026 19:49:17,,
pay_N2BPKBW10u67Sf,21054.50,INR,captured,order_fRZTH6ugZJlgZ0,,0,upi,0.00,0.00,,1,,,,,,,,,[],421.09,75.80,,,30/07/2026 02:02:46,,
pay_0UNEkdKEFxd9Vv,2257.50,INR,captured,order_LGE9PcZlYJINDv,,0,upi,0.00,0.00,,1,,,,,,,,,[],45.15,8.13,,,2026-07-30 09:15:15,,
pay_1DIzforSG1vn7Q,389.00,INR,captured,order_oWXC2pTkmgogkw,,0,upi,0.00,0.00,,1,,,,,,,,,[],7.78,1.40,,,2026-07-30 16:28:44,,
pay_GsDMDskQnYXoiK,1944.50,INR,captured,order_NWaEvtLt38TzYv,,0,upi,0.00,0.00,,1,,,,,,,,,[],38.89,7.00,,,30/07/2026 23:41:13,,
pay_x8fZn4dafuU2x5,809.50,INR,captured,order_hOnWGWVaXOSOke,,0,card,0.00,0.00,,1,,,,HDFC,,,,,[],20.24,3.64,,,2026-07-30 06:54:42,credit,
pay_KwMckrDvgZsQGX,2915.50,INR,captured,order_Cs4HLXqCrapteX,,0,card,0.00,0.00,,1,,,,KKBK,,,,,[],34.99,6.30,,,30/07/2026 13:07:11,debit,
pay_OPMbyvu4aMQy10,18000.50,INR,captured,order_rYYNkLA4Ao1EiY,,0,card,0.00,0.00,,1,,,,SBIN,,,,,[],360.01,64.80,,,2026-07-30 20:20:40,credit,
pay_JbyvzCINAIVJWS,239.50,INR,captured,order_coZuGb6tzPdxQo,,0,upi,0.00,0.00,,1,,,,,,,,,[],4.79,0.86,,,2026-07-30 03:33:09,,
pay_9UiBM2InRZmF8B,210.50,INR,captured,order_IaeUxfy0YthtV9,,0,card,0.00,0.00,,1,,,,ICICI,,,,,[],4.21,0.76,,,2026-07-30 10:46:38,credit,
pay_iRNAZpQXPBC6X0,6220.50,INR,captured,order_b5e0ivFHQcHsPC,,0,upi,0.00,0.00,,1,,,,,,,,,[],124.41,22.39,,,2026-07-30 17:59:07,,
pay_vvsVi2E2Jzz1zQ,15476.50,INR,captured,order_sayNttf90lbqLE,,0,upi,0.00,0.00,,1,,,,,,,,,[],309.53,55.72,,,30/07/2026 00:12:36,,
pay_7spO3SBcrFokDm,14435.00,INR,captured,order_e2h1sVPIfCMTIH,,0,netbanking,0.00,0.00,,1,,,,SBIN,,,,,[],252.61,45.47,,,2026-07-30 07:25:05,,
pay_8OxV7izfWHw973,1633.00,INR,captured,order_OnP6w0vc4PH0g8,,0,card,0.00,0.00,,1,,,,ICICI,,,,,[],40.83,7.35,,,2026-07-30 14:38:34,credit,
pay_76cA2GH5kL3smr,3842.00,INR,captured,order_AHHwLIFOV57XlC,,0,upi,0.00,0.00,,1,,,,,,,,,[],76.84,13.83,,,30/07/2026 21:51:03,,
pay_jVYUFhWd7dccw7,898.50,INR,captured,order_HKhPUE1EfP4TXx,,0,upi,0.00,0.00,,1,,,,,,,,,[],17.97,3.23,,,2026-07-30 04:04:32,,
pay_HzjjeEMNv6lAwS,15371.50,INR,captured,order_VZMIC3tNATSUcQ,,0,upi,0.00,0.00,,1,,,,,,,,,[],307.43,55.34,,,2026-07-30 11:17:01,,
pay_qGHDLbixJ9UOS8,12011.00,INR,captured,order_J2Guw3nJChpv2k,,0,card,0.00,0.00,,1,,,,ICICI,,,,,[],240.22,43.24,,,2026-07-30 18:30:30,credit,
pay_Ge7JAfrLLqouai,896.50,INR,captured,order_i3fSk0BXuiRVmm,,0,card,0.00,0.00,,1,,,,KKBK,,,,,[],10.76,1.94,,,46233.07221064815,debit,
pay_zpld66Fg5uTusp,3257.50,INR,captured,order_NtCvYqMkFoyHw8,,0,card,0.00,0.00,,1,,,,,,,,,[],65.15,11.73,,,2026-07-31 08:56:28,credit,
pay_FHmafuAPaT3nmK,2413.00,INR,captured,order_ZlAT3WvRzSUIS0,,0,upi,0.00,0.00,,1,,,,,,,,,[],48.26,8.69,,,2026-07-31 15:09:57,,
pay_RG10TfzNTfKs4J,18529.50,INR,captured,order_drQhYyAEJ9cq0b,,0,upi,0.00,0.00,,1,,,,,,,,,[],370.59,66.71,,,46234.93224537037,,
pay_dpEDWoyDzWLpQB,3612.50,INR,captured,order_6zbpIJtTMvjENR,,0,upi,0.00,0.00,,1,,,,,,,,,[],72.25,13.01,,,2026-07-31 05:35:55,,
pay_5qwImYATFrJliK,616.00,INR,captured,order_s9g95yCPYRIhzZ,,0,upi,0.00,0.00,,1,,,,,,,,,[],12.32,2.22,,,46234.53361111111,,
pay_0wPhMPmVp4P1LO,678.00,INR,captured,order_QUYmfx6qN58jqh,,0,upi,0.00,0.00,,1,,,,,,,,,[],13.56,2.44,,,2026-07-31 19:01:53,,
pay_CUMtRl14jtJ018,413.50,INR,captured,order_XFN05CDcxnfWUD,,0,card,0.00,0.00,,1,,,,ICICI,,,,,[],4.96,0.89,,,46234.093310185184,debit,
pay_3dAcvbuW4kRhIW,10801.00,INR,captured,order_uj0SB9UfPFzbnk,,0,card,0.00,0.00,,1,,,,KKBK,,,,,[],216.02,38.88,,,2026-07-31 09:27:51,credit,
pay_PIWOZw6XcipneE,10504.00,INR,captured,order_JYhptycaIJTDiv,,0,card,0.00,0.00,,1,,,,AXIS,,,,,[],210.08,37.81,,,31/07/2026 16:40:20,credit,
pay_u5aymoyBQlOBT0,23619.50,INR,captured,order_jR4KZbcQxwPdfs,,0,card,0.00,0.00,,1,,,,KKBK,,,,,[],472.39,85.03,,,2026-07-31 23:53:49,credit,
pay_gZLvT2FjRODb0Y,587.00,INR,captured,order_DY1bCk9x0jK5cI,,0,upi,0.00,0.00,,1,,,,,,,,,[],11.74,2.11,,,31/07/2026 06:06:18,,
pay_0MCh4ksLEEeSAF,3543.50,INR,captured,order_hDnh48n13FJtdm,,0,upi,0.00,0.00,,1,,,,,,,,,[],70.87,12.76,,,31/07/2026 13:19:47,,
pay_YIYxEJyis4vCz0,541.50,INR,captured,order_lC0NAgjsT9A9Vt,,0,wallet,0.00,0.00,,1,,,,,,,,,[],10.83,1.95,,,31/07/2026 20:32:16,,
pay_zDbJs9W52J3HzZ,21685.50,INR,captured,order_Yn21X9TqxobqCd,,0,upi,0.00,0.00,,1,,,,,,,,,[],433.71,78.07,,,2026-07-31 03:45:45,,
pay_qw9g9E2q5l9Swe,13857.00,INR,captured,order_p8sU2zHB8j6CfW,,0,netbanking,0.00,0.00,,1,,,,HDFC,,,,,[],242.50,43.65,,,46234.45710648148,,
pay_DlTHvqZr0H6TxA,1382.00,INR,captured,order_msEhv4ya6udrDP,,0,upi,0.00,0.00,,1,,,,,,,,,[],27.64,4.98,,,31/07/2026 17:11:43,,
pay_wNEdS2X57siY5j,511.50,INR,captured,order_mvzacosOhyt9Vc,,0,card,0.00,0.00,,1,,,,AXIS,,,,,[],10.23,1.84,,,2026-07-31 00:24:12,credit,
pay_tuOtZANomkMVxj,490.50,INR,captured,order_4PgHcagVyQ2wfv,,0,netbanking,0.00,0.00,,1,,,,AXIS,,,,,[],8.58,1.54,,,2026-07-31 07:37:41,,
pay_Vo1RRTgFO6AcPV,567.00,INR,captured,order_jp3LcqZAgjWk1C,,0,netbanking,0.00,0.00,,1,,,,,,,,,[],9.92,1.79,,,31/07/2026 14:50:10,,
pay_o9hPPYp4b0DupZ,1512.50,INR,captured,order_vRA2XsWjYvXGKQ,,0,upi,0.00,0.00,,1,,,,,,,,,[],30.25,5.45,,,2026-07-31 21:03:39,,
pay_P58W6E4WIb5Fnz,558.50,INR,captured,order_mg1CUa7YUsTMvQ,,0,upi,0.00,0.00,,1,,,,,,,,,[],11.17,2.01,,,2026-07-31 04:16:08,,
pay_yzXKwmkiIe3MXl,699.00,INR,captured,order_CMdtg1Exwb7qqT,,0,upi,0.00,0.00,,1,,,,,,,,,[],13.98,2.52,,,2026-07-31 11:29:37,,
pay_cqswN04PBuX8op,496.00,INR,captured,order_euiTzT0TdIcnwo,,0,upi,0.00,0.00,,1,,,,,,,,,[],9.92,1.79,,,31/07/2026 18:42:06,,
pay_8l7K3W5QmpUKox,5665.00,INR,captured,order_evbVorddvCA43u,,0,upi,0.00,0.00,,1,,,,,,,,,[],113.30,20.39,,,46234.0802662037,,
pay_m1r9b3crqHBWFo,10216.50,INR,captured,order_a28zZuwnZjJ30Q,,0,upi,0.00,0.00,,1,,,,,,,,,[],204.33,36.78,,,2026-07-31 08:08:04,,
pay_DE9xagTllojVtS,12905.00,INR,captured,order_y18ehc1C7iaDgm,,0,card,0.00,0.00,,1,,,,AXIS,,,,,[],154.86,27.87,,,2026-07-31 15:21:33,debit,
pay_WLOTJgw6ABxOjX,1395.50,INR,captured,order_ocGRax8OipYVsP,,0,upi,0.00,0.00,,1,,,,,,,,,[],27.91,5.02,,,2026-07-31 22:34:02,,
pay_m3cM3uVxV6HumK,606.50,INR,captured,order_EiSxbajMn6mfni,,0,card,0.00,0.00,,1,,,,HDFC,,,,,[],7.28,1.31,,,01/08/2026 05:47:31,debit,
pay_6oxSmsbfs6USQV,7174.00,INR,captured,order_ZJnF0R2L3CEOkv,,0,card,0.00,0.00,,1,,,,ICICI,,,,,[],143.48,25.83,,,2026-08-01 12:00:00,credit,
pay_LlhJ3qFxUHxT9l,602.00,INR,captured,order_T5qlJ2WchjWopg,,0,card,0.00,0.00,,1,,,,HDFC,,,,,[],7.22,1.30,,,2026-08-01 19:13:29,debit,
pay_PWrSFTcTd1NnNX,229.50,INR,captured,order_3T7c3yFTEJMXRq,,0,upi,0.00,0.00,,1,,,,,,,,,[],4.59,0.83,,,2026-08-01 02:26:58,,
pay_YE4QVyClWrSODh,2300.00,INR,captured,order_g9rBCUnQ3661wX,,0,card,0.00,0.00,,1,,,,SBIN,,,,,[],46.00,8.28,,,46235.402395833335,credit,
pay_W8OD45dHFAkfsB,4623.00,INR,captured,order_mJs7KX6Hr1h05f,,0,wallet,0.00,0.00,,1,,,,,,,,,[],92.46,16.64,,,01/08/2026 16:52:56,,
pay_duqqChPQXTT1QJ,401.50,INR,captured,order_gCkwlzoiNsn8ur,,0,card,0.00,0.00,,1,,,,,,,,,[],8.03,1.45,,,2026-08-01 23:05:25,credit,
pay_LTa2d58sZCde7X,3815.00,INR,captured,order_K7Xwh0SUcm6lHF,,0,card,0.00,0.00,,1,,,,KKBK,,,,,[],45.78,8.24,,,01/08/2026 06:18:54,debit,
pay_0IeaSU3HhnydEJ,6406.50,INR,captured,order_ATIkxHZjefbwnb,,0,card,0.00,0.00,,1,,,,HDFC,,,,,[],128.13,23.06,,,2026-08-01 13:31:23,credit,
pay_uqvro6385BgQhQ,3016.50,INR,captured,order_nUXDtkrxUF8y0T,,0,upi,0.00,0.00,,1,,,,,,,,,[],60.33,10.86,,,2026-08-01 20:44:52,,
pay_okoV768OZImmyP,644.00,INR,captured,order_05fKMMB7C6Rrjm,,0,wallet,0.00,0.00,,1,,,,,,,,,[],12.88,2.32,,,2026-08-01 03:57:21,,
pay_uQQVhaVWWVBqcq,489.50,INR,captured,order_sM7fTDgwKlxosb,,0,upi,0.00,0.00,,1,,,,,,,,,[],9.79,1.76,,,01/08/2026 10:10:50,,
pay_PxmN5RIf7wzZgp,3647.50,INR,captured,order_ecggMuQarh1e3r,,0,wallet,0.00,0.00,,1,,,,,,,,,[],72.95,13.13,,,2026-01-08 17:23:19,,
pay_Zpz80oC2v9Ao1D,3479.00,INR,captured,order_LhsXAFc4Gg9zCH,,0,upi,0.00,0.00,,1,,,,,,,,,[],69.58,12.52,,,2026-08-01 00:36:48,,
pay_DmAsSbjDrggAj6,7222.50,INR,captured,order_cXBDeYa7AN1s2m,,0,upi,0.00,0.00,,1,,,,,,,,,[],144.45,26.00,,,2026-08-01 07:49:17,,
pay_lsrefwVh9AyEr3,4361.50,INR,captured,order_E8J08bXYqE4w1m,,0,card,0.00,0.00,,1,,,,SBIN,,,,,[],52.34,9.42,,,01/08/2026 14:02:46,debit,
pay_iugezJFVyy5gGs,18662.00,INR,captured,order_CpmNQS47JAOxqI,,0,upi,0.00,0.00,,1,,,,,,,,,[],373.24,67.18,,,2026-08-01 21:15:15,,
pay_8hXzgtGiWMKASU,3461.00,INR,captured,order_GQAvaCky0ATs2F,,0,card,0.00,0.00,,1,,,,KKBK,,,,,[],69.22,12.46,,,2026-08-01 04:28:44,credit,
pay_9KyW4KWg3VKhEH,2106.50,INR,captured,order_9IQMB7SwrrXtXJ,,0,card,0.00,0.00,,1,,,,SBIN,,,,,[],25.28,4.55,,,01/08/2026 11:41:13,debit,
pay_AHaYVB2fGURVM9,8807.50,INR,captured,order_2REDEOlxc3ke3o,,0,card,0.00,0.00,,1,,,,AXIS,,,,,[],105.69,19.02,,,2026-08-01 18:54:42,debit,
pay_2gXdYutad7YYBu,770.50,INR,captured,order_B4wLVtS6px6afo,,0,upi,0.00,0.00,,1,,,,,,,,,[],15.41,2.77,,,46235.04665509259,,
pay_13LrrW6WN0wAja,22682.00,INR,captured,order_2dtdxJV9rsTkQJ,,0,upi,0.00,0.00,,1,,,,,,,,,[],453.64,81.66,,,2026-08-01 08:20:40,,
pay_NGHQkAPhmec84x,1937.00,INR,captured,order_hwzhe7GcrlxurY,,0,upi,0.00,0.00,,1,,,,,,,,,[],38.74,6.97,,,2026-08-01 15:33:09,,
pay_lmOvPsJb0zNt6q,4983.50,INR,captured,order_LWjvSdP4tV1yXC,,0,upi,0.00,0.00,,1,,,,,,,,,[],99.67,17.94,,,2026-08-01 22:46:38,,
pay_n2SYmjpf5nZuag,1719.50,INR,captured,order_Wv9J3kszhs6mcG,,0,card,0.00,0.00,,1,,,,,,,,,[],20.63,3.71,,,46235.249386574076,debit,
pay_INzh5hgdJzXWSe,454.00,INR,captured,order_Yhsi6RhltnPJ1V,,0,upi,0.00,0.00,,1,,,,,,,,,[],9.08,1.63,,,2026-08-01 12:12:36,,
pay_ihPRuoXSKWwIGr,7856.50,INR,captured,order_f5jJd0Pl5OZ6P5,,0,card,0.00,0.00,,1,,,,ICICI,,,,,[],157.13,28.28,,,2026-08-01 19:25:05,credit,
pay_iqtJfPqNkJTAEb,14445.50,INR,captured,order_raMA4F9g5xrnXV,,0,upi,0.00,0.00,,1,,,,,,,,,[],288.91,52.00,,,46235.11011574074,,
pay_ovjS3Rjaq3Q827,16832.00,INR,captured,order_bmVsQ4nK4lwoyM,,0,upi,0.00,0.00,,1,,,,,,,,,[],336.64,60.60,,,2026-08-01 09:51:03,,
pay_iPbn2BdsybSl8c,19711.50,INR,captured,order_FarVfYtUmUFETO,,0,upi,0.00,0.00,,1,,,,,,,,,[],394.23,70.96,,,2026-08-01 16:04:32,,
pay_1m2ErlLLp2fn5F,6374.00,INR,captured,order_OE3dybdOYaqihT,,0,card,0.00,0.00,,1,,,,HDFC,,,,,[],127.48,22.95,,,2026-08-01 23:17:01,credit,
pay_cvMk6KSdWN3tS9,21619.50,INR,captured,order_AReFUoBtiMSJ4G,,0,netbanking,0.00,0.00,,1,,,,ICICI,,,,,[],378.34,68.10,,,2026-08-01 06:30:30,,
pay_GGkLOZV2VhO32l,10980.00,INR,captured,order_io3N87iYZWV5Eq,,0,upi,0.00,0.00,,1,,,,,,,,,[],219.60,39.53,,,46235.57221064815,,
pay_N5OvJpZpBs1VIA,581.50,INR,captured,order_G3B36bUP9mM9IR,,0,upi,0.00,0.00,,1,,,,,,,,,[],11.63,2.09,,,2026-08-01 20:56:28,,
pay_5Hkfva4mYXyuVp,11733.50,INR,captured,order_bYNHExfven41DL,,0,card,0.00,0.00,,1,,,,ICICI,,,,,[],234.67,42.24,,,2026-08-01 03:09:57,credit,
pay_Wl5yYpcx6V9xbV,4644.50,INR,captured,order_231NG6bQmMawq1,,0,card,0.00,0.00,,1,,,,,,,,,[],55.73,10.03,,,2026-08-01 10:22:26,debit,
pay_vB93u5sx7rwlri,2479.50,INR,captured,order_qE60EmQvw6Mvww,,0,upi,0.00,0.00,,1,,,,,,,,,[],49.59,8.93,,,2026-08-01 17:35:55,,
pay_MZ2A9kd7bRVLrk,362.00,INR,captured,order_T3WYvthOwVndiw,,0,upi,0.00,0.00,,1,,,,,,,,,[],7.24,1.30,,,2026-08-01 00:48:24,,
pay_W4sPViSXHxxHe8,11893.50,INR,captured,order_CAAv5xlWz2Q36n,,0,upi,0.00,0.00,,1,,,,,,,,,[],237.87,42.82,,,2026-08-02 07:01:53,,
pay_pwsD1mppNh7o8j,3487.50,INR,captured,order_0E0kRvysG8SIFo,,0,upi,0.00,0.00,,1,,,,,,,,,[],69.75,12.56,,,2026-08-02 14:14:22,,
pay_9ptQuGX2upZkBK,440.50,INR,captured,order_HgIBWO0LxuHL2J,,0,card,0.00,0.00,,1,,,,KKBK,,,,,[],8.81,1.59,,,02/08/2026 21:27:51,credit,
pay_rwaou3RgaGWzLR,4105.00,INR,captured,order_hkICyArLInZ7N9,,0,upi,0.00,0.00,,1,,,,,,,,,[],82.10,14.78,,,2026-08-02 04:40:20,,
pay_tUqXjy0NXqm6J9,18102.50,INR,captured,order_zrmc6uCZiq6DDe,,0,upi,0.00,0.00,,1,,,,,,,,,[],362.05,65.17,,,2026-08-02 11:53:49,,
pay_iJcY0VXMz8Bpr9,22665.50,INR,captured,order_NMstlq2mOfrcOl,,0,wallet,0.00,0.00,,1,,,,,,,,,[],453.31,81.60,,,2026-08-02 18:06:18,,
pay_tc3jH46MoH6mJM,4962.00,INR,captured,order_zJgFBl21jH3NfA,,0,upi,0.00,0.00,,1,,,,,,,,,[],99.24,17.86,,,02/08/2026 01:19:47,,
pay_xLooeLPOlROwoS,3137.00,INR,captured,order_YABDR3UslhSXjb,,0,upi,0.00,0.00,,1,,,,,,,,,[],62.74,11.29,,,2026-08-02 08:32:16,,
pay_9oGTGvhWKWTfFa,4642.00,INR,captured,order_5cY4Sog2Ug4KeH,,0,upi,0.00,0.00,,1,,,,,,,,,[],92.84,16.71,,,2026-08-02 15:45:45,,
pay_smuMqP5k1rLyQn,11293.00,INR,captured,order_C2hu0Oq4Kv9YW0,,0,upi,0.00,0.00,,1,,,,,,,,,[],225.86,40.65,,,2026-08-02 22:58:14,,
pay_I0GyioHs4O1iPc,15444.00,INR,captured,order_j337Ooup4SPmHF,,0,upi,0.00,0.00,,1,,,,,,,,,[],308.88,55.60,,,02/08/2026 05:11:43,,
pay_but26H5WjtrK3U,3072.50,INR,refunded,order_tiOfsrtvbejSJE,,0,upi,3072.50,0.00,full,1,,,,,,,,,[],61.45,11.06,,,02/08/2026 12:24:12,,
pay_V9olqVHVJ6vcDo,322.00,INR,refunded,order_7aiscy78ky6wBZ,,0,upi,322.00,0.00,full,1,,,,,,,,,[],6.44,1.16,,,46236.81783564815,,
pay_djqiUKoJIO4Lrx,11535.50,INR,captured,order_h2SnZoxiry7Er2,,0,upi,0.00,0.00,,1,,,,,,,,,[],230.71,41.53,,,46236.11817129629,,
pay_WEY2kVsTVBNOhc,14463.00,INR,captured,order_1ibP55QDFcqvcJ,,0,upi,0.00,0.00,,1,,,,,,,,,[],289.26,52.07,,,2026-08-02 09:03:39,,
pay_3e9DaslXNEsRkC,628.00,INR,captured,order_mWKAC5cWQIM0Nc,,0,upi,0.00,0.00,,1,,,,,,,,,[],12.56,2.26,,,2026-08-02 16:16:08,,
pay_TpDgvjUcKAfYea,2044.50,INR,captured,order_kCv6WqJh85VvPb,,0,upi,0.00,0.00,,1,,,,,,,,,[],40.89,7.36,,,2026-08-02 23:29:37,,
pay_NVJYzLlbzz9gJ0,947.50,INR,captured,order_DhwDEckDSQMhKm,,0,upi,0.00,0.00,,1,,,,,,,,,[],18.95,3.41,,,02/08/2026 06:42:06,,
pay_5Wn3xAA4YL0roY,3203.50,INR,captured,order_sC0qki2DalMxzk,,0,netbanking,0.00,0.00,,1,,,,AXIS,,,,,[],56.06,10.09,,,02/08/2026 13:55:35,,
pay_dJ0nXRoPAuvT1z,10270.00,INR,captured,order_3o8GVaVExW6j1y,,0,card,0.00,0.00,,1,,,,AXIS,,,,,[],123.24,22.18,,,2026-08-02 20:08:04,debit,
pay_2vTlTrwvE9znLc,902.00,INR,captured,order_3rx6AdWFRs73lH,,0,card,0.00,0.00,,1,,,,SBIN,,,,,[],18.04,3.25,,,2026-08-02 03:21:33,credit,
pay_Qv3AcP7DZF4NJg,5844.00,INR,captured,order_lTvIuhlmiEDvPW,,0,card,0.00,0.00,,1,,,,ICICI,,,,,[],70.13,12.62,,,02/08/2026 10:34:02,debit,
pay_LcV1J5qU9He4o7,3201.50,INR,captured,order_nGttoWMFRA8V63,,0,upi,0.00,0.00,,1,,,,,,,,,[],64.03,11.53,,,2026-02-08 17:47:31,,
pay_pPzoyojA5pAUGw,4731.00,INR,captured,order_6T4sh2NHGzeTc8,,0,upi,0.00,0.00,,1,,,,,,,,,[],94.62,17.03,,,46236.0,,
pay_rcRNddhtdJVK3k,19572.00,INR,captured,order_cKK1J7xlTrW7B5,,0,upi,0.00,0.00,,1,,,,,,,,,[],391.44,70.46,,,2026-08-02 07:13:29,,
pay_CHMZLCF2080nUf,4125.50,INR,captured,order_AClr8vaoc3OQFy,,0,upi,0.00,0.00,,1,,,,,,,,,[],82.51,14.85,,,03/08/2026 14:26:58,,
pay_9AsCsbrEmkbplB,7627.50,INR,captured,order_CakOJrh6ryLrxN,,0,card,0.00,0.00,,1,,,,SBIN,,,,,[],152.55,27.46,,,2026-08-03 21:39:27,credit,
pay_U3wHpSgLmkWvu9,4282.00,INR,captured,order_9L9suyMpwBcec1,,0,upi,0.00,0.00,,1,,,,,,,,,[],85.64,15.42,,,2026-08-03 04:52:56,,
pay_cEofVYfxCUckKt,1333.50,INR,captured,order_nqbs7bNphm0eKc,,0,upi,0.00,0.00,,1,,,,,,,,,[],26.67,4.80,,,2026-08-03 11:05:25,,
pay_d7VrBz5sXZTWVz,303.50,INR,captured,order_MS2AosgoCHRroO,,0,upi,0.00,0.00,,1,,,,,,,,,[],6.07,1.09,,,2026-08-03 18:18:54,,
pay_I1Z4tYCY34bHbM,302.50,INR,captured,order_4T28TUFve4DsZP,,0,card,0.00,0.00,,1,,,,HDFC,,,,,[],3.63,0.65,,,2026-08-03 01:31:23,debit,
pay_AM4PwygnczXD7K,1193.00,INR,captured,order_biVaX8MqjhOTv5,,0,upi,0.00,0.00,,1,,,,,,,,,[],23.86,4.29,,,03/08/2026 08:44:52,,
pay_LGv02D0l0zYNzz,11712.50,INR,captured,order_Z4uIfPxr2E4dRK,,0,upi,0.00,0.00,,1,,,,,,,,,[],234.25,42.17,,,03/08/2026 15:57:21,,
pay_OsCvjCPL67GEVk,11949.00,INR,captured,order_LMPZPItrSYTNTD,,0,card,0.00,0.00,,1,,,,HDFC,,,,,[],143.39,25.81,,,2026-08-03 22:10:50,debit,
pay_YMQVMfFdrlF29d,18025.50,INR,captured,order_YtnhV03mUK3LAS,,0,upi,0.00,0.00,,1,,,,,,,,,[],360.51,64.89,,,03/08/2026 05:23:19,,
pay_QAuVoqZTr8D3a1,1134.50,INR,captured,order_MLyVbm5GD8B1c1,,0,upi,0.00,0.00,,1,,,,,,,,,[],22.69,4.08,,,2026-08-03 12:36:48,,
pay_PfqAQrEgTQx60e,590.00,INR,captured,order_ziALQG8hPkykp1,,0,upi,0.00,0.00,,1,,,,,,,,,[],11.80,2.12,,,46237.825891203705,,
pay_RRwyfmHYiFS7Zh,23572.50,INR,captured,order_GW98TXbnPq1fPs,,0,upi,0.00,0.00,,1,,,,,,,,,[],471.45,84.86,,,2026-08-03 02:02:46,,
pay_XyajVohV13KtT3,7025.50,INR,captured,order_7OhgetS7C0nzMv,,0,card,0.00,0.00,,1,,,,ICICI,,,,,[],140.51,25.29,,,03/08/2026 09:15:15,credit,
pay_kAEZpiBgGmCFt9,4155.00,INR,captured,order_YQoQVt3XGKPx0n,,0,upi,0.00,0.00,,1,,,,,,,,,[],83.10,14.96,,,03/08/2026 16:28:44,,
pay_Id0pHPwiF0wg6W,260.50,INR,captured,order_lqd7Lud3Q6iV0E,,0,upi,0.00,0.00,,1,,,,,,,,,[],5.21,0.94,,,2026-08-03 23:41:13,,
pay_DGB3MNnWshQRQ8,4978.00,INR,captured,order_V4MDak1cP3plS3,,0,upi,0.00,0.00,,1,,,,,,,,,[],99.56,17.92,,,03/08/2026 06:54:42,,
pay_YMYfd0oEK7AFgb,488.00,INR,captured,order_2oRhy8GXpU77WR,,0,upi,0.00,0.00,,1,,,,,,,,,[],9.76,1.76,,,2026-08-03 13:07:11,,
pay_mCkDDty3kvdwUN,200.50,INR,captured,order_ibmAsD2FTw20WV,,0,card,0.00,0.00,,1,,,,KKBK,,,,,[],4.01,0.72,,,2026-08-03 20:20:40,credit,
pay_mraxFxKg3UJR90,20617.00,INR,captured,order_3Rmgikp5wts2ln,,0,netbanking,0.00,0.00,,1,,,,KKBK,,,,,[],360.80,64.94,,,03/08/2026 03:33:09,,
pay_YbssBWXisYy2Vf,18382.00,INR,captured,order_x3FN4Q6ucKP1hi,,0,card,0.00,0.00,,1,,,,HDFC,,,,,[],367.64,66.18,,,2026-08-03 10:46:38,credit,
pay_0I1LMHDMujY98r,4135.00,INR,captured,order_7uRGjkutYDR5yi,,0,upi,0.00,0.00,,1,,,,,,,,,[],82.70,14.89,,,2026-03-08 17:59:07,,
pay_BOT5SWOz5U3wwK,3261.00,INR,captured,order_qfg2TiK1bYRpLk,,0,netbanking,0.00,0.00,,1,,,,KKBK,,,,,[],57.07,10.27,,,46237.00875,,
pay_j3Hh1GdbQjjPJ3,786.00,INR,captured,order_wBPm4kJvudhtEF,,0,upi,0.00,0.00,,1,,,,,,,,,[],15.72,2.83,,,03/08/2026 07:25:05,,
pay_W5q8W5rqWxM7Kw,16365.50,INR,captured,order_vru5YSAsHNsGmw,,0,upi,0.00,0.00,,1,,,,,,,,,[],327.31,58.92,,,2026-08-03 14:38:34,,
pay_quBclh6DJCAzqo,2771.00,INR,captured,order_xDAG3JUt3qFLUT,,0,upi,0.00,0.00,,1,,,,,,,,,[],55.42,9.98,,,2026-08-03 21:51:03,,
pay_usHgBKKD5bvV8a,19997.50,INR,captured,order_GoYZWTcHTEg8XV,,0,card,0.00,0.00,,1,,,,SBIN,,,,,[],399.95,71.99,,,2026-08-03 04:04:32,credit,
pay_R9i9UrWhZeY0Mc,17829.00,INR,refunded,order_LoPu92MAPB7WdG,,0,card,17829.00,0.00,full,1,,,,,,,,,[],356.58,64.18,,,2026-08-03 11:17:01,credit,
pay_oacit9deerSqX2,2387.00,INR,captured,order_ZKWbBd4VglW2lC,,0,upi,0.00,0.00,,1,,,,,,,,,[],47.74,8.59,,,2026-08-03 18:30:30,,
pay_Z9O7aV8BiLg1Pe,7844.50,INR,captured,order_hlYTmsJAjeNAgW,,0,upi,0.00,0.00,,1,,,,,,,,,[],156.89,28.24,,,2026-08-03 01:43:59,,
pay_70uuIAaDFVblr5,1008.00,INR,captured,order_PCdM7zTo1v27Gk,,0,wallet,0.00,0.00,,1,,,,,,,,,[],20.16,3.63,,,46237.3725462963,,
pay_SILmKN65poCrC7,17652.00,INR,captured,order_bzkuWhhjYFQjQT,,0,upi,0.00,0.00,,1,,,,,,,,,[],353.04,63.55,,,2026-08-03 15:09:57,,
pay_tHv6tuSF8LXdlf,8379.00,INR,captured,order_EMT0X0Ya3rxDpg,,0,wallet,0.00,0.00,,1,,,,,,,,,[],167.58,30.16,,,2026-08-03 22:22:26,,
pay_wMkgF7KG26aTpH,4924.00,INR,captured,order_kSXZ2D3VziZIht,,0,upi,0.00,0.00,,1,,,,,,,,,[],98.48,17.73,,,03/08/2026 05:35:55,,
pay_qCIabLyt0JzCk6,321.50,INR,captured,order_Ytfz3vrbpTwsGZ,,0,upi,0.00,0.00,,1,,,,,,,,,[],6.43,1.16,,,46237.53361111111,,
pay_PZ77WUSlAlwh5H,626.00,INR,captured,order_l00dndQSj62vZI,,0,upi,0.00,0.00,,1,,,,,,,,,[],12.52,2.25,,,2026-03-08 19:01:53,,
pay_7KehovlKCRm27e,3602.50,INR,captured,order_xMQJnBQYKUFg7n,,0,upi,0.00,0.00,,1,,,,,,,,,[],72.05,12.97,,,2026-08-03 02:14:22,,
pay_D4llRMoFFwqI6O,4417.50,INR,captured,order_LEUEi0pkPKXAbW,,0,upi,0.00,0.00,,1,,,,,,,,,[],88.35,15.90,,,2026-08-03 09:27:51,,
pay_8g9WbQxaXXSWSV,2325.00,INR,captured,order_fMnV3hwlOKBkhm,,0,upi,0.00,0.00,,1,,,,,,,,,[],46.50,8.37,,,46237.69467592592,,
pay_UPuUubLfzzPbLK,13130.50,INR,captured,order_1WztHtQN02B3uS,,0,upi,0.00,0.00,,1,,,,,,,,,[],262.61,47.27,,,2026-03-08 23:53:49,,
pay_ukXxusKkf7UYj5,726.00,INR,refunded,order_vRjpftU5yh0jjj,,0,upi,726.00,0.00,full,1,,,,,,,,,[],14.52,2.61,,,2026-08-03 06:06:18,,
pay_M1prJhWx7KZkkP,647.00,INR,captured,order_mv4rqcNxGQb6so,,0,upi,0.00,0.00,,1,,,,,,,,,[],12.94,2.33,,,46238.55540509259,,
pay_1KjmmVIhuUV6w8,10599.50,INR,captured,order_k4rL2Bt3pcdsaq,,0,netbanking,0.00,0.00,,1,,,,HDFC,,,,,[],185.49,33.39,,,2026-08-05 20:32:16,,
pay_S70dMYcQPF18YO,3694.50,INR,refunded,order_zTq0MLOxj1wCnA,,0,card,923.63,0.00,full,1,,,,ICICI,,,,,[],92.36,16.62,,,05/08/2026 03:45:45,credit,
pay_nvVC9qMj9NvQLv,17130.50,INR,captured,order_vEVEcCif3DJ2nB,,0,upi,0.00,0.00,,1,,,,,,,,,[],342.61,61.67,,,2026-08-05 10:58:14,,
pay_fX0oZyRLTkfYRU,2458.50,INR,captured,order_fCw8yQGm2VI00E,,0,upi,0.00,0.00,,1,,,,,,,,,[],49.17,8.85,,,2026-08-05 17:11:43,,
pay_3OhR6iT9T34UBp,14315.00,INR,captured,order_wPYAlHl8dTgyUy,,0,upi,0.00,0.00,,1,,,,,,,,,[],286.30,51.53,,,2026-05-08 00:24:12,,
pay_GlLByss4F1CDpU,1568.00,INR,captured,order_M4jKpxtvPntn6F,,0,card,0.00,0.00,,1,,,,ICICI,,,,,[],31.36,5.64,,,46239.31783564815,credit,
pay_q95e6fXswmkQ8n,24301.00,INR,captured,order_usfLMIg9NjlWfS,,0,upi,0.00,0.00,,1,,,,,,,,,[],486.02,87.48,,,2026-08-05 14:50:10,,
pay_U3ZJQ5e6U8cSOW,960.00,INR,captured,order_RYuWfwhOgAzCjM,,0,upi,0.00,0.00,,1,,,,,,,,,[],19.20,3.46,,,2026-08-05 21:03:39,,
pay_qCoZNLP5oegHyW,9959.50,INR,captured,order_PIFi8C3v9ac0Cw,,0,upi,0.00,0.00,,1,,,,,,,,,[],199.19,35.85,,,2026-08-05 04:16:08,,
pay_nRTLOrW1OdsAZR,4325.00,INR,captured,order_ZqOpvYsIeoK0Kf,,0,card,0.00,0.00,,1,,,,AXIS,,,,,[],86.50,15.57,,,05/08/2026 11:29:37,credit,
pay_233LlTqeYB4wFr,13934.50,INR,captured,order_Z04XSEtkLmPJWh,,0,card,0.00,0.00,,1,,,,,,,,,[],278.69,50.16,,,05/08/2026 18:42:06,credit,
pay_HCsbCeyeOD2HIz,2278.50,INR,captured,order_UDI9nNGNVz1JY8,,0,upi,0.00,0.00,,1,,,,,,,,,[],45.57,8.20,,,46239.0802662037,,
pay_mUASLWrOKVAo0X,4877.00,INR,captured,order_bKTifHGSmamLxT,,0,card,0.00,0.00,,1,,,,SBIN,,,,,[],58.52,10.53,,,2026-08-05 08:08:04,debit,
pay_w9X6UzOh8BP2kl,1027.00,INR,captured,order_gwWvFu6agCGaBs,,0,upi,0.00,0.00,,1,,,,,,,,,[],20.54,3.70,,,05/08/2026 15:21:33,,
pay_9ZPPDIRa7GWTuN,981.00,INR,captured,order_GhB74OYASYssNM,,0,card,0.00,0.00,,1,,,,HDFC,,,,,[],19.62,3.53,,,05/08/2026 22:34:02,credit,
pay_RrzdYxGUZ7uvmJ,4053.50,INR,captured,order_NezymtacVxAB3C,,0,card,0.00,0.00,,1,,,,HDFC,,,,,[],48.64,8.76,,,2026-08-05 05:47:31,debit,
pay_W1r2yYEQfvsRtN,4326.00,INR,captured,order_3mHeE3LftcDaGj,,0,wallet,0.00,0.00,,1,,,,,,,,,[],86.52,15.57,,,05/08/2026 12:00:00,,
pay_3ZPZb9NUKMhuqr,2994.00,INR,captured,order_XCQEqZWlhaIXCT,,0,card,0.00,0.00,,1,,,,HDFC,,,,,[],74.85,13.47,,,05/08/2026 19:13:29,credit,
pay_JkSsWdwKP5Ynrh,575.00,INR,captured,order_N3GhsMBYw6Mh4t,,0,upi,0.00,0.00,,1,,,,,,,,,[],11.50,2.07,,,05/08/2026 02:26:58,,
pay_LkwQPovDHtbvvT,885.00,INR,captured,order_fVEJAdtWhemHry,,0,card,0.00,0.00,,1,,,,AXIS,,,,,[],17.70,3.19,,,05/08/2026 09:39:27,credit,
pay_LIjHQN6hbSxAyX,19633.00,INR,captured,order_HDV4XQQlhD4AXi,,0,upi,0.00,0.00,,1,,,,,,,,,[],392.66,70.68,,,46239.70342592592,,
pay_ZcEtrtZr31rqBN,641.50,INR,captured,order_xE2CcjcYyFlngG,,0,upi,0.00,0.00,,1,,,,,,,,,[],12.83,2.31,,,2026-08-05 23:05:25,,
pay_5Nxj4BVGDFhlzC,771.50,INR,captured,order_xvNpPB7KFlv0Be,,0,upi,0.00,0.00,,1,,,,,,,,,[],15.43,2.78,,,2026-08-05 06:18:54,,
pay_zzmkszjjyatY0i,1669.50,INR,captured,order_bSa6iGNQITLhVR,,0,upi,0.00,0.00,,1,,,,,,,,,[],33.39,6.01,,,05/08/2026 13:31:23,,
pay_uNvlgHZs1vACve,3249.50,INR,captured,order_ha3yIkgfOXUpBR,,0,wallet,0.00,0.00,,1,,,,,,,,,[],64.99,11.70,,,05/08/2026 20:44:52,,
pay_J44hHNu3ZfkK2H,2174.00,INR,captured,order_NTNNeGZyQsAVNX,,0,upi,0.00,0.00,,1,,,,,,,,,[],43.48,7.83,,,2026-08-05 03:57:21,,
pay_GOsIW831pOTxH2,2635.00,INR,captured,order_AErdg4KIlnmePm,,0,upi,0.00,0.00,,1,,,,,,,,,[],52.70,9.49,,,2026-08-05 10:10:50,,
pay_FIbcS4FiecDHJk,468.00,INR,captured,order_NRaCMvtokKAsfz,,0,card,0.00,0.00,,1,,,,HDFC,,,,,[],5.62,1.01,,,05/08/2026 17:23:19,debit,
pay_s1qIrQQ4dutwdl,747.00,INR,refunded,order_NWoCj9blJ6MYYN,,0,card,747.00,0.00,full,1,,,,ICICI,,,,,[],14.94,2.69,,,2026-08-05 00:36:48,credit,
pay_jSO9MXtgf0Atjp,227.00,INR,captured,order_7Z0KzqLE2BA2Oa,,0,card,0.00,0.00,,1,,,,,,,,,[],5.68,1.02,,,2026-08-06 07:49:17,credit,
pay_GKXShood9QMbGr,907.50,INR,captured,order_vzVZD7WjFWPLxM,,0,wallet,0.00,0.00,,1,,,,,,,,,[],18.15,3.27,,,2026-08-06 14:02:46,,
pay_mGGmhlx65pSrPx,10836.00,INR,captured,order_lyzyJ5vYJyE0dX,,0,upi,0.00,0.00,,1,,,,,,,,,[],216.72,39.01,,,2026-08-06 21:15:15,,
pay_VqlOH5DMoCax9W,3742.00,INR,captured,order_bcMdfhyIGXfaFK,,0,upi,0.00,0.00,,1,,,,,,,,,[],74.84,13.47,,,2026-08-06 04:28:44,,
pay_n3LjWGKmlp0jJa,321.00,INR,captured,order_sVGbILoFq1DiIs,,0,upi,0.00,0.00,,1,,,,,,,,,[],6.42,1.16,,,2026-08-06 11:41:13,,
pay_VyDlyFxu5UsG1O,285.00,INR,captured,order_wJupjjr7lHunqu,,0,card,0.00,0.00,,1,,,,KKBK,,,,,[],3.42,0.62,,,2026-08-06 18:54:42,debit,
pay_fGjthtZlMSQ8iN,940.00,INR,captured,order_gottn0Ri9ypzPc,,0,card,0.00,0.00,,1,,,,SBIN,,,,,[],18.80,3.38,,,2026-08-06 01:07:11,credit,
pay_kwiawsYDAaNBMM,8227.50,INR,refunded,order_gTSfYljxj4TW0U,,0,upi,4113.75,0.00,full,1,,,,,,,,,[],164.55,29.62,,,06/08/2026 08:20:40,,
pay_boZhsj4NUllqra,18419.00,INR,captured,order_LkprxWKyeFdEsT,,0,upi,0.00,0.00,,1,,,,,,,,,[],368.38,66.31,,,2026-06-08 15:33:09,,
pay_NXQItl75DqURIT,4122.50,INR,captured,order_uvmnKzbFyw8lyo,,0,card,0.00,0.00,,1,,,,SBIN,,,,,[],82.45,14.84,,,46240.94905092593,credit,
pay_z0eS17EMY9qiXg,721.50,INR,captured,order_6wpqnbORmEaqoj,,0,upi,0.00,0.00,,1,,,,,,,,,[],14.43,2.60,,,2026-08-06 05:59:07,,
pay_z1LLHLSEx8O933,2467.00,INR,captured,order_oGo41DioJd84A8,,0,upi,0.00,0.00,,1,,,,,,,,,[],49.34,8.88,,,2026-08-06 12:12:36,,
pay_X0DV0BqIt2nre7,7457.50,INR,captured,order_aIlUpYK6JD2TPM,,0,upi,0.00,0.00,,1,,,,,,,,,[],149.15,26.85,,,06/08/2026 19:25:05,,
pay_PaSkwCgZodXLmm,5747.50,INR,captured,order_j6MV7EY3eBDCmv,,0,card,0.00,0.00,,1,,,,HDFC,,,,,[],114.95,20.69,,,2026-08-06 02:38:34,credit,
pay_BAFOGjEfe1bVpw,297.00,INR,captured,order_4XfCYUefGB4qQL,,0,card,0.00,0.00,,1,,,,HDFC,,,,,[],3.56,0.64,,,2026-08-06 09:51:03,debit,
pay_zXpdEmhLyNSxP8,532.50,INR,captured,order_UH2SlKxUPbsF5Q,,0,card,0.00,0.00,,1,,,,,,,,,[],6.39,1.15,,,2026-08-06 16:04:32,debit,
pay_NjW545Q1C8hLLj,23467.50,INR,captured,order_ctGlWZSEPlosSB,,0,card,0.00,0.00,,1,,,,KKBK,,,,,[],469.35,84.48,,,2026-08-06 23:17:01,credit,
pay_Z8A4HXBlLWwdCg,435.00,INR,captured,order_ZrJssCk4eWl6Zj,,0,card,0.00,0.00,,1,,,,HDFC,,,,,[],5.22,0.94,,,2026-06-08 06:30:30,debit,
pay_5OKfyV2RC9qXnx,2730.50,INR,captured,order_8dsqS0dzNgQSSu,,0,upi,0.00,0.00,,1,,,,,,,,,[],54.61,9.83,,,2026-08-06 13:43:59,,
pay_mh6kXwDpkQsaZg,988.50,INR,captured,order_6RxXrHoKNrUb1a,,0,upi,0.00,0.00,,1,,,,,,,,,[],19.77,3.56,,,2026-08-06 20:56:28,,
pay_7xksXakr8y3oHn,238.00,INR,captured,order_a2KPhRV4QqxhBK,,0,card,0.00,0.00,,1,,,,KKBK,,,,,[],2.86,0.51,,,2026-08-06 03:09:57,debit,
pay_IfibnGUXiXeDTY,887.50,INR,captured,order_rgAwTUnk9LDxan,,0,upi,0.00,0.00,,1,,,,,,,,,[],17.75,3.20,,,2026-08-06 10:22:26,,
pay_gClIX9REE3YHhj,204.50,INR,captured,order_XbH6xtcj6xg5Fr,,0,card,0.00,0.00,,1,,,,ICICI,,,,,[],2.45,0.44,,,46240.73327546296,debit,
pay_3sH6UFo8U0OxP7,6438.00,INR,captured,order_6Z088SlbBiaCem,,0,upi,0.00,0.00,,1,,,,,,,,,[],128.76,23.18,,,46240.03361111111,,
pay_YIZjP4FkKs9OHy,5409.50,INR,captured,order_FraOKrjCJvydiH,,0,card,0.00,0.00,,1,,,,ICICI,,,,,[],64.91,11.68,,,2026-08-06 07:01:53,debit,
pay_yvmlxI15edLLod,12759.00,INR,captured,order_cjauST1ujuhOwX,,0,upi,0.00,0.00,,1,,,,,,,,,[],255.18,45.93,,,2026-08-06 14:14:22,,
pay_BPaoBx6w5RTgm6,1680.00,INR,captured,order_AMNsURDAqMFVuZ,,0,upi,0.00,0.00,,1,,,,,,,,,[],33.60,6.05,,,2026-08-06 21:27:51,,
pay_hLemUkuLtb2WH0,4359.00,INR,captured,order_76BQtrAjiyBIgU,,0,upi,0.00,0.00,,1,,,,,,,,,[],87.18,15.69,,,2026-06-08 04:40:20,,
pay_cWpdaeORv77O4k,352.00,INR,captured,order_yUv0xjP10vOLbN,,0,upi,0.00,0.00,,1,,,,,,,,,[],7.04,1.27,,,46240.49570601852,,
pay_9MORYndTbRYmy0,2698.50,INR,captured,order_tDGE85NP28aoXW,,0,upi,0.00,0.00,,1,,,,,,,,,[],53.97,9.71,,,2026-08-06 18:06:18,,
pay_t1N14Z14tDQcT9,910.50,INR,captured,order_4wWkJKdM7Hx9k8,,0,card,0.00,0.00,,1,,,,ICICI,,,,,[],10.93,1.97,,,2026-08-06 01:19:47,debit,
pay_sC85WoWe0fO5Rv,3701.00,INR,captured,order_hGyIVvDQjUiivt,,0,card,0.00,0.00,,1,,,,KKBK,,,,,[],74.02,13.32,,,46240.35574074074,credit,
pay_VwWaRZ6pbWZRbB,2487.00,INR,captured,order_NOdIcdQIctP2uv,,0,upi,0.00,0.00,,1,,,,,,,,,[],49.74,8.95,,,06/08/2026 15:45:45,,
pay_80n33kl188cxh9,896.50,INR,captured,order_lfqCcanuzFVpCq,,0,card,0.00,0.00,,1,,,,SBIN,,,,,[],17.93,3.23,,,06/08/2026 22:58:14,credit,
pay_yPkEMgmDweduDr,19872.50,INR,captured,order_knGoEn9Vg6li31,,0,card,0.00,0.00,,1,,,,,,,,,[],397.45,71.54,,,2026-08-06 05:11:43,credit,
pay_aD0zRoz5YP3NnV,10758.00,INR,captured,order_gmaM3Zp5Iyicck,,0,upi,0.00,0.00,,1,,,,,,,,,[],215.16,38.73,,,06/08/2026 12:24:12,,
pay_cRAx6Kb5U9gvbF,13406.00,INR,captured,order_0mLCgjjVPG7wOY,,0,card,0.00,0.00,,1,,,,SBIN,,,,,[],160.87,28.96,,,46240.81783564815,debit,
pay_P3YpHWDoyo20En,1319.50,INR,captured,order_Wkww5Y1vKuWwVE,,0,card,0.00,0.00,,1,,,,KKBK,,,,,[],26.39,4.75,,,46241.11817129629,credit,
pay_ecTy2kMAALNGYy,1110.00,INR,refunded,order_LxWXvy8YvYPBGI,,0,card,1110.00,0.00,full,1,,,,AXIS,,,,,[],22.20,4.00,,,46241.377534722225,credit,
pay_tzCeL14khFYFsc,384.50,INR,captured,order_kYPGlSmapnPELw,,0,upi,0.00,0.00,,1,,,,,,,,,[],7.69,1.38,,,2026-08-07 16:16:08,,
pay_p0rp6mjPCeKxKx,2274.00,INR,captured,order_mfsMPOdz9zqnXD,,0,upi,0.00,0.00,,1,,,,,,,,,[],45.48,8.19,,,2026-08-07 23:29:37,,
pay_08FHUiMXzqYRef,439.50,INR,captured,order_6xyqpQuTqx7CaS,,0,upi,0.00,0.00,,1,,,,,,,,,[],8.79,1.58,,,07/08/2026 06:42:06,,
pay_6mU677BOidB924,916.00,INR,captured,order_snfrZFyfoKgsVN,,0,upi,0.00,0.00,,1,,,,,,,,,[],18.32,3.30,,,07/08/2026 13:55:35,,
pay_Nb6wq7OtZaH4e4,795.00,INR,captured,order_Ciw9EzqmLqr94p,,0,upi,0.00,0.00,,1,,,,,,,,,[],15.90,2.86,,,46241.83893518519,,
pay_uAf7q04ar4mQtm,518.00,INR,captured,order_t1e9b51vBFDQmE,,0,card,0.00,0.00,,1,,,,HDFC,,,,,[],10.36,1.86,,,2026-08-07 03:21:33,credit,
pay_81rQIPR1jNisMW,13889.00,INR,captured,order_ipWzD5hjKJRCKO,,0,upi,0.00,0.00,,1,,,,,,,,,[],277.78,50.00,,,2026-08-07 10:34:02,,
pay_2SM83P6VqR9pI2,1001.00,INR,captured,order_clqTtDnlkxvRCS,,0,upi,0.00,0.00,,1,,,,,,,,,[],20.02,3.60,,,07/08/2026 17:47:31,,
pay_Nu07HhUug3ICXg,6417.50,INR,captured,order_uiO6kfH7iGQ8o1,,0,upi,0.00,0.00,,1,,,,,,,,,[],128.35,23.10,,,2026-08-07 00:00:00,,
pay_KHnFLtZjHZpdN6,4965.50,INR,captured,order_7ahNlZoGZG3TeB,,0,netbanking,0.00,0.00,,1,,,,KKBK,,,,,[],86.90,15.64,,,2026-08-07 07:13:29,,
pay_bTMt2X1ndFabal,20597.00,INR,captured,order_p923NSqsRfXWh6,,0,upi,0.00,0.00,,1,,,,,,,,,[],411.94,74.15,,,46241.602060185185,,
pay_dW9oEcrsHOgCBN,20679.50,INR,captured,order_rosr7rDbFAiJr6,,0,card,0.00,0.00,,1,,,,AXIS,,,,,[],413.59,74.45,,,2026-08-07 21:39:27,credit,
pay_WmkBU9cEDlTNKG,1757.50,INR,captured,order_G33Tw8nIGUZYGb,,0,netbanking,0.00,0.00,,1,,,,,,,,,[],30.76,5.54,,,07/08/2026 04:52:56,,
pay_wkBGoOALoYdWOm,21380.50,INR,captured,order_jR5xd7bhcV7Vvy,,0,upi,0.00,0.00,,1,,,,,,,,,[],427.61,76.97,,,07/08/2026 11:05:25,,
pay_dojBZ8UylUPtZv,622.50,INR,captured,order_pfhi4Q8Xlcgc8L,,0,card,0.00,0.00,,1,,,,SBIN,,,,,[],12.45,2.24,,,2026-08-07 18:18:54,credit,
pay_2CQy7EHUWrxXMs,654.00,INR,captured,order_6kqbbJzSeydIz7,,0,card,0.00,0.00,,1,,,,AXIS,,,,,[],7.85,1.41,,,46241.06346064815,debit,
pay_fIGOvhGOxQXkpY,4460.50,INR,captured,order_nkviWTEW2qMagJ,,0,upi,0.00,0.00,,1,,,,,,,,,[],89.21,16.06,,,2026-07-08 08:44:52,,
pay_sxKWCggzHqHcj2,349.00,INR,captured,order_n96dJyBKsoClTO,,0,upi,0.00,0.00,,1,,,,,,,,,[],6.98,1.26,,,07/08/2026 15:57:21,,
pay_2IajmS8L9MA9tH,569.00,INR,captured,order_OLs5l1yG2Rk0p1,,0,netbanking,0.00,0.00,,1,,,,KKBK,,,,,[],9.96,1.79,,,07/08/2026 22:10:50,,
pay_tKXgBzE5vVn7ZC,12896.50,INR,captured,order_SqNtg6htgGaVf2,,0,card,0.00,0.00,,1,,,,HDFC,,,,,[],257.93,46.43,,,07/08/2026 05:23:19,credit,
pay_oZQpY4iDy2Bs1d,20126.00,INR,captured,order_CAgKX1XcFADDzo,,0,netbanking,0.00,0.00,,1,,,,SBIN,,,,,[],352.21,63.40,,,2026-08-08 12:36:48,,
pay_Hb5zXXYQpW8mq0,4838.50,INR,captured,order_P9jAE7pvqUYK7k,,0,upi,0.00,0.00,,1,,,,,,,,,[],96.77,17.42,,,2026-08-08 19:49:17,,
pay_Wq9R0nK0esGMmr,892.50,INR,captured,order_knLSpIaqd2XdZ1,,0,upi,0.00,0.00,,1,,,,,,,,,[],17.85,3.21,,,08/08/2026 02:02:46,,
pay_iJu2Ph4aSmi9b8,549.00,INR,captured,order_DFajNmI6y6c6OO,,0,netbanking,0.00,0.00,,1,,,,,,,,,[],9.61,1.73,,,08/08/2026 09:15:15,,
pay_SNa8UkOBrDdfaO,362.50,INR,captured,order_FoRToVXSiGpBdu,,0,card,0.00,0.00,,1,,,,SBIN,,,,,[],4.35,0.78,,,08/08/2026 16:28:44,debit,
pay_SVVZOOQgoyInWL,8701.00,INR,captured,order_naBInUHYBP4eaj,,0,upi,0.00,0.00,,1,,,,,,,,,[],174.02,31.32,,,2026-08-08 23:41:13,,
pay_8MatkmVF6WZdzI,8482.00,INR,captured,order_VtlkBcyeQyf0Qw,,0,netbanking,0.00,0.00,,1,,,,,,,,,[],148.44,26.72,,,2026-08-08 06:54:42,,
pay_RoNApaUCSCXqSu,21094.50,INR,captured,order_q01y9jDxD88efz,,0,card,0.00,0.00,,1,,,,SBIN,,,,,[],253.13,45.56,,,08/08/2026 13:07:11,debit,
pay_2iwaOGmcN9J7eC,17446.50,INR,captured,order_HZgNDVBEVVT7pZ,,0,card,0.00,0.00,,1,,,,ICICI,,,,,[],348.93,62.81,,,2026-08-08 20:20:40,credit,
pay_fuhotgFSu2cnur,4217.00,INR,captured,order_1btcz8nOAMNnIz,,0,upi,0.00,0.00,,1,,,,,,,,,[],84.34,15.18,,,2026-08-08 03:33:09,,
pay_4LAk1Jmz3zp0iM,2323.50,INR,captured,order_aqQJPqVtZ3dDIc,,0,upi,0.00,0.00,,1,,,,,,,,,[],46.47,8.36,,,2026-08-08 10:46:38,,
pay_lnyXgG7SKcO7Aj,1754.00,INR,captured,order_eupdpoirkNFEL8,,0,upi,0.00,0.00,,1,,,,,,,,,[],35.08,6.31,,,2026-08-08 17:59:07,,
pay_MsCJrJuWppsEH5,2404.50,INR,captured,order_nTdZGIxYXueI2x,,0,upi,0.00,0.00,,1,,,,,,,,,[],48.09,8.66,,,08/08/2026 00:12:36,,
pay_BG8FSHYbDWxKtq,7368.00,INR,captured,order_4vBnnqaFseR90t,,0,card,0.00,0.00,,1,,,,AXIS,,,,,[],147.36,26.52,,,46242.30908564815,credit,
pay_DjTBIFeD2GGpBr,949.50,INR,captured,order_JorQQWjIOCz5ZX,,0,upi,0.00,0.00,,1,,,,,,,,,[],18.99,3.42,,,2026-08-08 14:38:34,,
pay_gOzsm0SpQIIRTx,21967.50,INR,captured,order_3lJJKQJc0WuLwT,,0,card,0.00,0.00,,1,,,,SBIN,,,,,[],439.35,79.08,,,2026-08-08 21:51:03,credit,
pay_xQkZ0gGLCnpLaQ,9042.00,INR,captured,order_f6Tuj8R0UFUSae,,0,card,0.00,0.00,,1,,,,ICICI,,,,,[],180.84,32.55,,,2026-08-08 04:04:32,credit,
pay_oHNxeyeBhkQjxH,1555.50,INR,captured,order_X6HWFgcgqH4h4L,,0,upi,0.00,0.00,,1,,,,,,,,,[],31.11,5.60,,,2026-08-08 11:17:01,,
pay_F36i93wGWRt23t,2183.00,INR,captured,order_M8lcFzhdtjN1Nz,,0,upi,0.00,0.00,,1,,,,,,,,,[],43.66,7.86,,,2026-08-08 18:30:30,,
pay_hFENPcBtvJjTKn,812.50,INR,captured,order_xHt7D5PrHnm8qw,,0,upi,0.00,0.00,,1,,,,,,,,,[],16.25,2.93,,,08/08/2026 01:43:59,,
pay_2POTFPSWjakWrr,302.00,INR,captured,order_FhHmExQXSxhCEo,,0,upi,0.00,0.00,,1,,,,,,,,,[],6.04,1.09,,,2026-08-08 08:56:28,,
pay_l0HzbiJDDQjuHG,20031.00,INR,captured,order_jVNnUgbcL5oGMb,,0,upi,0.00,0.00,,1,,,,,,,,,[],400.62,72.11,,,2026-08-08 15:09:57,,
pay_GMa8tuja5SfwJr,419.00,INR,captured,order_6UPSJhlvzlGaFm,,0,upi,0.00,0.00,,1,,,,,,,,,[],8.38,1.51,,,2026-08-08 22:22:26,,
pay_UJ7fVLhmM7tqvX,996.50,INR,captured,order_0z3OkqKT3FAoLI,,0,card,0.00,0.00,,1,,,,HDFC,,,,,[],24.91,4.48,,,46242.23327546296,credit,
pay_HLiXIoSR1oSPyN,5740.00,INR,refunded,order_gbGHTR3QOmt51l,,0,netbanking,5740.00,0.00,full,1,,,,AXIS,,,,,[],100.45,18.08,,,08/08/2026 12:48:24,,
pay_HkLFFi7dfKZrEu,18080.00,INR,captured,order_aY1Bzqe365XL8R,,0,upi,0.00,0.00,,1,,,,,,,,,[],361.60,65.09,,,2026-08-08 19:01:53,,
pay_CrcXiW50zB1i1Y,438.50,INR,captured,order_1D1kDsYmBDyMwk,,0,upi,0.00,0.00,,1,,,,,,,,,[],8.77,1.58,,,2026-08-08 02:14:22,,
pay_MYv1rhrrHuUje7,490.50,INR,captured,order_v4s8J5HAYlFACD,,0,upi,0.00,0.00,,1,,,,,,,,,[],9.81,1.77,,,2026-08-08 09:27:51,,
pay_f4OJ7IrnVmk06p,638.50,INR,captured,order_91nhafV0Thm4Q1,,0,wallet,0.00,0.00,,1,,,,,,,,,[],12.77,2.30,,,08/08/2026 16:40:20,,
pay_LWsiPHMRdhIWJ7,3523.00,INR,captured,order_TpiJaKjR3QjRcG,,0,card,0.00,0.00,,1,,,,AXIS,,,,,[],88.08,15.85,,,08/08/2026 23:53:49,credit,
pay_5UYv46MqM5d1Co,1948.50,INR,captured,order_D60I8tUvC5ayOK,,0,upi,0.00,0.00,,1,,,,,,,,,[],38.97,7.01,,,2026-08-09 06:06:18,,
pay_xgry1inDHgTBYR,21020.50,INR,captured,order_4jKgAbo4nGAJnY,,0,card,0.00,0.00,,1,,,,ICICI,,,,,[],420.41,75.67,,,2026-08-09 13:19:47,credit,
pay_1ge2qhRY5Le4Rb,732.00,INR,captured,order_fYfBs0V5hgUfE4,,0,upi,0.00,0.00,,1,,,,,,,,,[],14.64,2.64,,,2026-08-10 20:32:16,,
pay_i7md7dgsvDP3xC,3366.50,INR,captured,order_QzJikRkGZCxGH4,,0,card,0.00,0.00,,1,,,,HDFC,,,,,[],67.33,12.12,,,2026-08-10 03:45:45,credit,
pay_e02WOoOG71yhDR,23658.00,INR,captured,order_Ck83kwoeRhdYI8,,0,netbanking,0.00,0.00,,1,,,,AXIS,,,,,[],414.02,74.52,,,10/08/2026 10:58:14,,
pay_ZgtTTEXx8kPz9Z,6764.50,INR,captured,order_9RKjL6uZs6TsLP,,0,upi,0.00,0.00,,1,,,,,,,,,[],135.29,24.35,,,46244.716469907406,,
pay_fYl7onhMT5xwIB,3891.50,INR,captured,order_AmHokg2akrmAZm,,0,netbanking,0.00,0.00,,1,,,,AXIS,,,,,[],68.10,12.26,,,2026-08-10 00:24:12,,
pay_tiV104jqq7Xy5f,6733.50,INR,refunded,order_yCx4Zk5jZkmRGt,,0,upi,6733.50,0.00,full,1,,,,,,,,,[],134.67,24.24,,,2026-08-10 07:37:41,,
pay_HmXjh0UVfTys31,817.00,INR,captured,order_F1vU3FXmFfmcnc,,0,upi,0.00,0.00,,1,,,,,,,,,[],16.34,2.94,,,46244.61817129629,,
pay_yCHWk8ZYi87DQa,8942.50,INR,captured,order_8b3IPN9pGnusIv,,0,upi,0.00,0.00,,1,,,,,,,,,[],178.85,32.19,,,10/08/2026 21:03:39,,
pay_KEG9TOTo8NTH5x,268.50,INR,captured,order_WFmPL0YRU8mjis,,0,card,0.00,0.00,,1,,,,AXIS,,,,,[],6.71,1.21,,,46244.17787037037,credit,
pay_Tibe7Fp9NdbCfo,12782.00,INR,captured,order_VDBM2fGsgU1xN2,,0,card,0.00,0.00,,1,,,,KKBK,,,,,[],319.55,57.52,,,2026-08-10 11:29:37,credit,
pay_7ShcwKqoQlNi5A,499.50,INR,captured,order_GWV1HzWUP9uVuj,,0,wallet,0.00,0.00,,1,,,,,,,,,[],9.99,1.80,,,2026-08-10 18:42:06,,
pay_FxvbA5z3ZiHpGT,716.50,INR,captured,order_t1kWnLJRK6DWBU,,0,upi,0.00,0.00,,1,,,,,,,,,[],14.33,2.58,,,2026-08-10 01:55:35,,
pay_XFS7ZdiZ3i6pup,19240.00,INR,captured,order_rvNkv0UFIWqYal,,0,upi,0.00,0.00,,1,,,,,,,,,[],384.80,69.26,,,46244.33893518519,,
pay_qf4xO9FOvfzj9h,417.00,INR,captured,order_08eZPEbeST2vXn,,0,upi,0.00,0.00,,1,,,,,,,,,[],8.34,1.50,,,46244.639965277776,,
pay_KHWW9zd9Mvj1ZF,15622.50,INR,captured,order_BCRE5jAkcZBnTg,,0,upi,0.00,0.00,,1,,,,,,,,,[],312.45,56.24,,,2026-10-08 22:34:02,,
pay_ApAFb345us5ikM,17338.00,INR,captured,order_EYnHbf89nAQ1mN,,0,card,0.00,0.00,,1,,,,AXIS,,,,,[],208.06,37.45,,,10/08/2026 05:47:31,debit,
pay_gHb5CUpMi6WpTg,8920.50,INR,captured,order_Z6x25wgMhY5i3t,,0,upi,0.00,0.00,,1,,,,,,,,,[],178.41,32.11,,,10/08/2026 12:00:00,,
pay_nzOj8xE86moVgP,11383.50,INR,captured,order_zusiaRhpdnFSIw,,0,card,0.00,0.00,,1,,,,KKBK,,,,,[],227.67,40.98,,,2026-08-10 19:13:29,credit,
pay_1WtB9tVtIVlBRI,802.00,INR,captured,order_459fSz3NFKR4lK,,0,upi,0.00,0.00,,1,,,,,,,,,[],16.04,2.89,,,2026-08-10 02:26:58,,
pay_XIcWV0bqLD30pl,804.00,INR,captured,order_jnUxmN8Oenc6Hv,,0,card,0.00,0.00,,1,,,,AXIS,,,,,[],16.08,2.89,,,10/08/2026 09:39:27,credit,
pay_krhv82kAbeeZXY,338.50,INR,captured,order_d6IfqzYzd1D9Yh,,0,upi,0.00,0.00,,1,,,,,,,,,[],6.77,1.22,,,2026-08-10 16:52:56,,
pay_tPiVXeC1eIGgxl,1635.50,INR,captured,order_xoTPAABL3LNwmJ,,0,upi,0.00,0.00,,1,,,,,,,,,[],32.71,5.89,,,2026-08-10 23:05:25,,
pay_plaGgB5nqwxSnx,20759.50,INR,captured,order_oTr2yZCse2OLWZ,,0,upi,0.00,0.00,,1,,,,,,,,,[],415.19,74.73,,,10/08/2026 06:18:54,,
pay_kwYaZhJivWkZoW,718.50,INR,captured,order_SKCvotDI5LQtVa,,0,upi,0.00,0.00,,1,,,,,,,,,[],14.37,2.59,,,2026-08-10 13:31:23,,
pay_9nUQNEkOkjqsH7,4009.50,INR,captured,order_PFd57GJDsFKHyq,,0,upi,0.00,0.00,,1,,,,,,,,,[],80.19,14.43,,,2026-08-10 20:44:52,,
pay_DucEjcPTedSUbQ,2014.00,INR,captured,order_Sr7uil0CYDbyQq,,0,upi,0.00,0.00,,1,,,,,,,,,[],40.28,7.25,,,46244.164826388886,,
pay_bgmqJbyQSfiFjr,2114.00,INR,captured,order_2Dw5NDjmi7UlNY,,0,card,0.00,0.00,,1,,,,AXIS,,,,,[],52.85,9.51,,,2026-08-10 10:10:50,credit,
pay_yFxLV1jFKUyQVa,14364.00,INR,captured,order_xmyuVwwBkaLit0,,0,upi,0.00,0.00,,1,,,,,,,,,[],287.28,51.71,,,2026-08-10 17:23:19,,
pay_hkD2q1RTtotubw,822.50,INR,captured,order_b9keSRCDcVaMTO,,0,card,0.00,0.00,,1,,,,,,,,,[],16.45,2.96,,,10/08/2026 00:36:48,credit,
pay_vWxMAGs9CWimf3,600.50,INR,captured,order_BJDbUIpEoMkpbq,,0,upi,0.00,0.00,,1,,,,,,,,,[],12.01,2.16,,,10/08/2026 07:49:17,,
pay_Jh22XQT4lpHKbS,1471.50,INR,captured,order_fsrW2ufOc5poF4,,0,card,0.00,0.00,,1,,,,ICICI,,,,,[],29.43,5.30,,,10/08/2026 14:02:46,credit,
pay_scdmP8Kudoyo34,3408.00,INR,captured,order_5QFfxQSKlkCCFC,,0,card,0.00,0.00,,1,,,,AXIS,,,,,[],40.90,7.36,,,2026-08-10 21:15:15,debit,
pay_7lWkzb2w79dvWV,4739.00,INR,captured,order_0smSOqfI32qrRZ,,0,card,0.00,0.00,,1,,,,AXIS,,,,,[],56.87,10.24,,,2026-08-10 04:28:44,debit,
pay_qHCCQzmbGLnqlW,2898.50,INR,captured,order_U5AZdnYRscBO4O,,0,card,0.00,0.00,,1,,,,ICICI,,,,,[],57.97,10.43,,,10/08/2026 11:41:13,credit,
pay_opYYJlvDrLth8V,1763.50,INR,captured,order_5DJLPn7W5rIIha,,0,upi,0.00,0.00,,1,,,,,,,,,[],35.27,6.35,,,10/08/2026 18:54:42,,
pay_Wy1avL3P0i53Jb,552.50,INR,captured,order_RuEEB0HaJqFpiK,,0,card,0.00,0.00,,1,,,,,,,,,[],6.63,1.19,,,10/08/2026 01:07:11,debit,
pay_N3jiFAjQHU0d3i,17546.00,INR,captured,order_b0c9ZCYon4cMy5,,0,wallet,0.00,0.00,,1,,,,,,,,,[],350.92,63.17,,,46244.34768518519,,
pay_pvf4zFcdGtD9iJ,22627.00,INR,captured,order_XUZlD9KcdoQjj3,,0,upi,0.00,0.00,,1,,,,,,,,,[],452.54,81.46,,,11/08/2026 15:33:09,,
pay_I8aF1xuRpIq2Hx,707.50,INR,captured,order_fNSLtT2cezRCsM,,0,upi,0.00,0.00,,1,,,,,,,,,[],14.15,2.55,,,11/08/2026 22:46:38,,
pay_h1sD9RGWvEEDt3,4510.50,INR,refunded,order_s7UGVX6DaYK8aH,,0,upi,1127.63,0.00,full,1,,,,,,,,,[],90.21,16.24,,,2026-08-11 05:59:07,,
pay_b7RClz1FENe6yU,880.00,INR,captured,order_9bo2o0ffp7DINj,,0,upi,0.00,0.00,,1,,,,,,,,,[],17.60,3.17,,,2026-08-11 12:12:36,,
pay_G6jFOoTcvkkMEn,18063.50,INR,captured,order_Kk7mwRAiuDkpLf,,0,netbanking,0.00,0.00,,1,,,,ICICI,,,,,[],316.11,56.90,,,46245.80908564815,,
pay_4YVfjeH4WPVrNP,546.50,INR,captured,order_0GsplWNf2QYJ1n,,0,netbanking,0.00,0.00,,1,,,,HDFC,,,,,[],9.56,1.72,,,2026-08-11 02:38:34,,
pay_if6weyYExfSbUi,19275.00,INR,captured,order_JAnI4cy7Mxo2d3,,0,upi,0.00,0.00,,1,,,,,,,,,[],385.50,69.39,,,11/08/2026 09:51:03,,
pay_3mC56FqBg98TqD,3145.50,INR,refunded,order_aiYMyFz6CkRqU4,,0,upi,1572.75,0.00,full,1,,,,,,,,,[],62.91,11.32,,,11/08/2026 16:04:32,,
pay_MczE1o4ktwJTmE,2040.00,INR,captured,order_dQon2L7L0KAcNw,,0,upi,0.00,0.00,,1,,,,,,,,,[],40.80,7.34,,,2026-11-08 23:17:01,,
pay_MDe3fa7mECXY1T,417.50,INR,captured,order_Y9Ger2lrSFR9PT,,0,upi,0.00,0.00,,1,,,,,,,,,[],8.35,1.50,,,11/08/2026 06:30:30,,
pay_cewVHzO8d0Jmxi,1165.00,INR,captured,order_tzbgxH0R34Fb8v,,0,upi,0.00,0.00,,1,,,,,,,,,[],23.30,4.19,,,2026-08-11 13:43:59,,
pay_GTTM1mlKvXvsW6,4994.50,INR,captured,order_a2q271DEdoAJvi,,0,card,0.00,0.00,,1,,,,ICICI,,,,,[],59.93,10.79,,,11/08/2026 20:56:28,debit,
pay_0oqjLNF1QixNzU,19212.50,INR,captured,order_KQt7GHFQB2V6ng,,0,upi,0.00,0.00,,1,,,,,,,,,[],384.25,69.17,,,2026-11-08 03:09:57,,
pay_fgUmC01bR1qtIU,4576.50,INR,captured,order_57KBaB26SPFUoD,,0,upi,0.00,0.00,,1,,,,,,,,,[],91.53,16.48,,,2026-08-11 10:22:26,,
pay_MVOU1Wk29x6chH,705.00,INR,captured,order_tebm7rIMusKx6d,,0,upi,0.00,0.00,,1,,,,,,,,,[],14.10,2.54,,,2026-11-08 17:35:55,,
pay_teYv4tRmqUB3sz,21618.50,INR,captured,order_TnbNuQchvWhpVd,,0,upi,0.00,0.00,,1,,,,,,,,,[],432.37,77.83,,,11/08/2026 00:48:24,,
pay_nDf84Gn0GeaePU,4139.50,INR,captured,order_qeV66VPwDn66bn,,0,wallet,0.00,0.00,,1,,,,,,,,,[],82.79,14.90,,,11/08/2026 07:01:53,,
pay_2bkvMJEWfp6F9S,3056.00,INR,captured,order_TnAaSLmSLgqLHL,,0,card,0.00,0.00,,1,,,,HDFC,,,,,[],76.40,13.75,,,2026-08-11 14:14:22,credit,
pay_By7Kwki7c9SgKL,745.00,INR,captured,order_SwtXTGKu7IfEB2,,0,upi,0.00,0.00,,1,,,,,,,,,[],14.90,2.68,,,46245.89434027778,,
pay_Vgf82e0ahYBfLg,20016.50,INR,captured,order_W9n3BlOUdEdMdG,,0,upi,0.00,0.00,,1,,,,,,,,,[],400.33,72.06,,,2026-08-11 04:40:20,,
pay_LV4RRDdmKjlzdw,275.00,INR,captured,order_lwHO2rGPPYqAk1,,0,upi,0.00,0.00,,1,,,,,,,,,[],5.50,0.99,,,11/08/2026 11:53:49,,
pay_MODx0FzKkOqx3Z,24932.50,INR,captured,order_WBsfHnmca9p6fn,,0,upi,0.00,0.00,,1,,,,,,,,,[],498.65,89.76,,,2026-08-11 18:06:18,,
pay_BW6SVpJcs8apRv,2801.00,INR,captured,order_mLDihBke1VCHKo,,0,upi,0.00,0.00,,1,,,,,,,,,[],56.02,10.08,,,46245.05540509259,,
pay_7pc1dKd9ei0pD7,20746.50,INR,captured,order_ol1JKnXjCaxOui,,0,upi,0.00,0.00,,1,,,,,,,,,[],414.93,74.69,,,46246.35574074074,,
pay_wW19dLy5lDZOKf,11631.50,INR,captured,order_aSNjriPQ5wgtBw,,1,card,0.00,0.00,,1,,,,ICICI,,,,,[],407.10,73.28,,,12/08/2026 15:45:45,credit,
pay_qVLHQI7WzAJUQe,4357.00,INR,captured,order_xiIGaJ8hSbYtgn,,0,upi,0.00,0.00,,1,,,,,,,,,[],87.14,15.69,,,12/08/2026 22:58:14,,
pay_8eN2KY689cizcK,296.50,INR,captured,order_fWHDnpT15tgDeL,,0,upi,0.00,0.00,,1,,,,,,,,,[],5.93,1.07,,,2026-08-12 05:11:43,,
pay_xzylt3MVt2R6rL,16250.50,INR,captured,order_msTPd5EroHIi1u,,0,card,0.00,0.00,,1,,,,AXIS,,,,,[],325.01,58.50,,,2026-08-12 12:24:12,credit,
pay_T3BGbM0lxtBZwm,930.00,INR,captured,order_X0vXGtwSVPMVI3,,0,upi,0.00,0.00,,1,,,,,,,,,[],18.60,3.35,,,12/08/2026 19:37:41,,
pay_h1HvNzXx4BDbxr,829.00,INR,captured,order_aEpJ7Zrs0gwcML,,0,upi,0.00,0.00,,1,,,,,,,,,[],16.58,2.98,,,12/08/2026 02:50:10,,
pay_MN7SUp5Ld07Xqf,3814.50,INR,captured,order_0hM7DQea8PcpsP,,0,netbanking,0.00,0.00,,1,,,,ICICI,,,,,[],66.75,12.02,,,12/08/2026 09:03:39,,
pay_aKd61w4lr8T4gZ,3564.00,INR,captured,order_LLvo29PlCUNSqx,,0,card,0.00,0.00,,1,,,,ICICI,,,,,[],71.28,12.83,,,2026-08-12 16:16:08,credit,
pay_XAEQbFHBdLjxsS,11661.50,INR,captured,order_nuUn9ts0TrHeUs,,0,upi,0.00,0.00,,1,,,,,,,,,[],233.23,41.98,,,12/08/2026 23:29:37,,
pay_5iCN0hFK07L5tu,477.00,INR,captured,order_lSGAL3PSr70mSc,,0,card,0.00,0.00,,1,,,,SBIN,,,,,[],9.54,1.72,,,2026-08-12 06:42:06,credit,
pay_fAmHHh0WZN3ApF,956.50,INR,captured,order_NAv6ivJSZyc1Qy,,0,upi,0.00,0.00,,1,,,,,,,,,[],19.13,3.44,,,12/08/2026 13:55:35,,
pay_7K4Hz0UX614b2T,1178.00,INR,captured,order_LHaMxkxKP8Oegc,,0,wallet,0.00,0.00,,1,,,,,,,,,[],23.56,4.24,,,2026-08-12 20:08:04,,
pay_udVEK7c6qVwrOi,17830.50,INR,captured,order_DagRW5QNJemagi,,0,card,0.00,0.00,,1,,,,HDFC,,,,,[],213.97,38.51,,,12/08/2026 03:21:33,debit,
pay_VDb07nFUKGDslN,11316.00,INR,captured,order_pC2ebgJeTYi7V4,,0,upi,0.00,0.00,,1,,,,,,,,,[],226.32,40.74,,,2026-08-12 10:34:02,,
pay_AUrgAdfl9M7MwY,24350.00,INR,captured,order_DFnE78lV2F6izl,,0,upi,0.00,0.00,,1,,,,,,,,,[],487.00,87.66,,,2026-08-12 17:47:31,,
pay_QWQi1jWpaUcdU4,8402.00,INR,captured,order_TOEA0c8IniUBac,,0,netbanking,0.00,0.00,,1,,,,SBIN,,,,,[],147.04,26.47,,,12/08/2026 00:00:00,,
pay_GYjvG7G47s7lpn,4478.00,INR,captured,order_xb4E3p2Z9auWaS,,0,upi,0.00,0.00,,1,,,,,,,,,[],89.56,16.12,,,12/08/2026 07:13:29,,
pay_UniHeCi91xEvRd,23140.50,INR,captured,order_QsrSd0OpW6j9RY,,0,upi,0.00,0.00,,1,,,,,,,,,[],462.81,83.31,,,12/08/2026 14:26:58,,
pay_laal5ZwnS8BBAA,13789.50,INR,captured,order_pnG5s5SVDsTsiN,,0,upi,0.00,0.00,,1,,,,,,,,,[],275.79,49.64,,,2026-08-12 21:39:27,,
pay_3fgpdy2I5wsIh3,17483.50,INR,captured,order_WMj0wsZktdCDIK,,0,wallet,0.00,0.00,,1,,,,,,,,,[],349.67,62.94,,,46246.20342592592,,
pay_O3gwSYz5wrP4mA,288.50,INR,captured,order_FFyy0d1M4znV49,,0,card,0.00,0.00,,1,,,,ICICI,,,,,[],5.77,1.04,,,46246.46209490741,credit,
pay_y25EZWx5Q1ssVe,11884.00,INR,refunded,order_BQnXgrJ06I6B3j,,0,upi,11884.00,0.00,full,1,,,,,,,,,[],237.68,42.78,,,12/08/2026 18:18:54,,
pay_bDnGog3FnYB1WN,808.50,INR,captured,order_vCXtPKZBEequ3m,,0,card,0.00,0.00,,1,,,,HDFC,,,,,[],16.17,2.91,,,46246.06346064815,credit,
pay_7rUn0cts9jMVuA,11470.00,INR,captured,order_GDOQEKcXv8g9Yl,,0,card,0.00,0.00,,1,,,,KKBK,,,,,[],137.64,24.78,,,12/08/2026 08:44:52,debit,
pay_ottsh8hfwLq1WR,420.00,INR,captured,order_D1QnbB7jbojCNE,,0,card,0.00,0.00,,1,,,,HDFC,,,,,[],8.40,1.51,,,2026-08-12 15:57:21,credit,
pay_lkgZ0O95r3Zpqx,15349.00,INR,captured,order_xvn7blUC2RVEY4,,0,upi,0.00,0.00,,1,,,,,,,,,[],306.98,55.26,,,12/08/2026 22:10:50,,
pay_boGJEOJ4pEacH4,843.50,INR,captured,order_iTbrFa2GjM51xc,,0,netbanking,0.00,0.00,,1,,,,ICICI,,,,,[],14.76,2.66,,,2026-08-12 05:23:19,,
pay_dgkBvIgwS05rxN,3235.50,INR,captured,order_7vbUG1OZ0uy9tN,,0,upi,0.00,0.00,,1,,,,,,,,,[],64.71,11.65,,,2026-08-12 12:36:48,,
pay_4sRQmsJcy1Z5DZ,239.00,INR,captured,order_1rO2Zapw9HfHoi,,0,card,0.00,0.00,,1,,,,,,,,,[],5.98,1.08,,,2026-08-12 19:49:17,credit,
pay_noBEKRssG6Md7W,215.50,INR,captured,order_PG1TjCLGnllvpB,,0,upi,0.00,0.00,,1,,,,,,,,,[],4.31,0.78,,,46247.08525462963,,
pay_JzsqP0LH2fpRkz,4723.50,INR,captured,order_SCuttHa9BABRQG,,0,netbanking,0.00,0.00,,1,,,,AXIS,,,,,[],82.66,14.88,,,2026-08-13 09:15:15,,
pay_3yAfC6iojWGLkN,891.00,INR,captured,order_7aMV7ny3FzOHf1,,0,upi,0.00,0.00,,1,,,,,,,,,[],17.82,3.21,,,13/08/2026 16:28:44,,
pay_OwNH02ZlGCZ4o2,2808.00,INR,captured,order_GOgpCKfylIRKAU,,0,upi,0.00,0.00,,1,,,,,,,,,[],56.16,10.11,,,2026-08-13 23:41:13,,
pay_mP17O9Bxbilmdv,2468.00,INR,captured,order_NLJIrfEnW91Bxx,,0,card,0.00,0.00,,1,,,,KKBK,,,,,[],29.62,5.33,,,2026-08-13 06:54:42,debit,
pay_WxkXl4RQLPfwUx,9906.00,INR,captured,order_UhgtWB0sC8pH7r,,0,wallet,0.00,0.00,,1,,,,,,,,,[],198.12,35.66,,,2026-08-13 13:07:11,,
pay_NlI2f2Bt6Z6mR4,2890.00,INR,captured,order_5fyqq6UEjwKpAj,,0,upi,0.00,0.00,,1,,,,,,,,,[],57.80,10.40,,,46247.84768518519,,
pay_9z4B4jaUMva2C0,5095.00,INR,refunded,order_onuv8QJ9wWwcRe,,0,netbanking,5095.00,0.00,full,1,,,,AXIS,,,,,[],89.16,16.05,,,46247.14802083333,,
pay_Lj7acQUkwYN8he,866.50,INR,captured,order_g6SGaM4F9TWIjs,,0,wallet,0.00,0.00,,1,,,,,,,,,[],17.33,3.12,,,13/08/2026 10:46:38,,
pay_vWCg17t0orWTeN,4957.50,INR,captured,order_r0vtCzS9V5gMx6,,0,card,0.00,0.00,,1,,,,,,,,,[],59.49,10.71,,,13/08/2026 17:59:07,debit,
pay_No7TGZuR0YPhGY,7550.50,INR,captured,order_tW4PZVk3U96IW0,,0,upi,0.00,0.00,,1,,,,,,,,,[],151.01,27.18,,,2026-08-13 00:12:36,,
pay_Ixl9Ta12BFGRRJ,1297.00,INR,captured,order_eR5JWSfGQhpmKM,,0,netbanking,0.00,0.00,,1,,,,,,,,,[],22.70,4.09,,,2026-08-13 07:25:05,,
pay_JNs7PtGU4eaoJ4,9487.00,INR,captured,order_fWoCRaJdgsKXRu,,0,card,0.00,0.00,,1,,,,AXIS,,,,,[],113.84,20.49,,,2026-08-13 14:38:34,debit,
pay_Ixp1D6MCLTO7dI,4441.50,INR,captured,order_10CFDriauRBEZo,,0,card,0.00,0.00,,1,,,,KKBK,,,,,[],88.83,15.99,,,46247.91045138889,credit,
pay_rBvT7WouL4aymQ,15394.50,INR,refunded,order_xL2zvTKFeefjfT,,0,netbanking,3848.63,0.00,full,1,,,,,,,,,[],269.40,48.49,,,46247.16981481481,,
pay_0wbXo42qUmCdPQ,3480.00,INR,captured,order_Unpu1PXmEyMACS,,0,upi,0.00,0.00,,1,,,,,,,,,[],69.60,12.53,,,13/08/2026 11:17:01,,
pay_ikn7gIZ6f3AqtK,874.50,INR,captured,order_brwLxTy7Dx5fbM,,0,upi,0.00,0.00,,1,,,,,,,,,[],17.49,3.15,,,2026-13-08 18:30:30,,
pay_0hBmOu5aEhhnxp,2141.50,INR,captured,order_HxwuayWXXOldJc,,0,upi,0.00,0.00,,1,,,,,,,,,[],42.83,7.71,,,2026-08-13 01:43:59,,
pay_QHQPSy9Hhlpzv1,10902.00,INR,captured,order_DT1sJrhBOHMJMC,,0,upi,0.00,0.00,,1,,,,,,,,,[],218.04,39.25,,,13/08/2026 08:56:28,,
pay_JfcrvaXBhFbEPu,1899.50,INR,captured,order_3rd7vZUUqyvqFz,,0,card,0.00,0.00,,1,,,,AXIS,,,,,[],22.79,4.10,,,2026-13-08 15:09:57,debit,
pay_4uW9gVzkiPhd4n,15936.00,INR,captured,order_fhwBw8ZCescW7M,,0,upi,0.00,0.00,,1,,,,,,,,,[],318.72,57.37,,,2026-08-13 22:22:26,,
pay_yCIrPrT2rp0VA4,3537.50,INR,captured,order_fD6y4OPdQPIdgt,,0,upi,0.00,0.00,,1,,,,,,,,,[],70.75,12.74,,,2026-08-13 05:35:55,,
pay_uawLUnU7nftobb,203.50,INR,captured,order_2eHWP1HPoS9kqe,,0,card,0.00,0.00,,1,,,,HDFC,,,,,[],4.07,0.73,,,2026-08-13 12:48:24,credit,
pay_FVr7CpVWzps465,11001.00,INR,captured,order_dTYpYmoS0TYRmS,,0,card,0.00,0.00,,1,,,,,,,,,[],220.02,39.60,,,46247.792974537035,credit,
pay_r0Mvccerloj04s,443.00,INR,captured,order_XyzBZ8XQbtp460,,0,card,0.00,0.00,,1,,,,SBIN,,,,,[],11.08,1.99,,,14/08/2026 02:14:22,credit,
pay_u2b5Ok9fWD2PLI,6293.00,INR,captured,order_gvpvhWEZGFLwOw,,0,upi,0.00,0.00,,1,,,,,,,,,[],125.86,22.65,,,46248.39434027778,,
pay_54a6ngN8NTRsOV,4690.00,INR,captured,order_FSi1wzAhbnavSn,,0,upi,0.00,0.00,,1,,,,,,,,,[],93.80,16.88,,,14/08/2026 16:40:20,,
pay_QQXG7qDuUDX2qK,8010.50,INR,captured,order_yEh2GPwKl1TZAf,,0,upi,0.00,0.00,,1,,,,,,,,,[],160.21,28.84,,,2026-08-14 23:53:49,,
pay_JcwRFslHqRSixs,844.00,INR,captured,order_hpN8wJXZHOo2m0,,0,wallet,0.00,0.00,,1,,,,,,,,,[],16.88,3.04,,,2026-08-14 06:06:18,,
pay_Q08O2bpBlANTCH,881.00,INR,captured,order_Z8kWKTT8ITJP4a,,0,upi,0.00,0.00,,1,,,,,,,,,[],17.62,3.17,,,46248.55540509259,,
pay_iUdrg94NwismFf,780.00,INR,captured,order_l6rIfYI8mFM7n4,,0,netbanking,0.00,0.00,,1,,,,HDFC,,,,,[],13.65,2.46,,,2026-08-14 20:32:16,,
pay_B4KS28FNMaWhtI,471.00,INR,captured,order_Y0sVRW2Igyt92r,,0,card,0.00,0.00,,1,,,,AXIS,,,,,[],9.42,1.70,,,2026-08-14 03:45:45,credit,
pay_DU3zGia7h3snQ6,241.50,INR,captured,order_cloSwO7yQoOHZS,,0,card,0.00,0.00,,1,,,,KKBK,,,,,[],4.83,0.87,,,14/08/2026 10:58:14,credit,
pay_Yh31ZmbuEykKV3,948.50,INR,captured,order_2OBtZhD8TYu0if,,0,card,0.00,0.00,,1,,,,AXIS,,,,,[],11.38,2.05,,,2026-08-14 17:11:43,debit,
pay_Hco01druxG3EYt,5432.00,INR,captured,order_ToEx9Zg71W5lbV,,0,card,0.00,0.00,,1,,,,ICICI,,,,,[],108.64,19.56,,,2026-08-14 00:24:12,credit,
pay_bdA0RyogG74Ybf,1588.00,INR,captured,order_KDzea2LqxfhgMA,,0,netbanking,0.00,0.00,,1,,,,SBIN,,,,,[],27.79,5.00,,,46248.31783564815,,
pay_YJO8jzix4f5Cii,23991.50,INR,captured,order_DUHxRdvWIgjKYo,,0,card,0.00,0.00,,1,,,,SBIN,,,,,[],479.83,86.37,,,14/08/2026 14:50:10,credit,
pay_3scE1Zcb12fNna,558.00,INR,captured,order_WNZL1V0W4WiOdG,,0,upi,0.00,0.00,,1,,,,,,,,,[],11.16,2.01,,,2026-08-14 21:03:39,,
pay_M6k1keuFkNX1RE,10109.00,INR,captured,order_6opDX3cUAtTCIv,,0,upi,0.00,0.00,,1,,,,,,,,,[],202.18,36.39,,,2026-08-14 04:16:08,,
pay_fcO9eYhYrJpWqB,10255.50,INR,captured,order_dwTnZ1oq25RW6y,,0,upi,0.00,0.00,,1,,,,,,,,,[],205.11,36.92,,,2026-08-14 11:29:37,,
pay_DooRoQHMvk1uXU,4622.50,INR,captured,order_WDfgvqm5qb8dEk,,0,upi,0.00,0.00,,1,,,,,,,,,[],92.45,16.64,,,46248.77923611111,,
pay_zCJCUJMa3mlKEg,21328.50,INR,captured,order_AcC1GUZi5WV9dp,,0,card,0.00,0.00,,1,,,,HDFC,,,,,[],426.57,76.78,,,46248.0802662037,credit,
pay_MGgR7RnKU6XHUC,24804.50,INR,captured,order_i2MGkALr6L55WR,,0,upi,0.00,0.00,,1,,,,,,,,,[],496.09,89.30,,,2026-08-14 08:08:04,,
pay_QUufEGwmD1z206,833.50,INR,captured,order_ebGGo6wXAFY8nq,,0,card,0.00,0.00,,1,,,,KKBK,,,,,[],10.00,1.80,,,2026-08-14 15:21:33,debit,
pay_XnIrhJVWp0QJ0p,820.50,INR,captured,order_tNADGM9Kw54xME,,0,card,0.00,0.00,,1,,,,KKBK,,,,,[],16.41,2.95,,,2026-08-14 22:34:02,credit,
pay_ullyMCEgyP7pxg,894.00,INR,captured,order_zEqDHMgl3Wy1Xg,,0,card,0.00,0.00,,1,,,,KKBK,,,,,[],22.35,4.02,,,2026-08-14 05:47:31,credit,
pay_M29S399TwVvEa6,1582.50,INR,captured,order_O6b9BxqyTTPNNf,,0,card,0.00,0.00,,1,,,,SBIN,,,,,[],18.99,3.42,,,2026-08-14 12:00:00,debit,
pay_cBxgay3vHh2q2n,22367.00,INR,captured,order_ze2xFKiWtZBEQP,,0,upi,0.00,0.00,,1,,,,,,,,,[],447.34,80.52,,,2026-08-14 19:13:29,,
pay_PKO6mX5p3d4S6Q,20829.50,INR,captured,order_eySK32WRdXEgnU,,0,card,0.00,0.00,,1,,,,,,,,,[],249.95,44.99,,,46248.102060185185,debit,
pay_rwHhTNVNQYMx03,24892.00,INR,captured,order_d1S1Y9u097Cqfk,,0,upi,0.00,0.00,,1,,,,,,,,,[],497.84,89.61,,,2026-08-14 09:39:27,,
pay_J2YU9dbuEu1yKu,963.50,INR,refunded,order_91arNDDcjAYctE,,0,upi,963.50,0.00,full,1,,,,,,,,,[],19.27,3.47,,,14/08/2026 16:52:56,,
pay_QICGKhPownyMfZ,1272.00,INR,captured,order_SWYZxB4GEd1K6X,,0,upi,0.00,0.00,,1,,,,,,,,,[],25.44,4.58,,,2026-08-14 23:05:25,,
pay_9pGR9aJC86uEOA,672.50,INR,captured,order_yBNOEjZXka5UsB,,0,upi,0.00,0.00,,1,,,,,,,,,[],13.45,2.42,,,14/08/2026 06:18:54,,
pay_qLsqgqvOGu2g0J,10624.50,INR,captured,order_r6jhj1mTHGY18R,,0,card,0.00,0.00,,1,,,,AXIS,,,,,[],212.49,38.25,,,14/08/2026 13:31:23,credit,
pay_5gpkEkS1tIeQkH,23347.50,INR,captured,order_OWNIsq0RWpZc3D,,0,upi,0.00,0.00,,1,,,,,,,,,[],466.95,84.05,,,46248.86449074074,,
pay_ULTnrQGoMfWHbI,2198.00,INR,captured,order_ILYFar2ht5nxUT,,0,upi,0.00,0.00,,1,,,,,,,,,[],43.96,7.91,,,2026-08-14 03:57:21,,
pay_5kUJzAbID8cK0I,13285.00,INR,captured,order_bZTP83rEfMcp5y,,0,card,0.00,0.00,,1,,,,,,,,,[],265.70,47.83,,,2026-08-14 10:10:50,credit,
pay_xxw3U9LseAp82m,952.50,INR,captured,order_UsEvOMgdAdh19S,,0,upi,0.00,0.00,,1,,,,,,,,,[],19.05,3.43,,,2026-08-14 17:23:19,,
pay_nBMgekLzoQWQNb,4090.50,INR,refunded,order_itk7gpIC35mbDR,,0,card,4090.50,0.00,full,1,,,,KKBK,,,,,[],49.09,8.84,,,01/06/2026 00:36:48,debit,
pay_8MeKT3RYTxEaN8,1025.50,INR,refunded,order_GkwwU8tPGOHnJn,,0,upi,1025.50,0.00,full,1,,,,,,,,,[],20.51,3.69,,,46176.325891203705,,
pay_LVpKWdb0fmv8Qr,2587.50,INR,refunded,order_bVnJtYHlgYIUkO,,0,upi,2587.50,0.00,full,1,,,,,,,,,[],51.75,9.32,,,46178.58525462963,,
pay_ay5xN2aKvmr1Lo,6171.50,INR,refunded,order_72F7zsH72tzyfv,,0,upi,6171.50,0.00,full,1,,,,,,,,,[],123.43,22.22,,,2026-06-12 21:15:15,,
pay_zPdgUPBQSi9qvc,19839.50,INR,refunded,order_1HUsvxqIRIzlyn,,0,upi,19839.50,0.00,full,1,,,,,,,,,[],396.79,71.42,,,2026-07-19 04:28:44,,
pay_Uyt0rTxVMCbmkV,3857.50,INR,refunded,order_BiC3yuUIgHmIGl,,0,upi,3857.50,0.00,full,1,,,,,,,,,[],77.15,13.89,,,2026-07-22 11:41:13,,
pay_kM4aeYLTKMTpNM,693.50,INR,refunded,order_X3XdWO1UBd8hWh,,0,upi,693.50,0.00,full,1,,,,,,,,,[],13.87,2.50,,,2026-07-29 18:54:42,,
pay_paZ5Tfa5LCXNEO,4924.00,INR,refunded,order_kSXZ2D3VziZIht,,0,upi,4924.00,0.00,full,1,,,,,,,,,[],98.48,17.73,,,2026-08-03 01:07:11,,
pay_lEdTVvfwfmPOAS,647.00,INR,refunded,order_mv4rqcNxGQb6so,,0,upi,647.00,0.00,full,1,,,,,,,,,[],12.94,2.33,,,46238.34768518519,,
pay_3fBgMi4YWH0N91,349.00,INR,refunded,order_n96dJyBKsoClTO,,0,upi,349.00,0.00,full,1,,,,,,,,,[],6.98,1.26,,,07/08/2026 15:33:09,,
pay_VEXC8gHj2ZZ6lY,21967.50,INR,refunded,order_3lJJKQJc0WuLwT,,0,card,21967.50,0.00,full,1,,,,SBIN,,,,,[],439.35,79.08,,,2026-08-08 22:46:38,credit,
