transaction_entity,entity_id,amount,currency,fee (exclusive tax),tax,debit,credit,payment_method,card_type,issuer_name,entity_created_at,payment_captured_at,payment_notes,refund_notes,arn,entity_description,order_id,order_receipt,order_notes,dispute_id,dispute_created_at,dispute_reason,settlement_id,settled_at,settlement_utr,settled_by
payment,pay_D80POPAt0iIDMM,6490.00,INR,77.88,14.02,0.00,6398.10,card,debit,SBIN,01/06/2026 07:13:29,2026-06-01 07:13:29,[],,,,order_YWMuVUEW5SsEZk,rcpt-36031,[],,,,setl_2ybSd4d7inlUpZ,2026-06-02 07:13:29,CITIN26060229663500,Razorpay
payment,pay_vMwJgHNlcAlHXJ,4090.50,INR,49.09,8.84,0.00,4032.57,card,debit,KKBK,2026-06-01 14:26:58,2026-06-01 14:26:58,[],,,,order_itk7gpIC35mbDR,rcpt-34649,[],,,,setl_2ybSd4d7inlUpZ,2026-06-02 14:26:58,CITIN26060229663500,Razorpay
payment,pay_DD19JJdE6GkOg6,23664.50,INR,473.29,85.19,0.00,23106.02,upi,,,2026-06-01 21:39:27,2026-06-01 21:39:27,[],,,,order_NLnvKtDrIhUZsY,rcpt-15965,[],,,,setl_2ybSd4d7inlUpZ,2026-06-02 21:39:27,CITIN26060229663500,Razorpay
payment,pay_G1Lbnwa9Fbdtwx,19544.00,INR,390.88,70.36,0.00,19082.76,upi,,,2026-06-01 04:52:56,2026-06-01 04:52:56,[],,,,order_zfoCneSqMaICLU,rcpt-60089,[],,,,setl_2ybSd4d7inlUpZ,2026-06-02 04:52:56,CITIN26060229663500,Razorpay
payment,pay_2Y7hNwD3EXGTgM,328.00,INR,6.56,1.18,0.00,320.26,upi,,,2026-06-01 11:05:25,46174.46209490741,[],,,,order_9YIL8HWKhYlQYR,rcpt-29893,[],,,,setl_2ybSd4d7inlUpZ,2026-06-02 11:05:25,CITIN26060229663500,Razorpay
payment,pay_EYOkfeoEvi2wDX,5335.00,INR,106.70,19.21,0.00,5209.09,upi,,,2026-06-01 18:18:54,01/06/2026 18:18:54,[],,,,order_WHuiURde0kiQoE,rcpt-37063,[],,,,setl_2ybSd4d7inlUpZ,02/06/2026 18:18:54,CITIN26060229663500,Razorpay
payment,pay_4l8YAueCP4BwtK,3369.00,INR,67.38,12.13,0.00,3289.49,upi,,,46174.06346064815,01/06/2026 01:31:23,[],,,,order_qjwS2jS7MoEQsp,rcpt-17166,[],,,,setl_2ybSd4d7inlUpZ,2026-06-02 01:31:23,CITIN26060229663500,Razorpay
payment,pay_hgvhqXuC2TdA29,24285.50,INR,485.71,87.43,0.00,23712.36,upi,,,2026-06-01 08:44:52,2026-06-01 08:44:52,[],,,,order_pUG2slxDrrHtD2,rcpt-27929,[],,,,setl_2ybSd4d7inlUpZ,02/06/2026 08:44:52,CITIN26060229663500,Razorpay
payment,pay_5SllD6CugxAYgR,20549.00,INR,410.98,73.98,0.00,20064.04,upi,,,01/06/2026 15:57:21,01/06/2026 15:57:21,[],,,,order_YSTum7cIrAvPBx,rcpt-59193,[],,,,setl_2ybSd4d7inlUpZ,2026-02-06 15:57:21,CITIN26060229663500,Razorpay
payment,pay_duVqMsUp4mj5sq,2841.50,INR,56.83,10.23,0.00,2774.44,upi,,,2026-06-01 22:10:50,2026-06-01 22:10:50,[],,,,order_ToYLurfqZ52VYb,rcpt-82558,[],,,,setl_2ybSd4d7inlUpZ,2026-06-02 22:10:50,CITIN26060229663500,Razorpay
payment,pay_h7fRvq2QUg8Z1y,613.50,INR,12.27,2.21,0.00,599.02,upi,,,01/06/2026 05:23:19,01/06/2026 05:23:19,[],,,,order_lStvH6azqmdVvx,rcpt-39531,[],,,,setl_2ybSd4d7inlUpZ,2026-06-02 05:23:19,CITIN26060229663500,Razorpay
payment,pay_z1WLJgJdgScJpA,8867.00,INR,106.40,19.15,0.00,8741.45,card,debit,HDFC,46174.525555555556,01/06/2026 12:36:48,[],,,,order_EA54qGA2TyJt3w,rcpt-74600,[],,,,setl_2ybSd4d7inlUpZ,46175.525555555556,CITIN26060229663500,Razorpay
payment,pay_dslRriw2gO1tHy,2839.00,INR,34.07,6.13,0.00,2798.80,card,debit,,2026-06-01 19:49:17,2026-06-01 19:49:17,[],,,,order_vV4CtLAqTUwY7v,rcpt-62527,[],,,,setl_2ybSd4d7inlUpZ,2026-06-02 19:49:17,CITIN26060229663500,Razorpay
payment,pay_2jJJePkuBmbgkX,20192.00,INR,242.30,43.61,0.00,19906.09,card,debit,HDFC,46174.08525462963,01/06/2026 02:02:46,[],,,,order_SMm1RZlHaEMkBL,rcpt-38696,[],,,,setl_2ybSd4d7inlUpZ,02/06/2026 02:02:46,CITIN26060229663500,Razorpay
payment,pay_VzDU34GmrMAuRu,20170.00,INR,403.40,72.61,0.00,19693.99,upi,,,46174.38559027778,01/06/2026 09:15:15,[],,,,order_i0L9MO2aj0rxGI,rcpt-64208,[],,,,setl_2ybSd4d7inlUpZ,2026-06-02 09:15:15,CITIN26060229663500,Razorpay
payment,pay_midEnmBJOfwM6Z,7319.00,INR,146.38,26.35,0.00,7146.27,upi,,,2026-06-01 16:28:44,2026-06-01 16:28:44,[],,,,order_1PJCBFDwvKa251,rcpt-17431,[],,,,setl_2ybSd4d7inlUpZ,2026-06-02 16:28:44,CITIN26060229663500,Razorpay
payment,pay_G9NeP7y4JZ6bXL,4666.50,INR,93.33,16.80,0.00,4556.37,wallet,,,2026-06-01 23:41:13,2026-06-01 23:41:13,[],,,,order_g23aNs0JGWXaHC,rcpt-79011,[],,,,setl_2ybSd4d7inlUpZ,2026-06-02 23:41:13,CITIN26060229663500,Razorpay
payment,pay_YVmTzDDGpodhOe,14995.00,INR,262.41,47.23,0.00,14685.36,netbanking,,ICICI,46174.287986111114,2026-06-01 06:54:42,[],,,,order_84wRbCOgdMk725,rcpt-71121,[],,,,setl_2ybSd4d7inlUpZ,2026-02-06 06:54:42,CITIN26060229663500,Razorpay
payment,pay_yLveebXZUDmOiI,4567.00,INR,91.34,16.44,0.00,4459.22,upi,,,46174.54665509259,46174.54665509259,[],,,,order_8Hrz1PPjfz7CdV,rcpt-42235,[],,,,setl_2ybSd4d7inlUpZ,2026-06-02 13:07:11,CITIN26060229663500,Razorpay
payment,pay_uOYgjdxEZgvkh4,8121.00,INR,162.42,29.24,0.00,7929.34,upi,,,2026-06-01 20:20:40,46174.84768518519,[],,,,order_HQaYetK5V26lCM,rcpt-58423,[],,,,setl_2ybSd4d7inlUpZ,02/06/2026 20:20:40,CITIN26060229663500,Razorpay
payment,pay_L1FE6qk6dCuxOj,1939.00,INR,38.78,6.98,0.00,1893.24,upi,,,46174.14802083333,2026-06-01 03:33:09,[],,,,order_pdqnIfNB8501de,rcpt-69402,[],,,,setl_2ybSd4d7inlUpZ,02/06/2026 03:33:09,CITIN26060229663500,Razorpay
payment,pay_jrTKkVQ0LhRpl9,978.00,INR,19.56,3.52,0.00,954.92,wallet,,,01/06/2026 10:46:38,2026-01-06 10:46:38,[],,,,order_BaZze90QvZMtMC,rcpt-85142,[],,,,setl_2ybSd4d7inlUpZ,46175.44905092593,CITIN26060229663500,Razorpay
payment,pay_wCDjiRPTISWWqE,4235.50,INR,84.71,15.25,0.00,4135.54,upi,,,01/06/2026 17:59:07,01/06/2026 17:59:07,[],,,,order_ieElURQooeNqEt,rcpt-74710,[],,,,setl_2ybSd4d7inlUpZ,2026-06-02 17:59:07,CITIN26060229663500,Razorpay
payment,pay_nBMgekLzoQWQNb,4090.50,INR,49.09,8.84,0.00,4032.57,card,debit,KKBK,2026-06-01 00:12:36,2026-06-01 00:12:36,[],,,,order_itk7gpIC35mbDR,rcpt-34649,[],,,,setl_2ybSd4d7inlUpZ,02/06/2026 00:12:36,CITIN26060229663500,Razorpay
refund,rfnd_7Q8qEQ92DXjPJq,4090.50,INR,4.00,0.72,4095.22,0.00,,,,46175.30908564815,,,"{""refund_reason"": ""duplicate_order""}",860762573816,,,,,,,,setl_2ybSd4d7inlUpZ,02/06/2026 07:25:05,CITIN26060229663500,Razorpay
payment,pay_snJ47bkLTcz3sU,9767.00,INR,170.92,30.77,0.00,9565.31,netbanking,,AXIS,02/06/2026 14:38:34,2026-02-06 14:38:34,[],,,,order_2LBn9meZsffSb6,rcpt-78689,[],,,,setl_gG78kZpIihQKJA,04/06/2026 14:38:34,CITIN26060454312703,Razorpay
payment,pay_9h3MCMr2HlWYWe,4792.50,INR,95.85,17.25,0.00,4679.40,upi,,,2026-06-02 21:51:03,2026-06-02 21:51:03,[],,,,order_azjiyTMuq7Fd2l,rcpt-33261,[],,,,setl_gG78kZpIihQKJA,2026-06-04 21:51:03,CITIN26060454312703,Razorpay
payment,pay_0IVnMQeFkmxXHr,673.00,INR,13.46,2.42,0.00,657.12,upi,,,02/06/2026 04:04:32,46175.16981481481,[],,,,order_FxjuYkQc6EobTQ,rcpt-38921,[],,,,setl_gG78kZpIihQKJA,2026-06-04 04:04:32,CITIN26060454312703,Razorpay
payment,pay_BSySH6VjRAb6qt,977.00,INR,11.72,2.11,0.00,963.17,card,debit,AXIS,46175.47015046296,46175.47015046296,[],,,,order_5PkcFBhpCQ7zGY,rcpt-76556,[],,,,setl_gG78kZpIihQKJA,04/06/2026 11:17:01,CITIN26060454312703,Razorpay
payment,pay_THJhiqmIJGwDWz,682.00,INR,13.64,2.46,0.00,665.90,upi,,,2026-06-02 18:30:30,02/06/2026 18:30:30,[],,,,order_lx7sKp6FqPg5V0,rcpt-97916,[],,,,setl_gG78kZpIihQKJA,04/06/2026 18:30:30,CITIN26060454312703,Razorpay
payment,pay_QSv5kjlLjNYyvB,18613.50,INR,372.27,67.01,0.00,18174.22,upi,,,2026-06-02 01:43:59,02/06/2026 01:43:59,[],,,,order_lisfexeCdradDT,rcpt-52219,[],,,,setl_gG78kZpIihQKJA,2026-06-04 01:43:59,CITIN26060454312703,Razorpay
payment,pay_v2WCjtdTKUWXiD,7244.50,INR,144.89,26.08,0.00,7073.53,upi,,,2026-06-02 08:56:28,02/06/2026 08:56:28,[],,,,order_aTYS4PCFJfONB3,rcpt-51065,[],,,,setl_gG78kZpIihQKJA,2026-04-06 08:56:28,CITIN26060454312703,Razorpay
payment,pay_X4eDGWJsQqXXPq,7584.00,INR,151.68,27.30,0.00,7405.02,upi,,,2026-06-02 15:09:57,02/06/2026 15:09:57,[],,,,order_jAQoVkUnzT5X9J,rcpt-98985,[],,,,setl_gG78kZpIihQKJA,2026-04-06 15:09:57,CITIN26060454312703,Razorpay
payment,pay_FCOmyR4NFxzTgD,6235.50,INR,124.71,22.45,0.00,6088.34,upi,,,2026-06-02 22:22:26,2026-02-06 22:22:26,[],,,,order_71L13Z7Fxigpyc,rcpt-78418,[],,,,setl_gG78kZpIihQKJA,2026-06-04 22:22:26,CITIN26060454312703,Razorpay
payment,pay_FDV2tK595HvAOd,4733.00,INR,94.66,17.04,0.00,4621.30,upi,,,2026-06-02 05:35:55,2026-06-02 05:35:55,[],,,,order_YBRxXMajaNegfI,rcpt-11189,[],,,,setl_gG78kZpIihQKJA,04/06/2026 05:35:55,CITIN26060454312703,Razorpay
payment,pay_49vAgqDooDU7Va,17445.50,INR,305.30,54.95,0.00,17085.25,netbanking,,SBIN,2026-06-02 12:48:24,2026-06-02 12:48:24,[],,,,order_B6sEOHwnNawbQD,rcpt-42519,[],,,,setl_gG78kZpIihQKJA,2026-06-04 12:48:24,CITIN26060454312703,Razorpay
payment,pay_6OSycnmngqaiTK,13597.50,INR,163.17,29.37,0.00,13404.96,card,debit,AXIS,46175.792974537035,46175.792974537035,[],,,,order_RNA6XRqsC2YqU6,rcpt-72046,[],,,,setl_gG78kZpIihQKJA,2026-06-04 19:01:53,CITIN26060454312703,Razorpay
payment,pay_qHAx31KE6uU53x,16062.00,INR,192.74,34.69,0.00,15834.57,card,debit,ICICI,2026-06-02 02:14:22,2026-06-02 02:14:22,[],,,,order_GlAi1UIjYKqkeO,rcpt-33071,[],,,,setl_gG78kZpIihQKJA,2026-06-04 02:14:22,CITIN26060454312703,Razorpay
payment,pay_5CeBTuSBktMzXQ,381.50,INR,7.63,1.37,0.00,372.50,upi,,,2026-06-02 09:27:51,2026-06-02 09:27:51,[],,,,order_6kGI9i8axrYvCL,rcpt-47066,[],,,,setl_gG78kZpIihQKJA,2026-06-04 09:27:51,CITIN26060454312703,Razorpay
payment,pay_o0suLlx9dJxcLY,3924.50,INR,78.49,14.13,0.00,3831.88,upi,,,2026-06-02 16:40:20,2026-06-02 16:40:20,[],,,,order_qebSWO4l5ksqCR,rcpt-29581,[],,,,setl_gG78kZpIihQKJA,2026-06-04 16:40:20,CITIN26060454312703,Razorpay
payment,pay_7vIHL6kEJoNyDZ,4709.50,INR,94.19,16.95,0.00,4598.36,upi,,,46175.99570601852,02/06/2026 23:53:49,[],,,,order_XJ2MoweoRmHTpo,rcpt-44712,[],,,,setl_gG78kZpIihQKJA,04/06/2026 23:53:49,CITIN26060454312703,Razorpay
payment,pay_4KrK8KD0F4P7X3,10904.50,INR,218.09,39.26,0.00,10647.15,upi,,,2026-06-02 06:06:18,02/06/2026 06:06:18,[],,,,order_1iqaRKPDFr7Acn,rcpt-97549,[],,,,setl_gG78kZpIihQKJA,2026-06-04 06:06:18,CITIN26060454312703,Razorpay
payment,pay_CKNZQmnZMPj76N,3541.00,INR,70.82,12.75,0.00,3457.43,upi,,,2026-06-02 13:19:47,46175.55540509259,[],,,,order_i9lWt56xlX7HlE,rcpt-28065,[],,,,setl_gG78kZpIihQKJA,04/06/2026 13:19:47,CITIN26060454312703,Razorpay
payment,pay_u4bvxR2Id09MoU,1366.00,INR,34.15,6.15,0.00,1325.70,card,credit,SBIN,02/06/2026 20:32:16,02/06/2026 20:32:16,[],,,,order_iaD3HPPC6amRzc,rcpt-13092,[],,,,setl_gG78kZpIihQKJA,04/06/2026 20:32:16,CITIN26060454312703,Razorpay
payment,pay_KgDi5FhYQMhlpf,21839.00,INR,436.78,78.62,0.00,21323.60,wallet,,,2026-06-02 03:45:45,2026-06-02 03:45:45,[],,,,order_MtUsU3QE7tkJh2,rcpt-58180,[],,,,setl_gG78kZpIihQKJA,2026-06-04 03:45:45,CITIN26060454312703,Razorpay
payment,pay_I4ooeITJ59fFzt,1642.00,INR,32.84,5.91,0.00,1603.25,upi,,,2026-06-02 10:58:14,2026-06-02 10:58:14,[],,,,order_BEYwzyUiOVckF9,rcpt-37403,[],,,,setl_gG78kZpIihQKJA,2026-06-04 10:58:14,CITIN26060454312703,Razorpay
payment,pay_WqoO3VFOkjOmMb,411.50,INR,8.23,1.48,0.00,401.79,card,credit,AXIS,2026-06-02 17:11:43,02/06/2026 17:11:43,[],,,,order_KkQWBTGaU23Fm6,rcpt-77678,[],,,,setl_gG78kZpIihQKJA,2026-06-04 17:11:43,CITIN26060454312703,Razorpay
payment,pay_FHsZUgm5hPRFll,772.50,INR,15.45,2.78,0.00,754.27,upi,,,2026-06-02 00:24:12,02/06/2026 00:24:12,[],,,,order_LC5ZoKLP7voN8c,rcpt-55904,[],,,,setl_gG78kZpIihQKJA,04/06/2026 00:24:12,CITIN26060454312703,Razorpay
payment,pay_PH2JTmCkpvqlSR,12238.00,INR,214.17,38.55,0.00,11985.28,netbanking,,ICICI,46175.31783564815,02/06/2026 07:37:41,[],,,,order_1lQ8TuY0UHgsKh,rcpt-65614,[],,,,setl_gG78kZpIihQKJA,04/06/2026 07:37:41,CITIN26060454312703,Razorpay
payment,pay_RYhfKwBulKIypR,360.50,INR,7.21,1.30,0.00,351.99,upi,,,2026-06-02 14:50:10,46175.61817129629,[],,,,order_LYtH8WPSBqc9Bi,rcpt-29662,[],,,,setl_gG78kZpIihQKJA,04/06/2026 14:50:10,CITIN26060454312703,Razorpay
payment,pay_pjs4OrRmWZPDPw,9678.00,INR,169.37,30.49,0.00,9478.14,netbanking,,AXIS,2026-06-02 21:03:39,2026-06-02 21:03:39,[],,,,order_RfBptFO1yudakf,rcpt-78267,[],,,,setl_gG78kZpIihQKJA,2026-06-04 21:03:39,CITIN26060454312703,Razorpay
payment,pay_PAK8hl5lRZblGw,4772.00,INR,83.51,15.03,0.00,4673.46,netbanking,,AXIS,02/06/2026 04:16:08,2026-06-02 04:16:08,[],,,,order_xV0AzGoRJLT5em,rcpt-31394,[],,,,setl_gG78kZpIihQKJA,46177.17787037037,CITIN26060454312703,Razorpay
payment,pay_ZZhdbxOuH3cCM2,1926.50,INR,38.53,6.94,0.00,1881.03,upi,,,2026-06-02 11:29:37,46175.478900462964,[],,,,order_rqR0hzDM1gnmp9,rcpt-85821,[],,,,setl_gG78kZpIihQKJA,46177.478900462964,CITIN26060454312703,Razorpay
payment,pay_5QcCx1iRWRm26X,2700.00,INR,54.00,9.72,0.00,2636.28,card,credit,KKBK,46175.77923611111,2026-06-02 18:42:06,[],,,,order_JWPS7YmHIPz02l,rcpt-82743,[],,,,setl_gG78kZpIihQKJA,04/06/2026 18:42:06,CITIN26060454312703,Razorpay
payment,pay_Qdxk2r121qfIrI,11655.50,INR,139.87,25.18,0.00,11490.45,card,debit,AXIS,02/06/2026 01:55:35,02/06/2026 01:55:35,[],,,,order_OK7j8zFe3P4edy,rcpt-34988,[],,,,setl_gG78kZpIihQKJA,2026-06-04 01:55:35,CITIN26060454312703,Razorpay
payment,pay_7pLrymTpJG73xw,235.50,INR,4.71,0.85,0.00,229.94,card,credit,SBIN,2026-06-02 08:08:04,2026-06-02 08:08:04,[],,,,order_pZ3mTlOpqtBusg,rcpt-52438,[],,,,setl_gG78kZpIihQKJA,2026-06-04 08:08:04,CITIN26060454312703,Razorpay
payment,pay_XHHn3u1NKYGG0f,338.50,INR,4.06,0.73,0.00,333.71,card,debit,KKBK,2026-06-03 15:21:33,2026-06-03 15:21:33,[],,,,order_4Xz8jud9fNOlIA,rcpt-54047,[],,,,setl_5g70VduXp32PWu,04/06/2026 15:21:33,CITIN26060465680222,Razorpay
payment,pay_hTpiyFAplEWNk2,658.00,INR,13.16,2.37,0.00,642.47,upi,,,2026-06-03 22:34:02,2026-03-06 22:34:02,[],,,,order_3TxRSdR7D2JHph,rcpt-22909,[],,,,setl_5g70VduXp32PWu,2026-06-04 22:34:02,CITIN26060465680222,Razorpay
payment,pay_PNDNLVwPFtvz9k,368.50,INR,7.37,1.33,0.00,359.80,upi,,,2026-06-03 05:47:31,03/06/2026 05:47:31,[],,,,order_XUfu2Z8F3uAEnT,rcpt-99381,[],,,,setl_5g70VduXp32PWu,2026-06-04 05:47:31,CITIN26060465680222,Razorpay
payment,pay_4SS2F8k1qM2EkF,492.00,INR,5.90,1.06,0.00,485.04,card,debit,AXIS,2026-06-03 12:00:00,2026-06-03 12:00:00,[],,,,order_1i86cz8AjemvaB,rcpt-36769,[],,,,setl_5g70VduXp32PWu,2026-06-04 12:00:00,CITIN26060465680222,Razorpay
payment,pay_QFT0kC2MC7uQtd,501.50,INR,8.78,1.58,0.00,491.14,netbanking,,HDFC,2026-06-03 19:13:29,03/06/2026 19:13:29,[],,,,order_32u5jDap7z7x9B,rcpt-18448,[],,,,setl_5g70VduXp32PWu,2026-06-04 19:13:29,CITIN26060465680222,Razorpay
payment,pay_IwxRszRleEOs7B,1025.50,INR,20.51,3.69,0.00,1001.30,upi,,,03/06/2026 02:26:58,46176.102060185185,[],,,,order_GkwwU8tPGOHnJn,rcpt-34816,[],,,,setl_5g70VduXp32PWu,46177.102060185185,CITIN26060465680222,Razorpay
payment,pay_uc64YHRyQZB3JO,15607.00,INR,312.14,56.19,0.00,15238.67,upi,,,2026-06-03 09:39:27,2026-06-03 09:39:27,[],,,,order_KXEheLRl7s5arr,rcpt-19152,[],,,,setl_5g70VduXp32PWu,04/06/2026 09:39:27,CITIN26060465680222,Razorpay
payment,pay_ydTFOMWPLF3lz3,3998.50,INR,79.97,14.39,0.00,3904.14,upi,,,03/06/2026 16:52:56,2026-06-03 16:52:56,[],,,,order_PoRubSPmfUsFkp,rcpt-49991,[],,,,setl_5g70VduXp32PWu,46177.70342592592,CITIN26060465680222,Razorpay
payment,pay_S9Y1a00sOzPjuB,1887.50,INR,37.75,6.80,0.00,1842.95,upi,,,03/06/2026 23:05:25,2026-06-03 23:05:25,[],,,,order_v6JUpuszbMf0NQ,rcpt-82184,[],,,,setl_5g70VduXp32PWu,2026-06-04 23:05:25,CITIN26060465680222,Razorpay
payment,pay_Cf4ePP0lSxnuuP,13861.50,INR,242.58,43.66,0.00,13575.26,netbanking,,ICICI,03/06/2026 06:18:54,2026-06-03 06:18:54,[],,,,order_SgfcRZQlRAxmEx,rcpt-32937,[],,,,setl_5g70VduXp32PWu,04/06/2026 06:18:54,CITIN26060465680222,Razorpay
payment,pay_MxNnIIKvf1vvfK,15360.00,INR,307.20,55.30,0.00,14997.50,upi,,,2026-06-03 13:31:23,2026-03-06 13:31:23,[],,,,order_8tX7UPuxI7hGSH,rcpt-61418,[],,,,setl_5g70VduXp32PWu,2026-06-04 13:31:23,CITIN26060465680222,Razorpay
payment,pay_a82IGgZAVPMfQD,16431.50,INR,328.63,59.15,0.00,16043.72,upi,,,03/06/2026 20:44:52,46176.86449074074,[],,,,order_ARjxW2Z9VuvCMt,rcpt-30688,[],,,,setl_5g70VduXp32PWu,04/06/2026 20:44:52,CITIN26060465680222,Razorpay
payment,pay_vodIBFifu8CSp8,318.00,INR,6.36,1.14,0.00,310.50,upi,,,2026-06-03 03:57:21,2026-06-03 03:57:21,[],,,,order_la8ixUg1D0TDJE,rcpt-82527,[],,,,setl_5g70VduXp32PWu,2026-06-04 03:57:21,CITIN26060465680222,Razorpay
payment,pay_M1Fl52RJZxwkD2,20538.50,INR,410.77,73.94,0.00,20053.79,upi,,,03/06/2026 10:10:50,46176.42418981482,[],,,,order_hVdLH69IC0xCZ8,rcpt-81032,[],,,,setl_5g70VduXp32PWu,04/06/2026 10:10:50,CITIN26060465680222,Razorpay
payment,pay_xo0V8L3DAzd0Ec,683.00,INR,13.66,2.46,0.00,666.88,card,credit,AXIS,2026-06-03 17:23:19,2026-06-03 17:23:19,[],,,,order_OgkJFSNuGifHjL,rcpt-90284,[],,,,setl_5g70VduXp32PWu,2026-06-04 17:23:19,CITIN26060465680222,Razorpay
payment,pay_RCaULJllRtOcRK,20295.00,INR,405.90,73.06,0.00,19816.04,upi,,,2026-06-03 00:36:48,2026-06-03 00:36:48,[],,,,order_rGWMAROSmZeZ8V,rcpt-86062,[],,,,setl_5g70VduXp32PWu,2026-06-04 00:36:48,CITIN26060465680222,Razorpay
payment,pay_eJm1BLXNA3vuLG,17997.50,INR,359.95,64.79,0.00,17572.76,upi,,,2026-06-03 07:49:17,2026-06-03 07:49:17,[],,,,order_ARqkz9GzFVzBXw,rcpt-10071,[],,,,setl_5g70VduXp32PWu,2026-06-04 07:49:17,CITIN26060465680222,Razorpay
payment,pay_38YqvyJNcAD1my,13461.00,INR,161.53,29.08,0.00,13270.39,card,debit,KKBK,2026-06-03 14:02:46,2026-06-03 14:02:46,[],,,,order_VHm9f2rDSPD7Mf,rcpt-93929,[],,,,setl_5g70VduXp32PWu,2026-06-04 14:02:46,CITIN26060465680222,Razorpay
payment,pay_zf0gsU6FOxRLIk,380.50,INR,7.61,1.37,0.00,371.52,wallet,,,2026-06-03 21:15:15,03/06/2026 21:15:15,[],,,,order_7Ug79xXO4m6fx4,rcpt-93231,[],,,,setl_5g70VduXp32PWu,2026-06-04 21:15:15,CITIN26060465680222,Razorpay
payment,pay_JHKnC3EQvAuo0J,243.00,INR,4.86,0.87,0.00,237.27,card,credit,,2026-06-03 04:28:44,46176.18662037037,[],,,,order_vjzUNQq1osP04o,rcpt-27013,[],,,,setl_5g70VduXp32PWu,2026-04-06 04:28:44,CITIN26060465680222,Razorpay
payment,pay_2zfEb3OpAks50a,13571.00,INR,162.85,29.31,0.00,13378.84,card,debit,,2026-06-03 11:41:13,2026-06-03 11:41:13,[],,,,order_x3dFZuDvylYiPn,rcpt-68947,[],,,,setl_5g70VduXp32PWu,04/06/2026 11:41:13,CITIN26060465680222,Razorpay
payment,pay_JsOrQgeJZsPJKp,996.00,INR,19.92,3.59,0.00,972.49,upi,,,03/06/2026 18:54:42,2026-06-03 18:54:42,[],,,,order_libPNCE2XPeevW,rcpt-42830,[],,,,setl_5g70VduXp32PWu,46177.787986111114,CITIN26060465680222,Razorpay
payment,pay_ZuBdYtEBhsbQMc,400.00,INR,7.00,1.26,0.00,391.74,netbanking,,SBIN,46176.04665509259,46176.04665509259,[],,,,order_mLR4SJdpohlKyM,rcpt-69447,[],,,,setl_5g70VduXp32PWu,2026-06-04 01:07:11,CITIN26060465680222,Razorpay
payment,pay_I5LBGqAYyx6wqh,16573.50,INR,290.04,52.21,0.00,16231.25,netbanking,,AXIS,2026-06-03 08:20:40,2026-06-03 08:20:40,[],,,,order_b6a8tkbuOclewB,rcpt-72065,[],,,,setl_5g70VduXp32PWu,46177.34768518519,CITIN26060465680222,Razorpay
payment,pay_3W1247zh6zVGYg,3070.00,INR,36.84,6.63,0.00,3026.53,card,debit,ICICI,2026-03-06 15:33:09,2026-03-06 15:33:09,[],,,,order_ZxHA4nIys6fh88,rcpt-78978,[],,,,setl_5g70VduXp32PWu,2026-06-04 15:33:09,CITIN26060465680222,Razorpay
payment,pay_ZJGunneCrsApzM,11548.00,INR,230.96,41.57,0.00,11275.47,upi,,,2026-06-03 22:46:38,03/06/2026 22:46:38,[],,,,order_KLfdsSd2oaSnGR,rcpt-88216,[],,,,setl_5g70VduXp32PWu,2026-06-04 22:46:38,CITIN26060465680222,Razorpay
payment,pay_nDQsmYRl0b4Iqe,893.00,INR,17.86,3.21,0.00,871.93,upi,,,46176.249386574076,2026-06-03 05:59:07,[],,,,order_EkTmaCDJoErjGU,rcpt-35884,[],,,,setl_5g70VduXp32PWu,2026-06-04 05:59:07,CITIN26060465680222,Razorpay
payment,pay_Vvn8lewcEMYWuQ,642.00,INR,12.84,2.31,0.00,626.85,card,credit,AXIS,46176.50875,2026-06-03 12:12:36,[],,,,order_Ey6ZUls7dz3bpb,rcpt-45724,[],,,,setl_5g70VduXp32PWu,2026-06-04 12:12:36,CITIN26060465680222,Razorpay
payment,pay_GsmPm9fcEnvQfC,4964.50,INR,99.29,17.87,0.00,4847.34,card,credit,,03/06/2026 19:25:05,2026-06-03 19:25:05,[],,,,order_LbXn5Lej9CWEiF,rcpt-62507,[],,,,setl_5g70VduXp32PWu,2026-06-04 19:25:05,CITIN26060465680222,Razorpay
payment,pay_mii55YcPUALi4x,819.50,INR,16.39,2.95,0.00,800.16,upi,,,46176.11011574074,2026-06-03 02:38:34,[],,,,order_qYo7DFBv0JFGSc,rcpt-61336,[],,,,setl_5g70VduXp32PWu,46177.11011574074,CITIN26060465680222,Razorpay
payment,pay_O97x1eYOQmY00h,401.50,INR,8.03,1.45,0.00,392.02,card,credit,ICICI,2026-06-03 09:51:03,2026-06-03 09:51:03,[],,,,order_nKa6A8erGYfWxb,rcpt-16446,[],,,,setl_5g70VduXp32PWu,46177.41045138889,CITIN26060465680222,Razorpay
payment,pay_xpjluh0wioEOn4,10119.00,INR,202.38,36.43,0.00,9880.19,upi,,,2026-03-06 16:04:32,46176.66981481481,[],,,,order_kdEiFBS8qUcL3m,rcpt-55575,[],,,,setl_5g70VduXp32PWu,46177.66981481481,CITIN26060465680222,Razorpay
payment,pay_lqpjWW5WqmmYbq,445.50,INR,8.91,1.60,0.00,434.99,card,credit,,03/06/2026 23:17:01,46176.97015046296,[],,,,order_riSoKpN0aykPND,rcpt-76384,[],,,,setl_5g70VduXp32PWu,04/06/2026 23:17:01,CITIN26060465680222,Razorpay
payment,pay_5ZPgZqj0g4tb3E,920.00,INR,18.40,3.31,0.00,898.29,wallet,,,03/06/2026 06:30:30,2026-06-03 06:30:30,[],,,,order_OJ6I6ul2xMW0wh,rcpt-75430,[],,,,setl_5g70VduXp32PWu,2026-06-04 06:30:30,CITIN26060465680222,Razorpay
payment,pay_F1IbItgeMrFQRN,4875.00,INR,97.50,17.55,0.00,4759.95,upi,,,2026-06-03 13:43:59,2026-06-03 13:43:59,[],,,,order_5PKjvdhrC4rpi9,rcpt-66448,[],,,,setl_5g70VduXp32PWu,46177.57221064815,CITIN26060465680222,Razorpay
payment,pay_5MvBkpwxULq3MZ,610.50,INR,12.21,2.20,0.00,596.09,upi,,,03/06/2026 20:56:28,46176.8725462963,[],,,,order_ewy0jawI87jJh2,rcpt-43208,[],,,,setl_5g70VduXp32PWu,2026-06-04 20:56:28,CITIN26060465680222,Razorpay
payment,pay_fxzsoVObMpyjIe,12972.50,INR,227.02,40.86,0.00,12704.62,netbanking,,ICICI,2026-06-03 03:09:57,2026-06-03 03:09:57,[],,,,order_7VCxM0p6tCRd08,rcpt-35437,[],,,,setl_5g70VduXp32PWu,46177.13190972222,CITIN26060465680222,Razorpay
payment,pay_4MEme1uMvVjdjD,3169.50,INR,63.39,11.41,0.00,3094.70,upi,,,2026-06-03 10:22:26,03/06/2026 10:22:26,[],,,,order_Gse4eyaFoCsGHu,rcpt-55159,[],,,,setl_5g70VduXp32PWu,2026-06-04 10:22:26,CITIN26060465680222,Razorpay
payment,pay_7xGQqaAR9BumC6,405.00,INR,8.10,1.46,0.00,395.44,upi,,,2026-06-03 17:35:55,46176.73327546296,[],,,,order_s5qHznTVZDHtsU,rcpt-62081,[],,,,setl_5g70VduXp32PWu,2026-06-04 17:35:55,CITIN26060465680222,Razorpay
payment,pay_4uxG7I9AqtIk2B,11098.50,INR,194.22,34.96,0.00,10869.32,netbanking,,ICICI,03/06/2026 00:48:24,2026-06-03 00:48:24,[],,,,order_FwFBYBCOrdiuBR,rcpt-79587,[],,,,setl_5g70VduXp32PWu,04/06/2026 00:48:24,CITIN26060465680222,Razorpay
payment,pay_8MeKT3RYTxEaN8,1025.50,INR,20.51,3.69,0.00,1001.30,upi,,,2026-06-03 07:01:53,46176.292974537035,[],,,,order_GkwwU8tPGOHnJn,rcpt-34816,[],,,,setl_5g70VduXp32PWu,2026-04-06 07:01:53,CITIN26060465680222,Razorpay
refund,rfnd_hi3MmK9uHnKxbm,1025.50,INR,4.00,0.72,1030.22,0.00,,,,2026-06-04 14:14:22,,,"{""refund_reason"": ""duplicate_order""}",727361246787,,,,,,,,setl_5g70VduXp32PWu,2026-06-04 14:14:22,CITIN26060465680222,Razorpay
payment,pay_DV63jil2hHJ6dP,8094.50,INR,97.13,17.48,0.00,7979.89,card,debit,HDFC,2026-06-04 21:27:51,2026-06-04 21:27:51,[],,,,order_FMhAQSfEZ0WqaJ,rcpt-51688,[],,,,setl_NoLryaazIk7Una,08/06/2026 21:27:51,CITIN26060811570728,Razorpay
payment,pay_rsnB7CjqqqLDrJ,3365.50,INR,58.90,10.60,0.00,3296.00,netbanking,,ICICI,2026-06-04 04:40:20,46177.19467592592,[],,,,order_lEMBSDTihYXaHg,rcpt-64334,[],,,,setl_NoLryaazIk7Una,2026-06-08 04:40:20,CITIN26060811570728,Razorpay
payment,pay_rVPoPDs9eCb5cN,2744.50,INR,48.03,8.65,0.00,2687.82,netbanking,,,04/06/2026 11:53:49,04/06/2026 11:53:49,[],,,,order_qNprZssZpJOOlu,rcpt-31135,[],,,,setl_NoLryaazIk7Una,08/06/2026 11:53:49,CITIN26060811570728,Razorpay
payment,pay_1xsDeyLglRSM8O,467.00,INR,9.34,1.68,0.00,455.98,upi,,,2026-06-04 18:06:18,04/06/2026 18:06:18,[],,,,order_rkwwB6Y4blh6mZ,rcpt-16309,[],,,,setl_NoLryaazIk7Una,08/06/2026 18:06:18,CITIN26060811570728,Razorpay
payment,pay_N3evpviV3sdLD4,11946.50,INR,238.93,43.01,0.00,11664.56,upi,,,46177.05540509259,2026-06-04 01:19:47,[],,,,order_y9xX2m81dM0QoK,rcpt-73779,[],,,,setl_NoLryaazIk7Una,2026-06-08 01:19:47,CITIN26060811570728,Razorpay
payment,pay_TMWDEVPcMLnA3P,855.00,INR,17.10,3.08,0.00,834.82,upi,,,04/06/2026 08:32:16,2026-06-04 08:32:16,[],,,,order_2jVoM9hbbMCxEp,rcpt-87235,[],,,,setl_NoLryaazIk7Una,08/06/2026 08:32:16,CITIN26060811570728,Razorpay
payment,pay_N10K0FfJ4rn0U0,1264.00,INR,22.12,3.98,0.00,1237.90,netbanking,,,2026-06-04 15:45:45,2026-06-04 15:45:45,[],,,,order_8xgBlLdqkywlbl,rcpt-72483,[],,,,setl_NoLryaazIk7Una,08/06/2026 15:45:45,CITIN26060811570728,Razorpay
payment,pay_PISdwtuh1zaD9N,4923.00,INR,98.46,17.72,0.00,4806.82,upi,,,2026-06-04 22:58:14,2026-06-04 22:58:14,[],,,,order_o7km4mDycBUa9e,rcpt-69082,[],,,,setl_NoLryaazIk7Una,2026-06-08 22:58:14,CITIN26060811570728,Razorpay
payment,pay_krKywVVMkSmODV,9668.50,INR,169.20,30.46,0.00,9468.84,netbanking,,HDFC,46177.216469907406,2026-06-04 05:11:43,[],,,,order_Liqly69fkii7Aq,rcpt-17227,[],,,,setl_NoLryaazIk7Una,2026-06-08 05:11:43,CITIN26060811570728,Razorpay
payment,pay_fgaKiXzaclQsce,1958.50,INR,23.50,4.23,0.00,1930.77,card,debit,ICICI,46177.516805555555,04/06/2026 12:24:12,[],,,,order_oPofB0HdwSbW8Y,rcpt-75790,[],,,,setl_NoLryaazIk7Una,2026-06-08 12:24:12,CITIN26060811570728,Razorpay
payment,pay_CWcTUG72rupcWG,928.50,INR,18.57,3.34,0.00,906.59,card,credit,AXIS,2026-06-04 19:37:41,2026-06-04 19:37:41,[],,,,order_GYbK2NBxOB6SVL,rcpt-56410,[],,,,setl_NoLryaazIk7Una,2026-06-08 19:37:41,CITIN26060811570728,Razorpay
payment,pay_NwjIXnSDsQ7XUY,11473.00,INR,229.46,41.30,0.00,11202.24,card,credit,SBIN,46177.11817129629,2026-04-06 02:50:10,[],,,,order_8cqhVW9gnutnsW,rcpt-23606,[],,,,setl_NoLryaazIk7Una,2026-06-08 02:50:10,CITIN26060811570728,Razorpay
payment,pay_UtoXIv7uRMTL2w,1384.50,INR,27.69,4.98,0.00,1351.83,upi,,,2026-06-04 09:03:39,2026-06-04 09:03:39,[],,,,order_lbhEA7r8lJtpci,rcpt-66045,[],,,,setl_NoLryaazIk7Una,46181.377534722225,CITIN26060811570728,Razorpay
payment,pay_2mTtgMdeD5Nid5,886.50,INR,17.73,3.19,0.00,865.58,upi,,,2026-06-04 16:16:08,04/06/2026 16:16:08,[],,,,order_8OzHFUblUEmkts,rcpt-57833,[],,,,setl_NoLryaazIk7Una,08/06/2026 16:16:08,CITIN26060811570728,Razorpay
payment,pay_MbeVZJRxhCFZxE,229.50,INR,4.59,0.83,0.00,224.08,upi,,,04/06/2026 23:29:37,2026-06-04 23:29:37,[],,,,order_S6giUAfcBolIkz,rcpt-34727,[],,,,setl_NoLryaazIk7Una,2026-06-08 23:29:37,CITIN26060811570728,Razorpay
payment,pay_boUm7tenTNIDvI,3301.00,INR,66.02,11.88,0.00,3223.10,upi,,,46177.27923611111,2026-06-04 06:42:06,[],,,,order_IjVZvwhVIpVjIN,rcpt-60791,[],,,,setl_NoLryaazIk7Una,2026-08-06 06:42:06,CITIN26060811570728,Razorpay
payment,pay_5aoDVINJBCLMoa,616.00,INR,12.32,2.22,0.00,601.46,upi,,,46177.5802662037,2026-06-04 13:55:35,[],,,,order_7LBrShXtUQpYWx,rcpt-56416,[],,,,setl_NoLryaazIk7Una,46181.5802662037,CITIN26060811570728,Razorpay
payment,pay_srWo8eDujNulZo,13427.50,INR,268.55,48.34,0.00,13110.61,card,credit,ICICI,2026-06-04 20:08:04,04/06/2026 20:08:04,[],,,,order_zsL8VvjGw0JWzN,rcpt-31707,[],,,,setl_NoLryaazIk7Una,2026-06-08 20:08:04,CITIN26060811570728,Razorpay
payment,pay_EfOZU12blPLuCP,1091.50,INR,21.83,3.93,0.00,1065.74,upi,,,2026-06-04 03:21:33,2026-06-04 03:21:33,[],,,,order_lMdXzt7g9QEsBh,rcpt-18968,[],,,,setl_NoLryaazIk7Una,46181.139965277776,CITIN26060811570728,Razorpay
payment,pay_h9pe63CF94wS7a,424.50,INR,8.49,1.53,0.00,414.48,upi,,,2026-06-04 10:34:02,2026-06-04 10:34:02,[],,,,order_rVUNjk8oi0CCLd,rcpt-63388,[],,,,setl_NoLryaazIk7Una,2026-06-08 10:34:02,CITIN26060811570728,Razorpay
payment,pay_nGYN2EhaI6vMa6,4905.00,INR,98.10,17.66,0.00,4789.24,upi,,,2026-06-04 17:47:31,04/06/2026 17:47:31,[],,,,order_fMYWat75NkDBuc,rcpt-95813,[],,,,setl_NoLryaazIk7Una,2026-06-08 17:47:31,CITIN26060811570728,Razorpay
payment,pay_s4W7HPdgi18Sgz,7696.00,INR,153.92,27.71,0.00,7514.37,upi,,,2026-06-04 00:00:00,2026-06-04 00:00:00,[],,,,order_cFvLEV3tQXH3UK,rcpt-43213,[],,,,setl_NoLryaazIk7Una,08/06/2026 00:00:00,CITIN26060811570728,Razorpay
payment,pay_3H5Ji2EPu4d9IZ,4415.50,INR,88.31,15.90,0.00,4311.29,upi,,,2026-06-04 07:13:29,2026-06-04 07:13:29,[],,,,order_7V23xW4lFQCk3k,rcpt-57369,[],,,,setl_NoLryaazIk7Una,2026-06-08 07:13:29,CITIN26060811570728,Razorpay
payment,pay_o5faTxzhHzVKjF,1304.50,INR,32.61,5.87,0.00,1266.02,card,credit,AXIS,2026-06-04 14:26:58,2026-06-04 14:26:58,[],,,,order_jy4OstGZPZ58xk,rcpt-14907,[],,,,setl_NoLryaazIk7Una,08/06/2026 14:26:58,CITIN26060811570728,Razorpay
payment,pay_lshF3fnTiCmpwW,3420.00,INR,41.04,7.39,0.00,3371.57,card,debit,AXIS,04/06/2026 21:39:27,04/06/2026 21:39:27,[],,,,order_DkpvTrS7GevIBV,rcpt-17281,[],,,,setl_NoLryaazIk7Una,46181.902395833335,CITIN26060811570728,Razorpay
payment,pay_fLbz0LOlEi3U9V,2681.50,INR,53.63,9.65,0.00,2618.22,card,credit,SBIN,04/06/2026 04:52:56,04/06/2026 04:52:56,[],,,,order_pTEnox7gOLHDM9,rcpt-94856,[],,,,setl_NoLryaazIk7Una,2026-06-08 04:52:56,CITIN26060811570728,Razorpay
payment,pay_9Poq7SAQiyiocP,2976.50,INR,59.53,10.72,0.00,2906.25,upi,,,04/06/2026 11:05:25,46177.46209490741,[],,,,order_NBpMgghrjx3jph,rcpt-67826,[],,,,setl_NoLryaazIk7Una,08/06/2026 11:05:25,CITIN26060811570728,Razorpay
payment,pay_lb2FBKSNtFX7SN,18490.00,INR,221.88,39.94,0.00,18228.18,card,debit,SBIN,04/06/2026 18:18:54,46177.763125,[],,,,order_7dyPSh2BWKHUiz,rcpt-69300,[],,,,setl_NoLryaazIk7Una,08/06/2026 18:18:54,CITIN26060811570728,Razorpay
payment,pay_IOTozTzkvp9zKI,12529.00,INR,219.26,39.47,0.00,12270.27,netbanking,,KKBK,2026-06-04 01:31:23,2026-06-04 01:31:23,[],,,,order_ZRriFJM8oAwvZP,rcpt-53753,[],,,,setl_NoLryaazIk7Una,2026-06-08 01:31:23,CITIN26060811570728,Razorpay
payment,pay_s3JuPb4jMCAu0V,4637.50,INR,92.75,16.70,0.00,4528.05,upi,,,2026-06-04 08:44:52,2026-06-04 08:44:52,[],,,,order_cp53b1QeM15giE,rcpt-31966,[],,,,setl_NoLryaazIk7Una,2026-06-08 08:44:52,CITIN26060811570728,Razorpay
payment,pay_9vn2Jfs4184jM6,9946.00,INR,119.35,21.48,0.00,9805.17,card,debit,KKBK,46177.664826388886,04/06/2026 15:57:21,[],,,,order_DfNBZrS99RF5ed,rcpt-78210,[],,,,setl_NoLryaazIk7Una,46181.664826388886,CITIN26060811570728,Razorpay
payment,pay_Rlq6sJKXIjj6om,21211.50,INR,424.23,76.36,0.00,20710.91,upi,,,2026-06-04 22:10:50,2026-06-04 22:10:50,[],,,,order_fUgmhXeO2xUHz8,rcpt-89660,[],,,,setl_NoLryaazIk7Una,46181.92418981482,CITIN26060811570728,Razorpay
payment,pay_3NdoK6Ru5qxXV4,964.00,INR,11.57,2.08,0.00,950.35,card,debit,HDFC,2026-06-04 05:23:19,2026-06-04 05:23:19,[],,,,order_uzEpVbvPrkuSOi,rcpt-10209,[],,,,setl_NoLryaazIk7Una,08/06/2026 05:23:19,CITIN26060811570728,Razorpay
payment,pay_syP24Qlc1NqGtw,697.50,INR,8.37,1.51,0.00,687.62,card,debit,KKBK,2026-06-04 12:36:48,04/06/2026 12:36:48,[],,,,order_MVNV8GcTfX6APg,rcpt-27544,[],,,,setl_NoLryaazIk7Una,2026-06-08 12:36:48,CITIN26060811570728,Razorpay
payment,pay_VwAhxnjYWgs7Zu,2081.00,INR,41.62,7.49,0.00,2031.89,wallet,,,2026-06-04 19:49:17,2026-06-04 19:49:17,[],,,,order_6DMrvUXnXChCna,rcpt-28275,[],,,,setl_NoLryaazIk7Una,2026-06-08 19:49:17,CITIN26060811570728,Razorpay
payment,pay_EEoCTHeQtn9468,5865.00,INR,117.30,21.11,0.00,5726.59,upi,,,2026-06-04 02:02:46,2026-06-04 02:02:46,[],,,,order_gYT4GoP0HkyWMB,rcpt-31774,[],,,,setl_NoLryaazIk7Una,2026-06-08 02:02:46,CITIN26060811570728,Razorpay
payment,pay_TVx4UaXIyv0nOc,3536.50,INR,70.73,12.73,0.00,3453.04,wallet,,,04/06/2026 09:15:15,04/06/2026 09:15:15,[],,,,order_vXgPkqoHWvucMa,rcpt-19079,[],,,,setl_NoLryaazIk7Una,2026-06-08 09:15:15,CITIN26060811570728,Razorpay
refund,rfnd_hIcV1jTCDmOcKC,4745.00,INR,4.00,0.72,4749.72,0.00,,,,46180.68662037037,,,"{""refund_reason"": ""quality_issue""}",863520309134,,,,,,,,setl_NoLryaazIk7Una,08/06/2026 16:28:44,CITIN26060811570728,Razorpay
payment,pay_fIKQE6BWDjk7RA,2587.50,INR,51.75,9.32,0.00,2526.43,upi,,,46178.98695601852,46178.98695601852,[],,,,order_bVnJtYHlgYIUkO,rcpt-33207,[],,,,setl_SvLhOsF67sYjC8,2026-06-08 23:41:13,CITIN26060841970027,Razorpay
payment,pay_LVpKWdb0fmv8Qr,2587.50,INR,51.75,9.32,0.00,2526.43,upi,,,2026-05-06 06:54:42,05/06/2026 06:54:42,[],,,,order_bVnJtYHlgYIUkO,rcpt-33207,[],,,,setl_SvLhOsF67sYjC8,2026-06-08 06:54:42,CITIN26060841970027,Razorpay
refund,rfnd_qKtrzjghKf1iVD,2587.50,INR,4.00,0.72,2592.22,0.00,,,,2026-06-08 13:07:11,,,"{""refund_reason"": ""duplicate_order""}",778211427872,,,,,,,,setl_SvLhOsF67sYjC8,2026-06-08 13:07:11,CITIN26060841970027,Razorpay
payment,pay_gsSaJz55HjSbq0,1020.00,INR,20.40,3.67,0.00,995.93,upi,,,2026-06-06 20:20:40,2026-06-06 20:20:40,[],,,,order_GNV5A1lswW1M8l,rcpt-77362,[],,,,setl_eY8Iar1EG6FfsC,46182.84768518519,CITIN26060990815482,Razorpay
payment,pay_aI3q1Qxi1yAC4E,9950.00,INR,199.00,35.82,0.00,9715.18,upi,,,06/06/2026 03:33:09,46179.14802083333,[],,,,order_nPPDewlYVb44Fd,rcpt-39981,[],,,,setl_eY8Iar1EG6FfsC,09/06/2026 03:33:09,CITIN26060990815482,Razorpay
payment,pay_VyCt25N9mgsvLQ,2365.00,INR,47.30,8.51,0.00,2309.19,wallet,,,06/06/2026 10:46:38,06/06/2026 10:46:38,[],,,,order_Aa7YYnDF4Wdg9P,rcpt-30775,[],,,,setl_eY8Iar1EG6FfsC,2026-06-09 10:46:38,CITIN26060990815482,Razorpay
payment,pay_fiUeZqajKchwMw,3886.50,INR,77.73,13.99,0.00,3794.78,upi,,,46179.749386574076,06/06/2026 17:59:07,[],,,,order_kJUhuZJ5NX6vJA,rcpt-11681,[],,,,setl_eY8Iar1EG6FfsC,09/06/2026 17:59:07,CITIN26060990815482,Razorpay
payment,pay_QLkk2262deqtHR,21342.50,INR,426.85,76.83,0.00,20838.82,upi,,,46179.00875,2026-06-06 00:12:36,[],,,,order_egD4J2TvazJJ5a,rcpt-73297,[],,,,setl_eY8Iar1EG6FfsC,46182.00875,CITIN26060990815482,Razorpay
payment,pay_qOV5UHMPfPuphb,1399.50,INR,16.79,3.02,0.00,1379.69,card,debit,HDFC,2026-06-06 07:25:05,46179.30908564815,[],,,,order_x9fWrPIos5MdRV,rcpt-13171,[],,,,setl_eY8Iar1EG6FfsC,46182.30908564815,CITIN26060990815482,Razorpay
payment,pay_KOQbVDYRDbwW69,746.00,INR,18.65,3.36,0.00,723.99,card,credit,,2026-06-06 14:38:34,2026-06-06 14:38:34,[],,,,order_sNwTPRYYX9Vmwa,rcpt-72697,[],,,,setl_eY8Iar1EG6FfsC,09/06/2026 14:38:34,CITIN26060990815482,Razorpay
payment,pay_0b6tPaQiElQI5h,1945.00,INR,38.90,7.00,0.00,1899.10,card,credit,KKBK,2026-06-06 21:51:03,06/06/2026 21:51:03,[],,,,order_WxpFmwxdzPXcGS,rcpt-87707,[],,,,setl_eY8Iar1EG6FfsC,2026-06-09 21:51:03,CITIN26060990815482,Razorpay
payment,pay_MZqFzksqZ4iFHs,4789.00,INR,95.78,17.24,0.00,4675.98,upi,,,06/06/2026 04:04:32,2026-06-06 04:04:32,[],,,,order_PFQTvdVK6blxqk,rcpt-99907,[],,,,setl_eY8Iar1EG6FfsC,2026-06-09 04:04:32,CITIN26060990815482,Razorpay
payment,pay_i42uYIWZaksAc9,4745.00,INR,94.90,17.08,0.00,4633.02,upi,,,06/06/2026 11:17:01,46179.47015046296,[],,,,order_i6B6fWfy4cqsdI,rcpt-41605,[],,,,setl_eY8Iar1EG6FfsC,2026-06-09 11:17:01,CITIN26060990815482,Razorpay
payment,pay_2jRIoKCeDLKY8k,567.50,INR,11.35,2.04,0.00,554.11,upi,,,2026-06-06 18:30:30,06/06/2026 18:30:30,[],,,,order_7eErhc1g29Cobc,rcpt-65628,[],,,,setl_eY8Iar1EG6FfsC,46182.77118055556,CITIN26060990815482,Razorpay
payment,pay_bMbBtxYff4eOQ8,19790.00,INR,395.80,71.24,0.00,19322.96,upi,,,2026-06-06 01:43:59,2026-06-06 01:43:59,[],,,,order_uLMf9Eoaz9NCMU,rcpt-83217,[],,,,setl_eY8Iar1EG6FfsC,2026-06-09 01:43:59,CITIN26060990815482,Razorpay
payment,pay_Nbh4Tj9ZwyjjUj,20658.00,INR,361.52,65.07,0.00,20231.41,netbanking,,AXIS,2026-06-06 08:56:28,06/06/2026 08:56:28,[],,,,order_qwDH0pyaiWN4rc,rcpt-61994,[],,,,setl_eY8Iar1EG6FfsC,46182.3725462963,CITIN26060990815482,Razorpay
payment,pay_fchoL5b0Y5IV8X,800.00,INR,16.00,2.88,0.00,781.12,upi,,,06/06/2026 15:09:57,06/06/2026 15:09:57,[],,,,order_O3gPAPYR8qgq5c,rcpt-40740,[],,,,setl_eY8Iar1EG6FfsC,2026-06-09 15:09:57,CITIN26060990815482,Razorpay
payment,pay_mXDaU1GzuKN2Ha,9321.00,INR,186.42,33.56,0.00,9101.02,card,credit,HDFC,06/06/2026 22:22:26,46179.93224537037,[],,,,order_8yPDYHn9qGzH5x,rcpt-43926,[],,,,setl_eY8Iar1EG6FfsC,2026-06-09 22:22:26,CITIN26060990815482,Razorpay
payment,pay_byJWg46nSfWCU2,8558.50,INR,171.17,30.81,0.00,8356.52,upi,,,2026-06-06 05:35:55,2026-06-06 05:35:55,[],,,,order_Sfi6QMtrhsEcsF,rcpt-15510,[],,,,setl_eY8Iar1EG6FfsC,2026-09-06 05:35:55,CITIN26060990815482,Razorpay
payment,pay_UjygfH0JLhUeij,10870.00,INR,217.40,39.13,0.00,10613.47,upi,,,2026-06-06 12:48:24,2026-06-06 12:48:24,[],,,,order_YPZQvyEeAg69FC,rcpt-17386,[],,,,setl_eY8Iar1EG6FfsC,46182.53361111111,CITIN26060990815482,Razorpay
payment,pay_VhfXjRBg6vgJkN,354.50,INR,7.09,1.28,0.00,346.13,upi,,,06/06/2026 19:01:53,2026-06-06 19:01:53,[],,,,order_V0nZEm5sEX3xO1,rcpt-68146,[],,,,setl_eY8Iar1EG6FfsC,09/06/2026 19:01:53,CITIN26060990815482,Razorpay
payment,pay_DiuWr5vJF5nPfz,15611.00,INR,312.22,56.20,0.00,15242.58,wallet,,,2026-06-06 02:14:22,06/06/2026 02:14:22,[],,,,order_AfAwZ8jnYs9v7o,rcpt-73914,[],,,,setl_eY8Iar1EG6FfsC,2026-06-09 02:14:22,CITIN26060990815482,Razorpay
payment,pay_Vj3ahR7YeKuoSL,23008.50,INR,460.17,82.83,0.00,22465.50,upi,,,06/06/2026 09:27:51,06/06/2026 09:27:51,[],,,,order_3lLltlzSGYcB6Q,rcpt-87600,[],,,,setl_eY8Iar1EG6FfsC,2026-06-09 09:27:51,CITIN26060990815482,Razorpay
payment,pay_7irnF2cQRbewEf,753.00,INR,15.06,2.71,0.00,735.23,upi,,,2026-06-06 16:40:20,06/06/2026 16:40:20,[],,,,order_d3yymsKE1ivYfN,rcpt-27058,[],,,,setl_eY8Iar1EG6FfsC,09/06/2026 16:40:20,CITIN26060990815482,Razorpay
payment,pay_GHHokQxsHntgmv,5546.00,INR,110.92,19.97,0.00,5415.11,upi,,,06/06/2026 23:53:49,2026-06-06 23:53:49,[],,,,order_GU1FQlhtRbGnKE,rcpt-19824,[],,,,setl_eY8Iar1EG6FfsC,2026-06-09 23:53:49,CITIN26060990815482,Razorpay
payment,pay_beq12not383iMg,8344.00,INR,166.88,30.04,0.00,8147.08,upi,,,2026-06-06 06:06:18,46179.254375,[],,,,order_60APjKPoScbLt3,rcpt-14510,[],,,,setl_eY8Iar1EG6FfsC,2026-06-09 06:06:18,CITIN26060990815482,Razorpay
payment,pay_hWtdnM1TVOhKHC,14363.50,INR,287.27,51.71,0.00,14024.52,upi,,,2026-06-06 13:19:47,2026-06-06 13:19:47,[],,,,order_cKCgi8b6SpyyEh,rcpt-67330,[],,,,setl_eY8Iar1EG6FfsC,46182.55540509259,CITIN26060990815482,Razorpay
payment,pay_Vq6pjv4d3f2iCZ,445.00,INR,8.90,1.60,0.00,434.50,card,credit,AXIS,06/06/2026 20:32:16,2026-06-06 20:32:16,[],,,,order_uvAcuGWNH34L0H,rcpt-47018,[],,,,setl_eY8Iar1EG6FfsC,09/06/2026 20:32:16,CITIN26060990815482,Razorpay
payment,pay_pHc3XA1sz4AV7g,717.50,INR,14.35,2.58,0.00,700.57,card,credit,KKBK,2026-06-06 03:45:45,06/06/2026 03:45:45,[],,,,order_4mXqyUGxi3ieuH,rcpt-28794,[],,,,setl_eY8Iar1EG6FfsC,2026-06-09 03:45:45,CITIN26060990815482,Razorpay
payment,pay_bfNzQ4rLWcspvw,18105.00,INR,362.10,65.18,0.00,17677.72,upi,,,06/06/2026 10:58:14,06/06/2026 10:58:14,[],,,,order_8uHxtJ79BYJq4X,rcpt-16157,[],,,,setl_eY8Iar1EG6FfsC,09/06/2026 10:58:14,CITIN26060990815482,Razorpay
payment,pay_as6fx6HV8HxRBB,21141.00,INR,422.82,76.11,0.00,20642.07,upi,,,2026-06-06 17:11:43,06/06/2026 17:11:43,[],,,,order_LwR9jzvHibN2H9,rcpt-69374,[],,,,setl_eY8Iar1EG6FfsC,2026-06-09 17:11:43,CITIN26060990815482,Razorpay
payment,pay_3tU7tM6wggENZN,14991.50,INR,299.83,53.97,0.00,14637.70,upi,,,06/06/2026 00:24:12,2026-06-06 00:24:12,[],,,,order_nitfoI9cS8Fccy,rcpt-64405,[],,,,setl_eY8Iar1EG6FfsC,2026-06-09 00:24:12,CITIN26060990815482,Razorpay
payment,pay_zS1oEYuSuGRSyu,8591.50,INR,171.83,30.93,0.00,8388.74,upi,,,06/06/2026 07:37:41,2026-06-06 07:37:41,[],,,,order_0MOGsRsvFIN2I3,rcpt-64625,[],,,,setl_eY8Iar1EG6FfsC,2026-06-09 07:37:41,CITIN26060990815482,Razorpay
payment,pay_j8SHuL6DnmdzZV,589.00,INR,11.78,2.12,0.00,575.10,upi,,,06/06/2026 14:50:10,06/06/2026 14:50:10,[],,,,order_IAH1UDVfbvrYww,rcpt-29122,[],,,,setl_eY8Iar1EG6FfsC,2026-06-09 14:50:10,CITIN26060990815482,Razorpay
payment,pay_8oejV2iWeMFkIV,399.50,INR,7.99,1.44,0.00,390.07,card,credit,AXIS,2026-06-06 21:03:39,2026-06-06 21:03:39,[],,,,order_57QUsrqNNoEH3y,rcpt-93347,[],,,,setl_eY8Iar1EG6FfsC,09/06/2026 21:03:39,CITIN26060990815482,Razorpay
payment,pay_IUaXSaHsvWXCsI,842.00,INR,16.84,3.03,0.00,822.13,upi,,,2026-06-06 04:16:08,2026-06-06 04:16:08,[],,,,order_Lwe6qOjbGsheGE,rcpt-71156,[],,,,setl_eY8Iar1EG6FfsC,2026-06-09 04:16:08,CITIN26060990815482,Razorpay
payment,pay_8UVQGdIosQsDR6,17316.50,INR,346.33,62.34,0.00,16907.83,upi,,,06/06/2026 11:29:37,2026-06-06 11:29:37,[],,,,order_61IDaizB1NA3WQ,rcpt-17828,[],,,,setl_eY8Iar1EG6FfsC,2026-06-09 11:29:37,CITIN26060990815482,Razorpay
payment,pay_gG9HavqkPU09Qn,9270.00,INR,185.40,33.37,0.00,9051.23,upi,,,06/06/2026 18:42:06,2026-06-06 18:42:06,[],,,,order_1PxN3kifmPFy5G,rcpt-37309,[],,,,setl_eY8Iar1EG6FfsC,2026-06-09 18:42:06,CITIN26060990815482,Razorpay
payment,pay_evfd7D4frOrt7h,2055.00,INR,41.10,7.40,0.00,2006.50,upi,,,46179.0802662037,2026-06-06 01:55:35,[],,,,order_dxkQfghrqJ2grO,rcpt-81808,[],,,,setl_eY8Iar1EG6FfsC,2026-06-09 01:55:35,CITIN26060990815482,Razorpay
payment,pay_bg1FxvTYa0EnyH,304.00,INR,6.08,1.09,0.00,296.83,upi,,,46179.33893518519,2026-06-06 08:08:04,[],,,,order_JZ6zT5IHPe9mC9,rcpt-21867,[],,,,setl_eY8Iar1EG6FfsC,2026-06-09 08:08:04,CITIN26060990815482,Razorpay
payment,pay_P86pj1R3eh5PUb,8545.00,INR,170.90,30.76,0.00,8343.34,upi,,,2026-06-06 15:21:33,2026-06-06 15:21:33,[],,,,order_SBiMsAK96bycVz,rcpt-66033,[],,,,setl_eY8Iar1EG6FfsC,09/06/2026 15:21:33,CITIN26060990815482,Razorpay
payment,pay_6GsQCw8hHAON18,7532.50,INR,150.65,27.12,0.00,7354.73,card,credit,AXIS,2026-06-06 22:34:02,2026-06-06 22:34:02,[],,,,order_6zieEPYCaDw7vx,rcpt-90312,[],,,,setl_eY8Iar1EG6FfsC,46182.940300925926,CITIN26060990815482,Razorpay
payment,pay_0VXHVo5gaAauzW,7454.50,INR,149.09,26.84,0.00,7278.57,upi,,,2026-06-06 05:47:31,2026-06-06 05:47:31,[],,,,order_U6HNX3PgG3gI4e,rcpt-35489,[],,,,setl_eY8Iar1EG6FfsC,2026-06-09 05:47:31,CITIN26060990815482,Razorpay
refund,rfnd_L8kRK3qci33JoQ,3356.88,INR,4.00,0.72,3361.60,0.00,,,,2026-06-09 12:00:00,,,"{""refund_reason"": ""quality_issue""}",347330679661,,,,,,,,setl_eY8Iar1EG6FfsC,2026-06-09 12:00:00,CITIN26060990815482,Razorpay
refund,rfnd_fYw8dGkACN26Cd,4478.50,INR,4.00,0.72,4483.22,0.00,,,,2026-06-09 19:13:29,,,"{""refund_reason"": ""quality_issue""}",131921484607,,,,,,,,setl_eY8Iar1EG6FfsC,2026-06-09 19:13:29,CITIN26060990815482,Razorpay
payment,pay_RLBk6YJ1PJNxEL,24772.00,INR,495.44,89.18,0.00,24187.38,upi,,,2026-07-06 02:26:58,07/06/2026 02:26:58,[],,,,order_VrwlccEy9AOGdt,rcpt-65644,[],,,,setl_yKlQPY9aOctIsT,2026-06-08 02:26:58,CITIN26060828900661,Razorpay
payment,pay_sbHFkYc6T7Gmsk,1340.50,INR,26.81,4.83,0.00,1308.86,upi,,,2026-06-07 09:39:27,2026-07-06 09:39:27,[],,,,order_GjJM34BkLUTYL2,rcpt-62730,[],,,,setl_yKlQPY9aOctIsT,2026-06-08 09:39:27,CITIN26060828900661,Razorpay
payment,pay_6zlPje2towh8fn,873.50,INR,17.47,3.14,0.00,852.89,card,credit,SBIN,46180.70342592592,07/06/2026 16:52:56,[],,,,order_UvsivSU1BNGc9x,rcpt-73588,[],,,,setl_yKlQPY9aOctIsT,2026-06-08 16:52:56,CITIN26060828900661,Razorpay
payment,pay_HvYA2Dxpi7U2eZ,11480.50,INR,229.61,41.33,0.00,11209.56,upi,,,2026-06-07 23:05:25,07/06/2026 23:05:25,[],,,,order_zLQNZeBo32RqrA,rcpt-16722,[],,,,setl_yKlQPY9aOctIsT,08/06/2026 23:05:25,CITIN26060828900661,Razorpay
payment,pay_ujJ2rHYEBDRTzY,17612.50,INR,211.35,38.04,0.00,17363.11,card,debit,SBIN,2026-06-07 06:18:54,2026-06-07 06:18:54,[],,,,order_cso9GRNyOeZTTH,rcpt-50811,[],,,,setl_yKlQPY9aOctIsT,2026-06-08 06:18:54,CITIN26060828900661,Razorpay
payment,pay_X4t5MIpDuDX2Ac,12626.00,INR,252.52,45.45,0.00,12328.03,upi,,,46180.56346064815,2026-06-07 13:31:23,[],,,,order_5Lk3xr0JGWsIoE,rcpt-33062,[],,,,setl_yKlQPY9aOctIsT,46181.56346064815,CITIN26060828900661,Razorpay
payment,pay_bLeWaEQdP3RlVw,6420.50,INR,112.36,20.22,0.00,6287.92,netbanking,,,2026-06-07 20:44:52,2026-06-07 20:44:52,[],,,,order_RkBTwMCdwZ0hKH,rcpt-21158,[],,,,setl_yKlQPY9aOctIsT,2026-06-08 20:44:52,CITIN26060828900661,Razorpay
payment,pay_NJ5UJ16uXiQfpj,892.00,INR,17.84,3.21,0.00,870.95,upi,,,2026-06-07 03:57:21,2026-06-07 03:57:21,[],,,,order_MluUsCopuSJIBd,rcpt-46322,[],,,,setl_yKlQPY9aOctIsT,46181.164826388886,CITIN26060828900661,Razorpay
payment,pay_QE85xdbJwMIBNq,3928.50,INR,47.14,8.49,0.00,3872.87,card,debit,SBIN,07/06/2026 10:10:50,2026-06-07 10:10:50,[],,,,order_XbD6DKoMGf9l3N,rcpt-32520,[],,,,setl_yKlQPY9aOctIsT,2026-06-08 10:10:50,CITIN26060828900661,Razorpay
payment,pay_mxe6t8wdBTlUKB,5777.00,INR,144.43,26.00,0.00,5606.57,card,credit,SBIN,07/06/2026 17:23:19,07/06/2026 17:23:19,[],,,,order_iGWTd52q8jUrt4,rcpt-29135,[],,,,setl_yKlQPY9aOctIsT,2026-06-08 17:23:19,CITIN26060828900661,Razorpay
payment,pay_XBkxl1xRuc0d2s,7691.00,INR,92.29,16.61,0.00,7582.10,card,debit,KKBK,2026-06-07 00:36:48,2026-07-06 00:36:48,[],,,,order_ibnVjq88YFWT3r,rcpt-78799,[],,,,setl_yKlQPY9aOctIsT,46181.025555555556,CITIN26060828900661,Razorpay
payment,pay_CPzQy2F8HQjM6K,1718.50,INR,34.37,6.19,0.00,1677.94,upi,,,2026-06-07 07:49:17,07/06/2026 07:49:17,[],,,,order_aUg7HYZo0MMpWW,rcpt-72258,[],,,,setl_yKlQPY9aOctIsT,08/06/2026 07:49:17,CITIN26060828900661,Razorpay
payment,pay_DL6Q9gx74WgyAC,11375.50,INR,227.51,40.95,0.00,11107.04,upi,,,2026-06-07 14:02:46,07/06/2026 14:02:46,[],,,,order_SZgCB6BZzT55xu,rcpt-29149,[],,,,setl_yKlQPY9aOctIsT,2026-06-08 14:02:46,CITIN26060828900661,Razorpay
payment,pay_eH0ZtLHSMFNLMt,16241.50,INR,284.23,51.16,0.00,15906.11,netbanking,,SBIN,2026-06-07 21:15:15,07/06/2026 21:15:15,[],,,,order_BUgOgtXLGZinUl,rcpt-43640,[],,,,setl_yKlQPY9aOctIsT,2026-06-08 21:15:15,CITIN26060828900661,Razorpay
payment,pay_s6wI0OhhxwoMtw,3128.00,INR,62.56,11.26,0.00,3054.18,upi,,,2026-06-07 04:28:44,2026-06-07 04:28:44,[],,,,order_i9aghVrOR1Fqf1,rcpt-65569,[],,,,setl_yKlQPY9aOctIsT,2026-06-08 04:28:44,CITIN26060828900661,Razorpay
payment,pay_tdP6JuWG3E5CMv,402.00,INR,8.04,1.45,0.00,392.51,upi,,,2026-06-07 11:41:13,07/06/2026 11:41:13,[],,,,order_3o4Xa24sUiuapp,rcpt-22994,[],,,,setl_yKlQPY9aOctIsT,08/06/2026 11:41:13,CITIN26060828900661,Razorpay
payment,pay_hVe5VBhzB8aoJ6,3087.50,INR,61.75,11.12,0.00,3014.63,upi,,,2026-06-07 18:54:42,2026-06-07 18:54:42,[],,,,order_9yFOyXfrY3Tl1P,rcpt-87690,[],,,,setl_yKlQPY9aOctIsT,2026-06-08 18:54:42,CITIN26060828900661,Razorpay
payment,pay_Upma5vK6btTWXL,19531.50,INR,390.63,70.31,0.00,19070.56,upi,,,2026-06-07 01:07:11,07/06/2026 01:07:11,[],,,,order_RWhSsMFsquIW50,rcpt-85209,[],,,,setl_yKlQPY9aOctIsT,2026-06-08 01:07:11,CITIN26060828900661,Razorpay
payment,pay_WmJwZxP4pK0den,3471.00,INR,41.65,7.50,0.00,3421.85,card,debit,KKBK,07/06/2026 08:20:40,2026-06-07 08:20:40,[],,,,order_bcAicrAddmoUYB,rcpt-12403,[],,,,setl_yKlQPY9aOctIsT,08/06/2026 08:20:40,CITIN26060828900661,Razorpay
payment,pay_cZokUsI9I0d3uo,16149.00,INR,322.98,58.14,0.00,15767.88,card,credit,KKBK,2026-06-07 15:33:09,07/06/2026 15:33:09,[],,,,order_JKCqbmorZdgtFZ,rcpt-65925,[],,,,setl_yKlQPY9aOctIsT,2026-06-08 15:33:09,CITIN26060828900661,Razorpay
payment,pay_cNcC8VCX5mwZIa,838.00,INR,16.76,3.02,0.00,818.22,card,credit,HDFC,07/06/2026 22:46:38,2026-06-07 22:46:38,[],,,,order_lWFLQZ70voM3qK,rcpt-12855,[],,,,setl_yKlQPY9aOctIsT,2026-06-08 22:46:38,CITIN26060828900661,Razorpay
payment,pay_Ggu3F3hOQjqoDD,10279.50,INR,179.89,32.38,0.00,10067.23,netbanking,,AXIS,46180.249386574076,2026-06-07 05:59:07,[],,,,order_wUc5BdhufCbSGI,rcpt-59419,[],,,,setl_yKlQPY9aOctIsT,2026-06-08 05:59:07,CITIN26060828900661,Razorpay
payment,pay_QiaRNxHoZUiYWd,22049.50,INR,440.99,79.38,0.00,21529.13,upi,,,07/06/2026 12:12:36,07/06/2026 12:12:36,[],,,,order_gElx2ly9dkibWI,rcpt-48108,[],,,,setl_yKlQPY9aOctIsT,2026-06-08 12:12:36,CITIN26060828900661,Razorpay
payment,pay_myEYslkbT8zjkX,19355.50,INR,387.11,69.68,0.00,18898.71,upi,,,46180.80908564815,07/06/2026 19:25:05,[],,,,order_LCNhcHABZkDBxB,rcpt-87684,[],,,,setl_yKlQPY9aOctIsT,08/06/2026 19:25:05,CITIN26060828900661,Razorpay
payment,pay_gSkZX6yjPouUKB,369.00,INR,7.38,1.33,0.00,360.29,upi,,,2026-06-07 02:38:34,2026-06-07 02:38:34,[],,,,order_cBNocUgByN7H5w,rcpt-24775,[],,,,setl_yKlQPY9aOctIsT,2026-06-08 02:38:34,CITIN26060828900661,Razorpay
payment,pay_OmOFAfCAHg9hkr,3451.50,INR,69.03,12.43,0.00,3370.04,card,credit,KKBK,2026-06-07 09:51:03,07/06/2026 09:51:03,[],,,,order_Ak9Fy9PXu4LCxd,rcpt-78760,[],,,,setl_yKlQPY9aOctIsT,08/06/2026 09:51:03,CITIN26060828900661,Razorpay
payment,pay_zd7lptK1t4uc4K,14820.50,INR,296.41,53.35,0.00,14470.74,upi,,,2026-06-07 16:04:32,2026-06-07 16:04:32,[],,,,order_wE04s3CLhtu8wG,rcpt-12663,[],,,,setl_yKlQPY9aOctIsT,2026-06-08 16:04:32,CITIN26060828900661,Razorpay
payment,pay_s0KlZwg2lNNUXF,2514.00,INR,50.28,9.05,0.00,2454.67,upi,,,2026-06-07 23:17:01,2026-06-07 23:17:01,[],,,,order_5gmia9SIdfRB7k,rcpt-93138,[],,,,setl_yKlQPY9aOctIsT,08/06/2026 23:17:01,CITIN26060828900661,Razorpay
payment,pay_TFVQLBOpisiXE3,3358.50,INR,67.17,12.09,0.00,3279.24,card,credit,,07/06/2026 06:30:30,2026-06-07 06:30:30,[],,,,order_L9Bxp2dYo9Ovgh,rcpt-20865,[],,,,setl_yKlQPY9aOctIsT,2026-06-08 06:30:30,CITIN26060828900661,Razorpay
payment,pay_b5XAaFsFGhFBHs,347.00,INR,6.94,1.25,0.00,338.81,upi,,,2026-06-07 13:43:59,2026-06-07 13:43:59,[],,,,order_6isnosOUmcRQG5,rcpt-37414,[],,,,setl_yKlQPY9aOctIsT,2026-06-08 13:43:59,CITIN26060828900661,Razorpay
payment,pay_m2jHH3KCHv5BZU,2581.00,INR,51.62,9.29,0.00,2520.09,upi,,,2026-07-06 20:56:28,07/06/2026 20:56:28,[],,,,order_0TlbUItE5bybng,rcpt-75142,[],,,,setl_yKlQPY9aOctIsT,2026-06-08 20:56:28,CITIN26060828900661,Razorpay
payment,pay_a0rpKrikQmgD7n,15606.00,INR,312.12,56.18,0.00,15237.70,wallet,,,2026-06-07 03:09:57,46180.13190972222,[],,,,order_RDKNpguNe125rR,rcpt-93174,[],,,,setl_yKlQPY9aOctIsT,08/06/2026 03:09:57,CITIN26060828900661,Razorpay
payment,pay_vweIfTeltG6U9c,8402.00,INR,168.04,30.25,0.00,8203.71,card,credit,AXIS,07/06/2026 10:22:26,2026-06-07 10:22:26,[],,,,order_6FyZGC5raVazfG,rcpt-36727,[],,,,setl_yKlQPY9aOctIsT,2026-06-08 10:22:26,CITIN26060828900661,Razorpay
payment,pay_9e59a2Cdy55uC8,357.50,INR,7.15,1.29,0.00,349.06,wallet,,,07/06/2026 17:35:55,2026-06-07 17:35:55,[],,,,order_sQdHYKhnu1mkr4,rcpt-51630,[],,,,setl_yKlQPY9aOctIsT,46181.73327546296,CITIN26060828900661,Razorpay
payment,pay_59borfvuBpRexo,500.50,INR,10.01,1.80,0.00,488.69,card,credit,HDFC,07/06/2026 00:48:24,2026-07-06 00:48:24,[],,,,order_k8TNZU9oTYJebl,rcpt-94660,[],,,,setl_yKlQPY9aOctIsT,08/06/2026 00:48:24,CITIN26060828900661,Razorpay
payment,pay_egTIpcg3d2SGK3,13810.00,INR,276.20,49.72,0.00,13484.08,upi,,,2026-06-07 07:01:53,2026-06-07 07:01:53,[],,,,order_jbNIs68bgfaDOs,rcpt-28204,[],,,,setl_yKlQPY9aOctIsT,2026-06-08 07:01:53,CITIN26060828900661,Razorpay
payment,pay_JIHMQ0OTjiwEih,18927.50,INR,473.19,85.17,0.00,18369.14,card,credit,AXIS,2026-06-07 14:14:22,07/06/2026 14:14:22,[],,,,order_3V7wfQqbWcJqGA,rcpt-38813,[],,,,setl_yKlQPY9aOctIsT,2026-08-06 14:14:22,CITIN26060828900661,Razorpay
payment,pay_222W7wamjPHbV2,4613.50,INR,92.27,16.61,0.00,4504.62,upi,,,2026-06-08 21:27:51,08/06/2026 21:27:51,[],,,,order_7CfZcVm0358W9d,rcpt-25397,[],,,,setl_GZzsTxZYNNlnv9,10/06/2026 21:27:51,CITIN26061055562066,Razorpay
payment,pay_2fjkwvx2kXngOS,8850.50,INR,177.01,31.86,0.00,8641.63,upi,,,46181.19467592592,08/06/2026 04:40:20,[],,,,order_U8hFfzBkgG4mZQ,rcpt-32768,[],,,,setl_GZzsTxZYNNlnv9,10/06/2026 04:40:20,CITIN26061055562066,Razorpay
payment,pay_IsrH00PaHGElxl,1423.50,INR,28.47,5.12,0.00,1389.91,upi,,,08/06/2026 11:53:49,2026-06-08 11:53:49,[],,,,order_IYg4mwzcjXHyRX,rcpt-90330,[],,,,setl_GZzsTxZYNNlnv9,2026-06-10 11:53:49,CITIN26061055562066,Razorpay
payment,pay_gXA2udPh4w9hta,4478.50,INR,89.57,16.12,0.00,4372.81,upi,,,08/06/2026 18:06:18,2026-06-08 18:06:18,[],,,,order_McCo1qjyFt3LSm,rcpt-30762,[],,,,setl_GZzsTxZYNNlnv9,10/06/2026 18:06:18,CITIN26061055562066,Razorpay
payment,pay_nBob6hkkq76hHt,609.50,INR,10.67,1.92,0.00,596.91,netbanking,,ICICI,2026-06-08 01:19:47,2026-06-08 01:19:47,[],,,,order_35dHA70acSILDv,rcpt-82703,[],,,,setl_GZzsTxZYNNlnv9,46183.05540509259,CITIN26061055562066,Razorpay
payment,pay_dMWpfc2vecJr6I,20412.50,INR,408.25,73.49,0.00,19930.76,upi,,,46181.35574074074,08/06/2026 08:32:16,[],,,,order_z9LvUJeRoAhTfI,rcpt-81343,[],,,,setl_GZzsTxZYNNlnv9,46183.35574074074,CITIN26061055562066,Razorpay
payment,pay_20TWNbo8TrghKE,819.50,INR,16.39,2.95,0.00,800.16,upi,,,2026-06-08 15:45:45,2026-06-08 15:45:45,[],,,,order_n7yLPjhAEta7hW,rcpt-64808,[],,,,setl_GZzsTxZYNNlnv9,2026-10-06 15:45:45,CITIN26061055562066,Razorpay
payment,pay_Mj0qWNGWKcDLPA,5829.50,INR,116.59,20.99,0.00,5691.92,wallet,,,2026-06-08 22:58:14,08/06/2026 22:58:14,[],,,,order_NBUNMbEzz24NJU,rcpt-30955,[],,,,setl_GZzsTxZYNNlnv9,2026-06-10 22:58:14,CITIN26061055562066,Razorpay
payment,pay_56zsVJRKfcvpxp,4080.00,INR,71.40,12.85,0.00,3995.75,netbanking,,AXIS,46181.216469907406,2026-06-08 05:11:43,[],,,,order_TN3wk5QXcYyTFw,rcpt-22930,[],,,,setl_GZzsTxZYNNlnv9,2026-06-10 05:11:43,CITIN26061055562066,Razorpay
payment,pay_fB7trRBM215Oiv,2099.00,INR,41.98,7.56,0.00,2049.46,upi,,,2026-06-08 12:24:12,46181.516805555555,[],,,,order_wT8lQGO5ztw7DW,rcpt-98690,[],,,,setl_GZzsTxZYNNlnv9,2026-06-10 12:24:12,CITIN26061055562066,Razorpay
payment,pay_BhQSbjwPMXJymn,362.50,INR,7.25,1.31,0.00,353.94,upi,,,2026-06-08 19:37:41,08/06/2026 19:37:41,[],,,,order_aMFyG9N7onubUI,rcpt-27774,[],,,,setl_GZzsTxZYNNlnv9,46183.81783564815,CITIN26061055562066,Razorpay
payment,pay_gAFoo8k88hYriH,2498.50,INR,49.97,8.99,0.00,2439.54,upi,,,2026-06-08 02:50:10,2026-06-08 02:50:10,[],,,,order_8QwdlImC8EmSi9,rcpt-83774,[],,,,setl_GZzsTxZYNNlnv9,10/06/2026 02:50:10,CITIN26061055562066,Razorpay
payment,pay_45b5y90cEjuqDK,14956.50,INR,299.13,53.84,0.00,14603.53,upi,,,2026-06-08 09:03:39,2026-06-08 09:03:39,[],,,,order_YyfbjZD6bkmAdj,rcpt-43053,[],,,,setl_GZzsTxZYNNlnv9,46183.377534722225,CITIN26061055562066,Razorpay
payment,pay_5lmsrdlHyp5Ix9,1542.00,INR,30.84,5.55,0.00,1505.61,card,credit,AXIS,46181.67787037037,2026-06-08 16:16:08,[],,,,order_Q9DzV3rnh1OxRy,rcpt-71050,[],,,,setl_GZzsTxZYNNlnv9,2026-06-10 16:16:08,CITIN26061055562066,Razorpay
payment,pay_IXeEwFJ5hForSF,10878.50,INR,217.57,39.16,0.00,10621.77,upi,,,08/06/2026 23:29:37,46181.978900462964,[],,,,order_WL9JUH9oBOxRfq,rcpt-44546,[],,,,setl_GZzsTxZYNNlnv9,2026-06-10 23:29:37,CITIN26061055562066,Razorpay
payment,pay_TkVo4eYLsPj5y9,2830.00,INR,56.60,10.19,0.00,2763.21,card,credit,ICICI,2026-06-08 06:42:06,08/06/2026 06:42:06,[],,,,order_i8w1sooNXfDvCj,rcpt-63131,[],,,,setl_GZzsTxZYNNlnv9,2026-06-10 06:42:06,CITIN26061055562066,Razorpay
payment,pay_wDI7oMmIM5KfMY,2738.00,INR,54.76,9.86,0.00,2673.38,upi,,,08/06/2026 13:55:35,2026-06-08 13:55:35,[],,,,order_jsLOXJetOeS8TF,rcpt-80170,[],,,,setl_GZzsTxZYNNlnv9,46183.5802662037,CITIN26061055562066,Razorpay
payment,pay_90EmrsdqBg7f6O,204.00,INR,4.08,0.73,0.00,199.19,upi,,,2026-06-08 20:08:04,2026-08-06 20:08:04,[],,,,order_jf9f9MEHNO87ky,rcpt-38332,[],,,,setl_GZzsTxZYNNlnv9,2026-06-10 20:08:04,CITIN26061055562066,Razorpay
payment,pay_ooyjaUwNIwc4C9,2847.00,INR,71.18,12.81,0.00,2763.01,card,credit,,2026-06-08 03:21:33,46181.139965277776,[],,,,order_X49aBvjKTOBRgu,rcpt-56085,[],,,,setl_GZzsTxZYNNlnv9,10/06/2026 03:21:33,CITIN26061055562066,Razorpay
payment,pay_s2mlTP96pqiOw2,3026.50,INR,60.53,10.90,0.00,2955.07,upi,,,2026-06-08 10:34:02,2026-06-08 10:34:02,[],,,,order_9Oa07X9CnPyZXa,rcpt-87477,[],,,,setl_GZzsTxZYNNlnv9,10/06/2026 10:34:02,CITIN26061055562066,Razorpay
payment,pay_VsvMLzgBbIFgqG,24979.50,INR,299.75,53.96,0.00,24625.79,card,debit,ICICI,2026-06-08 17:47:31,2026-06-08 17:47:31,[],,,,order_S9t95cvXRsTEBn,rcpt-24442,[],,,,setl_GZzsTxZYNNlnv9,46183.74133101852,CITIN26061055562066,Razorpay
payment,pay_xRi7Qy8WPZf4Oa,3197.00,INR,63.94,11.51,0.00,3121.55,upi,,,2026-08-06 00:00:00,08/06/2026 00:00:00,[],,,,order_nRgPYjXRhjws84,rcpt-49042,[],,,,setl_GZzsTxZYNNlnv9,2026-06-10 00:00:00,CITIN26061055562066,Razorpay
payment,pay_ZTR58kEfoI9CZN,600.50,INR,12.01,2.16,0.00,586.33,upi,,,2026-06-08 07:13:29,2026-06-08 07:13:29,[],,,,order_TgDOAWYvoRP4Dz,rcpt-31872,[],,,,setl_GZzsTxZYNNlnv9,2026-06-10 07:13:29,CITIN26061055562066,Razorpay
payment,pay_03h4dcYfWGYcHS,9526.50,INR,190.53,34.30,0.00,9301.67,upi,,,2026-06-08 14:26:58,08/06/2026 14:26:58,[],,,,order_ES8PVFQ1bCFCB4,rcpt-51852,[],,,,setl_GZzsTxZYNNlnv9,2026-06-10 14:26:58,CITIN26061055562066,Razorpay
payment,pay_t68Vqwg7hFdPOj,3155.50,INR,55.22,9.94,0.00,3090.34,netbanking,,ICICI,08/06/2026 21:39:27,2026-06-08 21:39:27,[],,,,order_D77E9EDsEIO40O,rcpt-25999,[],,,,setl_GZzsTxZYNNlnv9,2026-06-10 21:39:27,CITIN26061055562066,Razorpay
payment,pay_Nonv71gwhRBdgp,481.50,INR,9.63,1.73,0.00,470.14,upi,,,2026-08-06 04:52:56,2026-06-08 04:52:56,[],,,,order_lY5Tc5hSUD49WJ,rcpt-66102,[],,,,setl_GZzsTxZYNNlnv9,2026-06-10 04:52:56,CITIN26061055562066,Razorpay
payment,pay_mTWAcfoNlIessM,8573.00,INR,171.46,30.86,0.00,8370.68,card,credit,AXIS,46181.46209490741,2026-06-08 11:05:25,[],,,,order_4vZinjXj3C3xbT,rcpt-63024,[],,,,setl_GZzsTxZYNNlnv9,2026-06-10 11:05:25,CITIN26061055562066,Razorpay
payment,pay_6TctNjWQ5tT1H7,4308.50,INR,75.40,13.57,0.00,4219.53,netbanking,,,2026-06-08 18:18:54,2026-06-08 18:18:54,[],,,,order_QkmniNNyGlvUNj,rcpt-87950,[],,,,setl_GZzsTxZYNNlnv9,2026-06-10 18:18:54,CITIN26061055562066,Razorpay
payment,pay_Dxn1Qjbo763HJN,4047.50,INR,48.57,8.74,0.00,3990.19,card,debit,SBIN,08/06/2026 01:31:23,46181.06346064815,[],,,,order_U980trtOmxntR0,rcpt-33848,[],,,,setl_GZzsTxZYNNlnv9,2026-06-10 01:31:23,CITIN26061055562066,Razorpay
payment,pay_MIDvusE2s0VxQW,763.00,INR,15.26,2.75,0.00,744.99,upi,,,08/06/2026 08:44:52,2026-06-08 08:44:52,[],,,,order_RzI3WcJZT1nVJ2,rcpt-66041,[],,,,setl_GZzsTxZYNNlnv9,46183.36449074074,CITIN26061055562066,Razorpay
payment,pay_sBSa1BEJtaXafU,1783.00,INR,35.66,6.42,0.00,1740.92,upi,,,46181.664826388886,2026-06-08 15:57:21,[],,,,order_BDI8pGUCfKoLpI,rcpt-72493,[],,,,setl_GZzsTxZYNNlnv9,10/06/2026 15:57:21,CITIN26061055562066,Razorpay
payment,pay_kOVdIgQCfWOrCa,24409.50,INR,488.19,87.87,0.00,23833.44,upi,,,2026-06-08 22:10:50,2026-06-08 22:10:50,[],,,,order_hLRR79pIA7RZlH,rcpt-42961,[],,,,setl_GZzsTxZYNNlnv9,46183.92418981482,CITIN26061055562066,Razorpay
payment,pay_PmgAaKLfbGgGx1,419.50,INR,8.39,1.51,0.00,409.60,upi,,,2026-06-08 05:23:19,2026-06-08 05:23:19,[],,,,order_mj8aYTGM2sCqmd,rcpt-66715,[],,,,setl_GZzsTxZYNNlnv9,2026-06-10 05:23:19,CITIN26061055562066,Razorpay
payment,pay_isAaZMcW196510,287.50,INR,5.03,0.91,0.00,281.56,netbanking,,AXIS,2026-06-08 12:36:48,2026-06-08 12:36:48,[],,,,order_R0eOx3oA53GyoR,rcpt-94189,[],,,,setl_GZzsTxZYNNlnv9,2026-06-10 12:36:48,CITIN26061055562066,Razorpay
payment,pay_MEOMg11hBWT5zC,9430.50,INR,188.61,33.95,0.00,9207.94,upi,,,2026-06-08 19:49:17,2026-06-08 19:49:17,[],,,,order_jJn1aLDPS3Kllu,rcpt-71936,[],,,,setl_GZzsTxZYNNlnv9,46183.825891203705,CITIN26061055562066,Razorpay
payment,pay_r6MVye85WlwyZn,21118.50,INR,422.37,76.03,0.00,20620.10,wallet,,,2026-06-08 02:02:46,2026-06-08 02:02:46,[],,,,order_DFY0QKf4xcA0DL,rcpt-21572,[],,,,setl_GZzsTxZYNNlnv9,2026-06-10 02:02:46,CITIN26061055562066,Razorpay
payment,pay_tNbS4aTstUOWlx,1489.00,INR,29.78,5.36,0.00,1453.86,upi,,,2026-08-06 09:15:15,08/06/2026 09:15:15,[],,,,order_zSnGWxx1dJGdCV,rcpt-61797,[],,,,setl_GZzsTxZYNNlnv9,2026-06-10 09:15:15,CITIN26061055562066,Razorpay
payment,pay_SFZXcT4KUAgE2J,255.00,INR,4.46,0.80,0.00,249.74,netbanking,,SBIN,08/06/2026 16:28:44,08/06/2026 16:28:44,[],,,,order_zzNOq9QFVhCyMn,rcpt-14044,[],,,,setl_GZzsTxZYNNlnv9,2026-06-10 16:28:44,CITIN26061055562066,Razorpay
payment,pay_PbdT6bvfhbJnRp,2622.50,INR,52.45,9.44,0.00,2560.61,upi,,,2026-06-08 23:41:13,2026-06-08 23:41:13,[],,,,order_LULCbL1ubaJhZM,rcpt-12253,[],,,,setl_GZzsTxZYNNlnv9,10/06/2026 23:41:13,CITIN26061055562066,Razorpay
payment,pay_PpvIxBXk1NCF2m,238.50,INR,2.86,0.51,0.00,235.13,card,debit,ICICI,2026-06-08 06:54:42,08/06/2026 06:54:42,[],,,,order_jz8OY2lZvO07MQ,rcpt-61421,[],,,,setl_GZzsTxZYNNlnv9,2026-06-10 06:54:42,CITIN26061055562066,Razorpay
payment,pay_nv00RbKvDbkHqG,16109.00,INR,322.18,57.99,0.00,15728.83,upi,,,08/06/2026 13:07:11,2026-06-08 13:07:11,[],,,,order_oTjoMYX0V6n4cW,rcpt-53847,[],,,,setl_GZzsTxZYNNlnv9,10/06/2026 13:07:11,CITIN26061055562066,Razorpay
payment,pay_nq268ElGaqFUTN,2448.00,INR,61.20,11.02,0.00,2375.78,card,credit,SBIN,2026-06-08 20:20:40,46181.84768518519,[],,,,order_Ky8aE2zZRaFTTh,rcpt-56347,[],,,,setl_GZzsTxZYNNlnv9,2026-06-10 20:20:40,CITIN26061055562066,Razorpay
payment,pay_6J5SHq1pPTEEHI,3460.50,INR,69.21,12.46,0.00,3378.83,card,credit,SBIN,08/06/2026 03:33:09,08/06/2026 03:33:09,[],,,,order_ms85ajEeKeiL75,rcpt-90123,[],,,,setl_GZzsTxZYNNlnv9,2026-06-10 03:33:09,CITIN26061055562066,Razorpay
payment,pay_y9rXgikfkATVUY,9852.50,INR,172.42,31.04,0.00,9649.04,netbanking,,SBIN,08/06/2026 10:46:38,2026-06-08 10:46:38,[],,,,order_6HK1luCKaBFDOE,rcpt-29310,[],,,,setl_GZzsTxZYNNlnv9,2026-06-10 10:46:38,CITIN26061055562066,Razorpay
payment,pay_arkf11ug6BmBNq,6265.50,INR,125.31,22.56,0.00,6117.63,card,credit,AXIS,2026-06-08 17:59:07,08/06/2026 17:59:07,[],,,,order_3nHNYnRFx2aNNa,rcpt-94612,[],,,,setl_GZzsTxZYNNlnv9,2026-06-10 17:59:07,CITIN26061055562066,Razorpay
payment,pay_v70Z3qbXq5wkRJ,341.50,INR,6.83,1.23,0.00,333.44,upi,,,2026-06-08 00:12:36,2026-06-08 00:12:36,[],,,,order_HB0MhLVKGD8gwZ,rcpt-47965,[],,,,setl_GZzsTxZYNNlnv9,46183.00875,CITIN26061055562066,Razorpay
payment,pay_2VFx0UshEMnDRf,19942.00,INR,398.84,71.79,0.00,19471.37,upi,,,08/06/2026 07:25:05,2026-06-08 07:25:05,[],,,,order_SbBIJ4NRCWbT6O,rcpt-55190,[],,,,setl_GZzsTxZYNNlnv9,2026-06-10 07:25:05,CITIN26061055562066,Razorpay
payment,pay_LvP0Ux8UHUPxgZ,3760.50,INR,94.01,16.92,0.00,3649.57,card,credit,ICICI,2026-06-09 14:38:34,09/06/2026 14:38:34,[],,,,order_EJBmFjMh9MBv6o,rcpt-78061,[],,,,setl_AfvzLGXEflJBNc,10/06/2026 14:38:34,CITIN26061031144202,Razorpay
payment,pay_RA5kB4N5rnolzG,4845.50,INR,96.91,17.44,0.00,4731.15,wallet,,,09/06/2026 21:51:03,46182.91045138889,[],,,,order_KTmDBqjqkYvs7t,rcpt-71267,[],,,,setl_AfvzLGXEflJBNc,10/06/2026 21:51:03,CITIN26061031144202,Razorpay
payment,pay_5zWjetqBBXNAtQ,19637.50,INR,392.75,70.70,0.00,19174.05,wallet,,,09/06/2026 04:04:32,2026-06-09 04:04:32,[],,,,order_nVwy0HAd3E2L5S,rcpt-30008,[],,,,setl_AfvzLGXEflJBNc,46183.16981481481,CITIN26061031144202,Razorpay
payment,pay_Y2FBLvgjWoiJSw,17440.00,INR,348.80,62.78,0.00,17028.42,upi,,,2026-06-09 11:17:01,2026-06-09 11:17:01,[],,,,order_6Ruc72siurTzug,rcpt-63743,[],,,,setl_AfvzLGXEflJBNc,2026-06-10 11:17:01,CITIN26061031144202,Razorpay
payment,pay_kOwMbx3fAymKHY,385.00,INR,7.70,1.39,0.00,375.91,upi,,,2026-06-09 18:30:30,09/06/2026 18:30:30,[],,,,order_e56gCdaDvpKVPB,rcpt-11271,[],,,,setl_AfvzLGXEflJBNc,2026-06-10 18:30:30,CITIN26061031144202,Razorpay
payment,pay_qfuC5bCOFUJVl4,671.00,INR,13.42,2.42,0.00,655.16,upi,,,46182.07221064815,09/06/2026 01:43:59,[],,,,order_O2RnuMhlG43NI5,rcpt-98554,[],,,,setl_AfvzLGXEflJBNc,2026-06-10 01:43:59,CITIN26061031144202,Razorpay
payment,pay_uOuAwDKoTSFfYV,8173.00,INR,163.46,29.42,0.00,7980.12,card,credit,,2026-06-09 08:56:28,09/06/2026 08:56:28,[],,,,order_8oUtjOFubhMvuJ,rcpt-78342,[],,,,setl_AfvzLGXEflJBNc,46183.3725462963,CITIN26061031144202,Razorpay
payment,pay_KC1PHMGMxPBSa7,610.50,INR,12.21,2.20,0.00,596.09,upi,,,2026-06-09 15:09:57,2026-06-09 15:09:57,[],,,,order_FmKCefsUCc4h9f,rcpt-10247,[],,,,setl_AfvzLGXEflJBNc,2026-06-10 15:09:57,CITIN26061031144202,Razorpay
payment,pay_elfjCkDYoEijat,23688.00,INR,473.76,85.28,0.00,23128.96,card,credit,AXIS,2026-06-09 22:22:26,2026-09-06 22:22:26,[],,,,order_zmrdkg6coTK29m,rcpt-38891,[],,,,setl_AfvzLGXEflJBNc,46183.93224537037,CITIN26061031144202,Razorpay
payment,pay_ScPHo4SezFaanZ,647.00,INR,12.94,2.33,0.00,631.73,upi,,,09/06/2026 05:35:55,46182.23327546296,[],,,,order_SH0nIplpbs61FC,rcpt-73426,[],,,,setl_AfvzLGXEflJBNc,10/06/2026 05:35:55,CITIN26061031144202,Razorpay
payment,pay_6McSqWRlbGfX5m,770.50,INR,9.25,1.67,0.00,759.58,card,debit,SBIN,2026-06-09 12:48:24,09/06/2026 12:48:24,[],,,,order_2MCztkTITCPpjo,rcpt-23951,[],,,,setl_AfvzLGXEflJBNc,2026-06-10 12:48:24,CITIN26061031144202,Razorpay
payment,pay_yHCBtnmwNlmioY,8168.00,INR,163.36,29.40,0.00,7975.24,card,credit,SBIN,2026-06-09 19:01:53,09/06/2026 19:01:53,[],,,,order_tvqEYgRefaAttv,rcpt-94432,[],,,,setl_AfvzLGXEflJBNc,10/06/2026 19:01:53,CITIN26061031144202,Razorpay
payment,pay_6VinLJaJfE6V5f,2690.00,INR,47.08,8.47,0.00,2634.45,netbanking,,SBIN,2026-06-09 02:14:22,2026-06-09 02:14:22,[],,,,order_neCVZcp5YpjM8I,rcpt-48562,[],,,,setl_AfvzLGXEflJBNc,2026-06-10 02:14:22,CITIN26061031144202,Razorpay
payment,pay_Ty2MNAGXqB1iAI,17448.50,INR,348.97,62.81,0.00,17036.72,card,credit,HDFC,09/06/2026 09:27:51,2026-06-09 09:27:51,[],,,,order_C2qayOyXp49dHZ,rcpt-79743,[],,,,setl_AfvzLGXEflJBNc,2026-06-10 09:27:51,CITIN26061031144202,Razorpay
payment,pay_tfVIiZCX6uWDrN,16261.50,INR,569.15,102.45,0.00,15589.90,card,credit,ICICI,2026-06-09 16:40:20,2026-06-09 16:40:20,[],,,,order_ZW3teQP5bOCUAQ,rcpt-71037,[],,,,setl_AfvzLGXEflJBNc,2026-06-10 16:40:20,CITIN26061031144202,Razorpay
payment,pay_Ev1SaD6THUBYBo,17618.00,INR,352.36,63.42,0.00,17202.22,card,credit,AXIS,2026-09-06 23:53:49,2026-06-09 23:53:49,[],,,,order_Mq0qEMkwClhRe4,rcpt-60974,[],,,,setl_AfvzLGXEflJBNc,2026-06-10 23:53:49,CITIN26061031144202,Razorpay
payment,pay_PhFLoiKSerEzab,853.50,INR,10.24,1.84,0.00,841.42,card,debit,HDFC,2026-06-09 06:06:18,2026-06-09 06:06:18,[],,,,order_BSmirpFi8BgWgO,rcpt-60089,[],,,,setl_AfvzLGXEflJBNc,10/06/2026 06:06:18,CITIN26061031144202,Razorpay
payment,pay_3jtPYiRDrcBccB,809.50,INR,16.19,2.91,0.00,790.40,card,credit,AXIS,09/06/2026 13:19:47,2026-06-09 13:19:47,[],,,,order_kOeUBST5TgyFaR,rcpt-26922,[],,,,setl_AfvzLGXEflJBNc,2026-06-10 13:19:47,CITIN26061031144202,Razorpay
payment,pay_bQvv7GmzoWl1Bj,23802.50,INR,476.05,85.69,0.00,23240.76,card,credit,SBIN,2026-06-09 20:32:16,46182.85574074074,[],,,,order_y0DnFXBnM5jHZe,rcpt-77107,[],,,,setl_AfvzLGXEflJBNc,46183.85574074074,CITIN26061031144202,Razorpay
payment,pay_0jwUqPfNqobi4h,3218.50,INR,64.37,11.59,0.00,3142.54,upi,,,2026-06-09 03:45:45,2026-06-09 03:45:45,[],,,,order_6j0ZABZ2yHQZ8J,rcpt-84068,[],,,,setl_AfvzLGXEflJBNc,2026-06-10 03:45:45,CITIN26061031144202,Razorpay
payment,pay_ngy5BnRA5KUJlc,213.00,INR,2.56,0.46,0.00,209.98,card,debit,HDFC,09/06/2026 10:58:14,2026-09-06 10:58:14,[],,,,order_tOtgtdq75mJH3Y,rcpt-33380,[],,,,setl_AfvzLGXEflJBNc,46183.45710648148,CITIN26061031144202,Razorpay
payment,pay_KTJly6iPLJCCa1,589.00,INR,11.78,2.12,0.00,575.10,upi,,,2026-09-06 17:11:43,46182.716469907406,[],,,,order_ENqPb2irrotXup,rcpt-52787,[],,,,setl_AfvzLGXEflJBNc,46183.716469907406,CITIN26061031144202,Razorpay
payment,pay_LHjqGl996HHzl7,13803.00,INR,276.06,49.69,0.00,13477.25,wallet,,,09/06/2026 00:24:12,09/06/2026 00:24:12,[],,,,order_V58oZWzk7iC592,rcpt-90347,[],,,,setl_AfvzLGXEflJBNc,2026-06-10 00:24:12,CITIN26061031144202,Razorpay
payment,pay_6iA0veaEuzlMS0,464.00,INR,11.60,2.09,0.00,450.31,card,credit,,2026-06-09 07:37:41,09/06/2026 07:37:41,[],,,,order_NmlqRcGhUuXamN,rcpt-31202,[],,,,setl_AfvzLGXEflJBNc,46183.31783564815,CITIN26061031144202,Razorpay
payment,pay_q0Cou52LjZR1xH,5918.00,INR,118.36,21.30,0.00,5778.34,card,credit,KKBK,2026-06-09 14:50:10,46182.61817129629,[],,,,order_Tfkwo1EIpvH1ly,rcpt-62610,[],,,,setl_AfvzLGXEflJBNc,10/06/2026 14:50:10,CITIN26061031144202,Razorpay
payment,pay_F6ccfcidQxU3ok,15339.00,INR,268.43,48.32,0.00,15022.25,netbanking,,ICICI,46182.877534722225,2026-06-09 21:03:39,[],,,,order_7IeHqwDdScQaj7,rcpt-43754,[],,,,setl_AfvzLGXEflJBNc,10/06/2026 21:03:39,CITIN26061031144202,Razorpay
payment,pay_E5NJl4WKjVH8wE,4237.00,INR,84.74,15.25,0.00,4137.01,upi,,,2026-06-09 04:16:08,2026-06-09 04:16:08,[],,,,order_vEOTX27Wt1RAHL,rcpt-39915,[],,,,setl_AfvzLGXEflJBNc,10/06/2026 04:16:08,CITIN26061031144202,Razorpay
payment,pay_LN9ZBpeARDyjGA,3552.00,INR,71.04,12.79,0.00,3468.17,card,credit,,2026-06-09 11:29:37,09/06/2026 11:29:37,[],,,,order_iXhqxYZW5lxpdw,rcpt-11689,[],,,,setl_AfvzLGXEflJBNc,2026-06-10 11:29:37,CITIN26061031144202,Razorpay
payment,pay_fxXvRH4msoxrhk,4434.00,INR,88.68,15.96,0.00,4329.36,upi,,,2026-06-09 18:42:06,2026-06-09 18:42:06,[],,,,order_gWsYqoUPrQDRGh,rcpt-31097,[],,,,setl_AfvzLGXEflJBNc,46183.77923611111,CITIN26061031144202,Razorpay
payment,pay_Syqz5s58GcYjxj,382.50,INR,7.65,1.38,0.00,373.47,upi,,,2026-09-06 01:55:35,09/06/2026 01:55:35,[],,,,order_gFm8rwf1CGG4PM,rcpt-42768,[],,,,setl_AfvzLGXEflJBNc,2026-06-10 01:55:35,CITIN26061031144202,Razorpay
payment,pay_4xp7kc9kd3t2Wu,17138.50,INR,342.77,61.70,0.00,16734.03,upi,,,09/06/2026 08:08:04,2026-06-09 08:08:04,[],,,,order_vFLslKrIwEQ187,rcpt-13006,[],,,,setl_AfvzLGXEflJBNc,2026-06-10 08:08:04,CITIN26061031144202,Razorpay
payment,pay_E5IHWiRFW2Py3k,1305.50,INR,26.11,4.70,0.00,1274.69,card,credit,HDFC,46182.639965277776,2026-06-09 15:21:33,[],,,,order_NSKmPgzVDkk21I,rcpt-33588,[],,,,setl_AfvzLGXEflJBNc,2026-06-10 15:21:33,CITIN26061031144202,Razorpay
payment,pay_0pDghTBaD973sY,3678.50,INR,73.57,13.24,0.00,3591.69,upi,,,2026-06-09 22:34:02,46182.940300925926,[],,,,order_cAa2ZLxEifkjyw,rcpt-86351,[],,,,setl_AfvzLGXEflJBNc,10/06/2026 22:34:02,CITIN26061031144202,Razorpay
payment,pay_1xZdoEM72jCKDP,4735.50,INR,94.71,17.05,0.00,4623.74,upi,,,46182.24133101852,2026-06-09 05:47:31,[],,,,order_gHtnijHrOTg13Q,rcpt-73604,[],,,,setl_AfvzLGXEflJBNc,10/06/2026 05:47:31,CITIN26061031144202,Razorpay
payment,pay_dIthAnuWL1bv8N,9241.00,INR,161.72,29.11,0.00,9050.17,netbanking,,SBIN,2026-06-10 12:00:00,2026-06-10 12:00:00,[],,,,order_mmXTwcZvQtHhym,rcpt-15490,[],,,,setl_OP5TkGL3e7wdAi,12/06/2026 12:00:00,CITIN26061246198870,Razorpay
refund,rfnd_rl4SqY17nTpD88,2847.00,INR,4.00,0.72,2851.72,0.00,,,,2026-06-11 19:13:29,,,"{""refund_reason"": ""customer_request""}",314812650234,,,,,,,,setl_OP5TkGL3e7wdAi,2026-06-12 19:13:29,CITIN26061246198870,Razorpay
payment,pay_IyoxDu7QRGe1le,7931.00,INR,95.17,17.13,0.00,7818.70,card,debit,ICICI,11/06/2026 02:26:58,11/06/2026 02:26:58,[],,,,order_4Czagjzo2spI91,rcpt-65114,[],,,,setl_uXcZN6esCTFSCg,2026-06-15 02:26:58,CITIN26061571369350,Razorpay
payment,pay_7hCnUBC7TVM0RS,2931.00,INR,51.29,9.23,0.00,2870.48,netbanking,,AXIS,2026-06-11 09:39:27,2026-06-11 09:39:27,[],,,,order_o7okuBAVPu8c1Y,rcpt-88044,[],,,,setl_uXcZN6esCTFSCg,2026-06-15 09:39:27,CITIN26061571369350,Razorpay
payment,pay_ShddhZIKkCZTHI,3776.50,INR,75.53,13.60,0.00,3687.37,card,credit,HDFC,2026-06-11 16:52:56,2026-06-11 16:52:56,[],,,,order_HjI5K7TVGgjMSJ,rcpt-61045,[],,,,setl_uXcZN6esCTFSCg,2026-06-15 16:52:56,CITIN26061571369350,Razorpay
payment,pay_DPaACwjR55nbAt,3892.50,INR,77.85,14.01,0.00,3800.64,wallet,,,2026-06-11 23:05:25,2026-11-06 23:05:25,[],,,,order_otwOnoQx1pYAMR,rcpt-90741,[],,,,setl_uXcZN6esCTFSCg,15/06/2026 23:05:25,CITIN26061571369350,Razorpay
payment,pay_ULdK2TENrlDQIS,2515.50,INR,50.31,9.06,0.00,2456.13,upi,,,2026-06-11 06:18:54,46184.263125,[],,,,order_exILRjRDUyrhho,rcpt-22722,[],,,,setl_uXcZN6esCTFSCg,2026-06-15 06:18:54,CITIN26061571369350,Razorpay
payment,pay_ZQW2XS1V4gUEnj,272.50,INR,5.45,0.98,0.00,266.07,upi,,,2026-06-11 13:31:23,46184.56346064815,[],,,,order_VNCi7JpRofIGtS,rcpt-93284,[],,,,setl_uXcZN6esCTFSCg,2026-06-15 13:31:23,CITIN26061571369350,Razorpay
payment,pay_uLwymOK4RPuTbi,11036.50,INR,220.73,39.73,0.00,10776.04,wallet,,,2026-06-11 20:44:52,2026-06-11 20:44:52,[],,,,order_ucLYicgCIhvB9d,rcpt-19014,[],,,,setl_uXcZN6esCTFSCg,2026-06-15 20:44:52,CITIN26061571369350,Razorpay
payment,pay_67aWRY48X7f25O,710.50,INR,14.21,2.56,0.00,693.73,card,credit,AXIS,2026-06-11 03:57:21,2026-06-11 03:57:21,[],,,,order_z8IVf3MFItoyOU,rcpt-85473,[],,,,setl_uXcZN6esCTFSCg,2026-06-15 03:57:21,CITIN26061571369350,Razorpay
payment,pay_IJ9EygmQh7Ill7,12799.00,INR,223.98,40.32,0.00,12534.70,netbanking,,ICICI,2026-06-11 10:10:50,11/06/2026 10:10:50,[],,,,order_dp1sp0DWIcE0Vh,rcpt-26377,[],,,,setl_uXcZN6esCTFSCg,2026-06-15 10:10:50,CITIN26061571369350,Razorpay
payment,pay_bxbvwCfQCmxOKT,21090.50,INR,253.09,45.56,0.00,20791.85,card,debit,HDFC,11/06/2026 17:23:19,11/06/2026 17:23:19,[],,,,order_eT6jCaTPa4w90X,rcpt-14957,[],,,,setl_uXcZN6esCTFSCg,2026-06-15 17:23:19,CITIN26061571369350,Razorpay
payment,pay_p5ySXQWyajB98R,970.50,INR,16.98,3.06,0.00,950.46,netbanking,,AXIS,46184.025555555556,11/06/2026 00:36:48,[],,,,order_yU9tGzna3Ya0DT,rcpt-24413,[],,,,setl_uXcZN6esCTFSCg,15/06/2026 00:36:48,CITIN26061571369350,Razorpay
payment,pay_LvEBQWOV67ennn,510.50,INR,10.21,1.84,0.00,498.45,upi,,,2026-06-11 07:49:17,2026-06-11 07:49:17,[],,,,order_YLPuHfybzNfyvL,rcpt-89655,[],,,,setl_uXcZN6esCTFSCg,2026-06-15 07:49:17,CITIN26061571369350,Razorpay
payment,pay_b97IsjJvGcFgSZ,6717.00,INR,134.34,24.18,0.00,6558.48,upi,,,2026-06-11 14:02:46,2026-06-11 14:02:46,[],,,,order_UANMLpz1ZnY7eR,rcpt-51853,[],,,,setl_uXcZN6esCTFSCg,46188.58525462963,CITIN26061571369350,Razorpay
payment,pay_pI4PmBOiz0xuzF,3057.50,INR,61.15,11.01,0.00,2985.34,upi,,,2026-06-11 21:15:15,2026-06-11 21:15:15,[],,,,order_OFd9EvjfSc78EQ,rcpt-67904,[],,,,setl_uXcZN6esCTFSCg,15/06/2026 21:15:15,CITIN26061571369350,Razorpay
payment,pay_StuXxd0IVRx8iW,411.50,INR,8.23,1.48,0.00,401.79,upi,,,11/06/2026 04:28:44,2026-06-11 04:28:44,[],,,,order_4XfUUM2Qg5eHoN,rcpt-86019,[],,,,setl_uXcZN6esCTFSCg,2026-06-15 04:28:44,CITIN26061571369350,Razorpay
payment,pay_GigXn7SP3ED5Ts,3515.00,INR,70.30,12.65,0.00,3432.05,upi,,,2026-06-11 11:41:13,11/06/2026 11:41:13,[],,,,order_7CWdKl3DWYgunH,rcpt-20205,[],,,,setl_uXcZN6esCTFSCg,2026-06-15 11:41:13,CITIN26061571369350,Razorpay
payment,pay_7bVybTTjo2DrOW,528.50,INR,10.57,1.90,0.00,516.03,upi,,,11/06/2026 18:54:42,11/06/2026 18:54:42,[],,,,order_AjDcotkvmgouN6,rcpt-29340,[],,,,setl_uXcZN6esCTFSCg,15/06/2026 18:54:42,CITIN26061571369350,Razorpay
payment,pay_A0hhHQSHzocBlb,22240.50,INR,444.81,80.07,0.00,21715.62,card,credit,,2026-06-11 01:07:11,46184.04665509259,[],,,,order_HFcxcOtPwaaV9I,rcpt-49174,[],,,,setl_uXcZN6esCTFSCg,2026-06-15 01:07:11,CITIN26061571369350,Razorpay
payment,pay_8ySBjnTDZZzTul,22244.50,INR,389.28,70.07,0.00,21785.15,netbanking,,KKBK,2026-06-11 08:20:40,11/06/2026 08:20:40,[],,,,order_lOZ6ne3qw3tXGB,rcpt-34534,[],,,,setl_uXcZN6esCTFSCg,15/06/2026 08:20:40,CITIN26061571369350,Razorpay
payment,pay_riOwGnZmM0BvIz,647.00,INR,12.94,2.33,0.00,631.73,upi,,,11/06/2026 15:33:09,2026-06-11 15:33:09,[],,,,order_1lFnHcrr1ZW5sG,rcpt-84019,[],,,,setl_uXcZN6esCTFSCg,2026-06-15 15:33:09,CITIN26061571369350,Razorpay
payment,pay_V4Yrp4gZfBq91X,2263.00,INR,45.26,8.15,0.00,2209.59,upi,,,11/06/2026 22:46:38,11/06/2026 22:46:38,[],,,,order_4AL518gZEBPE3U,rcpt-41260,[],,,,setl_uXcZN6esCTFSCg,2026-06-15 22:46:38,CITIN26061571369350,Razorpay
payment,pay_HAsuPSP3fUPiix,4464.00,INR,89.28,16.07,0.00,4358.65,upi,,,2026-06-11 05:59:07,46184.249386574076,[],,,,order_cVTaeVfjME1JBZ,rcpt-67965,[],,,,setl_uXcZN6esCTFSCg,2026-06-15 05:59:07,CITIN26061571369350,Razorpay
payment,pay_LYUhGbvxbAe8Xf,21088.50,INR,421.77,75.92,0.00,20590.81,upi,,,2026-06-11 12:12:36,11/06/2026 12:12:36,[],,,,order_HAeSpih9er1P28,rcpt-41593,[],,,,setl_uXcZN6esCTFSCg,15/06/2026 12:12:36,CITIN26061571369350,Razorpay
payment,pay_sSwptCQjWRUHcK,20270.00,INR,506.75,91.22,0.00,19672.03,card,credit,KKBK,2026-06-11 19:25:05,2026-06-11 19:25:05,[],,,,order_OR5W3y3urTDx1t,rcpt-86410,[],,,,setl_uXcZN6esCTFSCg,2026-06-15 19:25:05,CITIN26061571369350,Razorpay
payment,pay_bZyqpnPnxptxm1,996.50,INR,19.93,3.59,0.00,972.98,card,credit,AXIS,11/06/2026 02:38:34,2026-06-11 02:38:34,[],,,,order_QWqoOl97BYu2dX,rcpt-83592,[],,,,setl_uXcZN6esCTFSCg,2026-15-06 02:38:34,CITIN26061571369350,Razorpay
payment,pay_0ZBSJbUlcyCJi3,485.50,INR,9.71,1.75,0.00,474.04,upi,,,2026-06-11 09:51:03,2026-06-11 09:51:03,[],,,,order_xmpA5aYNrUHoXv,rcpt-66953,[],,,,setl_uXcZN6esCTFSCg,2026-06-15 09:51:03,CITIN26061571369350,Razorpay
payment,pay_t4IlhmXUX5858A,2464.50,INR,29.57,5.32,0.00,2429.61,card,debit,HDFC,2026-06-11 16:04:32,11/06/2026 16:04:32,[],,,,order_zsuHoB4z5kz5RI,rcpt-41753,[],,,,setl_uXcZN6esCTFSCg,2026-06-15 16:04:32,CITIN26061571369350,Razorpay
payment,pay_wezSqVz0Wl8ky1,12949.50,INR,258.99,46.62,0.00,12643.89,upi,,,2026-06-11 23:17:01,2026-06-11 23:17:01,[],,,,order_joNIXH1DKnpkQM,rcpt-27387,[],,,,setl_uXcZN6esCTFSCg,2026-06-15 23:17:01,CITIN26061571369350,Razorpay
payment,pay_4YksUzip4AqSp1,7657.00,INR,153.14,27.57,0.00,7476.29,upi,,,2026-06-11 06:30:30,11/06/2026 06:30:30,[],,,,order_DUhsASrg6ryFKC,rcpt-40555,[],,,,setl_uXcZN6esCTFSCg,15/06/2026 06:30:30,CITIN26061571369350,Razorpay
payment,pay_ZVyc5uJmFGTvfD,7240.50,INR,144.81,26.07,0.00,7069.62,upi,,,2026-06-11 13:43:59,2026-06-11 13:43:59,[],,,,order_w8zbEuNetbR31z,rcpt-16087,[],,,,setl_uXcZN6esCTFSCg,2026-06-15 13:43:59,CITIN26061571369350,Razorpay
payment,pay_kjvdeWgZMpRPpZ,504.00,INR,12.60,2.27,0.00,489.13,card,credit,ICICI,2026-11-06 20:56:28,46184.8725462963,[],,,,order_m4dsqW3Bf4ZcXc,rcpt-18162,[],,,,setl_uXcZN6esCTFSCg,2026-15-06 20:56:28,CITIN26061571369350,Razorpay
payment,pay_TW2ma1k1JExVLY,10473.00,INR,125.68,22.62,0.00,10324.70,card,debit,HDFC,11/06/2026 03:09:57,2026-06-11 03:09:57,[],,,,order_WTnJhF7xNXSVWr,rcpt-19833,[],,,,setl_uXcZN6esCTFSCg,15/06/2026 03:09:57,CITIN26061571369350,Razorpay
payment,pay_v3Lyw0RTPkZTkG,2886.50,INR,57.73,10.39,0.00,2818.38,upi,,,2026-06-11 10:22:26,11/06/2026 10:22:26,[],,,,order_AmFaqLbeNgV54L,rcpt-30791,[],,,,setl_uXcZN6esCTFSCg,15/06/2026 10:22:26,CITIN26061571369350,Razorpay
payment,pay_SRcFP5O2JPQUy6,6515.00,INR,130.30,23.45,0.00,6361.25,upi,,,11/06/2026 17:35:55,11/06/2026 17:35:55,[],,,,order_dMSSQfaPHPlajD,rcpt-30647,[],,,,setl_uXcZN6esCTFSCg,2026-06-15 17:35:55,CITIN26061571369350,Razorpay
payment,pay_BoMpE8Xh8B4CGu,692.00,INR,13.84,2.49,0.00,675.67,upi,,,2026-11-06 00:48:24,2026-06-11 00:48:24,[],,,,order_gxZFKDjvMFraGf,rcpt-93465,[],,,,setl_uXcZN6esCTFSCg,2026-06-15 00:48:24,CITIN26061571369350,Razorpay
payment,pay_FwfxxRkelLnRN5,4290.00,INR,85.80,15.44,0.00,4188.76,card,credit,AXIS,2026-06-11 07:01:53,2026-06-11 07:01:53,[],,,,order_2NQdQZfPK21fFf,rcpt-99933,[],,,,setl_uXcZN6esCTFSCg,15/06/2026 07:01:53,CITIN26061571369350,Razorpay
payment,pay_iUmKNOUYa5VXYM,12715.00,INR,254.30,45.77,0.00,12414.93,upi,,,46184.593310185184,2026-11-06 14:14:22,[],,,,order_OTlAMKmwJBaYHE,rcpt-72411,[],,,,setl_uXcZN6esCTFSCg,2026-06-15 14:14:22,CITIN26061571369350,Razorpay
payment,pay_IoiNsNh1bcH2CA,362.00,INR,7.24,1.30,0.00,353.46,upi,,,2026-06-11 21:27:51,2026-06-11 21:27:51,[],,,,order_EGqLCsBqZH1b0z,rcpt-17655,[],,,,setl_uXcZN6esCTFSCg,2026-06-15 21:27:51,CITIN26061571369350,Razorpay
payment,pay_vkdfIJQMLRevc9,1082.50,INR,21.65,3.90,0.00,1056.95,wallet,,,2026-06-11 04:40:20,2026-06-11 04:40:20,[],,,,order_PR3Sk1e2a0OYDZ,rcpt-95369,[],,,,setl_uXcZN6esCTFSCg,2026-15-06 04:40:20,CITIN26061571369350,Razorpay
payment,pay_w9hYsiM8lLX0Wl,4637.50,INR,92.75,16.70,0.00,4528.05,upi,,,2026-06-11 11:53:49,11/06/2026 11:53:49,[],,,,order_k7VomPGXb80ZAQ,rcpt-65665,[],,,,setl_uXcZN6esCTFSCg,2026-06-15 11:53:49,CITIN26061571369350,Razorpay
payment,pay_IIPNqzf15pGiJx,422.50,INR,8.45,1.52,0.00,412.53,card,credit,HDFC,2026-06-11 18:06:18,11/06/2026 18:06:18,[],,,,order_91vj3dTt17aT9A,rcpt-93060,[],,,,setl_uXcZN6esCTFSCg,15/06/2026 18:06:18,CITIN26061571369350,Razorpay
refund,rfnd_DrxFR8Nbnxyk7g,11473.00,INR,4.00,0.72,11477.72,0.00,,,,2026-06-15 01:19:47,,,"{""refund_reason"": ""quality_issue""}",231716077297,,,,,,,,setl_uXcZN6esCTFSCg,46188.05540509259,CITIN26061571369350,Razorpay
refund,rfnd_piBA9ioqd1630c,4434.00,INR,4.00,0.72,4438.72,0.00,,,,46186.35574074074,,,"{""refund_reason"": ""quality_issue""}",408074546221,,,,,,,,setl_uXcZN6esCTFSCg,46188.35574074074,CITIN26061571369350,Razorpay
refund,rfnd_GoDAD9LSrs5DuN,18531.50,INR,4.00,0.72,18536.22,0.00,,,,2026-06-14 15:45:45,,,"{""refund_reason"": ""item_out_of_stock""}",269866624660,,,,,,,,setl_uXcZN6esCTFSCg,2026-06-15 15:45:45,CITIN26061571369350,Razorpay
payment,pay_5T8nc6YsKbqvJU,2158.00,INR,43.16,7.77,0.00,2107.07,card,credit,AXIS,2026-06-12 22:58:14,2026-06-12 22:58:14,[],,,,order_51prtpjJJpzIri,rcpt-85206,[],,,,setl_KSklJTfm2dg9pe,2026-06-16 22:58:14,CITIN26061618513121,Razorpay
payment,pay_BIWTKDObMpCugU,14358.00,INR,172.30,31.01,0.00,14154.69,card,debit,KKBK,12/06/2026 05:11:43,2026-06-12 05:11:43,[],,,,order_0L3ql3EDOTwOHd,rcpt-51201,[],,,,setl_KSklJTfm2dg9pe,16/06/2026 05:11:43,CITIN26061618513121,Razorpay
payment,pay_I4Xdvmbsk0xdzv,2879.50,INR,57.59,10.37,0.00,2811.54,card,credit,,12/06/2026 12:24:12,12/06/2026 12:24:12,[],,,,order_sWrRuOmkyDBFyg,rcpt-86123,[],,,,setl_KSklJTfm2dg9pe,16/06/2026 12:24:12,CITIN26061618513121,Razorpay
payment,pay_K5eSGQCaAPkFYK,1094.50,INR,21.89,3.94,0.00,1068.67,card,credit,KKBK,2026-06-12 19:37:41,2026-06-12 19:37:41,[],,,,order_S92RKw1InxcPaC,rcpt-36784,[],,,,setl_KSklJTfm2dg9pe,16/06/2026 19:37:41,CITIN26061618513121,Razorpay
payment,pay_cFrKLY8Li0dP7l,614.50,INR,12.29,2.21,0.00,600.00,wallet,,,46185.11817129629,2026-06-12 02:50:10,[],,,,order_ZQyDLxy5LJED3s,rcpt-89416,[],,,,setl_KSklJTfm2dg9pe,2026-06-16 02:50:10,CITIN26061618513121,Razorpay
payment,pay_WeGBGptYJhzBQd,2096.00,INR,41.92,7.55,0.00,2046.53,upi,,,2026-06-12 09:03:39,2026-06-12 09:03:39,[],,,,order_5KmF6OMK7pTXOC,rcpt-23659,[],,,,setl_KSklJTfm2dg9pe,16/06/2026 09:03:39,CITIN26061618513121,Razorpay
payment,pay_zGWD8Jweh4DErs,6171.50,INR,123.43,22.22,0.00,6025.85,upi,,,2026-06-12 16:16:08,46185.67787037037,[],,,,order_72F7zsH72tzyfv,rcpt-86404,[],,,,setl_KSklJTfm2dg9pe,2026-06-16 16:16:08,CITIN26061618513121,Razorpay
payment,pay_n900q8vUPeF3JR,745.50,INR,14.91,2.68,0.00,727.91,upi,,,2026-12-06 23:29:37,2026-06-12 23:29:37,[],,,,order_JizSHEM1H61IgV,rcpt-36232,[],,,,setl_KSklJTfm2dg9pe,2026-06-16 23:29:37,CITIN26061618513121,Razorpay
payment,pay_gq7ZHu64t1kaqh,17775.00,INR,355.50,63.99,0.00,17355.51,upi,,,12/06/2026 06:42:06,2026-06-12 06:42:06,[],,,,order_fWghlwqOrIfmiP,rcpt-79104,[],,,,setl_KSklJTfm2dg9pe,16/06/2026 06:42:06,CITIN26061618513121,Razorpay
payment,pay_2qAEGkQ6jmJ47M,3070.50,INR,61.41,11.05,0.00,2998.04,card,credit,,2026-06-12 13:55:35,2026-06-12 13:55:35,[],,,,order_VoX5qt1XitJYHa,rcpt-97693,[],,,,setl_KSklJTfm2dg9pe,2026-06-16 13:55:35,CITIN26061618513121,Razorpay
payment,pay_wxA2b5fWkM6yjm,967.00,INR,19.34,3.48,0.00,944.18,card,credit,KKBK,2026-06-12 20:08:04,2026-06-12 20:08:04,[],,,,order_HDsoKi2CBXYquE,rcpt-29536,[],,,,setl_KSklJTfm2dg9pe,2026-06-16 20:08:04,CITIN26061618513121,Razorpay
payment,pay_NkBh748IBycxRU,2486.50,INR,29.84,5.37,0.00,2451.29,card,debit,HDFC,46185.139965277776,12/06/2026 03:21:33,[],,,,order_CWR5vSGqR9k9r9,rcpt-98811,[],,,,setl_KSklJTfm2dg9pe,2026-06-16 03:21:33,CITIN26061618513121,Razorpay
payment,pay_HcdM63bJBatHAV,4671.00,INR,93.42,16.82,0.00,4560.76,upi,,,12/06/2026 10:34:02,12/06/2026 10:34:02,[],,,,order_2vpD0Aoph6TM1d,rcpt-44371,[],,,,setl_KSklJTfm2dg9pe,2026-06-16 10:34:02,CITIN26061618513121,Razorpay
payment,pay_C3sCUJFPBfZUfb,337.50,INR,6.75,1.22,0.00,329.53,card,credit,ICICI,46185.74133101852,12/06/2026 17:47:31,[],,,,order_bHCmfLGT34YNpK,rcpt-30738,[],,,,setl_KSklJTfm2dg9pe,2026-06-16 17:47:31,CITIN26061618513121,Razorpay
payment,pay_JLWlz24awmZ4qv,6270.00,INR,125.40,22.57,0.00,6122.03,upi,,,2026-06-12 00:00:00,12/06/2026 00:00:00,[],,,,order_KxGFwwkZxrNcMZ,rcpt-49414,[],,,,setl_KSklJTfm2dg9pe,16/06/2026 00:00:00,CITIN26061618513121,Razorpay
payment,pay_Ud3ScPHVmREWDi,300.50,INR,5.26,0.95,0.00,294.29,netbanking,,KKBK,2026-06-12 07:13:29,46185.301030092596,[],,,,order_YCMoTJIksn0cfj,rcpt-70237,[],,,,setl_KSklJTfm2dg9pe,16/06/2026 07:13:29,CITIN26061618513121,Razorpay
payment,pay_yL5W5x5b0Dy3GU,979.00,INR,17.13,3.08,0.00,958.79,netbanking,,,12/06/2026 14:26:58,12/06/2026 14:26:58,[],,,,order_ROERXnFiefOXAA,rcpt-41932,[],,,,setl_KSklJTfm2dg9pe,16/06/2026 14:26:58,CITIN26061618513121,Razorpay
payment,pay_vtDNqZKdAccaMn,1579.50,INR,27.64,4.98,0.00,1546.88,netbanking,,AXIS,2026-12-06 21:39:27,12/06/2026 21:39:27,[],,,,order_Is8yZFo8LKSnsN,rcpt-69010,[],,,,setl_KSklJTfm2dg9pe,2026-06-16 21:39:27,CITIN26061618513121,Razorpay
payment,pay_iVzlU26upMRp8d,15725.00,INR,314.50,56.61,0.00,15353.89,upi,,,2026-12-06 04:52:56,2026-06-12 04:52:56,[],,,,order_nZgN7qE8Ses6Ve,rcpt-61245,[],,,,setl_KSklJTfm2dg9pe,2026-06-16 04:52:56,CITIN26061618513121,Razorpay
payment,pay_B1L27bdN9Jc2N2,18531.50,INR,370.63,66.71,0.00,18094.16,wallet,,,2026-06-12 11:05:25,12/06/2026 11:05:25,[],,,,order_hHS5Jv9v1G35c4,rcpt-39997,[],,,,setl_KSklJTfm2dg9pe,2026-06-16 11:05:25,CITIN26061618513121,Razorpay
payment,pay_TmraSNu1sBPilc,567.50,INR,11.35,2.04,0.00,554.11,card,credit,HDFC,12/06/2026 18:18:54,2026-06-12 18:18:54,[],,,,order_MlyEnPs9MePc8D,rcpt-78612,[],,,,setl_KSklJTfm2dg9pe,2026-06-16 18:18:54,CITIN26061618513121,Razorpay
payment,pay_C51pBhNR7r6VCh,15822.00,INR,189.86,34.17,0.00,15597.97,card,debit,,12/06/2026 01:31:23,2026-06-12 01:31:23,[],,,,order_9148onIB6Opv0B,rcpt-18686,[],,,,setl_KSklJTfm2dg9pe,16/06/2026 01:31:23,CITIN26061618513121,Razorpay
payment,pay_38GpOffHM9oegZ,16475.50,INR,329.51,59.31,0.00,16086.68,upi,,,2026-06-12 08:44:52,2026-06-12 08:44:52,[],,,,order_Z0pEh37oJydg2w,rcpt-55372,[],,,,setl_KSklJTfm2dg9pe,16/06/2026 08:44:52,CITIN26061618513121,Razorpay
payment,pay_ujJ6k99yRTDun7,7029.50,INR,140.59,25.31,0.00,6863.60,upi,,,2026-06-12 15:57:21,2026-12-06 15:57:21,[],,,,order_3v0S3JkwHSMiEl,rcpt-13888,[],,,,setl_KSklJTfm2dg9pe,2026-06-16 15:57:21,CITIN26061618513121,Razorpay
payment,pay_JD9vf9QjXXLAiN,400.00,INR,8.00,1.44,0.00,390.56,upi,,,2026-06-12 22:10:50,2026-06-12 22:10:50,[],,,,order_Gv2IAWR7yY4TbL,rcpt-59702,[],,,,setl_KSklJTfm2dg9pe,2026-06-16 22:10:50,CITIN26061618513121,Razorpay
payment,pay_41CqNLYNC1XVxT,448.00,INR,7.84,1.41,0.00,438.75,netbanking,,HDFC,2026-06-12 05:23:19,2026-06-12 05:23:19,[],,,,order_R48Rzyws3yh8eV,rcpt-48372,[],,,,setl_KSklJTfm2dg9pe,2026-06-16 05:23:19,CITIN26061618513121,Razorpay
payment,pay_j5ZUFfYDc6xW8k,4059.50,INR,81.19,14.61,0.00,3963.70,upi,,,2026-06-12 12:36:48,2026-06-12 12:36:48,[],,,,order_GpNQb9WdymcpRP,rcpt-63058,[],,,,setl_KSklJTfm2dg9pe,16/06/2026 12:36:48,CITIN26061618513121,Razorpay
payment,pay_UE9AI1dsGLrSjb,15987.00,INR,319.74,57.55,0.00,15609.71,card,credit,AXIS,12/06/2026 19:49:17,2026-06-12 19:49:17,[],,,,order_0FB2gbGeemZVLM,rcpt-72893,[],,,,setl_KSklJTfm2dg9pe,46189.825891203705,CITIN26061618513121,Razorpay
payment,pay_YjdfAAgivBIWX8,9241.50,INR,184.83,33.27,0.00,9023.40,upi,,,12/06/2026 02:02:46,2026-06-12 02:02:46,[],,,,order_jYdREWRB3TNtxA,rcpt-60044,[],,,,setl_KSklJTfm2dg9pe,2026-06-16 02:02:46,CITIN26061618513121,Razorpay
payment,pay_iW3QslarBMOkUg,4756.00,INR,95.12,17.12,0.00,4643.76,upi,,,2026-06-12 09:15:15,12/06/2026 09:15:15,[],,,,order_CwqPbYttGETnB8,rcpt-87391,[],,,,setl_KSklJTfm2dg9pe,46189.38559027778,CITIN26061618513121,Razorpay
payment,pay_7FvGHi03O8SWpD,4811.50,INR,96.23,17.32,0.00,4697.95,upi,,,12/06/2026 16:28:44,2026-12-06 16:28:44,[],,,,order_a29bkk9NUeBr88,rcpt-29080,[],,,,setl_KSklJTfm2dg9pe,2026-06-16 16:28:44,CITIN26061618513121,Razorpay
payment,pay_8WO8DaMnXBSEZc,3056.00,INR,61.12,11.00,0.00,2983.88,card,credit,ICICI,2026-06-12 23:41:13,2026-06-12 23:41:13,[],,,,order_9wXzoyDVkuXHu9,rcpt-64845,[],,,,setl_KSklJTfm2dg9pe,16/06/2026 23:41:13,CITIN26061618513121,Razorpay
payment,pay_nHqlAdpQTuZuW3,523.50,INR,10.47,1.88,0.00,511.15,upi,,,2026-06-12 06:54:42,2026-06-12 06:54:42,[],,,,order_u2WHMYMbSKgAmr,rcpt-91532,[],,,,setl_KSklJTfm2dg9pe,2026-06-16 06:54:42,CITIN26061618513121,Razorpay
payment,pay_lmY8vWxfJu1HS0,1438.50,INR,28.77,5.18,0.00,1404.55,upi,,,2026-06-12 13:07:11,2026-06-12 13:07:11,[],,,,order_5u5RnqVvKAFPrG,rcpt-90028,[],,,,setl_KSklJTfm2dg9pe,2026-06-16 13:07:11,CITIN26061618513121,Razorpay
payment,pay_ay5xN2aKvmr1Lo,6171.50,INR,123.43,22.22,0.00,6025.85,upi,,,46185.84768518519,2026-12-06 20:20:40,[],,,,order_72F7zsH72tzyfv,rcpt-86404,[],,,,setl_KSklJTfm2dg9pe,2026-06-16 20:20:40,CITIN26061618513121,Razorpay
refund,rfnd_WQGtvT4qX5wyiV,1082.50,INR,4.00,0.72,1087.22,0.00,,,,2026-06-16 03:33:09,,,"{""refund_reason"": ""duplicate_order""}",684024618167,,,,,,,,setl_KSklJTfm2dg9pe,46189.14802083333,CITIN26061618513121,Razorpay
refund,rfnd_ZfvQMGiFoHU0ve,438.00,INR,4.00,0.72,442.72,0.00,,,,2026-16-06 10:46:38,,,"{""refund_reason"": ""item_out_of_stock""}",629578334194,,,,,,,,setl_KSklJTfm2dg9pe,16/06/2026 10:46:38,CITIN26061618513121,Razorpay
refund,rfnd_xp3FjV3a8ifnal,6171.50,INR,4.00,0.72,6176.22,0.00,,,,2026-06-16 17:59:07,,,"{""refund_reason"": ""duplicate_order""}",462854384934,,,,,,,,setl_KSklJTfm2dg9pe,16/06/2026 17:59:07,CITIN26061618513121,Razorpay
payment,pay_Y9hZ9F8NxItdXl,952.50,INR,19.05,3.43,0.00,930.02,card,credit,SBIN,2026-06-13 00:12:36,46186.00875,[],,,,order_yg36VMVjO8NL5Z,rcpt-19572,[],,,,setl_oQwyQ0L0q0qDds,2026-06-15 00:12:36,CITIN26061571111109,Razorpay
payment,pay_PyLtqKhuG78dlC,19874.00,INR,397.48,71.55,0.00,19404.97,card,credit,AXIS,2026-06-13 07:25:05,2026-06-13 07:25:05,[],,,,order_4WBdgsJuGCVs8o,rcpt-82180,[],,,,setl_oQwyQ0L0q0qDds,2026-06-15 07:25:05,CITIN26061571111109,Razorpay
payment,pay_uEBsEWYygwsyim,835.00,INR,14.61,2.63,0.00,817.76,netbanking,,HDFC,2026-06-13 14:38:34,2026-06-13 14:38:34,[],,,,order_4wqqiZEBDVXorY,rcpt-16825,[],,,,setl_oQwyQ0L0q0qDds,2026-06-15 14:38:34,CITIN26061571111109,Razorpay
payment,pay_9CU86yECQTfqWZ,6595.00,INR,131.90,23.74,0.00,6439.36,wallet,,,2026-06-13 21:51:03,2026-06-13 21:51:03,[],,,,order_7HPyyo94HRbgMp,rcpt-43126,[],,,,setl_oQwyQ0L0q0qDds,15/06/2026 21:51:03,CITIN26061571111109,Razorpay
payment,pay_LTkyvxDu0TaBsn,4625.00,INR,92.50,16.65,0.00,4515.85,card,credit,AXIS,13/06/2026 04:04:32,13/06/2026 04:04:32,[],,,,order_v7fW91GjVvRgdF,rcpt-13394,[],,,,setl_oQwyQ0L0q0qDds,15/06/2026 04:04:32,CITIN26061571111109,Razorpay
payment,pay_dLTslULDUG2zqo,7892.50,INR,157.85,28.41,0.00,7706.24,upi,,,2026-06-13 11:17:01,2026-06-13 11:17:01,[],,,,order_TcHYoWbNGh3x6M,rcpt-57052,[],,,,setl_oQwyQ0L0q0qDds,2026-15-06 11:17:01,CITIN26061571111109,Razorpay
payment,pay_M9XRBazor4nG6e,17518.50,INR,210.22,37.84,0.00,17270.44,card,debit,HDFC,46186.77118055556,13/06/2026 18:30:30,[],,,,order_iSPFFZrE5BpS9L,rcpt-83240,[],,,,setl_oQwyQ0L0q0qDds,2026-15-06 18:30:30,CITIN26061571111109,Razorpay
payment,pay_mBM7bZsUAgPgTU,1459.50,INR,29.19,5.25,0.00,1425.06,upi,,,2026-06-13 01:43:59,13/06/2026 01:43:59,[],,,,order_n8bo4jD67N4d2f,rcpt-25609,[],,,,setl_oQwyQ0L0q0qDds,15/06/2026 01:43:59,CITIN26061571111109,Razorpay
payment,pay_Cw6AdJB23bIWtl,2246.00,INR,44.92,8.09,0.00,2192.99,upi,,,2026-06-13 08:56:28,46186.3725462963,[],,,,order_ABBer7AcYWaWvY,rcpt-47243,[],,,,setl_oQwyQ0L0q0qDds,15/06/2026 08:56:28,CITIN26061571111109,Razorpay
payment,pay_dyTxGpBjaAyO7s,882.50,INR,17.65,3.18,0.00,861.67,card,credit,KKBK,2026-06-13 15:09:57,2026-06-13 15:09:57,[],,,,order_QexvS0T2jDDWg2,rcpt-14244,[],,,,setl_oQwyQ0L0q0qDds,2026-15-06 15:09:57,CITIN26061571111109,Razorpay
payment,pay_ebmBUxsSi5pAT8,10999.00,INR,219.98,39.60,0.00,10739.42,upi,,,2026-13-06 22:22:26,13/06/2026 22:22:26,[],,,,order_EHkKjkQvWge0ZE,rcpt-90245,[],,,,setl_oQwyQ0L0q0qDds,2026-06-15 22:22:26,CITIN26061571111109,Razorpay
payment,pay_vh3Ao7V16WsXoF,1013.50,INR,20.27,3.65,0.00,989.58,upi,,,2026-06-13 05:35:55,2026-06-13 05:35:55,[],,,,order_wDDxqD63Aq3CM9,rcpt-11193,[],,,,setl_oQwyQ0L0q0qDds,15/06/2026 05:35:55,CITIN26061571111109,Razorpay
payment,pay_v8A51NXi4yQOr9,569.00,INR,11.38,2.05,0.00,555.57,upi,,,46186.53361111111,13/06/2026 12:48:24,[],,,,order_aPOPWv1VZaW12f,rcpt-90621,[],,,,setl_oQwyQ0L0q0qDds,15/06/2026 12:48:24,CITIN26061571111109,Razorpay
payment,pay_9Zj6rnPkPYV2sr,312.00,INR,6.24,1.12,0.00,304.64,upi,,,46186.792974537035,13/06/2026 19:01:53,[],,,,order_iWpL7RqTKqZTrc,rcpt-11759,[],,,,setl_oQwyQ0L0q0qDds,2026-06-15 19:01:53,CITIN26061571111109,Razorpay
payment,pay_H1oxDOFg076NCw,16938.00,INR,338.76,60.98,0.00,16538.26,upi,,,2026-06-13 02:14:22,2026-06-13 02:14:22,[],,,,order_3RrdrUuVD8WlVh,rcpt-66748,[],,,,setl_oQwyQ0L0q0qDds,15/06/2026 02:14:22,CITIN26061571111109,Razorpay
payment,pay_GBe3bO7f0LVgYl,2860.50,INR,57.21,10.30,0.00,2792.99,upi,,,2026-06-13 09:27:51,2026-13-06 09:27:51,[],,,,order_zZXyd2Y42p6XpI,rcpt-32173,[],,,,setl_oQwyQ0L0q0qDds,2026-06-15 09:27:51,CITIN26061571111109,Razorpay
payment,pay_x2HD2jBqYygMQA,622.00,INR,12.44,2.24,0.00,607.32,upi,,,46186.69467592592,2026-06-13 16:40:20,[],,,,order_DpRBZjfQ2FpBPg,rcpt-86389,[],,,,setl_oQwyQ0L0q0qDds,15/06/2026 16:40:20,CITIN26061571111109,Razorpay
payment,pay_TNE5irjgQUP71S,2666.50,INR,53.33,9.60,0.00,2603.57,upi,,,46186.99570601852,2026-06-13 23:53:49,[],,,,order_oa5DcvTwhXxjx4,rcpt-88577,[],,,,setl_oQwyQ0L0q0qDds,15/06/2026 23:53:49,CITIN26061571111109,Razorpay
payment,pay_sfGAJEJy14n00l,620.50,INR,10.86,1.95,0.00,607.69,netbanking,,,46186.254375,2026-06-13 06:06:18,[],,,,order_Xbjeshic47wgWs,rcpt-39435,[],,,,setl_oQwyQ0L0q0qDds,2026-06-15 06:06:18,CITIN26061571111109,Razorpay
payment,pay_CaV3lqk95H64OI,620.50,INR,12.41,2.23,0.00,605.86,card,credit,,46186.55540509259,2026-06-13 13:19:47,[],,,,order_qb3OpYwWrgAa7A,rcpt-52280,[],,,,setl_oQwyQ0L0q0qDds,2026-06-15 13:19:47,CITIN26061571111109,Razorpay
payment,pay_YPHPremBDeKcfv,2233.50,INR,44.67,8.04,0.00,2180.79,upi,,,2026-06-13 20:32:16,46186.85574074074,[],,,,order_QVOoc43IR9r7gr,rcpt-40386,[],,,,setl_oQwyQ0L0q0qDds,46188.85574074074,CITIN26061571111109,Razorpay
payment,pay_0kGCYUdZOj4Arm,959.50,INR,19.19,3.45,0.00,936.86,upi,,,13/06/2026 03:45:45,46186.15677083333,[],,,,order_NA30kdLiGo8H4K,rcpt-64245,[],,,,setl_oQwyQ0L0q0qDds,15/06/2026 03:45:45,CITIN26061571111109,Razorpay
payment,pay_72aGc6FZJVnz5Y,438.00,INR,8.76,1.58,0.00,427.66,upi,,,2026-06-13 10:58:14,46186.45710648148,[],,,,order_qhu6mFXNfynCTf,rcpt-69562,[],,,,setl_oQwyQ0L0q0qDds,2026-06-15 10:58:14,CITIN26061571111109,Razorpay
payment,pay_ZpjVtpi13gWKYM,3231.00,INR,38.77,6.98,0.00,3185.25,card,debit,ICICI,46186.716469907406,13/06/2026 17:11:43,[],,,,order_DMXp4FVRi7ygD6,rcpt-45946,[],,,,setl_oQwyQ0L0q0qDds,15/06/2026 17:11:43,CITIN26061571111109,Razorpay
payment,pay_6RovMMjjLngw45,455.50,INR,9.11,1.64,0.00,444.75,upi,,,2026-06-13 00:24:12,2026-06-13 00:24:12,[],,,,order_FisN1aqBtJqhDH,rcpt-59719,[],,,,setl_oQwyQ0L0q0qDds,15/06/2026 00:24:12,CITIN26061571111109,Razorpay
payment,pay_MxJwaQSkwnwczI,845.50,INR,16.91,3.04,0.00,825.55,upi,,,46186.31783564815,13/06/2026 07:37:41,[],,,,order_VHi6fLS34viu1W,rcpt-84050,[],,,,setl_oQwyQ0L0q0qDds,15/06/2026 07:37:41,CITIN26061571111109,Razorpay
payment,pay_OxVDdq5iXelQ0e,20626.50,INR,412.53,74.26,0.00,20139.71,upi,,,2026-06-13 14:50:10,46186.61817129629,[],,,,order_1KeGGMZszm1AiT,rcpt-86173,[],,,,setl_oQwyQ0L0q0qDds,2026-06-15 14:50:10,CITIN26061571111109,Razorpay
payment,pay_wvjQRlpEJkp51s,4054.50,INR,81.09,14.60,0.00,3958.81,card,credit,SBIN,13/06/2026 21:03:39,2026-06-13 21:03:39,[],,,,order_C0QyFYvnEOBqPo,rcpt-79221,[],,,,setl_oQwyQ0L0q0qDds,15/06/2026 21:03:39,CITIN26061571111109,Razorpay
payment,pay_qK5EapY9BQretS,3560.00,INR,71.20,12.82,0.00,3475.98,upi,,,2026-06-13 04:16:08,46186.17787037037,[],,,,order_fiOdQmPfxOBBVy,rcpt-52012,[],,,,setl_oQwyQ0L0q0qDds,15/06/2026 04:16:08,CITIN26061571111109,Razorpay
payment,pay_hgWpQ6Ly7ShgDZ,22848.50,INR,399.85,71.97,0.00,22376.68,netbanking,,ICICI,2026-06-13 11:29:37,2026-06-13 11:29:37,[],,,,order_5ePeU4u4nxbomn,rcpt-65032,[],,,,setl_oQwyQ0L0q0qDds,15/06/2026 11:29:37,CITIN26061571111109,Razorpay
payment,pay_xwshApBIF4PfnB,3537.50,INR,70.75,12.74,0.00,3454.01,card,credit,SBIN,2026-06-13 18:42:06,2026-06-13 18:42:06,[],,,,order_Y24Q06O7Gkw4iP,rcpt-60918,[],,,,setl_oQwyQ0L0q0qDds,2026-06-15 18:42:06,CITIN26061571111109,Razorpay
payment,pay_Tn1biWQyc8cPm7,20750.50,INR,415.01,74.70,0.00,20260.79,upi,,,2026-06-13 01:55:35,2026-06-13 01:55:35,[],,,,order_l46Yk6LMjPglBU,rcpt-46053,[],,,,setl_oQwyQ0L0q0qDds,2026-06-15 01:55:35,CITIN26061571111109,Razorpay
payment,pay_S4z38j8Cr8ywj2,522.50,INR,10.45,1.88,0.00,510.17,upi,,,13/06/2026 08:08:04,2026-06-13 08:08:04,[],,,,order_nDw7O4KQ4Jheqv,rcpt-10109,[],,,,setl_oQwyQ0L0q0qDds,2026-06-15 08:08:04,CITIN26061571111109,Razorpay
payment,pay_2uu9KpPY49dnKR,11604.50,INR,232.09,41.78,0.00,11330.63,upi,,,2026-06-13 15:21:33,2026-06-13 15:21:33,[],,,,order_1Ud9Iu9lidpsDb,rcpt-34630,[],,,,setl_oQwyQ0L0q0qDds,2026-06-15 15:21:33,CITIN26061571111109,Razorpay
payment,pay_YXPL30tFfNev8c,20221.00,INR,404.42,72.80,0.00,19743.78,upi,,,2026-06-13 22:34:02,2026-06-13 22:34:02,[],,,,order_rAgpjbpBvIL81l,rcpt-87043,[],,,,setl_oQwyQ0L0q0qDds,46188.940300925926,CITIN26061571111109,Razorpay
payment,pay_pvhehaPfWcvTiX,212.50,INR,4.25,0.77,0.00,207.48,upi,,,2026-06-13 05:47:31,2026-06-13 05:47:31,[],,,,order_HASByqK1xbiB6d,rcpt-68650,[],,,,setl_oQwyQ0L0q0qDds,2026-06-15 05:47:31,CITIN26061571111109,Razorpay
payment,pay_8SEpxDdUT20kYI,4452.50,INR,53.43,9.62,0.00,4389.45,card,debit,SBIN,2026-06-13 12:00:00,2026-06-13 12:00:00,[],,,,order_WUbmrj6oR1w98x,rcpt-25244,[],,,,setl_oQwyQ0L0q0qDds,2026-06-15 12:00:00,CITIN26061571111109,Razorpay
payment,pay_EntFbrO7piyLUT,393.00,INR,6.88,1.24,0.00,384.88,netbanking,,HDFC,46186.801030092596,2026-06-13 19:13:29,[],,,,order_0k1vEPza3u24Zm,rcpt-90543,[],,,,setl_oQwyQ0L0q0qDds,15/06/2026 19:13:29,CITIN26061571111109,Razorpay
payment,pay_AatzlCeU6s27mz,16908.00,INR,295.89,53.26,0.00,16558.85,netbanking,,ICICI,2026-06-13 02:26:58,13/06/2026 02:26:58,[],,,,order_OapXQuQ4pbNRkF,rcpt-39328,[],,,,setl_oQwyQ0L0q0qDds,2026-06-15 02:26:58,CITIN26061571111109,Razorpay
payment,pay_wu5cDnNWeyWjmI,14212.00,INR,355.30,63.95,0.00,13792.75,card,credit,HDFC,2026-06-13 09:39:27,46186.402395833335,[],,,,order_H05cJGr0Eh49tp,rcpt-63692,[],,,,setl_oQwyQ0L0q0qDds,15/06/2026 09:39:27,CITIN26061571111109,Razorpay
payment,pay_yBH85l82NvvsWq,4971.50,INR,99.43,17.90,0.00,4854.17,upi,,,2026-06-14 16:52:56,14/06/2026 16:52:56,[],,,,order_T7Ixwa9GieEp4E,rcpt-68569,[],,,,setl_LGp7r8z6FNmFNz,16/06/2026 16:52:56,CITIN26061654927124,Razorpay
payment,pay_xi7JCiz5sDPmnj,4990.50,INR,99.81,17.97,0.00,4872.72,card,credit,ICICI,2026-06-14 23:05:25,14/06/2026 23:05:25,[],,,,order_pzYSndc0hQEPxF,rcpt-74143,[],,,,setl_LGp7r8z6FNmFNz,16/06/2026 23:05:25,CITIN26061654927124,Razorpay
payment,pay_utY6NmEXiZfDYt,1141.00,INR,19.97,3.59,0.00,1117.44,netbanking,,,2026-06-14 06:18:54,2026-06-14 06:18:54,[],,,,order_ASLkWRjL95mADU,rcpt-67899,[],,,,setl_LGp7r8z6FNmFNz,16/06/2026 06:18:54,CITIN26061654927124,Razorpay
payment,pay_zx9CP1YLz4gkH7,1053.00,INR,21.06,3.79,0.00,1028.15,upi,,,46187.56346064815,14/06/2026 13:31:23,[],,,,order_y7Wi8re0aPS0KP,rcpt-63963,[],,,,setl_LGp7r8z6FNmFNz,2026-16-06 13:31:23,CITIN26061654927124,Razorpay
payment,pay_UUa7IzynnxXz4J,1563.50,INR,31.27,5.63,0.00,1526.60,upi,,,2026-06-14 20:44:52,2026-06-14 20:44:52,[],,,,order_h0nLYPRMMkiuGa,rcpt-31259,[],,,,setl_LGp7r8z6FNmFNz,2026-06-16 20:44:52,CITIN26061654927124,Razorpay
payment,pay_43KPyhYREYqd3c,14754.50,INR,516.41,92.95,0.00,14145.14,card,credit,HDFC,14/06/2026 03:57:21,2026-06-14 03:57:21,[],,,,order_7yZYescfZnpJGu,rcpt-92743,[],,,,setl_LGp7r8z6FNmFNz,46189.164826388886,CITIN26061654927124,Razorpay
payment,pay_EPGfkRsnf2HLTK,20756.50,INR,415.13,74.72,0.00,20266.65,upi,,,2026-06-14 10:10:50,14/06/2026 10:10:50,[],,,,order_6VORwm9D8uaNBD,rcpt-62773,[],,,,setl_LGp7r8z6FNmFNz,16/06/2026 10:10:50,CITIN26061654927124,Razorpay
payment,pay_ll2ZNjKoRrEWTp,1542.50,INR,30.85,5.55,0.00,1506.10,upi,,,46187.72452546296,2026-06-14 17:23:19,[],,,,order_o6SMUJ5QvqUbS1,rcpt-95137,[],,,,setl_LGp7r8z6FNmFNz,2026-06-16 17:23:19,CITIN26061654927124,Razorpay
payment,pay_PjFg3GUWgp8ER5,3555.50,INR,42.67,7.68,0.00,3505.15,card,debit,,2026-06-14 00:36:48,46187.025555555556,[],,,,order_pAh9TouL0ex9Gb,rcpt-98798,[],,,,setl_LGp7r8z6FNmFNz,2026-06-16 00:36:48,CITIN26061654927124,Razorpay
payment,pay_Hnn0TDcghgJ2ev,403.50,INR,7.06,1.27,0.00,395.17,netbanking,,ICICI,2026-06-14 07:49:17,2026-06-14 07:49:17,[],,,,order_fWWxHGbHsUZa77,rcpt-93572,[],,,,setl_LGp7r8z6FNmFNz,2026-06-16 07:49:17,CITIN26061654927124,Razorpay
payment,pay_KoGFaOLBJzOg3x,4637.00,INR,55.64,10.02,0.00,4571.34,card,debit,KKBK,46187.58525462963,14/06/2026 14:02:46,[],,,,order_xKPAUMS7ybk0JM,rcpt-50851,[],,,,setl_LGp7r8z6FNmFNz,2026-16-06 14:02:46,CITIN26061654927124,Razorpay
payment,pay_Oc9E18nd9ZqjVA,1331.00,INR,26.62,4.79,0.00,1299.59,upi,,,2026-06-14 21:15:15,2026-06-14 21:15:15,[],,,,order_OpupWPoQh2xayy,rcpt-78660,[],,,,setl_LGp7r8z6FNmFNz,2026-06-16 21:15:15,CITIN26061654927124,Razorpay
payment,pay_elC2D2C754lyoY,735.00,INR,14.70,2.65,0.00,717.65,upi,,,2026-06-14 04:28:44,46187.18662037037,[],,,,order_tAYmj2q5ycT47g,rcpt-29629,[],,,,setl_LGp7r8z6FNmFNz,2026-06-16 04:28:44,CITIN26061654927124,Razorpay
payment,pay_0VU5bAh8JdLktf,725.00,INR,12.69,2.28,0.00,710.03,netbanking,,SBIN,2026-14-06 11:41:13,46187.48695601852,[],,,,order_cixwJDyB0cJdrc,rcpt-90022,[],,,,setl_LGp7r8z6FNmFNz,16/06/2026 11:41:13,CITIN26061654927124,Razorpay
payment,pay_XtDp2OsWxVLZSG,15236.50,INR,304.73,54.85,0.00,14876.92,upi,,,2026-14-06 18:54:42,14/06/2026 18:54:42,[],,,,order_UVuZYk5EmT2GdO,rcpt-98790,[],,,,setl_LGp7r8z6FNmFNz,2026-06-16 18:54:42,CITIN26061654927124,Razorpay
payment,pay_kMHBkILhZiwIrn,23018.00,INR,460.36,82.86,0.00,22474.78,upi,,,46187.04665509259,14/06/2026 01:07:11,[],,,,order_DZiEWcEQS2p56j,rcpt-37005,[],,,,setl_LGp7r8z6FNmFNz,2026-06-16 01:07:11,CITIN26061654927124,Razorpay
payment,pay_yOwgeBsIPuyi7Y,707.00,INR,14.14,2.55,0.00,690.31,card,credit,AXIS,46187.34768518519,2026-06-14 08:20:40,[],,,,order_geGdPzmqSeugVs,rcpt-59887,[],,,,setl_LGp7r8z6FNmFNz,2026-06-16 08:20:40,CITIN26061654927124,Razorpay
payment,pay_b0uzlfenpaDFdi,21932.00,INR,438.64,78.96,0.00,21414.40,upi,,,2026-06-14 15:33:09,14/06/2026 15:33:09,[],,,,order_0e2r8yipBOD58C,rcpt-93758,[],,,,setl_LGp7r8z6FNmFNz,2026-06-16 15:33:09,CITIN26061654927124,Razorpay
payment,pay_dBgNv6gg0mDnhK,9123.00,INR,182.46,32.84,0.00,8907.70,upi,,,2026-06-14 22:46:38,2026-06-14 22:46:38,[],,,,order_fsXKjjZ1oilwW1,rcpt-63920,[],,,,setl_LGp7r8z6FNmFNz,16/06/2026 22:46:38,CITIN26061654927124,Razorpay
payment,pay_36W0JOagkj0TvL,949.00,INR,18.98,3.42,0.00,926.60,card,credit,AXIS,46187.249386574076,2026-06-14 05:59:07,[],,,,order_z1sDzX3ZxgZjyU,rcpt-54922,[],,,,setl_LGp7r8z6FNmFNz,16/06/2026 05:59:07,CITIN26061654927124,Razorpay
payment,pay_Qpd9Z2k7OPvgPB,4162.50,INR,49.95,8.99,0.00,4103.56,card,debit,SBIN,2026-06-14 12:12:36,14/06/2026 12:12:36,[],,,,order_bQSnEdh2IlrKYR,rcpt-39037,[],,,,setl_LGp7r8z6FNmFNz,2026-06-16 12:12:36,CITIN26061654927124,Razorpay
payment,pay_l6jntDsFfmKXK8,5897.00,INR,70.76,12.74,0.00,5813.50,card,debit,ICICI,14/06/2026 19:25:05,14/06/2026 19:25:05,[],,,,order_IJ2VRpMWA26zRF,rcpt-39475,[],,,,setl_LGp7r8z6FNmFNz,46189.80908564815,CITIN26061654927124,Razorpay
payment,pay_ZyB1YrZU2plsGP,9045.00,INR,180.90,32.56,0.00,8831.54,card,credit,,2026-06-14 02:38:34,2026-06-14 02:38:34,[],,,,order_9uuBhh8LRj4Jlh,rcpt-23497,[],,,,setl_LGp7r8z6FNmFNz,16/06/2026 02:38:34,CITIN26061654927124,Razorpay
payment,pay_i8MtSdmInmlN9f,2321.00,INR,46.42,8.36,0.00,2266.22,upi,,,2026-14-06 09:51:03,46187.41045138889,[],,,,order_xHPsGiyQvJ8WSN,rcpt-94801,[],,,,setl_LGp7r8z6FNmFNz,16/06/2026 09:51:03,CITIN26061654927124,Razorpay
payment,pay_RwSRIxDjhz9p2f,462.00,INR,9.24,1.66,0.00,451.10,upi,,,2026-06-14 16:04:32,14/06/2026 16:04:32,[],,,,order_6uYqYoUmollUzR,rcpt-39877,[],,,,setl_LGp7r8z6FNmFNz,2026-06-16 16:04:32,CITIN26061654927124,Razorpay
payment,pay_TMTZAendsJ2NRm,19992.50,INR,399.85,71.97,0.00,19520.68,card,credit,SBIN,46187.97015046296,14/06/2026 23:17:01,[],,,,order_uvD1gE41YmnYxZ,rcpt-80083,[],,,,setl_LGp7r8z6FNmFNz,2026-06-16 23:17:01,CITIN26061654927124,Razorpay
payment,pay_okVvFFzML9svYk,368.00,INR,7.36,1.32,0.00,359.32,card,credit,,2026-06-15 06:30:30,15/06/2026 06:30:30,[],,,,order_gGUR9NqbMEGJkC,rcpt-45187,[],,,,setl_oXgs4X2opWeFaH,2026-06-16 06:30:30,CITIN26061610099382,Razorpay
payment,pay_Woebz8UdZYib9T,11148.50,INR,222.97,40.13,0.00,10885.40,card,credit,HDFC,15/06/2026 13:43:59,46188.57221064815,[],,,,order_yyNeCK3oAbyJWZ,rcpt-53665,[],,,,setl_oXgs4X2opWeFaH,2026-06-16 13:43:59,CITIN26061610099382,Razorpay
payment,pay_1KJd5SGAS8x6Ra,3159.00,INR,63.18,11.37,0.00,3084.45,upi,,,46188.8725462963,15/06/2026 20:56:28,[],,,,order_azAk6rUsvY68Xm,rcpt-88502,[],,,,setl_oXgs4X2opWeFaH,16/06/2026 20:56:28,CITIN26061610099382,Razorpay
payment,pay_bIPuJJfmyVA0N2,2590.50,INR,51.81,9.33,0.00,2529.36,wallet,,,15/06/2026 03:09:57,46188.13190972222,[],,,,order_C83tARLWxR2dBz,rcpt-21878,[],,,,setl_oXgs4X2opWeFaH,46189.13190972222,CITIN26061610099382,Razorpay
payment,pay_omOou6q3WFtwsp,11751.50,INR,235.03,42.31,0.00,11474.16,upi,,,2026-06-15 10:22:26,15/06/2026 10:22:26,[],,,,order_z9ita0xmWToYKY,rcpt-95560,[],,,,setl_oXgs4X2opWeFaH,2026-06-16 10:22:26,CITIN26061610099382,Razorpay
payment,pay_yH2HOW9DoQYn6Q,22942.00,INR,458.84,82.59,0.00,22400.57,upi,,,2026-06-15 17:35:55,15/06/2026 17:35:55,[],,,,order_7CJ5oSV5SiOc96,rcpt-98565,[],,,,setl_oXgs4X2opWeFaH,46189.73327546296,CITIN26061610099382,Razorpay
payment,pay_JDOkF0txf9H9SI,6861.50,INR,137.23,24.70,0.00,6699.57,upi,,,15/06/2026 00:48:24,2026-06-15 00:48:24,[],,,,order_mg0fqHfaDxpY2f,rcpt-56188,[],,,,setl_oXgs4X2opWeFaH,16/06/2026 00:48:24,CITIN26061610099382,Razorpay
payment,pay_8HH2Qzh1HckA7Q,420.50,INR,7.36,1.32,0.00,411.82,netbanking,,KKBK,2026-06-15 07:01:53,15/06/2026 07:01:53,[],,,,order_6Q2x3p3uBoE47Z,rcpt-71620,[],,,,setl_oXgs4X2opWeFaH,2026-06-16 07:01:53,CITIN26061610099382,Razorpay
payment,pay_2Yx8oaMdfgqpWB,844.50,INR,16.89,3.04,0.00,824.57,wallet,,,15/06/2026 14:14:22,2026-06-15 14:14:22,[],,,,order_U4oEn6gJAf0fnp,rcpt-34580,[],,,,setl_oXgs4X2opWeFaH,2026-06-16 14:14:22,CITIN26061610099382,Razorpay
payment,pay_5eEGN22VmM0Lkj,4785.00,INR,119.63,21.53,0.00,4643.84,card,credit,KKBK,15/06/2026 21:27:51,2026-06-15 21:27:51,[],,,,order_oZ2Oa5V3DCsuC4,rcpt-42812,[],,,,setl_oXgs4X2opWeFaH,2026-06-16 21:27:51,CITIN26061610099382,Razorpay
payment,pay_HzA0LGU9r1x5Io,1574.00,INR,31.48,5.67,0.00,1536.85,card,credit,HDFC,2026-06-15 04:40:20,15/06/2026 04:40:20,[],,,,order_N4MeCMWbAQvxRV,rcpt-71402,[],,,,setl_oXgs4X2opWeFaH,2026-06-16 04:40:20,CITIN26061610099382,Razorpay
payment,pay_BnoP84w6iqDPB6,9458.00,INR,189.16,34.05,0.00,9234.79,upi,,,46188.49570601852,2026-06-15 11:53:49,[],,,,order_gRbm3HCckRXIxx,rcpt-59166,[],,,,setl_oXgs4X2opWeFaH,2026-06-16 11:53:49,CITIN26061610099382,Razorpay
payment,pay_2Nz2QQcMyLP4Lw,11499.00,INR,229.98,41.40,0.00,11227.62,upi,,,2026-06-15 18:06:18,2026-06-15 18:06:18,[],,,,order_BrnQGskwpmQcD5,rcpt-65536,[],,,,setl_oXgs4X2opWeFaH,16/06/2026 18:06:18,CITIN26061610099382,Razorpay
payment,pay_7wBztepD9PpxrI,4835.50,INR,96.71,17.41,0.00,4721.38,upi,,,46188.05540509259,2026-06-15 01:19:47,[],,,,order_Ljjr3RU4v8RZLZ,rcpt-35825,[],,,,setl_oXgs4X2opWeFaH,16/06/2026 01:19:47,CITIN26061610099382,Razorpay
payment,pay_HhkCL76uToPMJj,2792.00,INR,55.84,10.05,0.00,2726.11,upi,,,2026-06-15 08:32:16,2026-06-15 08:32:16,[],,,,order_BwwgRTL4qlaxPY,rcpt-41137,[],,,,setl_oXgs4X2opWeFaH,2026-06-16 08:32:16,CITIN26061610099382,Razorpay
payment,pay_o6r7HBwvAfIL46,387.00,INR,7.74,1.39,0.00,377.87,card,credit,KKBK,2026-06-15 15:45:45,2026-06-15 15:45:45,[],,,,order_d2s4cqDFgRoJDe,rcpt-98178,[],,,,setl_oXgs4X2opWeFaH,2026-06-16 15:45:45,CITIN26061610099382,Razorpay
payment,pay_yo9qGOUldSSDlM,534.50,INR,9.35,1.68,0.00,523.47,netbanking,,SBIN,2026-06-15 22:58:14,2026-15-06 22:58:14,[],,,,order_DRrZz8cvk77FmI,rcpt-56027,[],,,,setl_oXgs4X2opWeFaH,2026-06-16 22:58:14,CITIN26061610099382,Razorpay
payment,pay_GHYf4hakghuRge,1766.50,INR,35.33,6.36,0.00,1724.81,upi,,,2026-06-15 05:11:43,46188.216469907406,[],,,,order_ccRP0i8mwAaC0T,rcpt-49096,[],,,,setl_oXgs4X2opWeFaH,2026-06-16 05:11:43,CITIN26061610099382,Razorpay
payment,pay_fzK5DVgcHqGtce,2509.50,INR,50.19,9.03,0.00,2450.28,wallet,,,2026-15-06 12:24:12,2026-06-15 12:24:12,[],,,,order_jlLJHAlxR8gh5T,rcpt-20329,[],,,,setl_oXgs4X2opWeFaH,46189.516805555555,CITIN26061610099382,Razorpay
payment,pay_So5lFp2O9qXbfQ,740.00,INR,14.80,2.66,0.00,722.54,upi,,,2026-06-15 19:37:41,46188.81783564815,[],,,,order_Y1ZdXcACCzAsQM,rcpt-50674,[],,,,setl_oXgs4X2opWeFaH,16/06/2026 19:37:41,CITIN26061610099382,Razorpay
payment,pay_4bLZtabPVJ1ZAP,4153.00,INR,83.06,14.95,0.00,4054.99,upi,,,46188.11817129629,2026-06-15 02:50:10,[],,,,order_MZIIbMpTAVekDB,rcpt-25918,[],,,,setl_oXgs4X2opWeFaH,16/06/2026 02:50:10,CITIN26061610099382,Razorpay
payment,pay_8uZoE1BxhO3T82,875.50,INR,17.51,3.15,0.00,854.84,upi,,,2026-06-15 09:03:39,2026-06-15 09:03:39,[],,,,order_MIUtAwTd2eVXIO,rcpt-30873,[],,,,setl_oXgs4X2opWeFaH,16/06/2026 09:03:39,CITIN26061610099382,Razorpay
payment,pay_PIoA5KEMpsw5a9,351.00,INR,8.78,1.58,0.00,340.64,card,credit,AXIS,2026-06-15 16:16:08,15/06/2026 16:16:08,[],,,,order_CTa04drE8UOyDt,rcpt-32934,[],,,,setl_oXgs4X2opWeFaH,46189.67787037037,CITIN26061610099382,Razorpay
payment,pay_vIR2bQ4lcNRxLv,7409.50,INR,148.19,26.67,0.00,7234.64,card,credit,AXIS,46188.978900462964,15/06/2026 23:29:37,[],,,,order_B8dBZoywvdji7Y,rcpt-30587,[],,,,setl_oXgs4X2opWeFaH,2026-06-16 23:29:37,CITIN26061610099382,Razorpay
payment,pay_iCNQGLjjJummhP,2937.00,INR,58.74,10.57,0.00,2867.69,upi,,,2026-15-06 06:42:06,2026-06-15 06:42:06,[],,,,order_9XcVrgKNEBnuaF,rcpt-83885,[],,,,setl_oXgs4X2opWeFaH,2026-06-16 06:42:06,CITIN26061610099382,Razorpay
payment,pay_qrz1rOpJ2XiLro,10985.50,INR,219.71,39.55,0.00,10726.24,upi,,,46188.5802662037,2026-06-15 13:55:35,[],,,,order_1EviuXV8esZnp0,rcpt-95480,[],,,,setl_oXgs4X2opWeFaH,46189.5802662037,CITIN26061610099382,Razorpay
payment,pay_khgGmanAPR919n,946.00,INR,18.92,3.41,0.00,923.67,upi,,,2026-06-15 20:08:04,2026-06-15 20:08:04,[],,,,order_S1A8BRGzOJCYL6,rcpt-38427,[],,,,setl_oXgs4X2opWeFaH,2026-06-16 20:08:04,CITIN26061610099382,Razorpay
payment,pay_1fJGpvhFzTCrnv,432.50,INR,8.65,1.56,0.00,422.29,upi,,,2026-06-15 03:21:33,46188.139965277776,[],,,,order_cLr45Xn7xu48bj,rcpt-28215,[],,,,setl_oXgs4X2opWeFaH,2026-06-16 03:21:33,CITIN26061610099382,Razorpay
payment,pay_XpObnGXhfg2CfA,3904.50,INR,78.09,14.06,0.00,3812.35,upi,,,15/06/2026 10:34:02,2026-06-15 10:34:02,[],,,,order_TJXvFYWo7IzkCK,rcpt-21537,[],,,,setl_oXgs4X2opWeFaH,46189.440300925926,CITIN26061610099382,Razorpay
payment,pay_jKCy6hr9SDvWkb,4831.50,INR,96.63,17.39,0.00,4717.48,card,credit,SBIN,2026-06-16 17:47:31,2026-16-06 17:47:31,[],,,,order_8GrGspqopp6Zm3,rcpt-20531,[],,,,setl_8fyCkNhhJEhjAV,2026-06-18 17:47:31,CITIN26061838726153,Razorpay
payment,pay_FhSxeBQPy1wljh,7599.00,INR,151.98,27.36,0.00,7419.66,card,credit,KKBK,16/06/2026 00:00:00,2026-06-16 00:00:00,[],,,,order_5c7wK5rfadLnla,rcpt-47560,[],,,,setl_8fyCkNhhJEhjAV,18/06/2026 00:00:00,CITIN26061838726153,Razorpay
payment,pay_Znd8izb8ukB9i3,948.00,INR,18.96,3.41,0.00,925.63,upi,,,2026-06-16 07:13:29,16/06/2026 07:13:29,[],,,,order_9B7ZBH0I11ZNh9,rcpt-10814,[],,,,setl_8fyCkNhhJEhjAV,18/06/2026 07:13:29,CITIN26061838726153,Razorpay
payment,pay_BwkCD4JPolG27a,3669.00,INR,73.38,13.21,0.00,3582.41,card,credit,HDFC,2026-16-06 14:26:58,46189.602060185185,[],,,,order_2F80v1gCeP04Aa,rcpt-65180,[],,,,setl_8fyCkNhhJEhjAV,18/06/2026 14:26:58,CITIN26061838726153,Razorpay
payment,pay_DGIem2epeXgDoI,19418.00,INR,233.02,41.94,0.00,19143.04,card,debit,ICICI,16/06/2026 21:39:27,46189.902395833335,[],,,,order_avmIZqYCvx2LSS,rcpt-77158,[],,,,setl_8fyCkNhhJEhjAV,18/06/2026 21:39:27,CITIN26061838726153,Razorpay
payment,pay_07Hs5mDMbRnLaJ,4482.00,INR,89.64,16.14,0.00,4376.22,upi,,,2026-06-16 04:52:56,2026-06-16 04:52:56,[],,,,order_pR2eNBKhS8uqBi,rcpt-96319,[],,,,setl_8fyCkNhhJEhjAV,18/06/2026 04:52:56,CITIN26061838726153,Razorpay
payment,pay_bjPyqmQkmNNnEc,24520.00,INR,294.24,52.96,0.00,24172.80,card,debit,ICICI,2026-16-06 11:05:25,2026-06-16 11:05:25,[],,,,order_UaqaXUNkV820QZ,rcpt-74979,[],,,,setl_8fyCkNhhJEhjAV,2026-06-18 11:05:25,CITIN26061838726153,Razorpay
payment,pay_HvipJHLw4CLVbc,532.00,INR,10.64,1.92,0.00,519.44,upi,,,46189.763125,46189.763125,[],,,,order_ue8wrmJNOSpcIK,rcpt-41739,[],,,,setl_8fyCkNhhJEhjAV,18/06/2026 18:18:54,CITIN26061838726153,Razorpay
payment,pay_gctfy7U0F9Sen4,4353.00,INR,87.06,15.67,0.00,4250.27,upi,,,16/06/2026 01:31:23,2026-06-16 01:31:23,[],,,,order_pmBdr9AdHFhCcM,rcpt-88932,[],,,,setl_8fyCkNhhJEhjAV,2026-06-18 01:31:23,CITIN26061838726153,Razorpay
payment,pay_TGtUQJRrI2ONJt,324.50,INR,5.68,1.02,0.00,317.80,netbanking,,ICICI,2026-06-16 08:44:52,16/06/2026 08:44:52,[],,,,order_gFVc0n56fgHpLD,rcpt-56103,[],,,,setl_8fyCkNhhJEhjAV,2026-06-18 08:44:52,CITIN26061838726153,Razorpay
payment,pay_uhxSNggs8yrMBB,19951.50,INR,239.42,43.10,0.00,19668.98,card,debit,HDFC,2026-06-16 15:57:21,46189.664826388886,[],,,,order_itJI74gICeLDjA,rcpt-61561,[],,,,setl_8fyCkNhhJEhjAV,2026-06-18 15:57:21,CITIN26061838726153,Razorpay
payment,pay_xMgd0WvIUl9nS3,10123.50,INR,121.48,21.87,0.00,9980.15,card,debit,SBIN,2026-06-16 22:10:50,2026-06-16 22:10:50,[],,,,order_ymVq7vWmufvXRO,rcpt-44945,[],,,,setl_8fyCkNhhJEhjAV,2026-06-18 22:10:50,CITIN26061838726153,Razorpay
payment,pay_a6WHswPqZ9ZUBi,22997.50,INR,402.46,72.44,0.00,22522.60,netbanking,,HDFC,16/06/2026 05:23:19,2026-06-16 05:23:19,[],,,,order_aii2iQPAhpbpPO,rcpt-36469,[],,,,setl_8fyCkNhhJEhjAV,46191.22452546296,CITIN26061838726153,Razorpay
payment,pay_R2weQhdNwEZ58V,10891.50,INR,217.83,39.21,0.00,10634.46,upi,,,2026-06-16 12:36:48,46189.525555555556,[],,,,order_L7trHdbISsyXam,rcpt-41127,[],,,,setl_8fyCkNhhJEhjAV,18/06/2026 12:36:48,CITIN26061838726153,Razorpay
payment,pay_19e1YnusEEctnv,2676.50,INR,53.53,9.64,0.00,2613.33,card,credit,KKBK,2026-06-16 19:49:17,46189.825891203705,[],,,,order_qjFJWM2wAInR1H,rcpt-75115,[],,,,setl_8fyCkNhhJEhjAV,2026-06-18 19:49:17,CITIN26061838726153,Razorpay
payment,pay_OEagB74CbpFTYA,650.50,INR,13.01,2.34,0.00,635.15,upi,,,2026-06-16 02:02:46,2026-06-16 02:02:46,[],,,,order_THkLLuyPfqwDMY,rcpt-64860,[],,,,setl_8fyCkNhhJEhjAV,46191.08525462963,CITIN26061838726153,Razorpay
payment,pay_ezCXiubKcJZRL9,4592.50,INR,91.85,16.53,0.00,4484.12,upi,,,46189.38559027778,2026-06-16 09:15:15,[],,,,order_rtVlhzpf6eVWMp,rcpt-54951,[],,,,setl_8fyCkNhhJEhjAV,2026-06-18 09:15:15,CITIN26061838726153,Razorpay
payment,pay_ONqWArCvJquE2e,3095.50,INR,61.91,11.14,0.00,3022.45,upi,,,2026-06-16 16:28:44,2026-06-16 16:28:44,[],,,,order_nnUt5bSKAQeSvf,rcpt-69014,[],,,,setl_8fyCkNhhJEhjAV,46191.68662037037,CITIN26061838726153,Razorpay
payment,pay_7gfGTsadld8CG6,23863.50,INR,477.27,85.91,0.00,23300.32,card,credit,KKBK,2026-06-16 23:41:13,46189.98695601852,[],,,,order_wwE78jglYk6yE9,rcpt-23114,[],,,,setl_8fyCkNhhJEhjAV,18/06/2026 23:41:13,CITIN26061838726153,Razorpay
payment,pay_WsZK1rBVqk60jP,935.00,INR,18.70,3.37,0.00,912.93,wallet,,,46189.287986111114,2026-06-16 06:54:42,[],,,,order_VWX2ODyq0SNY1Z,rcpt-57606,[],,,,setl_8fyCkNhhJEhjAV,18/06/2026 06:54:42,CITIN26061838726153,Razorpay
payment,pay_hsL8r1RHFy4AAV,335.00,INR,6.70,1.21,0.00,327.09,upi,,,2026-06-16 13:07:11,2026-16-06 13:07:11,[],,,,order_dXTMDtKxzTB4Ak,rcpt-56113,[],,,,setl_8fyCkNhhJEhjAV,46191.54665509259,CITIN26061838726153,Razorpay
payment,pay_egAZG3vVAP0EHo,14470.50,INR,173.65,31.26,0.00,14265.59,card,debit,AXIS,16/06/2026 20:20:40,2026-06-16 20:20:40,[],,,,order_CJndNhLlUucWXg,rcpt-48864,[],,,,setl_8fyCkNhhJEhjAV,46191.84768518519,CITIN26061838726153,Razorpay
payment,pay_kX9KFlBVJg40zO,388.50,INR,7.77,1.40,0.00,379.33,upi,,,2026-06-16 03:33:09,16/06/2026 03:33:09,[],,,,order_6zQM6MCBRTWfU8,rcpt-35964,[],,,,setl_8fyCkNhhJEhjAV,2026-06-18 03:33:09,CITIN26061838726153,Razorpay
payment,pay_kslFoExOJi9DHW,750.00,INR,13.13,2.36,0.00,734.51,netbanking,,HDFC,2026-06-16 10:46:38,2026-06-16 10:46:38,[],,,,order_O7mqFRXktmgTHG,rcpt-30601,[],,,,setl_8fyCkNhhJEhjAV,18/06/2026 10:46:38,CITIN26061838726153,Razorpay
refund,rfnd_OGDVBZdP8MfMqP,3070.00,INR,4.00,0.72,3074.72,0.00,,,,46190.749386574076,,,"{""refund_reason"": ""duplicate_order""}",541918364501,,,,,,,,setl_8fyCkNhhJEhjAV,18/06/2026 17:59:07,CITIN26061838726153,Razorpay
refund,rfnd_6vrlETc6pSNC1o,882.50,INR,4.00,0.72,887.22,0.00,,,,17/06/2026 00:12:36,,,"{""refund_reason"": ""item_out_of_stock""}",814749420862,,,,,,,,setl_8fyCkNhhJEhjAV,18/06/2026 00:12:36,CITIN26061838726153,Razorpay
refund,rfnd_OrexNCb0MTscTJ,526.50,INR,4.00,0.72,531.22,0.00,,,,2026-06-18 07:25:05,,,"{""refund_reason"": ""duplicate_order""}",872140453319,,,,,,,,setl_8fyCkNhhJEhjAV,18/06/2026 07:25:05,CITIN26061838726153,Razorpay
adjustment,adj_baxsRDAvqvliwP,-2614.00,INR,0.00,0.00,2614.00,0.00,,,,2026-06-18 14:38:34,,,,,unattributed_adjustment,,,,,,,setl_8fyCkNhhJEhjAV,2026-06-18 14:38:34,CITIN26061838726153,Razorpay
payment,pay_vXj2o1YbJOfZja,22018.50,INR,440.37,79.27,0.00,21498.86,upi,,,17/06/2026 21:51:03,17/06/2026 21:51:03,[],,,,order_VOhe3wKzsR6HWb,rcpt-11020,[],,,,setl_hlnB0rAFe81EEt,2026-06-18 21:51:03,CITIN26061814307588,Razorpay
payment,pay_R7iP1eVa1EmAgB,24161.00,INR,483.22,86.98,0.00,23590.80,upi,,,17/06/2026 04:04:32,2026-06-17 04:04:32,[],,,,order_LLKjNNIJqHNEoW,rcpt-63309,[],,,,setl_hlnB0rAFe81EEt,2026-06-18 04:04:32,CITIN26061814307588,Razorpay
payment,pay_UgTZrAHvf8ARz6,15236.00,INR,304.72,54.85,0.00,14876.43,upi,,,2026-06-17 11:17:01,17/06/2026 11:17:01,[],,,,order_QsrC2crGrVMCvT,rcpt-47881,[],,,,setl_hlnB0rAFe81EEt,2026-06-18 11:17:01,CITIN26061814307588,Razorpay
payment,pay_C3YuQzuiu5kcId,20271.00,INR,405.42,72.98,0.00,19792.60,upi,,,2026-06-17 18:30:30,2026-06-17 18:30:30,[],,,,order_db2B51J0YjT6VF,rcpt-71694,[],,,,setl_hlnB0rAFe81EEt,2026-06-18 18:30:30,CITIN26061814307588,Razorpay
payment,pay_hiFl869y9JuZQY,24292.50,INR,485.85,87.45,0.00,23719.20,card,credit,ICICI,17/06/2026 01:43:59,2026-06-17 01:43:59,[],,,,order_DAElX6HcyKBEk8,rcpt-82921,[],,,,setl_hlnB0rAFe81EEt,46191.07221064815,CITIN26061814307588,Razorpay
payment,pay_DJhjKKEsp7wXFw,20424.00,INR,408.48,73.53,0.00,19941.99,card,credit,ICICI,2026-06-17 08:56:28,2026-06-17 08:56:28,[],,,,order_5pKAFxk0NeaEuF,rcpt-81486,[],,,,setl_hlnB0rAFe81EEt,2026-06-18 08:56:28,CITIN26061814307588,Razorpay
payment,pay_KGGY8wvPjoEzk9,4319.50,INR,86.39,15.55,0.00,4217.56,upi,,,2026-06-17 15:09:57,17/06/2026 15:09:57,[],,,,order_h6IuRJ9XohWGkQ,rcpt-92323,[],,,,setl_hlnB0rAFe81EEt,18/06/2026 15:09:57,CITIN26061814307588,Razorpay
payment,pay_2IWb78wzg15Xuf,1802.00,INR,36.04,6.49,0.00,1759.47,upi,,,46190.93224537037,2026-06-17 22:22:26,[],,,,order_Ehu7mXzgHLJCg1,rcpt-73887,[],,,,setl_hlnB0rAFe81EEt,46191.93224537037,CITIN26061814307588,Razorpay
payment,pay_HRDSIj5cEKf7ci,392.00,INR,7.84,1.41,0.00,382.75,upi,,,2026-06-17 05:35:55,17/06/2026 05:35:55,[],,,,order_llQN2rO7I5Zp2B,rcpt-82859,[],,,,setl_hlnB0rAFe81EEt,2026-06-18 05:35:55,CITIN26061814307588,Razorpay
payment,pay_QTHQyMwKGlCzYo,20198.00,INR,403.96,72.71,0.00,19721.33,upi,,,2026-06-17 12:48:24,2026-17-06 12:48:24,[],,,,order_pgopFCcdIyqFXN,rcpt-10324,[],,,,setl_hlnB0rAFe81EEt,18/06/2026 12:48:24,CITIN26061814307588,Razorpay
payment,pay_yJuU1ryqgNZG3S,1703.50,INR,34.07,6.13,0.00,1663.30,upi,,,2026-06-17 19:01:53,2026-17-06 19:01:53,[],,,,order_QUx6F3wEkO2PlP,rcpt-17620,[],,,,setl_hlnB0rAFe81EEt,2026-06-18 19:01:53,CITIN26061814307588,Razorpay
payment,pay_cl12isxQbJmDhn,837.00,INR,16.74,3.01,0.00,817.25,upi,,,2026-06-17 02:14:22,2026-06-17 02:14:22,[],,,,order_782N3XMvIzd2mf,rcpt-74048,[],,,,setl_hlnB0rAFe81EEt,2026-18-06 02:14:22,CITIN26061814307588,Razorpay
payment,pay_q99vwUzKCOMhsT,685.50,INR,13.71,2.47,0.00,669.32,upi,,,2026-06-17 09:27:51,2026-17-06 09:27:51,[],,,,order_8HubRrkb7DNVGA,rcpt-79055,[],,,,setl_hlnB0rAFe81EEt,2026-06-18 09:27:51,CITIN26061814307588,Razorpay
payment,pay_8x3vCPHaOb1iiZ,737.50,INR,14.75,2.66,0.00,720.09,upi,,,2026-06-17 16:40:20,2026-06-17 16:40:20,[],,,,order_JE8VxgD3ZW5t4A,rcpt-50238,[],,,,setl_hlnB0rAFe81EEt,18/06/2026 16:40:20,CITIN26061814307588,Razorpay
payment,pay_lCFeevbsGY8FGz,10951.00,INR,219.02,39.42,0.00,10692.56,upi,,,2026-06-17 23:53:49,2026-06-17 23:53:49,[],,,,order_JgqwHAAM5ScOoO,rcpt-40671,[],,,,setl_hlnB0rAFe81EEt,2026-18-06 23:53:49,CITIN26061814307588,Razorpay
payment,pay_CaDrf0VKvope1E,1122.00,INR,22.44,4.04,0.00,1095.52,upi,,,17/06/2026 06:06:18,17/06/2026 06:06:18,[],,,,order_t8FznxATD2UPA3,rcpt-13244,[],,,,setl_hlnB0rAFe81EEt,2026-06-18 06:06:18,CITIN26061814307588,Razorpay
payment,pay_sBDDXWamjTwCHa,17915.00,INR,214.98,38.70,0.00,17661.32,card,debit,SBIN,2026-06-17 13:19:47,17/06/2026 13:19:47,[],,,,order_hlIMf60AtFbB0k,rcpt-51083,[],,,,setl_hlnB0rAFe81EEt,2026-06-18 13:19:47,CITIN26061814307588,Razorpay
payment,pay_WdtgMKQewHFPzc,11602.50,INR,232.05,41.77,0.00,11328.68,card,credit,,2026-06-17 20:32:16,2026-06-17 20:32:16,[],,,,order_Ty86VkWz762WmC,rcpt-53754,[],,,,setl_hlnB0rAFe81EEt,18/06/2026 20:32:16,CITIN26061814307588,Razorpay
payment,pay_qKNX7jmvdrBTsg,4893.00,INR,97.86,17.61,0.00,4777.53,upi,,,2026-06-17 03:45:45,2026-06-17 03:45:45,[],,,,order_qXQqV9aY2zifW3,rcpt-69201,[],,,,setl_hlnB0rAFe81EEt,2026-06-18 03:45:45,CITIN26061814307588,Razorpay
payment,pay_RshAiE4e26VZtv,4283.00,INR,85.66,15.42,0.00,4181.92,wallet,,,2026-06-17 10:58:14,17/06/2026 10:58:14,[],,,,order_RTgGCy2gR1nQU1,rcpt-97738,[],,,,setl_hlnB0rAFe81EEt,46191.45710648148,CITIN26061814307588,Razorpay
payment,pay_hVNqlldOaPnl2h,758.50,INR,15.17,2.73,0.00,740.60,upi,,,2026-06-17 17:11:43,46190.716469907406,[],,,,order_2P3UgYJx3gyg83,rcpt-38404,[],,,,setl_hlnB0rAFe81EEt,18/06/2026 17:11:43,CITIN26061814307588,Razorpay
payment,pay_Co78P9nMUV2fcT,2481.00,INR,49.62,8.93,0.00,2422.45,card,credit,HDFC,17/06/2026 00:24:12,2026-06-17 00:24:12,[],,,,order_mSO0qiACBvI4PX,rcpt-95059,[],,,,setl_hlnB0rAFe81EEt,18/06/2026 00:24:12,CITIN26061814307588,Razorpay
payment,pay_vjMAuF6stXX1zc,21190.50,INR,423.81,76.29,0.00,20690.40,upi,,,2026-06-17 07:37:41,2026-06-17 07:37:41,[],,,,order_NjTRi3l2MuCE01,rcpt-86320,[],,,,setl_hlnB0rAFe81EEt,2026-06-18 07:37:41,CITIN26061814307588,Razorpay
payment,pay_HGGzdWVvK7MvzH,4130.00,INR,49.56,8.92,0.00,4071.52,card,debit,ICICI,2026-06-17 14:50:10,17/06/2026 14:50:10,[],,,,order_2mMwfwnlGZsLAm,rcpt-50706,[],,,,setl_hlnB0rAFe81EEt,2026-18-06 14:50:10,CITIN26061814307588,Razorpay
payment,pay_EWKTqi99iQTMn5,4444.00,INR,88.88,16.00,0.00,4339.12,upi,,,46190.877534722225,2026-06-17 21:03:39,[],,,,order_ItszA40beYUQnZ,rcpt-57053,[],,,,setl_hlnB0rAFe81EEt,18/06/2026 21:03:39,CITIN26061814307588,Razorpay
payment,pay_xq20BQRwagWDVX,10829.50,INR,129.95,23.39,0.00,10676.16,card,debit,,17/06/2026 04:16:08,2026-06-17 04:16:08,[],,,,order_WC6N7OZGjR5FU1,rcpt-83722,[],,,,setl_hlnB0rAFe81EEt,2026-06-18 04:16:08,CITIN26061814307588,Razorpay
payment,pay_efiupMQqng1Nef,3691.50,INR,73.83,13.29,0.00,3604.38,upi,,,17/06/2026 11:29:37,2026-06-17 11:29:37,[],,,,order_zrG0P5RHJPMgIH,rcpt-74317,[],,,,setl_hlnB0rAFe81EEt,18/06/2026 11:29:37,CITIN26061814307588,Razorpay
payment,pay_C9jLtQ1eLgpD1h,847.00,INR,10.16,1.83,0.00,835.01,card,debit,SBIN,2026-06-17 18:42:06,2026-06-17 18:42:06,[],,,,order_Muc2e62kUpvunq,rcpt-70235,[],,,,setl_hlnB0rAFe81EEt,46191.77923611111,CITIN26061814307588,Razorpay
payment,pay_8zXxn8Jwbn5rV5,16428.50,INR,328.57,59.14,0.00,16040.79,upi,,,2026-06-17 01:55:35,2026-06-17 01:55:35,[],,,,order_w4TgeLiK8Csl17,rcpt-27177,[],,,,setl_hlnB0rAFe81EEt,46191.0802662037,CITIN26061814307588,Razorpay
payment,pay_IpuMEGwdRv9Zjb,1279.50,INR,25.59,4.61,0.00,1249.30,upi,,,17/06/2026 08:08:04,2026-06-17 08:08:04,[],,,,order_wRrU5WPbiCY8pO,rcpt-73478,[],,,,setl_hlnB0rAFe81EEt,18/06/2026 08:08:04,CITIN26061814307588,Razorpay
payment,pay_QvmOvN1VXSoK3J,1985.50,INR,23.83,4.29,0.00,1957.38,card,debit,,2026-06-17 15:21:33,2026-17-06 15:21:33,[],,,,order_iutKAD3xkI68yG,rcpt-84757,[],,,,setl_hlnB0rAFe81EEt,18/06/2026 15:21:33,CITIN26061814307588,Razorpay
payment,pay_Kht0165tBC8vGt,6100.00,INR,73.20,13.18,0.00,6013.62,card,debit,,18/06/2026 22:34:02,2026-06-18 22:34:02,[],,,,order_apHuEAbnODcH3B,rcpt-11511,[],,,,setl_pv7znre09sgKRo,46195.940300925926,CITIN26062264945980,Razorpay
payment,pay_BluAj88OYLHqGD,1179.50,INR,23.59,4.25,0.00,1151.66,upi,,,2026-06-18 05:47:31,18/06/2026 05:47:31,[],,,,order_TlHKsrX5T2uhYY,rcpt-29211,[],,,,setl_pv7znre09sgKRo,2026-06-22 05:47:31,CITIN26062264945980,Razorpay
payment,pay_yQm4Rhu3cMb37v,23819.50,INR,476.39,85.75,0.00,23257.36,upi,,,18/06/2026 12:00:00,46191.5,[],,,,order_pqx0EY30bPBZpt,rcpt-58236,[],,,,setl_pv7znre09sgKRo,2026-06-22 12:00:00,CITIN26062264945980,Razorpay
payment,pay_WYIhoqwZJcilhq,535.00,INR,10.70,1.93,0.00,522.37,wallet,,,2026-06-18 19:13:29,46191.801030092596,[],,,,order_H4DmBt9TZnFNu0,rcpt-48388,[],,,,setl_pv7znre09sgKRo,46195.801030092596,CITIN26062264945980,Razorpay
payment,pay_Ui12gydsjdP84I,502.50,INR,10.05,1.81,0.00,490.64,upi,,,2026-06-18 02:26:58,18/06/2026 02:26:58,[],,,,order_zikLPC5OWlIlZk,rcpt-27434,[],,,,setl_pv7znre09sgKRo,2026-06-22 02:26:58,CITIN26062264945980,Razorpay
payment,pay_Lpj7ILow4kGZiA,3411.50,INR,68.23,12.28,0.00,3330.99,upi,,,2026-06-18 09:39:27,2026-06-18 09:39:27,[],,,,order_wWIfq9Y51xcBYR,rcpt-44213,[],,,,setl_pv7znre09sgKRo,22/06/2026 09:39:27,CITIN26062264945980,Razorpay
payment,pay_tDqT7SVlpb92BI,3042.50,INR,36.51,6.57,0.00,2999.42,card,debit,KKBK,18/06/2026 16:52:56,2026-06-18 16:52:56,[],,,,order_1EBZXCBXVELGds,rcpt-19180,[],,,,setl_pv7znre09sgKRo,2026-06-22 16:52:56,CITIN26062264945980,Razorpay
payment,pay_SlcmtxqmaOu1A9,5082.00,INR,101.64,18.30,0.00,4962.06,upi,,,2026-06-18 23:05:25,46191.96209490741,[],,,,order_hluLKnu0DmjcpO,rcpt-31205,[],,,,setl_pv7znre09sgKRo,2026-06-22 23:05:25,CITIN26062264945980,Razorpay
payment,pay_AvNxNTfUlEHfBn,5556.00,INR,97.23,17.50,0.00,5441.27,netbanking,,HDFC,46191.263125,2026-06-18 06:18:54,[],,,,order_lv2moBkMUNUHdn,rcpt-54463,[],,,,setl_pv7znre09sgKRo,22/06/2026 06:18:54,CITIN26062264945980,Razorpay
payment,pay_ecD857JqJkZ1Bm,7408.00,INR,148.16,26.67,0.00,7233.17,upi,,,18/06/2026 13:31:23,2026-06-18 13:31:23,[],,,,order_u1ckUxOFUWU0DW,rcpt-48592,[],,,,setl_pv7znre09sgKRo,2026-06-22 13:31:23,CITIN26062264945980,Razorpay
payment,pay_MzGEO0SrS53Gpb,524.00,INR,9.17,1.65,0.00,513.18,netbanking,,HDFC,2026-06-18 20:44:52,2026-06-18 20:44:52,[],,,,order_TOXFIbKVFJfKUy,rcpt-93260,[],,,,setl_pv7znre09sgKRo,22/06/2026 20:44:52,CITIN26062264945980,Razorpay
payment,pay_83rvsBcLRQqiz1,4115.00,INR,49.38,8.89,0.00,4056.73,card,debit,,2026-06-18 03:57:21,2026-06-18 03:57:21,[],,,,order_Ztf5R1B8SwGWHi,rcpt-69273,[],,,,setl_pv7znre09sgKRo,2026-06-22 03:57:21,CITIN26062264945980,Razorpay
payment,pay_eRhFC96iJ91mUD,13278.50,INR,265.57,47.80,0.00,12965.13,upi,,,2026-06-18 10:10:50,2026-06-18 10:10:50,[],,,,order_tMGOC5Rhvd0gMu,rcpt-97828,[],,,,setl_pv7znre09sgKRo,22/06/2026 10:10:50,CITIN26062264945980,Razorpay
payment,pay_9Z7amjSSCBzIIt,15688.00,INR,274.54,49.42,0.00,15364.04,netbanking,,AXIS,18/06/2026 17:23:19,18/06/2026 17:23:19,[],,,,order_QoCGXONwKEmcIW,rcpt-91877,[],,,,setl_pv7znre09sgKRo,22/06/2026 17:23:19,CITIN26062264945980,Razorpay
payment,pay_OtvgrqYOdElZ5o,10749.50,INR,214.99,38.70,0.00,10495.81,wallet,,,18/06/2026 00:36:48,18/06/2026 00:36:48,[],,,,order_GIRzl2RxC9GtuJ,rcpt-26225,[],,,,setl_pv7znre09sgKRo,2026-06-22 00:36:48,CITIN26062264945980,Razorpay
payment,pay_eodmnDJ3Yl5lek,2140.50,INR,42.81,7.71,0.00,2089.98,upi,,,2026-06-18 07:49:17,2026-06-18 07:49:17,[],,,,order_VJ9FYJrgCCTcBr,rcpt-21841,[],,,,setl_pv7znre09sgKRo,2026-06-22 07:49:17,CITIN26062264945980,Razorpay
payment,pay_6e25G3xmwtvE9d,4096.50,INR,49.16,8.85,0.00,4038.49,card,debit,HDFC,2026-06-18 14:02:46,18/06/2026 14:02:46,[],,,,order_L5Pxd8KqB12Sej,rcpt-92601,[],,,,setl_pv7znre09sgKRo,2026-06-22 14:02:46,CITIN26062264945980,Razorpay
payment,pay_m0CtM30k0pjSeF,17734.50,INR,354.69,63.84,0.00,17315.97,card,credit,ICICI,18/06/2026 21:15:15,2026-06-18 21:15:15,[],,,,order_tcfCABw0cZgNAy,rcpt-97328,[],,,,setl_pv7znre09sgKRo,2026-06-22 21:15:15,CITIN26062264945980,Razorpay
payment,pay_4cW6BGR0bGf0Dk,960.00,INR,19.20,3.46,0.00,937.34,card,credit,HDFC,18/06/2026 04:28:44,46191.18662037037,[],,,,order_cr53epHxM0xT1c,rcpt-68101,[],,,,setl_pv7znre09sgKRo,2026-06-22 04:28:44,CITIN26062264945980,Razorpay
payment,pay_Bm2LrdVteQiCUQ,476.00,INR,9.52,1.71,0.00,464.77,upi,,,2026-18-06 11:41:13,2026-06-18 11:41:13,[],,,,order_v7Hudx3vh7vaPG,rcpt-55181,[],,,,setl_pv7znre09sgKRo,2026-06-22 11:41:13,CITIN26062264945980,Razorpay
payment,pay_Comi1ViAf9w36w,1354.50,INR,27.09,4.88,0.00,1322.53,upi,,,2026-06-18 18:54:42,2026-18-06 18:54:42,[],,,,order_bZuXT2NNIuBvBp,rcpt-39559,[],,,,setl_pv7znre09sgKRo,2026-06-22 18:54:42,CITIN26062264945980,Razorpay
payment,pay_pJ8kJIzTUDEkpT,2869.00,INR,57.38,10.33,0.00,2801.29,card,credit,ICICI,2026-06-18 01:07:11,2026-06-18 01:07:11,[],,,,order_ivMoGTizbydCiF,rcpt-37402,[],,,,setl_pv7znre09sgKRo,2026-06-22 01:07:11,CITIN26062264945980,Razorpay
payment,pay_p07rK1Fbd9BeqI,679.50,INR,13.59,2.45,0.00,663.46,card,credit,HDFC,46191.34768518519,18/06/2026 08:20:40,[],,,,order_sNzNTxx97aYEmY,rcpt-65602,[],,,,setl_pv7znre09sgKRo,2026-06-22 08:20:40,CITIN26062264945980,Razorpay
payment,pay_odCFuKcEA0oNnT,2510.50,INR,62.76,11.30,0.00,2436.44,card,credit,SBIN,2026-06-18 15:33:09,18/06/2026 15:33:09,[],,,,order_ohfZbdJlRPGEnE,rcpt-37131,[],,,,setl_pv7znre09sgKRo,22/06/2026 15:33:09,CITIN26062264945980,Razorpay
payment,pay_EgrnEZJzzP0AZ7,1629.00,INR,19.55,3.52,0.00,1605.93,card,debit,HDFC,18/06/2026 22:46:38,18/06/2026 22:46:38,[],,,,order_6LZskBj5ZnPM8S,rcpt-26114,[],,,,setl_pv7znre09sgKRo,2026-06-22 22:46:38,CITIN26062264945980,Razorpay
payment,pay_azMygT7rdozAZL,21358.50,INR,427.17,76.89,0.00,20854.44,upi,,,46191.249386574076,2026-06-18 05:59:07,[],,,,order_081457wK2w77vU,rcpt-19869,[],,,,setl_pv7znre09sgKRo,2026-06-22 05:59:07,CITIN26062264945980,Razorpay
payment,pay_ZY8h2fEgKKhO2x,22959.00,INR,275.51,49.59,0.00,22633.90,card,debit,SBIN,2026-18-06 12:12:36,2026-06-18 12:12:36,[],,,,order_0UYnhWLzPaNs2U,rcpt-76652,[],,,,setl_pv7znre09sgKRo,2026-06-22 12:12:36,CITIN26062264945980,Razorpay
payment,pay_u5ZZFfg7tko7Iz,21392.00,INR,427.84,77.01,0.00,20887.15,card,credit,,18/06/2026 19:25:05,18/06/2026 19:25:05,[],,,,order_TIpTNWD4T4mxNp,rcpt-92640,[],,,,setl_pv7znre09sgKRo,22/06/2026 19:25:05,CITIN26062264945980,Razorpay
payment,pay_OahXq1mGUZctFa,298.50,INR,5.97,1.07,0.00,291.46,upi,,,2026-06-18 02:38:34,2026-06-18 02:38:34,[],,,,order_nKlRoQhV5LTEBL,rcpt-84202,[],,,,setl_pv7znre09sgKRo,2026-06-22 02:38:34,CITIN26062264945980,Razorpay
payment,pay_s3JwBXpSXvTkfc,301.00,INR,6.02,1.08,0.00,293.90,card,credit,AXIS,2026-06-18 09:51:03,46191.41045138889,[],,,,order_sDfn5h2Lv6AyBP,rcpt-66241,[],,,,setl_pv7znre09sgKRo,2026-06-22 09:51:03,CITIN26062264945980,Razorpay
payment,pay_evKHfC26OUpYrE,16170.00,INR,323.40,58.21,0.00,15788.39,upi,,,2026-06-18 16:04:32,18/06/2026 16:04:32,[],,,,order_oZa3OazAtgZsP1,rcpt-28287,[],,,,setl_pv7znre09sgKRo,22/06/2026 16:04:32,CITIN26062264945980,Razorpay
payment,pay_4o0Ni8LaqFcYPd,379.00,INR,7.58,1.36,0.00,370.06,card,credit,KKBK,18/06/2026 23:17:01,18/06/2026 23:17:01,[],,,,order_j8BfVhIje9L5IC,rcpt-67338,[],,,,setl_pv7znre09sgKRo,2026-06-22 23:17:01,CITIN26062264945980,Razorpay
payment,pay_SRqKryN2Flq0E8,776.50,INR,15.53,2.80,0.00,758.17,card,credit,AXIS,2026-06-18 06:30:30,2026-06-18 06:30:30,[],,,,order_ePOEabp248cR6I,rcpt-42898,[],,,,setl_pv7znre09sgKRo,2026-06-22 06:30:30,CITIN26062264945980,Razorpay
payment,pay_v1TwIg3FC7IOsX,6632.50,INR,79.59,14.33,0.00,6538.58,card,debit,SBIN,2026-06-18 13:43:59,46191.57221064815,[],,,,order_RKA4OhRgkU26t2,rcpt-74698,[],,,,setl_pv7znre09sgKRo,22/06/2026 13:43:59,CITIN26062264945980,Razorpay
payment,pay_8Xd9x4AFjx7Wxg,613.00,INR,12.26,2.21,0.00,598.53,upi,,,2026-06-18 20:56:28,2026-06-18 20:56:28,[],,,,order_IJi5azT8QBr2IO,rcpt-45267,[],,,,setl_pv7znre09sgKRo,2026-06-22 20:56:28,CITIN26062264945980,Razorpay
payment,pay_3hLis3MdjztUGm,3576.00,INR,62.58,11.26,0.00,3502.16,netbanking,,HDFC,2026-06-18 03:09:57,2026-06-18 03:09:57,[],,,,order_aV1hdigOn5edn3,rcpt-70225,[],,,,setl_pv7znre09sgKRo,2026-06-22 03:09:57,CITIN26062264945980,Razorpay
refund,rfnd_bBCIWu1nsL25Np,8173.00,INR,4.00,0.72,8177.72,0.00,,,,46193.43224537037,,,"{""refund_reason"": ""item_out_of_stock""}",360178850607,,,,,,,,setl_pv7znre09sgKRo,2026-06-22 10:22:26,CITIN26062264945980,Razorpay
refund,rfnd_stgNaVQgcaK7e3,393.00,INR,4.00,0.72,397.72,0.00,,,,46195.73327546296,,,"{""refund_reason"": ""customer_request""}",343693706073,,,,,,,,setl_pv7znre09sgKRo,2026-06-22 17:35:55,CITIN26062264945980,Razorpay
payment,pay_JTSMjpi8GjvprA,449.00,INR,8.98,1.62,0.00,438.40,upi,,,2026-06-19 00:48:24,46192.03361111111,[],,,,order_eejkah8D9bHaJK,rcpt-23905,[],,,,setl_DPalq0y05L810W,22/06/2026 00:48:24,CITIN26062273256015,Razorpay
payment,pay_myUm9eGTfbI0bB,11759.00,INR,235.18,42.33,0.00,11481.49,upi,,,2026-06-19 07:01:53,2026-06-19 07:01:53,[],,,,order_tpIzWEirB3IWPm,rcpt-93902,[],,,,setl_DPalq0y05L810W,2026-06-22 07:01:53,CITIN26062273256015,Razorpay
payment,pay_t6vDCw89bSZHWX,467.50,INR,8.18,1.47,0.00,457.85,netbanking,,HDFC,2026-06-19 14:14:22,19/06/2026 14:14:22,[],,,,order_BBSMczrmHGwEjl,rcpt-52064,[],,,,setl_DPalq0y05L810W,2026-06-22 14:14:22,CITIN26062273256015,Razorpay
payment,pay_H9t4MIX8KlwG5U,2230.50,INR,44.61,8.03,0.00,2177.86,upi,,,19/06/2026 21:27:51,19/06/2026 21:27:51,[],,,,order_LjECa9yb2lRCoj,rcpt-12261,[],,,,setl_DPalq0y05L810W,22/06/2026 21:27:51,CITIN26062273256015,Razorpay
payment,pay_iSVB6GAHCC6EUQ,422.00,INR,8.44,1.52,0.00,412.04,card,credit,HDFC,2026-06-19 04:40:20,46192.19467592592,[],,,,order_3AmNHVFTlhkte7,rcpt-97090,[],,,,setl_DPalq0y05L810W,22/06/2026 04:40:20,CITIN26062273256015,Razorpay
payment,pay_6nxcEsuPnLIP1t,276.00,INR,5.52,0.99,0.00,269.49,upi,,,2026-06-19 11:53:49,19/06/2026 11:53:49,[],,,,order_H6r2JezuIHo2BI,rcpt-10899,[],,,,setl_DPalq0y05L810W,22/06/2026 11:53:49,CITIN26062273256015,Razorpay
payment,pay_2gc0a1bdbwb6oP,15865.50,INR,317.31,57.12,0.00,15491.07,upi,,,2026-06-19 18:06:18,2026-06-19 18:06:18,[],,,,order_BLFpWpmPlF9gKI,rcpt-37563,[],,,,setl_DPalq0y05L810W,22/06/2026 18:06:18,CITIN26062273256015,Razorpay
payment,pay_jYFm3U0DRbuDcq,16702.50,INR,334.05,60.13,0.00,16308.32,upi,,,19/06/2026 01:19:47,2026-06-19 01:19:47,[],,,,order_TvGTldjpZvupYG,rcpt-58017,[],,,,setl_DPalq0y05L810W,2026-06-22 01:19:47,CITIN26062273256015,Razorpay
payment,pay_lZNbuYpKNhFD8U,510.00,INR,10.20,1.84,0.00,497.96,upi,,,19/06/2026 08:32:16,2026-06-19 08:32:16,[],,,,order_HMhWERojSnMeLI,rcpt-96504,[],,,,setl_DPalq0y05L810W,46195.35574074074,CITIN26062273256015,Razorpay
payment,pay_T336dDG7uM7erh,562.50,INR,11.25,2.03,0.00,549.22,card,credit,,2026-06-19 15:45:45,19/06/2026 15:45:45,[],,,,order_RU4smAWNtfht5B,rcpt-35243,[],,,,setl_DPalq0y05L810W,2026-06-22 15:45:45,CITIN26062273256015,Razorpay
payment,pay_zWoXDIB6HXIA2f,11414.50,INR,228.29,41.09,0.00,11145.12,upi,,,19/06/2026 22:58:14,19/06/2026 22:58:14,[],,,,order_kaNPB4GnfYdfT7,rcpt-38847,[],,,,setl_DPalq0y05L810W,22/06/2026 22:58:14,CITIN26062273256015,Razorpay
payment,pay_94ewDIx4IBGgvV,665.00,INR,11.64,2.10,0.00,651.26,netbanking,,SBIN,19/06/2026 05:11:43,46192.216469907406,[],,,,order_lnTLvaxeZSGDOL,rcpt-83777,[],,,,setl_DPalq0y05L810W,2026-06-22 05:11:43,CITIN26062273256015,Razorpay
payment,pay_i27qBRAcvXTzFd,452.00,INR,9.04,1.63,0.00,441.33,upi,,,19/06/2026 12:24:12,2026-06-19 12:24:12,[],,,,order_NkOdNwBsnnCuuc,rcpt-67341,[],,,,setl_DPalq0y05L810W,2026-06-22 12:24:12,CITIN26062273256015,Razorpay
payment,pay_7PVI7y4W6acphd,995.50,INR,19.91,3.58,0.00,972.01,upi,,,2026-06-19 19:37:41,2026-06-19 19:37:41,[],,,,order_OCWBtOg6WD5rBo,rcpt-75527,[],,,,setl_DPalq0y05L810W,2026-06-22 19:37:41,CITIN26062273256015,Razorpay
payment,pay_QEtB2SNYYHQlvR,8917.00,INR,178.34,32.10,0.00,8706.56,card,credit,,19/06/2026 02:50:10,19/06/2026 02:50:10,[],,,,order_cb2JDs4lF2Xk7O,rcpt-26120,[],,,,setl_DPalq0y05L810W,2026-06-22 02:50:10,CITIN26062273256015,Razorpay
payment,pay_xPorzZ2QuQaBRf,1887.50,INR,37.75,6.80,0.00,1842.95,card,credit,,19/06/2026 09:03:39,2026-06-19 09:03:39,[],,,,order_B3dDhx8WIdPKfI,rcpt-86541,[],,,,setl_DPalq0y05L810W,2026-06-22 09:03:39,CITIN26062273256015,Razorpay
payment,pay_rn1YvVsxuhq7W4,4730.50,INR,118.26,21.29,0.00,4590.95,card,credit,ICICI,19/06/2026 16:16:08,19/06/2026 16:16:08,[],,,,order_uEXixUGG4BkxJi,rcpt-27180,[],,,,setl_DPalq0y05L810W,2026-06-22 16:16:08,CITIN26062273256015,Razorpay
payment,pay_vz41pn1PI2GH9S,14053.50,INR,245.94,44.27,0.00,13763.29,netbanking,,HDFC,19/06/2026 23:29:37,2026-06-19 23:29:37,[],,,,order_734LUDc4qYUZvj,rcpt-97511,[],,,,setl_DPalq0y05L810W,2026-06-22 23:29:37,CITIN26062273256015,Razorpay
payment,pay_6Ah1Y7IoQORopD,4687.00,INR,93.74,16.87,0.00,4576.39,upi,,,2026-06-19 06:42:06,2026-06-19 06:42:06,[],,,,order_d308n4ipMaxIbq,rcpt-92886,[],,,,setl_DPalq0y05L810W,22/06/2026 06:42:06,CITIN26062273256015,Razorpay
payment,pay_Lg3wIbyKUKAaCI,16630.50,INR,332.61,59.87,0.00,16238.02,upi,,,2026-06-19 13:55:35,19/06/2026 13:55:35,[],,,,order_3obuL070xqt0sI,rcpt-81045,[],,,,setl_DPalq0y05L810W,2026-06-22 13:55:35,CITIN26062273256015,Razorpay
payment,pay_aBbqQuL7PGqBR8,474.00,INR,9.48,1.71,0.00,462.81,card,credit,ICICI,2026-06-19 20:08:04,46192.83893518519,[],,,,order_g3Tkq2Ltvgv7Re,rcpt-24954,[],,,,setl_DPalq0y05L810W,2026-06-22 20:08:04,CITIN26062273256015,Razorpay
payment,pay_wVpdt4gUMxbaa5,12370.50,INR,247.41,44.53,0.00,12078.56,wallet,,,19/06/2026 03:21:33,19/06/2026 03:21:33,[],,,,order_4SSBGKYm1KBfwf,rcpt-12864,[],,,,setl_DPalq0y05L810W,2026-06-22 03:21:33,CITIN26062273256015,Razorpay
payment,pay_AbuErXYschDHUU,675.00,INR,13.50,2.43,0.00,659.07,upi,,,46192.440300925926,2026-06-19 10:34:02,[],,,,order_rACFvwSugED6yJ,rcpt-79332,[],,,,setl_DPalq0y05L810W,2026-06-22 10:34:02,CITIN26062273256015,Razorpay
payment,pay_gmFfnrf9VbCRNl,1598.50,INR,31.97,5.75,0.00,1560.78,card,credit,AXIS,19/06/2026 17:47:31,19/06/2026 17:47:31,[],,,,order_lsxBolaustP7Mw,rcpt-51646,[],,,,setl_DPalq0y05L810W,2026-06-22 17:47:31,CITIN26062273256015,Razorpay
payment,pay_20xeeP8WZ9L0dc,14106.00,INR,282.12,50.78,0.00,13773.10,card,credit,,2026-06-19 00:00:00,19/06/2026 00:00:00,[],,,,order_1orM0cxC8e2rpy,rcpt-65150,[],,,,setl_DPalq0y05L810W,2026-06-22 00:00:00,CITIN26062273256015,Razorpay
payment,pay_U7k9icFe4MGtdJ,11035.00,INR,386.23,69.52,0.00,10579.25,card,credit,ICICI,2026-06-19 07:13:29,19/06/2026 07:13:29,[],,,,order_4F0QRmyd02AuBA,rcpt-23039,[],,,,setl_DPalq0y05L810W,46195.301030092596,CITIN26062273256015,Razorpay
payment,pay_Cw9WwXfLvvcopV,4558.00,INR,54.70,9.85,0.00,4493.45,card,debit,KKBK,19/06/2026 14:26:58,19/06/2026 14:26:58,[],,,,order_rp2C74Y1Jqt3d4,rcpt-83575,[],,,,setl_DPalq0y05L810W,2026-22-06 14:26:58,CITIN26062273256015,Razorpay
payment,pay_ddar4WDLOqfggt,21788.50,INR,435.77,78.44,0.00,21274.29,upi,,,46192.902395833335,19/06/2026 21:39:27,[],,,,order_x9fDOvqss0cXyY,rcpt-21225,[],,,,setl_DPalq0y05L810W,2026-06-22 21:39:27,CITIN26062273256015,Razorpay
payment,pay_TlfGJeTPyhtVHc,18990.50,INR,379.81,68.37,0.00,18542.32,upi,,,19/06/2026 04:52:56,2026-06-19 04:52:56,[],,,,order_kjlIlpgSJ1cm9J,rcpt-67638,[],,,,setl_DPalq0y05L810W,2026-06-22 04:52:56,CITIN26062273256015,Razorpay
payment,pay_6DpgDLKhgcJgH7,3115.50,INR,62.31,11.22,0.00,3041.97,upi,,,2026-06-19 11:05:25,19/06/2026 11:05:25,[],,,,order_2ct5jGGlmZ6oBr,rcpt-90247,[],,,,setl_DPalq0y05L810W,2026-06-22 11:05:25,CITIN26062273256015,Razorpay
payment,pay_LSVhfQa65SSvFo,16813.00,INR,201.76,36.32,0.00,16574.92,card,debit,KKBK,19/06/2026 18:18:54,19/06/2026 18:18:54,[],,,,order_l8b4AlnRgGJLKJ,rcpt-18713,[],,,,setl_DPalq0y05L810W,2026-06-22 18:18:54,CITIN26062273256015,Razorpay
payment,pay_qMoNBbSKsFH427,4593.00,INR,91.86,16.53,0.00,4484.61,upi,,,19/06/2026 01:31:23,19/06/2026 01:31:23,[],,,,order_Yok96uzltoocii,rcpt-13166,[],,,,setl_DPalq0y05L810W,22/06/2026 01:31:23,CITIN26062273256015,Razorpay
payment,pay_CqFRpqkZ4yvUfb,19744.50,INR,394.89,71.08,0.00,19278.53,upi,,,2026-06-19 08:44:52,19/06/2026 08:44:52,[],,,,order_CvzAOPHwOXWWS8,rcpt-31860,[],,,,setl_DPalq0y05L810W,2026-06-22 08:44:52,CITIN26062273256015,Razorpay
payment,pay_6IbW7k1S7YdXHJ,4939.50,INR,98.79,17.78,0.00,4822.93,upi,,,19/06/2026 15:57:21,2026-06-19 15:57:21,[],,,,order_jdVQCxsmcX9sBM,rcpt-43053,[],,,,setl_DPalq0y05L810W,2026-06-22 15:57:21,CITIN26062273256015,Razorpay
payment,pay_dXg1sAImcxXISz,491.50,INR,9.83,1.77,0.00,479.90,upi,,,2026-06-19 22:10:50,2026-06-19 22:10:50,[],,,,order_00KEqD0Ku0G9sH,rcpt-23266,[],,,,setl_DPalq0y05L810W,46195.92418981482,CITIN26062273256015,Razorpay
payment,pay_wmDsuNvvTlUkzq,246.50,INR,4.93,0.89,0.00,240.68,upi,,,19/06/2026 05:23:19,19/06/2026 05:23:19,[],,,,order_2Jmf2RRK9tDKZv,rcpt-61921,[],,,,setl_DPalq0y05L810W,2026-06-22 05:23:19,CITIN26062273256015,Razorpay
payment,pay_guORfiqkcDqLKt,8192.00,INR,163.84,29.49,0.00,7998.67,upi,,,19/06/2026 12:36:48,2026-06-19 12:36:48,[],,,,order_t68NQ9RRaImy2F,rcpt-93917,[],,,,setl_DPalq0y05L810W,2026-06-22 12:36:48,CITIN26062273256015,Razorpay
payment,pay_KLS39QRkUmK3Cf,4256.50,INR,85.13,15.32,0.00,4156.05,upi,,,2026-06-19 19:49:17,2026-06-19 19:49:17,[],,,,order_8AToSwstoSuXZc,rcpt-59823,[],,,,setl_DPalq0y05L810W,22/06/2026 19:49:17,CITIN26062273256015,Razorpay
payment,pay_CM535p9uBMndJR,848.00,INR,16.96,3.05,0.00,827.99,upi,,,2026-06-20 02:02:46,20/06/2026 02:02:46,[],,,,order_eC2eBtUBuNHTki,rcpt-31543,[],,,,setl_r6fDDdhayzAXy5,2026-23-06 02:02:46,CITIN26062325867887,Razorpay
payment,pay_ZD39Fz4tEPA5Ec,24434.00,INR,293.21,52.78,0.00,24088.01,card,debit,,46193.38559027778,2026-06-20 09:15:15,[],,,,order_QLjPRRQZI3LixJ,rcpt-68909,[],,,,setl_r6fDDdhayzAXy5,2026-06-23 09:15:15,CITIN26062325867887,Razorpay
payment,pay_mxTNmrj6vmJ6lj,657.00,INR,13.14,2.37,0.00,641.49,upi,,,20/06/2026 16:28:44,2026-06-20 16:28:44,[],,,,order_7kgskG6fUUDFCV,rcpt-20107,[],,,,setl_r6fDDdhayzAXy5,46196.68662037037,CITIN26062325867887,Razorpay
payment,pay_hbS1UPgPskk5jf,10222.50,INR,178.89,32.20,0.00,10011.41,netbanking,,,2026-06-20 23:41:13,46193.98695601852,[],,,,order_VArJ5f9XdPfpV6,rcpt-96271,[],,,,setl_r6fDDdhayzAXy5,2026-06-23 23:41:13,CITIN26062325867887,Razorpay
payment,pay_p6ZXt7w89jXPs2,579.50,INR,11.59,2.09,0.00,565.82,card,credit,SBIN,2026-06-20 06:54:42,20/06/2026 06:54:42,[],,,,order_AqGZstgK1gPsgh,rcpt-18506,[],,,,setl_r6fDDdhayzAXy5,2026-23-06 06:54:42,CITIN26062325867887,Razorpay
payment,pay_cYxbBck31y3eSA,8065.50,INR,96.79,17.42,0.00,7951.29,card,debit,KKBK,20/06/2026 13:07:11,2026-20-06 13:07:11,[],,,,order_HMxQVAtQkMN2I1,rcpt-95640,[],,,,setl_r6fDDdhayzAXy5,2026-06-23 13:07:11,CITIN26062325867887,Razorpay
payment,pay_O703AJfs377hQU,3035.50,INR,60.71,10.93,0.00,2963.86,upi,,,2026-06-20 20:20:40,2026-06-20 20:20:40,[],,,,order_gzddLaTtWVpBy3,rcpt-79713,[],,,,setl_r6fDDdhayzAXy5,23/06/2026 20:20:40,CITIN26062325867887,Razorpay
payment,pay_AlA4wB8U1wNVkD,609.50,INR,12.19,2.19,0.00,595.12,wallet,,,2026-06-20 03:33:09,2026-06-20 03:33:09,[],,,,order_92SHWDP8R0ASW2,rcpt-24688,[],,,,setl_r6fDDdhayzAXy5,2026-06-23 03:33:09,CITIN26062325867887,Razorpay
payment,pay_nhm4ZGios8xnga,17299.00,INR,345.98,62.28,0.00,16890.74,upi,,,20/06/2026 10:46:38,20/06/2026 10:46:38,[],,,,order_BEZiLhoQmelgIS,rcpt-94479,[],,,,setl_r6fDDdhayzAXy5,23/06/2026 10:46:38,CITIN26062325867887,Razorpay
payment,pay_0lficFginhIPxH,19027.50,INR,380.55,68.50,0.00,18578.45,upi,,,20/06/2026 17:59:07,2026-20-06 17:59:07,[],,,,order_fw2My9NUMiguv9,rcpt-60117,[],,,,setl_r6fDDdhayzAXy5,2026-06-23 17:59:07,CITIN26062325867887,Razorpay
payment,pay_3k620SNIAO1mxV,2271.00,INR,39.74,7.15,0.00,2224.11,netbanking,,KKBK,2026-06-20 00:12:36,2026-06-20 00:12:36,[],,,,order_OMaafqQlVSQ1w5,rcpt-91826,[],,,,setl_r6fDDdhayzAXy5,2026-23-06 00:12:36,CITIN26062325867887,Razorpay
payment,pay_oIe1a9R7h5LbDZ,11932.00,INR,238.64,42.96,0.00,11650.40,card,credit,ICICI,20/06/2026 07:25:05,2026-06-20 07:25:05,[],,,,order_T4atR1oGq87Ftg,rcpt-10652,[],,,,setl_r6fDDdhayzAXy5,23/06/2026 07:25:05,CITIN26062325867887,Razorpay
payment,pay_aq3Vw2T1MXt42Q,4046.00,INR,80.92,14.57,0.00,3950.51,upi,,,2026-06-20 14:38:34,2026-06-20 14:38:34,[],,,,order_bVOCeQu3j2oHBO,rcpt-91434,[],,,,setl_r6fDDdhayzAXy5,46196.61011574074,CITIN26062325867887,Razorpay
payment,pay_f9Dbb3vldyn2SM,4982.00,INR,99.64,17.94,0.00,4864.42,card,credit,HDFC,2026-20-06 21:51:03,2026-06-20 21:51:03,[],,,,order_e7V55XecYV18cd,rcpt-34867,[],,,,setl_r6fDDdhayzAXy5,46196.91045138889,CITIN26062325867887,Razorpay
payment,pay_4UPccLPCdeOvVh,868.50,INR,17.37,3.13,0.00,848.00,upi,,,2026-06-20 04:04:32,2026-20-06 04:04:32,[],,,,order_wZADZUYFE51LH4,rcpt-62340,[],,,,setl_r6fDDdhayzAXy5,23/06/2026 04:04:32,CITIN26062325867887,Razorpay
payment,pay_Wl0nJwrfhzVgQf,1267.00,INR,25.34,4.56,0.00,1237.10,upi,,,20/06/2026 11:17:01,46193.47015046296,[],,,,order_ey6ML3adaVk9HO,rcpt-96266,[],,,,setl_r6fDDdhayzAXy5,23/06/2026 11:17:01,CITIN26062325867887,Razorpay
payment,pay_UmvZ1bjnUXkWM4,3026.50,INR,52.96,9.53,0.00,2964.01,netbanking,,KKBK,2026-06-20 18:30:30,2026-06-20 18:30:30,[],,,,order_aoUdJJskDtnP7a,rcpt-52604,[],,,,setl_r6fDDdhayzAXy5,23/06/2026 18:30:30,CITIN26062325867887,Razorpay
payment,pay_fZyhHrKXQHLHtL,716.50,INR,14.33,2.58,0.00,699.59,card,credit,KKBK,20/06/2026 01:43:59,46193.07221064815,[],,,,order_1C4f9j4AIh78kR,rcpt-40873,[],,,,setl_r6fDDdhayzAXy5,46196.07221064815,CITIN26062325867887,Razorpay
payment,pay_C52Mz6KkbcMwB8,291.00,INR,5.82,1.05,0.00,284.13,upi,,,46193.3725462963,20/06/2026 08:56:28,[],,,,order_AWBnHqUlkp3K0N,rcpt-69605,[],,,,setl_r6fDDdhayzAXy5,2026-23-06 08:56:28,CITIN26062325867887,Razorpay
payment,pay_jG8KRBsUERaopD,23357.00,INR,280.28,50.45,0.00,23026.27,card,debit,,2026-06-20 15:09:57,46193.63190972222,[],,,,order_32vOsL8fFzNDk3,rcpt-40626,[],,,,setl_r6fDDdhayzAXy5,2026-06-23 15:09:57,CITIN26062325867887,Razorpay
payment,pay_HkysqoAukz9p6h,4518.00,INR,90.36,16.26,0.00,4411.38,upi,,,2026-06-20 22:22:26,2026-06-20 22:22:26,[],,,,order_FHbqLiHYZvzWpm,rcpt-83796,[],,,,setl_r6fDDdhayzAXy5,2026-06-23 22:22:26,CITIN26062325867887,Razorpay
payment,pay_eYpvYmAghGJRQi,4736.50,INR,94.73,17.05,0.00,4624.72,upi,,,2026-06-20 05:35:55,2026-06-20 05:35:55,[],,,,order_PbtcUYKknF9r9y,rcpt-54337,[],,,,setl_r6fDDdhayzAXy5,2026-06-23 05:35:55,CITIN26062325867887,Razorpay
payment,pay_1D8HK11LVTyhCx,4591.00,INR,91.82,16.53,0.00,4482.65,card,credit,AXIS,20/06/2026 12:48:24,20/06/2026 12:48:24,[],,,,order_UEhT1NcQPiw4dl,rcpt-23038,[],,,,setl_r6fDDdhayzAXy5,23/06/2026 12:48:24,CITIN26062325867887,Razorpay
refund,rfnd_eHVlLB5o7NBNCt,973.13,INR,4.00,0.72,977.85,0.00,,,,2026-06-23 19:01:53,,,"{""refund_reason"": ""customer_request""}",420147843249,,,,,,,,setl_r6fDDdhayzAXy5,2026-06-23 19:01:53,CITIN26062325867887,Razorpay
payment,pay_ijlZ16HL7Y6ID5,22050.00,INR,441.00,79.38,0.00,21529.62,upi,,,2026-06-21 02:14:22,21/06/2026 02:14:22,[],,,,order_lg3UvJuRQU13Am,rcpt-53650,[],,,,setl_FeAdZNmc6Ly7H7,2026-06-22 02:14:22,CITIN26062288231931,Razorpay
payment,pay_3GQ54CeK7XytXE,977.50,INR,19.55,3.52,0.00,954.43,upi,,,21/06/2026 09:27:51,21/06/2026 09:27:51,[],,,,order_BwaIGmu9Es8VqB,rcpt-92804,[],,,,setl_FeAdZNmc6Ly7H7,22/06/2026 09:27:51,CITIN26062288231931,Razorpay
payment,pay_2oePYphqZvFo5r,5639.00,INR,112.78,20.30,0.00,5505.92,card,credit,,46194.69467592592,21/06/2026 16:40:20,[],,,,order_HRicQjrOtAkwW6,rcpt-38442,[],,,,setl_FeAdZNmc6Ly7H7,2026-06-22 16:40:20,CITIN26062288231931,Razorpay
payment,pay_DcJR0XtGPR5PxW,7223.00,INR,144.46,26.00,0.00,7052.54,upi,,,46194.99570601852,2026-06-21 23:53:49,[],,,,order_UTtZykBcbW4Vfo,rcpt-22913,[],,,,setl_FeAdZNmc6Ly7H7,22/06/2026 23:53:49,CITIN26062288231931,Razorpay
payment,pay_mxQKAhroC9Wsc8,4239.50,INR,84.79,15.26,0.00,4139.45,upi,,,2026-06-21 06:06:18,46194.254375,[],,,,order_LSrtabm9sgq2X3,rcpt-58363,[],,,,setl_FeAdZNmc6Ly7H7,2026-06-22 06:06:18,CITIN26062288231931,Razorpay
payment,pay_WLtHMdsj4eRb7m,2872.00,INR,57.44,10.34,0.00,2804.22,upi,,,2026-06-21 13:19:47,21/06/2026 13:19:47,[],,,,order_O0KPtONs375iI3,rcpt-25832,[],,,,setl_FeAdZNmc6Ly7H7,2026-06-22 13:19:47,CITIN26062288231931,Razorpay
payment,pay_PGaBJ8jgPC2W0E,774.50,INR,13.55,2.44,0.00,758.51,netbanking,,AXIS,2026-06-21 20:32:16,2026-21-06 20:32:16,[],,,,order_jSZhMEyD8depsd,rcpt-60216,[],,,,setl_FeAdZNmc6Ly7H7,2026-06-22 20:32:16,CITIN26062288231931,Razorpay
payment,pay_hoWH4H6Ikmq37N,19395.50,INR,387.91,69.82,0.00,18937.77,card,credit,SBIN,2026-06-21 03:45:45,21/06/2026 03:45:45,[],,,,order_Iha8t5mhFvCYDP,rcpt-17998,[],,,,setl_FeAdZNmc6Ly7H7,22/06/2026 03:45:45,CITIN26062288231931,Razorpay
payment,pay_5DR1NLHXaEdH34,1884.00,INR,37.68,6.78,0.00,1839.54,upi,,,2026-06-21 10:58:14,2026-06-21 10:58:14,[],,,,order_ZjFXdWgIb92Qbb,rcpt-49933,[],,,,setl_FeAdZNmc6Ly7H7,2026-06-22 10:58:14,CITIN26062288231931,Razorpay
payment,pay_ta0AHg0ZbWsKjH,978.50,INR,19.57,3.52,0.00,955.41,upi,,,21/06/2026 17:11:43,2026-06-21 17:11:43,[],,,,order_58tyVW4mKITWRs,rcpt-95784,[],,,,setl_FeAdZNmc6Ly7H7,22/06/2026 17:11:43,CITIN26062288231931,Razorpay
payment,pay_dQDJm9OSfMwAKm,14226.00,INR,170.71,30.73,0.00,14024.56,card,debit,HDFC,46194.016805555555,2026-06-21 00:24:12,[],,,,order_KDBBHflcuZERxG,rcpt-13898,[],,,,setl_FeAdZNmc6Ly7H7,2026-06-22 00:24:12,CITIN26062288231931,Razorpay
payment,pay_WfZdwDbObEstGy,836.50,INR,16.73,3.01,0.00,816.76,upi,,,2026-06-21 07:37:41,46194.31783564815,[],,,,order_raTIFahU4TPCwt,rcpt-86973,[],,,,setl_FeAdZNmc6Ly7H7,22/06/2026 07:37:41,CITIN26062288231931,Razorpay
payment,pay_JWGzw91AfkZoH7,950.00,INR,19.00,3.42,0.00,927.58,upi,,,2026-06-21 14:50:10,2026-06-21 14:50:10,[],,,,order_YSxskDcwjwhwrs,rcpt-61910,[],,,,setl_FeAdZNmc6Ly7H7,22/06/2026 14:50:10,CITIN26062288231931,Razorpay
payment,pay_VB29XGrhiXjrIO,896.00,INR,17.92,3.23,0.00,874.85,card,credit,,46194.877534722225,2026-06-21 21:03:39,[],,,,order_r3t6oiMhSfIP91,rcpt-27466,[],,,,setl_FeAdZNmc6Ly7H7,2026-06-22 21:03:39,CITIN26062288231931,Razorpay
payment,pay_gAYbVpaXJ4YKdN,8515.00,INR,170.30,30.65,0.00,8314.05,card,credit,HDFC,46194.17787037037,2026-06-21 04:16:08,[],,,,order_AF0lfjJTDqeW3k,rcpt-98916,[],,,,setl_FeAdZNmc6Ly7H7,22/06/2026 04:16:08,CITIN26062288231931,Razorpay
payment,pay_ihI0Qn6x6rLsnb,4168.50,INR,50.02,9.00,0.00,4109.48,card,debit,AXIS,2026-06-21 11:29:37,21/06/2026 11:29:37,[],,,,order_Gs9VMiPUNLMoCI,rcpt-12377,[],,,,setl_FeAdZNmc6Ly7H7,2026-06-22 11:29:37,CITIN26062288231931,Razorpay
payment,pay_xMeIXSpM5tqQdi,832.50,INR,14.57,2.62,0.00,815.31,netbanking,,ICICI,21/06/2026 18:42:06,2026-06-21 18:42:06,[],,,,order_TatsmquRJHKWeS,rcpt-43289,[],,,,setl_FeAdZNmc6Ly7H7,2026-06-22 18:42:06,CITIN26062288231931,Razorpay
payment,pay_c1t4Be4v1dHi8d,10749.50,INR,214.99,38.70,0.00,10495.81,card,credit,ICICI,2026-06-21 01:55:35,2026-06-21 01:55:35,[],,,,order_aMiCUvbaBUtFja,rcpt-45084,[],,,,setl_FeAdZNmc6Ly7H7,2026-06-22 01:55:35,CITIN26062288231931,Razorpay
payment,pay_1PZ1rSzVxk2npB,704.50,INR,14.09,2.54,0.00,687.87,upi,,,2026-06-21 08:08:04,2026-06-21 08:08:04,[],,,,order_EF8qLiWLyNXdi8,rcpt-15908,[],,,,setl_FeAdZNmc6Ly7H7,2026-22-06 08:08:04,CITIN26062288231931,Razorpay
payment,pay_AdF8qpM51xa31b,872.50,INR,17.45,3.14,0.00,851.91,upi,,,2026-06-21 15:21:33,21/06/2026 15:21:33,[],,,,order_mBh66akXrWvtcz,rcpt-21153,[],,,,setl_FeAdZNmc6Ly7H7,22/06/2026 15:21:33,CITIN26062288231931,Razorpay
payment,pay_VhcAPJrjTPpcNK,908.50,INR,18.17,3.27,0.00,887.06,upi,,,21/06/2026 22:34:02,2026-06-21 22:34:02,[],,,,order_36grgomX2XWIwR,rcpt-33581,[],,,,setl_FeAdZNmc6Ly7H7,2026-06-22 22:34:02,CITIN26062288231931,Razorpay
payment,pay_CkkjrJmNstUc9L,17653.00,INR,353.06,63.55,0.00,17236.39,upi,,,21/06/2026 05:47:31,2026-21-06 05:47:31,[],,,,order_G4SBuoD03AycMo,rcpt-79661,[],,,,setl_FeAdZNmc6Ly7H7,2026-06-22 05:47:31,CITIN26062288231931,Razorpay
payment,pay_nd8ByMB6t7M1D4,1102.00,INR,22.04,3.97,0.00,1075.99,upi,,,2026-06-21 12:00:00,21/06/2026 12:00:00,[],,,,order_1o7dc4lsnwVcMt,rcpt-70454,[],,,,setl_FeAdZNmc6Ly7H7,22/06/2026 12:00:00,CITIN26062288231931,Razorpay
payment,pay_glcPZO85uyKsLJ,2236.50,INR,44.73,8.05,0.00,2183.72,upi,,,2026-06-21 19:13:29,2026-06-21 19:13:29,[],,,,order_UOkldwmfoN5afL,rcpt-71349,[],,,,setl_FeAdZNmc6Ly7H7,46195.801030092596,CITIN26062288231931,Razorpay
payment,pay_Da4vNasPMmhUAM,562.00,INR,14.05,2.53,0.00,545.42,card,credit,HDFC,2026-06-21 02:26:58,21/06/2026 02:26:58,[],,,,order_Mk4UipgihRwT4F,rcpt-74829,[],,,,setl_FeAdZNmc6Ly7H7,2026-22-06 02:26:58,CITIN26062288231931,Razorpay
payment,pay_jl8lcwCtF5wGXP,3532.00,INR,70.64,12.72,0.00,3448.64,upi,,,2026-06-21 09:39:27,2026-06-21 09:39:27,[],,,,order_ZHaEPjZBsdEQ3i,rcpt-29551,[],,,,setl_FeAdZNmc6Ly7H7,22/06/2026 09:39:27,CITIN26062288231931,Razorpay
payment,pay_QjD3KNThx6o55g,934.00,INR,18.68,3.36,0.00,911.96,upi,,,2026-21-06 16:52:56,2026-06-21 16:52:56,[],,,,order_eJtKDtQrnMq5T0,rcpt-22836,[],,,,setl_FeAdZNmc6Ly7H7,2026-06-22 16:52:56,CITIN26062288231931,Razorpay
payment,pay_qXVbJzTxipLxWZ,274.50,INR,5.49,0.99,0.00,268.02,upi,,,2026-06-21 23:05:25,21/06/2026 23:05:25,[],,,,order_dgj0WLXCGAcZaT,rcpt-17904,[],,,,setl_FeAdZNmc6Ly7H7,22/06/2026 23:05:25,CITIN26062288231931,Razorpay
payment,pay_XMrA3Ib4Kaomzm,15018.50,INR,262.82,47.31,0.00,14708.37,netbanking,,AXIS,2026-06-21 06:18:54,2026-06-21 06:18:54,[],,,,order_wpcQllEOQysoeh,rcpt-31444,[],,,,setl_FeAdZNmc6Ly7H7,2026-06-22 06:18:54,CITIN26062288231931,Razorpay
payment,pay_eVtp4WTHsjFEP2,386.50,INR,7.73,1.39,0.00,377.38,upi,,,2026-06-21 13:31:23,2026-06-21 13:31:23,[],,,,order_3mEXCnA4zHLj20,rcpt-18992,[],,,,setl_FeAdZNmc6Ly7H7,2026-06-22 13:31:23,CITIN26062288231931,Razorpay
payment,pay_NdSHZcr6zftJ3u,879.50,INR,15.39,2.77,0.00,861.34,netbanking,,ICICI,2026-06-21 20:44:52,46194.86449074074,[],,,,order_OHDo78e4sE7EOg,rcpt-20843,[],,,,setl_FeAdZNmc6Ly7H7,2026-06-22 20:44:52,CITIN26062288231931,Razorpay
payment,pay_TdNBwxi1E4gbql,997.50,INR,19.95,3.59,0.00,973.96,upi,,,2026-06-21 03:57:21,21/06/2026 03:57:21,[],,,,order_MfX5rY6sz0c23E,rcpt-98319,[],,,,setl_FeAdZNmc6Ly7H7,22/06/2026 03:57:21,CITIN26062288231931,Razorpay
payment,pay_uCN9dWkfTNbd5S,22836.00,INR,456.72,82.21,0.00,22297.07,card,credit,KKBK,2026-06-21 10:10:50,2026-06-21 10:10:50,[],,,,order_5B9ipCRC5Pk3SR,rcpt-77236,[],,,,setl_FeAdZNmc6Ly7H7,46195.42418981482,CITIN26062288231931,Razorpay
payment,pay_LzzCATK2LAqKaw,12929.00,INR,258.58,46.54,0.00,12623.88,upi,,,2026-06-21 17:23:19,2026-06-21 17:23:19,[],,,,order_2B616JR3xiSENX,rcpt-35101,[],,,,setl_FeAdZNmc6Ly7H7,2026-06-22 17:23:19,CITIN26062288231931,Razorpay
payment,pay_tSm210rcmO7WWu,1068.00,INR,18.69,3.36,0.00,1045.95,netbanking,,SBIN,2026-06-21 00:36:48,46194.025555555556,[],,,,order_9ODEgJAvzTGAgi,rcpt-10787,[],,,,setl_FeAdZNmc6Ly7H7,46195.025555555556,CITIN26062288231931,Razorpay
payment,pay_r4aZOXgW2nlC4m,3288.50,INR,65.77,11.84,0.00,3210.89,upi,,,2026-06-21 07:49:17,21/06/2026 07:49:17,[],,,,order_1rOxUYDXmU7Y1J,rcpt-81849,[],,,,setl_FeAdZNmc6Ly7H7,22/06/2026 07:49:17,CITIN26062288231931,Razorpay
payment,pay_nnxC5ikhJgCMAk,4713.50,INR,117.84,21.21,0.00,4574.45,card,credit,ICICI,21/06/2026 14:02:46,46194.58525462963,[],,,,order_MJrYHOxaxJYnuy,rcpt-19214,[],,,,setl_FeAdZNmc6Ly7H7,2026-06-22 14:02:46,CITIN26062288231931,Razorpay
payment,pay_ZhszrJEIC8jYnq,23805.50,INR,476.11,85.70,0.00,23243.69,upi,,,2026-06-21 21:15:15,21/06/2026 21:15:15,[],,,,order_u4gyrqrSa5CQUE,rcpt-19755,[],,,,setl_FeAdZNmc6Ly7H7,2026-22-06 21:15:15,CITIN26062288231931,Razorpay
payment,pay_UqQ8xBDS5aqX72,513.50,INR,10.27,1.85,0.00,501.38,upi,,,2026-06-21 04:28:44,46194.18662037037,[],,,,order_lw2dAp4FbRiUaU,rcpt-89680,[],,,,setl_FeAdZNmc6Ly7H7,22/06/2026 04:28:44,CITIN26062288231931,Razorpay
payment,pay_wLI4BF5zSdQxKA,475.00,INR,9.50,1.71,0.00,463.79,wallet,,,21/06/2026 11:41:13,2026-21-06 11:41:13,[],,,,order_LI5e7iyn7iaIrY,rcpt-56694,[],,,,setl_FeAdZNmc6Ly7H7,2026-22-06 11:41:13,CITIN26062288231931,Razorpay
payment,pay_B97QBITndF3Q1d,856.50,INR,14.99,2.70,0.00,838.81,netbanking,,KKBK,2026-06-21 18:54:42,2026-21-06 18:54:42,[],,,,order_8ADIeA3maU22G1,rcpt-45242,[],,,,setl_FeAdZNmc6Ly7H7,22/06/2026 18:54:42,CITIN26062288231931,Razorpay
payment,pay_3XmMxUGsCGaR2k,23390.00,INR,280.68,50.52,0.00,23058.80,card,debit,HDFC,21/06/2026 01:07:11,2026-06-21 01:07:11,[],,,,order_kspDMMIzGHKOME,rcpt-73736,[],,,,setl_FeAdZNmc6Ly7H7,22/06/2026 01:07:11,CITIN26062288231931,Razorpay
payment,pay_tq6xNdzCJN2INF,224.00,INR,4.48,0.81,0.00,218.71,card,credit,,2026-06-21 08:20:40,2026-06-21 08:20:40,[],,,,order_QxNJ0AlR51q1jp,rcpt-34585,[],,,,setl_FeAdZNmc6Ly7H7,2026-06-22 08:20:40,CITIN26062288231931,Razorpay
payment,pay_Z4FgVW1MdrkHhq,275.00,INR,5.50,0.99,0.00,268.51,upi,,,2026-06-21 15:33:09,21/06/2026 15:33:09,[],,,,order_A9b5jDvTsUL5NY,rcpt-82777,[],,,,setl_FeAdZNmc6Ly7H7,46195.64802083333,CITIN26062288231931,Razorpay
payment,pay_lgIaBAa3vbj0qy,23043.50,INR,460.87,82.96,0.00,22499.67,upi,,,46194.94905092593,21/06/2026 22:46:38,[],,,,order_6mQmrS3sKW9FtV,rcpt-65130,[],,,,setl_FeAdZNmc6Ly7H7,46195.94905092593,CITIN26062288231931,Razorpay
payment,pay_iPoZRIXyTly9ze,494.50,INR,9.89,1.78,0.00,482.83,upi,,,2026-06-21 05:59:07,2026-06-21 05:59:07,[],,,,order_N5yLzvjq0Fyevf,rcpt-64113,[],,,,setl_FeAdZNmc6Ly7H7,2026-06-22 05:59:07,CITIN26062288231931,Razorpay
payment,pay_lCNI4R1aneHyyO,3825.50,INR,76.51,13.77,0.00,3735.22,upi,,,2026-06-21 12:12:36,2026-06-21 12:12:36,[],,,,order_BCpAxmRIm1VAGy,rcpt-32788,[],,,,setl_FeAdZNmc6Ly7H7,2026-06-22 12:12:36,CITIN26062288231931,Razorpay
payment,pay_mWooWQw0gmj0wp,3550.50,INR,71.01,12.78,0.00,3466.71,wallet,,,46194.80908564815,2026-06-21 19:25:05,[],,,,order_uPUBFUWvQnTuzw,rcpt-68978,[],,,,setl_FeAdZNmc6Ly7H7,2026-06-22 19:25:05,CITIN26062288231931,Razorpay
adjustment,adj_QDbizptz6kJm7S,-4894.00,INR,0.00,0.00,4894.00,0.00,,,,22/06/2026 02:38:34,,,,,unattributed_adjustment,,,,,,,setl_FeAdZNmc6Ly7H7,22/06/2026 02:38:34,CITIN26062288231931,Razorpay
payment,pay_xTTQWZgPS51Hly,18802.00,INR,376.04,67.69,0.00,18358.27,upi,,,2026-06-22 09:51:03,2026-06-22 09:51:03,[],,,,order_7jREeGFky6PJFB,rcpt-54012,[],,,,setl_V4IBtk1oREzbnT,2026-06-24 09:51:03,CITIN26062413250063,Razorpay
payment,pay_8FdEVNjVuWhj24,20379.50,INR,407.59,73.37,0.00,19898.54,upi,,,2026-06-22 16:04:32,22/06/2026 16:04:32,[],,,,order_bdtQcpT2TT8ZKg,rcpt-63072,[],,,,setl_V4IBtk1oREzbnT,2026-06-24 16:04:32,CITIN26062413250063,Razorpay
payment,pay_DsEi60oVp8rkQg,1294.50,INR,25.89,4.66,0.00,1263.95,upi,,,22/06/2026 23:17:01,2026-06-22 23:17:01,[],,,,order_jMzLC7gysV5RTL,rcpt-70769,[],,,,setl_V4IBtk1oREzbnT,46197.97015046296,CITIN26062413250063,Razorpay
payment,pay_sljN7yDtgIY6Qs,12598.50,INR,220.47,39.68,0.00,12338.35,netbanking,,SBIN,22/06/2026 06:30:30,2026-06-22 06:30:30,[],,,,order_KW3kDW0bHtxuvp,rcpt-96177,[],,,,setl_V4IBtk1oREzbnT,2026-06-24 06:30:30,CITIN26062413250063,Razorpay
payment,pay_pfjuZVyO1CRdSh,2947.50,INR,58.95,10.61,0.00,2877.94,upi,,,22/06/2026 13:43:59,2026-06-22 13:43:59,[],,,,order_m9bkDRxj9W2h5W,rcpt-63038,[],,,,setl_V4IBtk1oREzbnT,2026-06-24 13:43:59,CITIN26062413250063,Razorpay
payment,pay_sjO0Z9VqVS65L9,14947.50,INR,373.69,67.26,0.00,14506.55,card,credit,AXIS,22/06/2026 20:56:28,2026-06-22 20:56:28,[],,,,order_mlUpa2PUZ5siiY,rcpt-44815,[],,,,setl_V4IBtk1oREzbnT,2026-06-24 20:56:28,CITIN26062413250063,Razorpay
payment,pay_e3YqH6MQCOU1g6,20540.50,INR,410.81,73.95,0.00,20055.74,upi,,,2026-06-22 03:09:57,2026-06-22 03:09:57,[],,,,order_6DFl0pbqlsb9uU,rcpt-95159,[],,,,setl_V4IBtk1oREzbnT,24/06/2026 03:09:57,CITIN26062413250063,Razorpay
payment,pay_dm27ln17g6wYMM,13764.50,INR,481.76,86.72,0.00,13196.02,card,credit,KKBK,2026-06-22 10:22:26,2026-06-22 10:22:26,[],,,,order_TiwsIyLmOygeiH,rcpt-54454,[],,,,setl_V4IBtk1oREzbnT,24/06/2026 10:22:26,CITIN26062413250063,Razorpay
payment,pay_ulQzfJKMykxBqe,420.50,INR,8.41,1.51,0.00,410.58,upi,,,2026-06-22 17:35:55,46195.73327546296,[],,,,order_lYDewcrpK1KcJP,rcpt-94389,[],,,,setl_V4IBtk1oREzbnT,24/06/2026 17:35:55,CITIN26062413250063,Razorpay
payment,pay_xZGuY7KAo8Rvq1,10854.50,INR,189.95,34.19,0.00,10630.36,netbanking,,ICICI,2026-22-06 00:48:24,46195.03361111111,[],,,,order_VyMpdkbHm6aCH6,rcpt-80291,[],,,,setl_V4IBtk1oREzbnT,24/06/2026 00:48:24,CITIN26062413250063,Razorpay
payment,pay_UfK5SIeObmqtWU,406.00,INR,7.11,1.28,0.00,397.61,netbanking,,KKBK,2026-06-22 07:01:53,2026-06-22 07:01:53,[],,,,order_lcOZnssnk69KsO,rcpt-44441,[],,,,setl_V4IBtk1oREzbnT,2026-06-24 07:01:53,CITIN26062413250063,Razorpay
payment,pay_tIshD1dhfzeMym,4860.50,INR,97.21,17.50,0.00,4745.79,upi,,,2026-06-22 14:14:22,2026-06-22 14:14:22,[],,,,order_tHQgBKhpFmHaNt,rcpt-94361,[],,,,setl_V4IBtk1oREzbnT,24/06/2026 14:14:22,CITIN26062413250063,Razorpay
payment,pay_ccEe8hg7AeSOgW,1620.50,INR,32.41,5.83,0.00,1582.26,upi,,,2026-22-06 21:27:51,22/06/2026 21:27:51,[],,,,order_fu59mksTnGBhhd,rcpt-79430,[],,,,setl_V4IBtk1oREzbnT,2026-06-24 21:27:51,CITIN26062413250063,Razorpay
payment,pay_hJ780i5IMCksBr,8515.00,INR,170.30,30.65,0.00,8314.05,card,credit,HDFC,2026-06-22 04:40:20,2026-06-22 04:40:20,[],,,,order_ITeDwlSkZxVJL9,rcpt-28462,[],,,,setl_V4IBtk1oREzbnT,46197.19467592592,CITIN26062413250063,Razorpay
payment,pay_NaCtbMvBlkvCpx,18402.50,INR,368.05,66.25,0.00,17968.20,upi,,,2026-06-22 11:53:49,22/06/2026 11:53:49,[],,,,order_47o1x8QUPtZrZM,rcpt-72046,[],,,,setl_V4IBtk1oREzbnT,24/06/2026 11:53:49,CITIN26062413250063,Razorpay
payment,pay_3x1Tv5K4F68oDt,2513.50,INR,50.27,9.05,0.00,2454.18,wallet,,,2026-06-22 18:06:18,2026-06-22 18:06:18,[],,,,order_froP1UL0QJEu1r,rcpt-32303,[],,,,setl_V4IBtk1oREzbnT,24/06/2026 18:06:18,CITIN26062413250063,Razorpay
payment,pay_M6aDtD0DQ04fYu,3010.50,INR,60.21,10.84,0.00,2939.45,upi,,,2026-06-22 01:19:47,2026-06-22 01:19:47,[],,,,order_86py81qE0KwDTN,rcpt-96638,[],,,,setl_V4IBtk1oREzbnT,2026-06-24 01:19:47,CITIN26062413250063,Razorpay
payment,pay_2uPUMErTbIYRHM,3192.00,INR,63.84,11.49,0.00,3116.67,upi,,,2026-22-06 08:32:16,46195.35574074074,[],,,,order_lsy6AWUvauzuaU,rcpt-88255,[],,,,setl_V4IBtk1oREzbnT,24/06/2026 08:32:16,CITIN26062413250063,Razorpay
payment,pay_CijfL7ExVhvSon,1618.50,INR,32.37,5.83,0.00,1580.30,card,credit,KKBK,46195.65677083333,46195.65677083333,[],,,,order_gkNlWqpqmxibxI,rcpt-91476,[],,,,setl_V4IBtk1oREzbnT,46197.65677083333,CITIN26062413250063,Razorpay
payment,pay_nKMiaBM0h6CsbG,568.00,INR,11.36,2.04,0.00,554.60,upi,,,22/06/2026 22:58:14,2026-06-22 22:58:14,[],,,,order_FIpASIDHkuIB9J,rcpt-86709,[],,,,setl_V4IBtk1oREzbnT,2026-06-24 22:58:14,CITIN26062413250063,Razorpay
payment,pay_Gz1cpY3ArrLaJ8,2053.00,INR,41.06,7.39,0.00,2004.55,upi,,,2026-06-22 05:11:43,2026-06-22 05:11:43,[],,,,order_B8H0RQGTEdTHhp,rcpt-12974,[],,,,setl_V4IBtk1oREzbnT,2026-06-24 05:11:43,CITIN26062413250063,Razorpay
payment,pay_cNbZNe8rW40LsK,6238.50,INR,124.77,22.46,0.00,6091.27,upi,,,46195.516805555555,2026-06-22 12:24:12,[],,,,order_vHcejdGmCIXkp2,rcpt-33461,[],,,,setl_V4IBtk1oREzbnT,2026-06-24 12:24:12,CITIN26062413250063,Razorpay
payment,pay_9t0CvzIFrNkyHD,450.00,INR,9.00,1.62,0.00,439.38,wallet,,,22/06/2026 19:37:41,2026-06-22 19:37:41,[],,,,order_85T3y93vp1RQLz,rcpt-74895,[],,,,setl_V4IBtk1oREzbnT,24/06/2026 19:37:41,CITIN26062413250063,Razorpay
payment,pay_jvjNiJdTokXJy1,2066.50,INR,41.33,7.44,0.00,2017.73,wallet,,,2026-06-22 02:50:10,46195.11817129629,[],,,,order_lMoaCNZgqifoC3,rcpt-91907,[],,,,setl_V4IBtk1oREzbnT,2026-06-24 02:50:10,CITIN26062413250063,Razorpay
payment,pay_3JhUy8qOLZAf1I,10295.00,INR,205.90,37.06,0.00,10052.04,upi,,,2026-06-22 09:03:39,2026-06-22 09:03:39,[],,,,order_0US0NRnvbHSYVn,rcpt-97384,[],,,,setl_V4IBtk1oREzbnT,24/06/2026 09:03:39,CITIN26062413250063,Razorpay
payment,pay_iHvMtz2PfoMgKT,3477.50,INR,69.55,12.52,0.00,3395.43,upi,,,2026-06-22 16:16:08,46195.67787037037,[],,,,order_QwHx2Yh6j3OT5y,rcpt-19641,[],,,,setl_V4IBtk1oREzbnT,2026-06-24 16:16:08,CITIN26062413250063,Razorpay
payment,pay_LwTcqrhYC8MZFQ,4292.50,INR,51.51,9.27,0.00,4231.72,card,debit,KKBK,2026-06-22 23:29:37,46195.978900462964,[],,,,order_6Zhflhp9T3E1Vl,rcpt-22598,[],,,,setl_V4IBtk1oREzbnT,2026-06-24 23:29:37,CITIN26062413250063,Razorpay
payment,pay_QpvzoR8Gs8bn3w,1078.50,INR,21.57,3.88,0.00,1053.05,upi,,,2026-06-22 06:42:06,46195.27923611111,[],,,,order_0ocFZRpD8zKbld,rcpt-44283,[],,,,setl_V4IBtk1oREzbnT,2026-06-24 06:42:06,CITIN26062413250063,Razorpay
payment,pay_cPaVGKKRiv9CYC,4903.00,INR,98.06,17.65,0.00,4787.29,upi,,,22/06/2026 13:55:35,2026-06-22 13:55:35,[],,,,order_z2193FPaBxQY2B,rcpt-15892,[],,,,setl_V4IBtk1oREzbnT,2026-06-24 13:55:35,CITIN26062413250063,Razorpay
payment,pay_LMRyArKZAlnsOQ,428.50,INR,5.14,0.93,0.00,422.43,card,debit,AXIS,2026-06-22 20:08:04,2026-22-06 20:08:04,[],,,,order_l5vwkufBKgDO7k,rcpt-87062,[],,,,setl_V4IBtk1oREzbnT,2026-06-24 20:08:04,CITIN26062413250063,Razorpay
payment,pay_a6xrkg95GwqzOo,18941.00,INR,331.47,59.66,0.00,18549.87,netbanking,,HDFC,46195.139965277776,22/06/2026 03:21:33,[],,,,order_uWm6OROwzNRE5y,rcpt-17568,[],,,,setl_V4IBtk1oREzbnT,2026-06-24 03:21:33,CITIN26062413250063,Razorpay
payment,pay_7bjGWYc0JsPJOQ,207.00,INR,4.14,0.75,0.00,202.11,upi,,,46195.440300925926,2026-06-22 10:34:02,[],,,,order_AxYeTHAb8YTLuu,rcpt-39154,[],,,,setl_V4IBtk1oREzbnT,2026-06-24 10:34:02,CITIN26062413250063,Razorpay
payment,pay_o1uFRuWv1D4owC,986.50,INR,17.26,3.11,0.00,966.13,netbanking,,,46195.74133101852,46195.74133101852,[],,,,order_HOxdDpTNsgzT94,rcpt-28212,[],,,,setl_V4IBtk1oREzbnT,2026-24-06 17:47:31,CITIN26062413250063,Razorpay
payment,pay_Lyfwc4x3nJnORP,449.50,INR,7.87,1.42,0.00,440.21,netbanking,,SBIN,2026-06-22 00:00:00,2026-22-06 00:00:00,[],,,,order_B9TM5x2B5khBzx,rcpt-97661,[],,,,setl_V4IBtk1oREzbnT,24/06/2026 00:00:00,CITIN26062413250063,Razorpay
payment,pay_2PTLKohn0BVCiu,2403.00,INR,48.06,8.65,0.00,2346.29,upi,,,46195.301030092596,46195.301030092596,[],,,,order_1kBPuQy4NxJaW4,rcpt-34977,[],,,,setl_V4IBtk1oREzbnT,46197.301030092596,CITIN26062413250063,Razorpay
payment,pay_tJfmIdDp1SHNQW,8990.00,INR,179.80,32.36,0.00,8777.84,upi,,,46195.602060185185,2026-06-22 14:26:58,[],,,,order_H5UAA39lXMmolz,rcpt-68397,[],,,,setl_V4IBtk1oREzbnT,2026-06-24 14:26:58,CITIN26062413250063,Razorpay
payment,pay_A0M2CdDRibz6Ex,12990.00,INR,259.80,46.76,0.00,12683.44,wallet,,,22/06/2026 21:39:27,2026-06-22 21:39:27,[],,,,order_Zfqfh5ORD9Wsk8,rcpt-84904,[],,,,setl_V4IBtk1oREzbnT,24/06/2026 21:39:27,CITIN26062413250063,Razorpay
payment,pay_SjDWYGk9BCyTGd,294.00,INR,5.88,1.06,0.00,287.06,card,credit,,2026-06-22 04:52:56,2026-06-22 04:52:56,[],,,,order_3w3p039zfFBzZz,rcpt-51351,[],,,,setl_V4IBtk1oREzbnT,24/06/2026 04:52:56,CITIN26062413250063,Razorpay
payment,pay_v0lAJCSRCTqiuV,4441.00,INR,88.82,15.99,0.00,4336.19,upi,,,2026-06-22 11:05:25,2026-06-22 11:05:25,[],,,,order_3PYTJ4NwiPBIe8,rcpt-87502,[],,,,setl_V4IBtk1oREzbnT,2026-06-24 11:05:25,CITIN26062413250063,Razorpay
payment,pay_DNh64oCCREhT4R,369.50,INR,7.39,1.33,0.00,360.78,upi,,,22/06/2026 18:18:54,2026-06-22 18:18:54,[],,,,order_NCoLCGog9GuAyk,rcpt-85630,[],,,,setl_V4IBtk1oREzbnT,2026-06-24 18:18:54,CITIN26062413250063,Razorpay
payment,pay_cPRZUTDgpIBSJn,3389.00,INR,67.78,12.20,0.00,3309.02,upi,,,22/06/2026 01:31:23,22/06/2026 01:31:23,[],,,,order_yvrQxskgnACNBF,rcpt-54344,[],,,,setl_V4IBtk1oREzbnT,46197.06346064815,CITIN26062413250063,Razorpay
payment,pay_FbaRIUNyUqWpJe,639.00,INR,11.18,2.01,0.00,625.81,netbanking,,,2026-06-22 08:44:52,46195.36449074074,[],,,,order_ZN7rW97g0nV26f,rcpt-96003,[],,,,setl_V4IBtk1oREzbnT,2026-06-24 08:44:52,CITIN26062413250063,Razorpay
payment,pay_vHsGyECPso1CUg,12522.00,INR,250.44,45.08,0.00,12226.48,upi,,,22/06/2026 15:57:21,22/06/2026 15:57:21,[],,,,order_sFdUq7v004gbCD,rcpt-50506,[],,,,setl_V4IBtk1oREzbnT,46197.664826388886,CITIN26062413250063,Razorpay
payment,pay_aKn5S5cNtNr7YU,15590.00,INR,272.83,49.11,0.00,15268.06,netbanking,,AXIS,2026-06-22 22:10:50,22/06/2026 22:10:50,[],,,,order_LUJ15Fi5M2Pzzi,rcpt-81153,[],,,,setl_V4IBtk1oREzbnT,2026-06-24 22:10:50,CITIN26062413250063,Razorpay
payment,pay_1OIE2oPlbKJPUf,22889.00,INR,457.78,82.40,0.00,22348.82,upi,,,2026-22-06 05:23:19,2026-06-22 05:23:19,[],,,,order_CctBOFBr90yVAG,rcpt-36223,[],,,,setl_V4IBtk1oREzbnT,24/06/2026 05:23:19,CITIN26062413250063,Razorpay
payment,pay_lG8YbsrqrCurKC,2150.00,INR,43.00,7.74,0.00,2099.26,upi,,,2026-06-22 12:36:48,22/06/2026 12:36:48,[],,,,order_7BHBD8swywGS84,rcpt-40708,[],,,,setl_V4IBtk1oREzbnT,2026-06-24 12:36:48,CITIN26062413250063,Razorpay
payment,pay_u70cpMYBcoJ7T6,8815.50,INR,105.79,19.04,0.00,8690.67,card,debit,HDFC,2026-06-22 19:49:17,2026-06-22 19:49:17,[],,,,order_x2jrCTysLWQzNm,rcpt-35256,[],,,,setl_V4IBtk1oREzbnT,24/06/2026 19:49:17,CITIN26062413250063,Razorpay
payment,pay_c1akJDenB8kWLo,1828.50,INR,36.57,6.58,0.00,1785.35,upi,,,22/06/2026 02:02:46,2026-06-22 02:02:46,[],,,,order_kfzLH8U2qTy8rf,rcpt-42090,[],,,,setl_V4IBtk1oREzbnT,24/06/2026 02:02:46,CITIN26062413250063,Razorpay
refund,rfnd_41g2LgfGKu3Dv7,758.50,INR,4.00,0.72,763.22,0.00,,,,2026-06-24 09:15:15,,,"{""refund_reason"": ""duplicate_order""}",381430705623,,,,,,,,setl_V4IBtk1oREzbnT,2026-24-06 09:15:15,CITIN26062413250063,Razorpay
refund,rfnd_98DImHN0DhqWU4,17299.00,INR,4.00,0.72,17303.72,0.00,,,,24/06/2026 16:28:44,,,"{""refund_reason"": ""quality_issue""}",513495526108,,,,,,,,setl_V4IBtk1oREzbnT,2026-06-24 16:28:44,CITIN26062413250063,Razorpay
payment,pay_c9PFU84q7eBoLG,23132.00,INR,462.64,83.28,0.00,22586.08,upi,,,2026-23-06 23:41:13,23/06/2026 23:41:13,[],,,,order_kOOSGgnJz64HOK,rcpt-57186,[],,,,setl_f4CUPbHJC3AyZ2,46197.98695601852,CITIN26062476952782,Razorpay
payment,pay_JMezTZPxBmFlwZ,15864.00,INR,317.28,57.11,0.00,15489.61,upi,,,23/06/2026 06:54:42,2026-06-23 06:54:42,[],,,,order_99FHUmkGVSrLar,rcpt-13784,[],,,,setl_f4CUPbHJC3AyZ2,2026-06-24 06:54:42,CITIN26062476952782,Razorpay
payment,pay_KqKlkE8IAoKF0Q,9790.00,INR,117.48,21.15,0.00,9651.37,card,debit,HDFC,2026-06-23 13:07:11,23/06/2026 13:07:11,[],,,,order_nZq515xmL9RncH,rcpt-86335,[],,,,setl_f4CUPbHJC3AyZ2,24/06/2026 13:07:11,CITIN26062476952782,Razorpay
payment,pay_PLJQoPwUMnlf4U,325.50,INR,6.51,1.17,0.00,317.82,card,credit,KKBK,2026-06-23 20:20:40,2026-06-23 20:20:40,[],,,,order_YbkLUzJbCIDZuT,rcpt-79872,[],,,,setl_f4CUPbHJC3AyZ2,2026-06-24 20:20:40,CITIN26062476952782,Razorpay
payment,pay_sH2dVpcUeH8lnz,712.50,INR,14.25,2.57,0.00,695.68,upi,,,2026-06-23 03:33:09,46196.14802083333,[],,,,order_iBiqMjW1sHc0pZ,rcpt-89593,[],,,,setl_f4CUPbHJC3AyZ2,2026-06-24 03:33:09,CITIN26062476952782,Razorpay
payment,pay_hFdUOF4j7wCZFr,3842.00,INR,76.84,13.83,0.00,3751.33,upi,,,46196.44905092593,2026-06-23 10:46:38,[],,,,order_BZT35bFXJLKBsM,rcpt-82906,[],,,,setl_f4CUPbHJC3AyZ2,24/06/2026 10:46:38,CITIN26062476952782,Razorpay
payment,pay_UooBV3WVo06gH0,2588.50,INR,51.77,9.32,0.00,2527.41,upi,,,2026-06-23 17:59:07,2026-06-23 17:59:07,[],,,,order_oFEIUUET7OIhLB,rcpt-24943,[],,,,setl_f4CUPbHJC3AyZ2,2026-06-24 17:59:07,CITIN26062476952782,Razorpay
payment,pay_Ma99PeaJP81FAa,3037.50,INR,60.75,10.94,0.00,2965.81,upi,,,2026-06-23 00:12:36,2026-06-23 00:12:36,[],,,,order_7p8r6QZluCip82,rcpt-24591,[],,,,setl_f4CUPbHJC3AyZ2,2026-06-24 00:12:36,CITIN26062476952782,Razorpay
payment,pay_xdyG8w1rem5qGF,852.00,INR,10.22,1.84,0.00,839.94,card,debit,,23/06/2026 07:25:05,2026-06-23 07:25:05,[],,,,order_fNAWpimXtR17cu,rcpt-80719,[],,,,setl_f4CUPbHJC3AyZ2,2026-24-06 07:25:05,CITIN26062476952782,Razorpay
payment,pay_UT2TLgrKzUbOPA,22739.50,INR,272.87,49.12,0.00,22417.51,card,debit,HDFC,46196.61011574074,23/06/2026 14:38:34,[],,,,order_BgOXS8Tfz6LJfn,rcpt-35765,[],,,,setl_f4CUPbHJC3AyZ2,2026-24-06 14:38:34,CITIN26062476952782,Razorpay
payment,pay_rhVrOJumpcDAmL,1911.00,INR,38.22,6.88,0.00,1865.90,upi,,,23/06/2026 21:51:03,46196.91045138889,[],,,,order_1oNUD3TrbU4PbN,rcpt-59982,[],,,,setl_f4CUPbHJC3AyZ2,2026-06-24 21:51:03,CITIN26062476952782,Razorpay
payment,pay_0cFXno9OHysVqR,878.00,INR,15.37,2.77,0.00,859.86,netbanking,,HDFC,2026-06-23 04:04:32,46196.16981481481,[],,,,order_x8A9Z0zxkPCN97,rcpt-32458,[],,,,setl_f4CUPbHJC3AyZ2,2026-24-06 04:04:32,CITIN26062476952782,Razorpay
payment,pay_pdt6oFne34LliS,1540.50,INR,26.96,4.85,0.00,1508.69,netbanking,,,2026-06-23 11:17:01,23/06/2026 11:17:01,[],,,,order_6LCug5oBGhk6SX,rcpt-89075,[],,,,setl_f4CUPbHJC3AyZ2,24/06/2026 11:17:01,CITIN26062476952782,Razorpay
payment,pay_Yr8D9kZY6pfGZB,3743.00,INR,74.86,13.47,0.00,3654.67,upi,,,2026-06-23 18:30:30,46196.77118055556,[],,,,order_jBVANHDMlZhsV7,rcpt-33474,[],,,,setl_f4CUPbHJC3AyZ2,46197.77118055556,CITIN26062476952782,Razorpay
payment,pay_ri88fnW9nWLRIa,12346.50,INR,246.93,44.45,0.00,12055.12,card,credit,AXIS,2026-06-23 01:43:59,23/06/2026 01:43:59,[],,,,order_r8Q1M4eKYR9Dnn,rcpt-30442,[],,,,setl_f4CUPbHJC3AyZ2,2026-06-24 01:43:59,CITIN26062476952782,Razorpay
payment,pay_Jqw7Dj74DoZzDU,10119.00,INR,202.38,36.43,0.00,9880.19,card,credit,,23/06/2026 08:56:28,2026-06-23 08:56:28,[],,,,order_9SyoXsUUmiSsUQ,rcpt-70221,[],,,,setl_f4CUPbHJC3AyZ2,24/06/2026 08:56:28,CITIN26062476952782,Razorpay
payment,pay_67FbK67z6cu086,236.50,INR,2.84,0.51,0.00,233.15,card,debit,ICICI,23/06/2026 15:09:57,46196.63190972222,[],,,,order_5CdaSRVGup0bmV,rcpt-97558,[],,,,setl_f4CUPbHJC3AyZ2,46197.63190972222,CITIN26062476952782,Razorpay
payment,pay_ASjV9odWN2tu9w,978.50,INR,17.12,3.08,0.00,958.30,netbanking,,KKBK,2026-06-23 22:22:26,46196.93224537037,[],,,,order_8Hi0GiYCnIFUKs,rcpt-68633,[],,,,setl_f4CUPbHJC3AyZ2,2026-06-24 22:22:26,CITIN26062476952782,Razorpay
payment,pay_mqqCgoVrNEp0SY,19296.50,INR,385.93,69.47,0.00,18841.10,wallet,,,23/06/2026 05:35:55,46196.23327546296,[],,,,order_xBcRmjSxd7PSbu,rcpt-19122,[],,,,setl_f4CUPbHJC3AyZ2,24/06/2026 05:35:55,CITIN26062476952782,Razorpay
payment,pay_ey2Orfx8S3ar4W,787.00,INR,15.74,2.83,0.00,768.43,wallet,,,46196.53361111111,23/06/2026 12:48:24,[],,,,order_iBZjSqjKHnD5Lt,rcpt-54613,[],,,,setl_f4CUPbHJC3AyZ2,24/06/2026 12:48:24,CITIN26062476952782,Razorpay
payment,pay_LBXQAMXLuX9zlW,2878.00,INR,57.56,10.36,0.00,2810.08,upi,,,46196.792974537035,2026-06-23 19:01:53,[],,,,order_ZcHoHhtvSXNcum,rcpt-45895,[],,,,setl_f4CUPbHJC3AyZ2,2026-06-24 19:01:53,CITIN26062476952782,Razorpay
payment,pay_4gOC0DackhM7AX,1514.50,INR,26.50,4.77,0.00,1483.23,netbanking,,AXIS,23/06/2026 02:14:22,2026-06-23 02:14:22,[],,,,order_f5VgHQEVGhsXY6,rcpt-37566,[],,,,setl_f4CUPbHJC3AyZ2,2026-06-24 02:14:22,CITIN26062476952782,Razorpay
payment,pay_4DYl1vBybNmXm8,1911.50,INR,38.23,6.88,0.00,1866.39,upi,,,2026-06-23 09:27:51,23/06/2026 09:27:51,[],,,,order_P7IHeMEKJhXurt,rcpt-65275,[],,,,setl_f4CUPbHJC3AyZ2,2026-06-24 09:27:51,CITIN26062476952782,Razorpay
payment,pay_WTnesUSzzQPvcL,2946.00,INR,58.92,10.61,0.00,2876.47,upi,,,2026-06-23 16:40:20,2026-06-23 16:40:20,[],,,,order_Lnp5hI14hRVDrY,rcpt-77157,[],,,,setl_f4CUPbHJC3AyZ2,24/06/2026 16:40:20,CITIN26062476952782,Razorpay
payment,pay_eW3WPokl6qWFe7,4542.50,INR,113.56,20.44,0.00,4408.50,card,credit,AXIS,23/06/2026 23:53:49,2026-06-23 23:53:49,[],,,,order_H2OYBjabBivPPJ,rcpt-87777,[],,,,setl_f4CUPbHJC3AyZ2,2026-06-24 23:53:49,CITIN26062476952782,Razorpay
payment,pay_p7DisKnYa20rxn,616.50,INR,12.33,2.22,0.00,601.95,upi,,,2026-06-23 06:06:18,23/06/2026 06:06:18,[],,,,order_WrcO95raMFtQFo,rcpt-82928,[],,,,setl_f4CUPbHJC3AyZ2,24/06/2026 06:06:18,CITIN26062476952782,Razorpay
payment,pay_C68CGymOI6A8nB,2596.00,INR,51.92,9.35,0.00,2534.73,upi,,,46196.55540509259,2026-06-23 13:19:47,[],,,,order_bfpTmFDPKQQfdP,rcpt-28334,[],,,,setl_f4CUPbHJC3AyZ2,2026-06-24 13:19:47,CITIN26062476952782,Razorpay
payment,pay_9aXm4gzW09pPoB,4001.50,INR,70.03,12.61,0.00,3918.86,netbanking,,KKBK,2026-06-23 20:32:16,2026-06-23 20:32:16,[],,,,order_PcJeQPZzIFUjcz,rcpt-49287,[],,,,setl_f4CUPbHJC3AyZ2,24/06/2026 20:32:16,CITIN26062476952782,Razorpay
payment,pay_4xb5bVJLiu3d1e,24666.50,INR,493.33,88.80,0.00,24084.37,upi,,,2026-06-23 03:45:45,46196.15677083333,[],,,,order_jemaGhkHBcgYr9,rcpt-62980,[],,,,setl_f4CUPbHJC3AyZ2,2026-06-24 03:45:45,CITIN26062476952782,Razorpay
payment,pay_zyrsQZhGRy2lc6,2114.00,INR,25.37,4.57,0.00,2084.06,card,debit,HDFC,23/06/2026 10:58:14,2026-06-23 10:58:14,[],,,,order_67prqNjcjthEMX,rcpt-41836,[],,,,setl_f4CUPbHJC3AyZ2,2026-06-24 10:58:14,CITIN26062476952782,Razorpay
payment,pay_fwNDYApJcARGFz,11694.00,INR,233.88,42.10,0.00,11418.02,upi,,,2026-06-23 17:11:43,2026-06-23 17:11:43,[],,,,order_g9C3JitvTbyTkC,rcpt-25308,[],,,,setl_f4CUPbHJC3AyZ2,46197.716469907406,CITIN26062476952782,Razorpay
payment,pay_O5zJub1cRmGIxq,1655.50,INR,19.87,3.58,0.00,1632.05,card,debit,AXIS,2026-06-23 00:24:12,23/06/2026 00:24:12,[],,,,order_frHsyg8atDNf0V,rcpt-63020,[],,,,setl_f4CUPbHJC3AyZ2,2026-06-24 00:24:12,CITIN26062476952782,Razorpay
payment,pay_8lNxsEcoILvdtT,1899.50,INR,37.99,6.84,0.00,1854.67,upi,,,46196.31783564815,2026-06-23 07:37:41,[],,,,order_AxmIo51OOzSdbr,rcpt-87506,[],,,,setl_f4CUPbHJC3AyZ2,2026-06-24 07:37:41,CITIN26062476952782,Razorpay
payment,pay_yDVOgfZJdW6ujE,674.50,INR,13.49,2.43,0.00,658.58,upi,,,46196.61817129629,2026-06-23 14:50:10,[],,,,order_DsjkDPaYSbzkQn,rcpt-98111,[],,,,setl_f4CUPbHJC3AyZ2,24/06/2026 14:50:10,CITIN26062476952782,Razorpay
payment,pay_zodVmZIJJhqzQ1,9504.50,INR,190.09,34.22,0.00,9280.19,card,credit,,46196.877534722225,2026-06-23 21:03:39,[],,,,order_ojAlOYioBFiDal,rcpt-56647,[],,,,setl_f4CUPbHJC3AyZ2,2026-06-24 21:03:39,CITIN26062476952782,Razorpay
payment,pay_tAL61QS6KFmqik,19348.50,INR,232.18,41.79,0.00,19074.53,card,debit,AXIS,2026-06-23 04:16:08,23/06/2026 04:16:08,[],,,,order_fnmn84PV2CWf59,rcpt-18275,[],,,,setl_f4CUPbHJC3AyZ2,2026-06-24 04:16:08,CITIN26062476952782,Razorpay
payment,pay_HJij0cCg1KwejO,826.50,INR,20.66,3.72,0.00,802.12,card,credit,SBIN,23/06/2026 11:29:37,46196.478900462964,[],,,,order_2jkch45MuOkVNG,rcpt-78100,[],,,,setl_f4CUPbHJC3AyZ2,2026-06-24 11:29:37,CITIN26062476952782,Razorpay
payment,pay_Eov1OV8cAVm4LO,386.00,INR,7.72,1.39,0.00,376.89,card,credit,KKBK,2026-06-23 18:42:06,46196.77923611111,[],,,,order_2fJmI50hzw7oau,rcpt-36260,[],,,,setl_f4CUPbHJC3AyZ2,2026-24-06 18:42:06,CITIN26062476952782,Razorpay
payment,pay_415ICaI8GEr7ff,554.00,INR,6.65,1.20,0.00,546.15,card,debit,KKBK,2026-06-23 01:55:35,23/06/2026 01:55:35,[],,,,order_aFmmxJ4haUVNn6,rcpt-53181,[],,,,setl_f4CUPbHJC3AyZ2,24/06/2026 01:55:35,CITIN26062476952782,Razorpay
payment,pay_OCSTAq5ydcQkrW,2607.00,INR,45.62,8.21,0.00,2553.17,netbanking,,KKBK,2026-06-23 08:08:04,23/06/2026 08:08:04,[],,,,order_GUJ67TaX8R5lsh,rcpt-17991,[],,,,setl_f4CUPbHJC3AyZ2,24/06/2026 08:08:04,CITIN26062476952782,Razorpay
payment,pay_WLMmsPDzd9ueRy,17627.50,INR,211.53,38.08,0.00,17377.89,card,debit,KKBK,23/06/2026 15:21:33,46196.639965277776,[],,,,order_BlVmTBOVinMPAZ,rcpt-73443,[],,,,setl_f4CUPbHJC3AyZ2,2026-06-24 15:21:33,CITIN26062476952782,Razorpay
payment,pay_DM8hnMzoms7jEL,210.50,INR,2.53,0.46,0.00,207.51,card,debit,SBIN,23/06/2026 22:34:02,46196.940300925926,[],,,,order_dk8ovt3sURXiL0,rcpt-87106,[],,,,setl_f4CUPbHJC3AyZ2,2026-06-24 22:34:02,CITIN26062476952782,Razorpay
payment,pay_r89LFvPvRSAxCe,994.50,INR,19.89,3.58,0.00,971.03,card,credit,,2026-06-23 05:47:31,23/06/2026 05:47:31,[],,,,order_OunzlQeb4EcY07,rcpt-46806,[],,,,setl_f4CUPbHJC3AyZ2,2026-06-24 05:47:31,CITIN26062476952782,Razorpay
payment,pay_U1jtDnPz8QYw1r,264.00,INR,5.28,0.95,0.00,257.77,upi,,,46196.5,2026-06-23 12:00:00,[],,,,order_TEDEmS2NClcMTV,rcpt-82539,[],,,,setl_f4CUPbHJC3AyZ2,2026-06-24 12:00:00,CITIN26062476952782,Razorpay
payment,pay_qFjr0poI5llF1E,693.50,INR,13.87,2.50,0.00,677.13,card,credit,KKBK,23/06/2026 19:13:29,2026-06-23 19:13:29,[],,,,order_yCdNhAOrlRVIiV,rcpt-49192,[],,,,setl_f4CUPbHJC3AyZ2,46197.801030092596,CITIN26062476952782,Razorpay
payment,pay_Tue8T7UQgVMDYj,946.50,INR,18.93,3.41,0.00,924.16,upi,,,2026-06-23 02:26:58,2026-06-23 02:26:58,[],,,,order_UOnQMyjX9fivVT,rcpt-73262,[],,,,setl_f4CUPbHJC3AyZ2,2026-06-24 02:26:58,CITIN26062476952782,Razorpay
payment,pay_4wTO8EL1dixSJK,1370.50,INR,27.41,4.93,0.00,1338.16,upi,,,46196.402395833335,2026-06-23 09:39:27,[],,,,order_Ls2WncHg1VOjmN,rcpt-27708,[],,,,setl_f4CUPbHJC3AyZ2,2026-06-24 09:39:27,CITIN26062476952782,Razorpay
payment,pay_esCvVsXY3g6mWe,1599.00,INR,31.98,5.76,0.00,1561.26,upi,,,2026-06-24 16:52:56,2026-06-24 16:52:56,[],,,,order_YboDQqgtnSi5wI,rcpt-15775,[],,,,setl_CF99Y58tTQ3a5C,26/06/2026 16:52:56,CITIN26062669849840,Razorpay
payment,pay_vF2ImTIAMCaQ4J,785.50,INR,15.71,2.83,0.00,766.96,upi,,,2026-06-24 23:05:25,2026-06-24 23:05:25,[],,,,order_WtBbPRG3JmOKiV,rcpt-31883,[],,,,setl_CF99Y58tTQ3a5C,2026-06-26 23:05:25,CITIN26062669849840,Razorpay
payment,pay_FOhhzG0PMQTYcL,18094.50,INR,316.65,57.00,0.00,17720.85,netbanking,,KKBK,2026-06-24 06:18:54,2026-06-24 06:18:54,[],,,,order_elAjTNW55CvjYh,rcpt-59372,[],,,,setl_CF99Y58tTQ3a5C,2026-06-26 06:18:54,CITIN26062669849840,Razorpay
payment,pay_O53kC8cFD6AX0W,10683.00,INR,128.20,23.08,0.00,10531.72,card,debit,HDFC,2026-06-24 13:31:23,46197.56346064815,[],,,,order_Q8OTcfuo93ooKW,rcpt-98018,[],,,,setl_CF99Y58tTQ3a5C,2026-06-26 13:31:23,CITIN26062669849840,Razorpay
payment,pay_Pn8F0eKUTPSySa,4801.00,INR,57.61,10.37,0.00,4733.02,card,debit,KKBK,2026-06-24 20:44:52,2026-06-24 20:44:52,[],,,,order_pbxKT77uRXO9PM,rcpt-27399,[],,,,setl_CF99Y58tTQ3a5C,2026-06-26 20:44:52,CITIN26062669849840,Razorpay
payment,pay_gUESBYhCL5bsMq,20117.00,INR,241.40,43.45,0.00,19832.15,card,debit,,46197.164826388886,46197.164826388886,[],,,,order_Un54Y85uZH4y9C,rcpt-73412,[],,,,setl_CF99Y58tTQ3a5C,26/06/2026 03:57:21,CITIN26062669849840,Razorpay
payment,pay_zSoL8RDWdORVee,14937.00,INR,298.74,53.77,0.00,14584.49,upi,,,2026-06-24 10:10:50,24/06/2026 10:10:50,[],,,,order_slzS7977nhRkS8,rcpt-93726,[],,,,setl_CF99Y58tTQ3a5C,2026-06-26 10:10:50,CITIN26062669849840,Razorpay
payment,pay_5S1O71vdma5bOz,3576.50,INR,42.92,7.73,0.00,3525.85,card,debit,KKBK,24/06/2026 17:23:19,2026-24-06 17:23:19,[],,,,order_iLuM8YRq56cgOr,rcpt-54798,[],,,,setl_CF99Y58tTQ3a5C,2026-06-26 17:23:19,CITIN26062669849840,Razorpay
payment,pay_FxfdpAUtcp1aim,535.00,INR,10.70,1.93,0.00,522.37,upi,,,24/06/2026 00:36:48,2026-06-24 00:36:48,[],,,,order_YCf65cXTnJOJfR,rcpt-18641,[],,,,setl_CF99Y58tTQ3a5C,46199.025555555556,CITIN26062669849840,Razorpay
payment,pay_KwkNnUCohPEbcQ,15466.00,INR,309.32,55.68,0.00,15101.00,wallet,,,24/06/2026 07:49:17,2026-06-24 07:49:17,[],,,,order_4UBufLVni2G67V,rcpt-89868,[],,,,setl_CF99Y58tTQ3a5C,26/06/2026 07:49:17,CITIN26062669849840,Razorpay
payment,pay_8rOMABtx9VpN74,6296.50,INR,125.93,22.67,0.00,6147.90,upi,,,46197.58525462963,2026-06-24 14:02:46,[],,,,order_qTab0d9zVzIfB8,rcpt-77272,[],,,,setl_CF99Y58tTQ3a5C,2026-06-26 14:02:46,CITIN26062669849840,Razorpay
payment,pay_Id6NqS6IiirnSd,21132.50,INR,253.59,45.65,0.00,20833.26,card,debit,SBIN,2026-06-24 21:15:15,2026-06-24 21:15:15,[],,,,order_3jZM0QqCu9OoIG,rcpt-41293,[],,,,setl_CF99Y58tTQ3a5C,2026-06-26 21:15:15,CITIN26062669849840,Razorpay
payment,pay_4HGajdrZab0TkL,12656.00,INR,253.12,45.56,0.00,12357.32,card,credit,AXIS,2026-24-06 04:28:44,2026-06-24 04:28:44,[],,,,order_MDFKWfHJHAqsBa,rcpt-81208,[],,,,setl_CF99Y58tTQ3a5C,2026-06-26 04:28:44,CITIN26062669849840,Razorpay
payment,pay_bYZjyzIztv9tRd,11331.50,INR,198.30,35.69,0.00,11097.51,netbanking,,KKBK,24/06/2026 11:41:13,24/06/2026 11:41:13,[],,,,order_IJj1IV2JegRoDu,rcpt-38463,[],,,,setl_CF99Y58tTQ3a5C,46199.48695601852,CITIN26062669849840,Razorpay
payment,pay_TOjREI3AYiqNjb,774.00,INR,13.55,2.44,0.00,758.01,netbanking,,HDFC,2026-24-06 18:54:42,2026-06-24 18:54:42,[],,,,order_bzYVYWa4MD06w2,rcpt-97771,[],,,,setl_CF99Y58tTQ3a5C,26/06/2026 18:54:42,CITIN26062669849840,Razorpay
payment,pay_e3msS0I3l94FA5,1665.00,INR,33.30,5.99,0.00,1625.71,upi,,,2026-06-24 01:07:11,2026-06-24 01:07:11,[],,,,order_aXsN1JFvF9WKAt,rcpt-49838,[],,,,setl_CF99Y58tTQ3a5C,26/06/2026 01:07:11,CITIN26062669849840,Razorpay
payment,pay_eiMdUHIE9uEimi,12804.00,INR,256.08,46.09,0.00,12501.83,upi,,,2026-06-24 08:20:40,46197.34768518519,[],,,,order_WL3Rikie1Z3rxZ,rcpt-16796,[],,,,setl_CF99Y58tTQ3a5C,26/06/2026 08:20:40,CITIN26062669849840,Razorpay
payment,pay_9CJsgO6UWgFFu9,487.00,INR,9.74,1.75,0.00,475.51,card,credit,HDFC,2026-24-06 15:33:09,2026-06-24 15:33:09,[],,,,order_3l5ndh54khjQ42,rcpt-74179,[],,,,setl_CF99Y58tTQ3a5C,26/06/2026 15:33:09,CITIN26062669849840,Razorpay
payment,pay_YcuPNreAyfMfyi,710.00,INR,14.20,2.56,0.00,693.24,upi,,,2026-24-06 22:46:38,24/06/2026 22:46:38,[],,,,order_YqTTBWkxtiYVr0,rcpt-54712,[],,,,setl_CF99Y58tTQ3a5C,2026-06-26 22:46:38,CITIN26062669849840,Razorpay
payment,pay_lI51nCDnmMNxAO,3112.00,INR,62.24,11.20,0.00,3038.56,upi,,,2026-06-24 05:59:07,24/06/2026 05:59:07,[],,,,order_sQ7yU5uRluNpwV,rcpt-54394,[],,,,setl_CF99Y58tTQ3a5C,2026-06-26 05:59:07,CITIN26062669849840,Razorpay
payment,pay_FBZnzvMNNEL2VP,318.50,INR,3.82,0.69,0.00,313.99,card,debit,ICICI,2026-06-24 12:12:36,2026-06-24 12:12:36,[],,,,order_bwvO8iJhHiIsQx,rcpt-94681,[],,,,setl_CF99Y58tTQ3a5C,2026-06-26 12:12:36,CITIN26062669849840,Razorpay
payment,pay_J6U54W66DQAQxO,12565.50,INR,219.90,39.58,0.00,12306.02,netbanking,,ICICI,2026-06-24 19:25:05,2026-24-06 19:25:05,[],,,,order_MLJIfxxFK66lGM,rcpt-17305,[],,,,setl_CF99Y58tTQ3a5C,26/06/2026 19:25:05,CITIN26062669849840,Razorpay
payment,pay_ommXiStampuTK3,1546.00,INR,30.92,5.57,0.00,1509.51,upi,,,2026-24-06 02:38:34,46197.11011574074,[],,,,order_8bAHvEFBiLyohy,rcpt-48462,[],,,,setl_CF99Y58tTQ3a5C,46199.11011574074,CITIN26062669849840,Razorpay
payment,pay_3Vg68dJhqgQCnn,4727.50,INR,82.73,14.89,0.00,4629.88,netbanking,,SBIN,2026-06-24 09:51:03,2026-24-06 09:51:03,[],,,,order_MOmJUkwLkHLFpJ,rcpt-25651,[],,,,setl_CF99Y58tTQ3a5C,2026-06-26 09:51:03,CITIN26062669849840,Razorpay
payment,pay_locCIBwwut69GH,4125.00,INR,82.50,14.85,0.00,4027.65,upi,,,24/06/2026 16:04:32,2026-06-24 16:04:32,[],,,,order_Pgry7mq2QFEO0h,rcpt-30525,[],,,,setl_CF99Y58tTQ3a5C,2026-06-26 16:04:32,CITIN26062669849840,Razorpay
payment,pay_VRu19dNoXSYc0X,694.50,INR,8.33,1.50,0.00,684.67,card,debit,AXIS,2026-06-24 23:17:01,2026-24-06 23:17:01,[],,,,order_Q1GMWxEn5DydC2,rcpt-57143,[],,,,setl_CF99Y58tTQ3a5C,2026-06-26 23:17:01,CITIN26062669849840,Razorpay
payment,pay_BavL3IuJZMNs3j,4188.00,INR,73.29,13.19,0.00,4101.52,netbanking,,SBIN,2026-06-24 06:30:30,24/06/2026 06:30:30,[],,,,order_BaIQg9ub1SvXKd,rcpt-71523,[],,,,setl_CF99Y58tTQ3a5C,26/06/2026 06:30:30,CITIN26062669849840,Razorpay
payment,pay_A9T0QB47t8vAmW,1249.00,INR,21.86,3.93,0.00,1223.21,netbanking,,ICICI,2026-06-24 13:43:59,24/06/2026 13:43:59,[],,,,order_3yToUihYs1o7in,rcpt-25873,[],,,,setl_CF99Y58tTQ3a5C,2026-06-26 13:43:59,CITIN26062669849840,Razorpay
payment,pay_bcLX1Wybln6Ebc,407.50,INR,8.15,1.47,0.00,397.88,wallet,,,46197.8725462963,46197.8725462963,[],,,,order_ZLUxb5ymnv5276,rcpt-54271,[],,,,setl_CF99Y58tTQ3a5C,26/06/2026 20:56:28,CITIN26062669849840,Razorpay
payment,pay_AkctKFZP54HhCb,1112.00,INR,22.24,4.00,0.00,1085.76,upi,,,2026-06-24 03:09:57,2026-06-24 03:09:57,[],,,,order_qyrXgqb0Fvqtxf,rcpt-79779,[],,,,setl_CF99Y58tTQ3a5C,2026-06-26 03:09:57,CITIN26062669849840,Razorpay
payment,pay_dJjR7ucNIOuJh5,761.00,INR,13.32,2.40,0.00,745.28,netbanking,,,24/06/2026 10:22:26,2026-06-24 10:22:26,[],,,,order_XTXfjRUYYPtJcU,rcpt-12603,[],,,,setl_CF99Y58tTQ3a5C,46199.43224537037,CITIN26062669849840,Razorpay
payment,pay_4kAQPNV3UaaB08,1585.50,INR,27.75,5.00,0.00,1552.75,netbanking,,,2026-06-24 17:35:55,2026-06-24 17:35:55,[],,,,order_2GFSX6Jm1eIcf8,rcpt-84350,[],,,,setl_CF99Y58tTQ3a5C,2026-06-26 17:35:55,CITIN26062669849840,Razorpay
payment,pay_7DgXOJpLGIAo8J,216.50,INR,4.33,0.78,0.00,211.39,upi,,,2026-06-24 00:48:24,2026-06-24 00:48:24,[],,,,order_uuqY4kIBAz3rCH,rcpt-76738,[],,,,setl_CF99Y58tTQ3a5C,26/06/2026 00:48:24,CITIN26062669849840,Razorpay
payment,pay_U0KItGc8qh7J3T,3449.00,INR,86.23,15.52,0.00,3347.25,card,credit,AXIS,46197.292974537035,24/06/2026 07:01:53,[],,,,order_1F7xZ6eQcS13ND,rcpt-11254,[],,,,setl_CF99Y58tTQ3a5C,2026-26-06 07:01:53,CITIN26062669849840,Razorpay
payment,pay_OB9Z5LsF4NzL2c,2319.50,INR,46.39,8.35,0.00,2264.76,upi,,,46197.593310185184,2026-06-24 14:14:22,[],,,,order_mZxQbYabGivhKm,rcpt-38861,[],,,,setl_CF99Y58tTQ3a5C,2026-06-26 14:14:22,CITIN26062669849840,Razorpay
payment,pay_JrTLX51AqyAri9,291.50,INR,5.83,1.05,0.00,284.62,upi,,,2026-06-24 21:27:51,24/06/2026 21:27:51,[],,,,order_2Eqr9MZMgwcYm1,rcpt-66279,[],,,,setl_CF99Y58tTQ3a5C,2026-06-26 21:27:51,CITIN26062669849840,Razorpay
payment,pay_nE95LKX9zJ58rr,909.00,INR,18.18,3.27,0.00,887.55,upi,,,24/06/2026 04:40:20,24/06/2026 04:40:20,[],,,,order_uXPbKuQRHI8P8k,rcpt-13144,[],,,,setl_CF99Y58tTQ3a5C,26/06/2026 04:40:20,CITIN26062669849840,Razorpay
payment,pay_lfOoJ73T6QmR4h,1294.00,INR,25.88,4.66,0.00,1263.46,upi,,,46197.49570601852,2026-06-24 11:53:49,[],,,,order_xDV1pjLLOdo6Om,rcpt-27463,[],,,,setl_CF99Y58tTQ3a5C,26/06/2026 11:53:49,CITIN26062669849840,Razorpay
payment,pay_mDH4GOWcwvS0bt,3510.50,INR,70.21,12.64,0.00,3427.65,upi,,,2026-06-24 18:06:18,2026-06-24 18:06:18,[],,,,order_laAcpNh9Ggnc5t,rcpt-80743,[],,,,setl_CF99Y58tTQ3a5C,2026-06-26 18:06:18,CITIN26062669849840,Razorpay
payment,pay_92St6d1X4gt4HW,2663.00,INR,53.26,9.59,0.00,2600.15,upi,,,24/06/2026 01:19:47,2026-06-24 01:19:47,[],,,,order_yK6Uc3Ipe0bXKO,rcpt-12635,[],,,,setl_CF99Y58tTQ3a5C,2026-06-26 01:19:47,CITIN26062669849840,Razorpay
payment,pay_td1RFcAB0rLh9W,533.50,INR,9.34,1.68,0.00,522.48,netbanking,,SBIN,46197.35574074074,24/06/2026 08:32:16,[],,,,order_P0AyoOo4Sj8eWe,rcpt-59893,[],,,,setl_CF99Y58tTQ3a5C,2026-06-26 08:32:16,CITIN26062669849840,Razorpay
payment,pay_8Qkygu8q5kT5MK,13187.00,INR,263.74,47.47,0.00,12875.79,upi,,,2026-06-24 15:45:45,46197.65677083333,[],,,,order_GjQmONDGPbZeme,rcpt-61445,[],,,,setl_CF99Y58tTQ3a5C,26/06/2026 15:45:45,CITIN26062669849840,Razorpay
payment,pay_wNcBe9FKkPJ1bn,13435.00,INR,268.70,48.37,0.00,13117.93,upi,,,24/06/2026 22:58:14,2026-06-24 22:58:14,[],,,,order_GSdq3n1kEACbIi,rcpt-12227,[],,,,setl_CF99Y58tTQ3a5C,2026-06-26 22:58:14,CITIN26062669849840,Razorpay
payment,pay_bXmo4hGYfhTsQj,23061.50,INR,461.23,83.02,0.00,22517.25,upi,,,2026-06-24 05:11:43,2026-06-24 05:11:43,[],,,,order_CQnIkaCwHULuwo,rcpt-38142,[],,,,setl_CF99Y58tTQ3a5C,2026-06-26 05:11:43,CITIN26062669849840,Razorpay
refund,rfnd_Fbq3PtCkJtW0t9,273.63,INR,4.00,0.72,278.35,0.00,,,,46199.516805555555,,,"{""refund_reason"": ""customer_request""}",289204886810,,,,,,,,setl_CF99Y58tTQ3a5C,2026-06-26 12:24:12,CITIN26062669849840,Razorpay
dispute,disp_3OusT5TgN9zom8,2700.00,INR,0.00,0.00,2700.00,0.00,card,,,2026-25-06 19:37:41,,,,,,,,,disp_3OusT5TgN9zom8,46198.81783564815,fraud,setl_CF99Y58tTQ3a5C,2026-06-26 19:37:41,CITIN26062669849840,Razorpay
payment,pay_PS0JoWnX5pGyex,391.50,INR,7.83,1.41,0.00,382.26,upi,,,2026-06-25 02:50:10,25/06/2026 02:50:10,[],,,,order_Cx7wxTtu4DZrGV,rcpt-19188,[],,,,setl_5t2qrdp6srvFVa,29/06/2026 02:50:10,CITIN26062948125543,Razorpay
payment,pay_MSocJzxRUhV1PC,305.50,INR,6.11,1.10,0.00,298.29,upi,,,2026-06-25 09:03:39,2026-06-25 09:03:39,[],,,,order_XJn6aYTEzNHdYo,rcpt-52349,[],,,,setl_5t2qrdp6srvFVa,29/06/2026 09:03:39,CITIN26062948125543,Razorpay
payment,pay_eXIM1UWGtL7qZK,20293.00,INR,405.86,73.05,0.00,19814.09,upi,,,46198.67787037037,2026-06-25 16:16:08,[],,,,order_y4S5gOuoCNIAXT,rcpt-44281,[],,,,setl_5t2qrdp6srvFVa,46202.67787037037,CITIN26062948125543,Razorpay
payment,pay_5JfIWqeLLbUnxz,3005.50,INR,60.11,10.82,0.00,2934.57,upi,,,25/06/2026 23:29:37,25/06/2026 23:29:37,[],,,,order_QFmI1onYh0KlOx,rcpt-30796,[],,,,setl_5t2qrdp6srvFVa,29/06/2026 23:29:37,CITIN26062948125543,Razorpay
payment,pay_3Qjk4BKH5NqTw9,18582.50,INR,325.19,58.53,0.00,18198.78,netbanking,,SBIN,2026-06-25 06:42:06,46198.27923611111,[],,,,order_RRMt7CqDwqwEo4,rcpt-91274,[],,,,setl_5t2qrdp6srvFVa,29/06/2026 06:42:06,CITIN26062948125543,Razorpay
payment,pay_GxmVKF3cTKzyEi,572.50,INR,11.45,2.06,0.00,558.99,card,credit,AXIS,2026-06-25 13:55:35,46198.5802662037,[],,,,order_ctAIVmnP3yP3jZ,rcpt-47376,[],,,,setl_5t2qrdp6srvFVa,2026-06-29 13:55:35,CITIN26062948125543,Razorpay
payment,pay_OZe8CYhn5t6upz,566.00,INR,11.32,2.04,0.00,552.64,card,credit,HDFC,2026-06-25 20:08:04,2026-06-25 20:08:04,[],,,,order_2qfCjZVDR5UTcR,rcpt-96644,[],,,,setl_5t2qrdp6srvFVa,46202.83893518519,CITIN26062948125543,Razorpay
payment,pay_ssFjVgFUa4PO6u,3052.00,INR,61.04,10.99,0.00,2979.97,upi,,,2026-06-25 03:21:33,25/06/2026 03:21:33,[],,,,order_vvl1Abr05Qiv55,rcpt-17745,[],,,,setl_5t2qrdp6srvFVa,2026-06-29 03:21:33,CITIN26062948125543,Razorpay
payment,pay_DcSRhteZpNWBfJ,21850.50,INR,437.01,78.66,0.00,21334.83,upi,,,2026-06-25 10:34:02,46198.440300925926,[],,,,order_1WCa0VFRkgr9qv,rcpt-83722,[],,,,setl_5t2qrdp6srvFVa,2026-06-29 10:34:02,CITIN26062948125543,Razorpay
payment,pay_4jMinMuWsJeDPj,22749.50,INR,272.99,49.14,0.00,22427.37,card,debit,,2026-06-25 17:47:31,2026-06-25 17:47:31,[],,,,order_K5tY7Mn8lfml0I,rcpt-53756,[],,,,setl_5t2qrdp6srvFVa,2026-06-29 17:47:31,CITIN26062948125543,Razorpay
payment,pay_x4nWentsieb8xT,1526.50,INR,30.53,5.50,0.00,1490.47,card,credit,ICICI,2026-06-25 00:00:00,25/06/2026 00:00:00,[],,,,order_Teeb8qshqJEzMR,rcpt-99436,[],,,,setl_5t2qrdp6srvFVa,2026-06-29 00:00:00,CITIN26062948125543,Razorpay
payment,pay_6uHNRMrpg9FzK0,1690.50,INR,33.81,6.09,0.00,1650.60,upi,,,25/06/2026 07:13:29,2026-06-25 07:13:29,[],,,,order_z2OIFjbx2BQXjF,rcpt-54116,[],,,,setl_5t2qrdp6srvFVa,29/06/2026 07:13:29,CITIN26062948125543,Razorpay
payment,pay_bKGEDRhmbybkHL,1369.00,INR,27.38,4.93,0.00,1336.69,upi,,,2026-06-25 14:26:58,46198.602060185185,[],,,,order_rpiBQydjTq2BLi,rcpt-97602,[],,,,setl_5t2qrdp6srvFVa,2026-06-29 14:26:58,CITIN26062948125543,Razorpay
payment,pay_Pis4xU3kRdNyl1,1252.00,INR,25.04,4.51,0.00,1222.45,card,credit,ICICI,2026-06-25 21:39:27,2026-06-25 21:39:27,[],,,,order_NxC83NtYLf2qnO,rcpt-78269,[],,,,setl_5t2qrdp6srvFVa,29/06/2026 21:39:27,CITIN26062948125543,Razorpay
payment,pay_eVlIC2NqnPIMEp,874.50,INR,17.49,3.15,0.00,853.86,upi,,,25/06/2026 04:52:56,2026-06-25 04:52:56,[],,,,order_zqSDg7acLwQQRh,rcpt-91778,[],,,,setl_5t2qrdp6srvFVa,29/06/2026 04:52:56,CITIN26062948125543,Razorpay
payment,pay_foCkEmuVfcIW3C,529.00,INR,9.26,1.67,0.00,518.07,netbanking,,SBIN,25/06/2026 11:05:25,25/06/2026 11:05:25,[],,,,order_eipJnvCb91DM5V,rcpt-27047,[],,,,setl_5t2qrdp6srvFVa,29/06/2026 11:05:25,CITIN26062948125543,Razorpay
payment,pay_wLFSmRXLZQdC7u,712.50,INR,14.25,2.57,0.00,695.68,upi,,,2026-06-25 18:18:54,25/06/2026 18:18:54,[],,,,order_AtVcDEJDs5uXRx,rcpt-88358,[],,,,setl_5t2qrdp6srvFVa,46202.763125,CITIN26062948125543,Razorpay
payment,pay_6VV3RUaAEfb4Ey,2465.00,INR,49.30,8.87,0.00,2406.83,upi,,,46198.06346064815,2026-06-25 01:31:23,[],,,,order_dvKL5qraBgvAc2,rcpt-95967,[],,,,setl_5t2qrdp6srvFVa,2026-29-06 01:31:23,CITIN26062948125543,Razorpay
payment,pay_3qj9mUPnBy33pI,18895.00,INR,377.90,68.02,0.00,18449.08,upi,,,2026-06-25 08:44:52,46198.36449074074,[],,,,order_CJrIewe1IeyZWR,rcpt-17603,[],,,,setl_5t2qrdp6srvFVa,2026-29-06 08:44:52,CITIN26062948125543,Razorpay
payment,pay_JBL7eYkAgzgCwr,886.00,INR,10.63,1.91,0.00,873.46,card,debit,ICICI,2026-06-25 15:57:21,2026-06-25 15:57:21,[],,,,order_0k1UcYtbY7YuJv,rcpt-81865,[],,,,setl_5t2qrdp6srvFVa,2026-06-29 15:57:21,CITIN26062948125543,Razorpay
payment,pay_CsQFNQY4I06BGL,5795.50,INR,115.91,20.86,0.00,5658.73,upi,,,2026-06-25 22:10:50,2026-06-25 22:10:50,[],,,,order_MT0IPKxQRRJkSz,rcpt-23586,[],,,,setl_5t2qrdp6srvFVa,29/06/2026 22:10:50,CITIN26062948125543,Razorpay
payment,pay_P3FsrFS2NvzkNf,585.00,INR,11.70,2.11,0.00,571.19,wallet,,,46198.22452546296,2026-06-25 05:23:19,[],,,,order_OwamMosoDYM1E4,rcpt-66788,[],,,,setl_5t2qrdp6srvFVa,2026-06-29 05:23:19,CITIN26062948125543,Razorpay
payment,pay_tj6ERM5F7pKTfz,2531.50,INR,50.63,9.11,0.00,2471.76,card,credit,KKBK,46198.525555555556,2026-06-25 12:36:48,[],,,,order_DF6wiO0HoWkReY,rcpt-31555,[],,,,setl_5t2qrdp6srvFVa,46202.525555555556,CITIN26062948125543,Razorpay
payment,pay_yYLBRXDiKQn82n,930.50,INR,11.17,2.01,0.00,917.32,card,debit,AXIS,46198.825891203705,2026-06-25 19:49:17,[],,,,order_IrE2rJkG00CtiI,rcpt-28592,[],,,,setl_5t2qrdp6srvFVa,2026-06-29 19:49:17,CITIN26062948125543,Razorpay
payment,pay_VWZ2RxZL5VNokQ,21656.50,INR,433.13,77.96,0.00,21145.41,upi,,,2026-06-25 02:02:46,2026-06-25 02:02:46,[],,,,order_G5yPUzsNOKaVXB,rcpt-49911,[],,,,setl_5t2qrdp6srvFVa,2026-06-29 02:02:46,CITIN26062948125543,Razorpay
payment,pay_EYU9feq19XznHY,3217.00,INR,38.60,6.95,0.00,3171.45,card,debit,SBIN,25/06/2026 09:15:15,2026-06-25 09:15:15,[],,,,order_PuqNzxHHHte0BR,rcpt-96546,[],,,,setl_5t2qrdp6srvFVa,2026-06-29 09:15:15,CITIN26062948125543,Razorpay
payment,pay_q3QqjnPntroyVJ,583.50,INR,11.67,2.10,0.00,569.73,card,credit,AXIS,46198.68662037037,46198.68662037037,[],,,,order_XLqnqDzztuDhyM,rcpt-47925,[],,,,setl_5t2qrdp6srvFVa,2026-06-29 16:28:44,CITIN26062948125543,Razorpay
payment,pay_4XcrveN3huBXed,752.00,INR,15.04,2.71,0.00,734.25,upi,,,2026-06-25 23:41:13,2026-06-25 23:41:13,[],,,,order_ImbWFPSo3DYorg,rcpt-27587,[],,,,setl_5t2qrdp6srvFVa,2026-29-06 23:41:13,CITIN26062948125543,Razorpay
payment,pay_q7leIV27R1Oy7D,2578.50,INR,51.57,9.28,0.00,2517.65,upi,,,25/06/2026 06:54:42,2026-06-25 06:54:42,[],,,,order_YOzhbdHHrfjATK,rcpt-37879,[],,,,setl_5t2qrdp6srvFVa,29/06/2026 06:54:42,CITIN26062948125543,Razorpay
payment,pay_dpN2fm7cbxT8da,8709.00,INR,104.51,18.81,0.00,8585.68,card,debit,SBIN,25/06/2026 13:07:11,2026-06-25 13:07:11,[],,,,order_1zD0wfVAWd8mQm,rcpt-56853,[],,,,setl_5t2qrdp6srvFVa,2026-06-29 13:07:11,CITIN26062948125543,Razorpay
payment,pay_Tytuk8sdZC5Asd,217.00,INR,3.80,0.68,0.00,212.52,netbanking,,AXIS,46198.84768518519,2026-06-25 20:20:40,[],,,,order_UPy3DvJQaVpy3L,rcpt-82627,[],,,,setl_5t2qrdp6srvFVa,46202.84768518519,CITIN26062948125543,Razorpay
payment,pay_jsq2xCTYrrIH5U,10210.50,INR,178.68,32.16,0.00,9999.66,netbanking,,,25/06/2026 03:33:09,2026-06-25 03:33:09,[],,,,order_gu8uE8m7diTihQ,rcpt-83800,[],,,,setl_5t2qrdp6srvFVa,46202.14802083333,CITIN26062948125543,Razorpay
payment,pay_Pl9L2bXyT1yfNQ,2474.00,INR,49.48,8.91,0.00,2415.61,upi,,,46198.44905092593,2026-06-25 10:46:38,[],,,,order_wYXWkbCujvN3Ye,rcpt-93735,[],,,,setl_5t2qrdp6srvFVa,46202.44905092593,CITIN26062948125543,Razorpay
payment,pay_WVUB1VVOc0vzzf,5708.00,INR,114.16,20.55,0.00,5573.29,wallet,,,2026-06-25 17:59:07,2026-06-25 17:59:07,[],,,,order_PS6Pr3E0sNAJR4,rcpt-21833,[],,,,setl_5t2qrdp6srvFVa,2026-06-29 17:59:07,CITIN26062948125543,Razorpay
payment,pay_Rq0dKZn5rvCjEe,12282.50,INR,147.39,26.53,0.00,12108.58,card,debit,AXIS,2026-06-25 00:12:36,2026-06-25 00:12:36,[],,,,order_U71jS4Ze5wt7kV,rcpt-25241,[],,,,setl_5t2qrdp6srvFVa,29/06/2026 00:12:36,CITIN26062948125543,Razorpay
payment,pay_lCm6bhY5v929kg,5165.00,INR,103.30,18.59,0.00,5043.11,upi,,,25/06/2026 07:25:05,2026-06-25 07:25:05,[],,,,order_n7HYhXNW8ZT93r,rcpt-13462,[],,,,setl_5t2qrdp6srvFVa,29/06/2026 07:25:05,CITIN26062948125543,Razorpay
payment,pay_Q5oUeiQm1U4Ta6,14396.50,INR,287.93,51.83,0.00,14056.74,upi,,,2026-06-25 14:38:34,2026-06-25 14:38:34,[],,,,order_KAAsDKEvxScZs2,rcpt-72227,[],,,,setl_5t2qrdp6srvFVa,2026-06-29 14:38:34,CITIN26062948125543,Razorpay
payment,pay_VgQ7PTr0deFbTS,922.50,INR,18.45,3.32,0.00,900.73,upi,,,2026-06-25 21:51:03,46198.91045138889,[],,,,order_KSWtPeZWNkrN13,rcpt-49034,[],,,,setl_5t2qrdp6srvFVa,2026-06-29 21:51:03,CITIN26062948125543,Razorpay
payment,pay_QVmsF4dJ5G6LU7,1364.50,INR,27.29,4.91,0.00,1332.30,upi,,,2026-06-25 04:04:32,2026-06-25 04:04:32,[],,,,order_3srl2WKbvRYlU1,rcpt-45863,[],,,,setl_5t2qrdp6srvFVa,2026-29-06 04:04:32,CITIN26062948125543,Razorpay
payment,pay_N6zY0vOUkWwHSp,739.50,INR,8.87,1.60,0.00,729.03,card,debit,ICICI,2026-06-25 11:17:01,2026-06-25 11:17:01,[],,,,order_RS6kjOdqsdgC4H,rcpt-12310,[],,,,setl_5t2qrdp6srvFVa,29/06/2026 11:17:01,CITIN26062948125543,Razorpay
payment,pay_q01FLWWWLfnRrE,360.50,INR,7.21,1.30,0.00,351.99,upi,,,25/06/2026 18:30:30,46198.77118055556,[],,,,order_RjwU5Q2eCc87CZ,rcpt-13796,[],,,,setl_5t2qrdp6srvFVa,2026-29-06 18:30:30,CITIN26062948125543,Razorpay
refund,rfnd_Xkho9mfo0wJYPI,11751.50,INR,4.00,0.72,11756.22,0.00,,,,2026-06-28 01:43:59,,,"{""refund_reason"": ""quality_issue""}",750484046207,,,,,,,,setl_5t2qrdp6srvFVa,2026-06-29 01:43:59,CITIN26062948125543,Razorpay
refund,rfnd_MEePqpmFWOkezM,19027.50,INR,4.00,0.72,19032.22,0.00,,,,2026-27-06 08:56:28,,,"{""refund_reason"": ""customer_request""}",746417547552,,,,,,,,setl_5t2qrdp6srvFVa,2026-06-29 08:56:28,CITIN26062948125543,Razorpay
refund,rfnd_wfxBvqhaOFYZJk,2274.00,INR,4.00,0.72,2278.72,0.00,,,,46201.63190972222,,,"{""refund_reason"": ""quality_issue""}",162308098131,,,,,,,,setl_5t2qrdp6srvFVa,2026-06-29 15:09:57,CITIN26062948125543,Razorpay
payment,pay_FylDjK7bnUsQqV,736.50,INR,8.84,1.59,0.00,726.07,card,debit,ICICI,2026-06-26 22:22:26,2026-06-26 22:22:26,[],,,,order_Ai2eGD0cn3Y4TU,rcpt-89525,[],,,,setl_7fbLC6wmdjufOV,30/06/2026 22:22:26,CITIN26063036434549,Razorpay
payment,pay_8LwrSSak2ujHPA,228.00,INR,4.56,0.82,0.00,222.62,upi,,,2026-06-26 05:35:55,46199.23327546296,[],,,,order_2txkKI3uC8cj2I,rcpt-59344,[],,,,setl_7fbLC6wmdjufOV,2026-06-30 05:35:55,CITIN26063036434549,Razorpay
payment,pay_bk1s9LFHQE8n3G,20918.00,INR,418.36,75.30,0.00,20424.34,wallet,,,46199.53361111111,2026-06-26 12:48:24,[],,,,order_CSN7ej590BP9NK,rcpt-47305,[],,,,setl_7fbLC6wmdjufOV,2026-06-30 12:48:24,CITIN26063036434549,Razorpay
payment,pay_XuinKeb9rti8ZE,3208.50,INR,64.17,11.55,0.00,3132.78,upi,,,2026-06-26 19:01:53,2026-06-26 19:01:53,[],,,,order_1zURZZhRgl7tXH,rcpt-58884,[],,,,setl_7fbLC6wmdjufOV,2026-06-30 19:01:53,CITIN26063036434549,Razorpay
payment,pay_zGEn9wTStrBjlY,2021.50,INR,40.43,7.28,0.00,1973.79,card,credit,SBIN,2026-06-26 02:14:22,2026-26-06 02:14:22,[],,,,order_YNL3wxGfcMRFH7,rcpt-83674,[],,,,setl_7fbLC6wmdjufOV,2026-06-30 02:14:22,CITIN26063036434549,Razorpay
payment,pay_h3Rkd2VpsycLzU,9032.50,INR,180.65,32.52,0.00,8819.33,card,credit,KKBK,26/06/2026 09:27:51,26/06/2026 09:27:51,[],,,,order_w24RNL2HKXVeDZ,rcpt-38252,[],,,,setl_7fbLC6wmdjufOV,30/06/2026 09:27:51,CITIN26063036434549,Razorpay
payment,pay_xXdZ9bgoswC0Bp,1681.50,INR,33.63,6.05,0.00,1641.82,wallet,,,46199.69467592592,46199.69467592592,[],,,,order_G79g2gU2Mda2an,rcpt-11922,[],,,,setl_7fbLC6wmdjufOV,2026-06-30 16:40:20,CITIN26063036434549,Razorpay
payment,pay_kyVroHZmadUYZO,1620.00,INR,32.40,5.83,0.00,1581.77,upi,,,2026-06-26 23:53:49,26/06/2026 23:53:49,[],,,,order_u2AjouJ3YZxFA5,rcpt-10461,[],,,,setl_7fbLC6wmdjufOV,2026-06-30 23:53:49,CITIN26063036434549,Razorpay
payment,pay_WjEIK02FkhjWBi,496.50,INR,9.93,1.79,0.00,484.78,upi,,,2026-06-26 06:06:18,2026-06-26 06:06:18,[],,,,order_LTpXB47zdY2c8z,rcpt-78648,[],,,,setl_7fbLC6wmdjufOV,2026-06-30 06:06:18,CITIN26063036434549,Razorpay
payment,pay_26xWgBCH1Rufnw,837.00,INR,16.74,3.01,0.00,817.25,upi,,,26/06/2026 13:19:47,2026-06-26 13:19:47,[],,,,order_qbO08xmhfwSy1K,rcpt-11513,[],,,,setl_7fbLC6wmdjufOV,2026-06-30 13:19:47,CITIN26063036434549,Razorpay
payment,pay_ZoRHRZDBtGUYxG,2714.50,INR,54.29,9.77,0.00,2650.44,upi,,,2026-06-26 20:32:16,26/06/2026 20:32:16,[],,,,order_9JVimuz6LpKDGN,rcpt-61089,[],,,,setl_7fbLC6wmdjufOV,2026-06-30 20:32:16,CITIN26063036434549,Razorpay
payment,pay_8YPsyZKaChrLTv,3285.00,INR,65.70,11.83,0.00,3207.47,card,credit,AXIS,2026-06-26 03:45:45,2026-06-26 03:45:45,[],,,,order_lqxtuOqMT9DNsf,rcpt-34542,[],,,,setl_7fbLC6wmdjufOV,2026-06-30 03:45:45,CITIN26063036434549,Razorpay
payment,pay_tTfk4UAIHJR7Dn,3057.00,INR,53.50,9.63,0.00,2993.87,netbanking,,ICICI,2026-26-06 10:58:14,26/06/2026 10:58:14,[],,,,order_3blCTQnqwlszb2,rcpt-86335,[],,,,setl_7fbLC6wmdjufOV,2026-06-30 10:58:14,CITIN26063036434549,Razorpay
payment,pay_Y7lIYAKlZtGMDK,4938.00,INR,98.76,17.78,0.00,4821.46,upi,,,2026-06-26 17:11:43,26/06/2026 17:11:43,[],,,,order_7v9y4fuLl37ilz,rcpt-89605,[],,,,setl_7fbLC6wmdjufOV,30/06/2026 17:11:43,CITIN26063036434549,Razorpay
payment,pay_4MUpyVyCLsYcv3,5495.00,INR,109.90,19.78,0.00,5365.32,upi,,,26/06/2026 00:24:12,2026-06-26 00:24:12,[],,,,order_CEPQ5x3jpuFVMu,rcpt-46305,[],,,,setl_7fbLC6wmdjufOV,46203.016805555555,CITIN26063036434549,Razorpay
payment,pay_QU6U1QKJLrOSup,682.50,INR,8.19,1.47,0.00,672.84,card,debit,SBIN,26/06/2026 07:37:41,26/06/2026 07:37:41,[],,,,order_YSgo7Xe0cuS2Ok,rcpt-30787,[],,,,setl_7fbLC6wmdjufOV,2026-06-30 07:37:41,CITIN26063036434549,Razorpay
payment,pay_8MzP7T7q0l49FB,770.50,INR,13.48,2.43,0.00,754.59,netbanking,,ICICI,26/06/2026 14:50:10,2026-26-06 14:50:10,[],,,,order_G6h6W2ifE8u7Bl,rcpt-55675,[],,,,setl_7fbLC6wmdjufOV,2026-06-30 14:50:10,CITIN26063036434549,Razorpay
payment,pay_CU813hiPNK7MOI,354.50,INR,7.09,1.28,0.00,346.13,upi,,,2026-06-26 21:03:39,46199.877534722225,[],,,,order_rBlLPmso0uhjhp,rcpt-64657,[],,,,setl_7fbLC6wmdjufOV,46203.877534722225,CITIN26063036434549,Razorpay
payment,pay_4ivOp7SvqpfckT,586.00,INR,11.72,2.11,0.00,572.17,upi,,,2026-26-06 04:16:08,46199.17787037037,[],,,,order_rF1OYT9ig5QLXN,rcpt-54430,[],,,,setl_7fbLC6wmdjufOV,30/06/2026 04:16:08,CITIN26063036434549,Razorpay
payment,pay_8OSeJzDiAZGhBo,16702.50,INR,334.05,60.13,0.00,16308.32,card,credit,ICICI,2026-06-26 11:29:37,2026-06-26 11:29:37,[],,,,order_i4TjS1PjqaktQ7,rcpt-50540,[],,,,setl_7fbLC6wmdjufOV,46203.478900462964,CITIN26063036434549,Razorpay
payment,pay_XuHsAXDQRQIRiz,12285.50,INR,215.00,38.70,0.00,12031.80,netbanking,,SBIN,2026-06-26 18:42:06,26/06/2026 18:42:06,[],,,,order_4PwPArwIfIPShQ,rcpt-86042,[],,,,setl_7fbLC6wmdjufOV,2026-30-06 18:42:06,CITIN26063036434549,Razorpay
payment,pay_A8WBBIvom68fWG,13098.50,INR,157.18,28.29,0.00,12913.03,card,debit,ICICI,2026-06-26 01:55:35,2026-06-26 01:55:35,[],,,,order_e7Grp8XyihiQY3,rcpt-51116,[],,,,setl_7fbLC6wmdjufOV,2026-06-30 01:55:35,CITIN26063036434549,Razorpay
payment,pay_myaeRqLaS5rFyD,10762.00,INR,215.24,38.74,0.00,10508.02,card,credit,,26/06/2026 08:08:04,2026-06-26 08:08:04,[],,,,order_woFb0ZtQEsodx1,rcpt-47367,[],,,,setl_7fbLC6wmdjufOV,2026-06-30 08:08:04,CITIN26063036434549,Razorpay
refund,rfnd_zoPUojVQy7IgXk,4893.00,INR,4.00,0.72,4897.72,0.00,,,,2026-06-30 15:21:33,,,"{""refund_reason"": ""customer_request""}",988992743465,,,,,,,,setl_7fbLC6wmdjufOV,2026-06-30 15:21:33,CITIN26063036434549,Razorpay
refund,rfnd_7P7qiOhoetucdO,4046.00,INR,4.00,0.72,4050.72,0.00,,,,46203.940300925926,,,"{""refund_reason"": ""customer_request""}",309614245277,,,,,,,,setl_7fbLC6wmdjufOV,46203.940300925926,CITIN26063036434549,Razorpay
payment,pay_zTZs82meTVQbUj,609.50,INR,12.19,2.19,0.00,595.12,upi,,,2026-06-27 05:47:31,2026-06-27 05:47:31,[],,,,order_pNz1BErfxo6gOv,rcpt-81918,[],,,,setl_d68qASlFJGHJVK,2026-29-06 05:47:31,CITIN26062962399619,Razorpay
payment,pay_q0RJ8vyUV7ZzdJ,1333.50,INR,26.67,4.80,0.00,1302.03,upi,,,2026-06-27 12:00:00,2026-06-27 12:00:00,[],,,,order_4nDCqwaWosyYNN,rcpt-87282,[],,,,setl_d68qASlFJGHJVK,2026-06-29 12:00:00,CITIN26062962399619,Razorpay
payment,pay_KXFPjtxQfNeAQQ,799.00,INR,9.59,1.73,0.00,787.68,card,debit,HDFC,2026-06-27 19:13:29,2026-06-27 19:13:29,[],,,,order_PZqsgnrqiWHR0f,rcpt-66144,[],,,,setl_d68qASlFJGHJVK,2026-06-29 19:13:29,CITIN26062962399619,Razorpay
payment,pay_t9xOf2AN973kjI,22657.00,INR,453.14,81.57,0.00,22122.29,upi,,,2026-06-27 02:26:58,2026-06-27 02:26:58,[],,,,order_LeKz4BG8siT1bm,rcpt-26471,[],,,,setl_d68qASlFJGHJVK,2026-29-06 02:26:58,CITIN26062962399619,Razorpay
payment,pay_bNKq7QNsdSVDqA,2228.00,INR,44.56,8.02,0.00,2175.42,upi,,,27/06/2026 09:39:27,2026-06-27 09:39:27,[],,,,order_hp7HyB1X217N2G,rcpt-92202,[],,,,setl_d68qASlFJGHJVK,2026-06-29 09:39:27,CITIN26062962399619,Razorpay
payment,pay_QaDtfbMFbnXXJX,323.50,INR,6.47,1.16,0.00,315.87,upi,,,27/06/2026 16:52:56,46200.70342592592,[],,,,order_3rJnWYA6hSqwqy,rcpt-93781,[],,,,setl_d68qASlFJGHJVK,29/06/2026 16:52:56,CITIN26062962399619,Razorpay
payment,pay_whbjilQsyv82TK,5093.50,INR,61.12,11.00,0.00,5021.38,card,debit,KKBK,27/06/2026 23:05:25,2026-06-27 23:05:25,[],,,,order_FiOu6UhuskDOU4,rcpt-22423,[],,,,setl_d68qASlFJGHJVK,29/06/2026 23:05:25,CITIN26062962399619,Razorpay
payment,pay_NVx49K10OvskN8,298.50,INR,5.97,1.07,0.00,291.46,upi,,,2026-06-27 06:18:54,27/06/2026 06:18:54,[],,,,order_rkm6Kf1c42QTz7,rcpt-70988,[],,,,setl_d68qASlFJGHJVK,2026-06-29 06:18:54,CITIN26062962399619,Razorpay
payment,pay_5oDnggM2EefxGQ,364.00,INR,7.28,1.31,0.00,355.41,upi,,,2026-06-27 13:31:23,2026-06-27 13:31:23,[],,,,order_hVwy52LKdT2wdU,rcpt-43914,[],,,,setl_d68qASlFJGHJVK,2026-06-29 13:31:23,CITIN26062962399619,Razorpay
payment,pay_n2XH2QAFmeDWr8,913.50,INR,18.27,3.29,0.00,891.94,wallet,,,2026-06-27 20:44:52,2026-06-27 20:44:52,[],,,,order_RZuHxjj60soSzU,rcpt-81305,[],,,,setl_d68qASlFJGHJVK,46202.86449074074,CITIN26062962399619,Razorpay
payment,pay_ObXQuzP3RL9aE1,17678.50,INR,441.96,79.55,0.00,17156.99,card,credit,AXIS,2026-06-27 03:57:21,2026-06-27 03:57:21,[],,,,order_mzsBmAJq4n2MYf,rcpt-65150,[],,,,setl_d68qASlFJGHJVK,46202.164826388886,CITIN26062962399619,Razorpay
payment,pay_VDZLaW0gqEQz1A,20572.00,INR,411.44,74.06,0.00,20086.50,upi,,,2026-06-27 10:10:50,2026-06-27 10:10:50,[],,,,order_M6cLxkfdsGzY7O,rcpt-42909,[],,,,setl_d68qASlFJGHJVK,2026-06-29 10:10:50,CITIN26062962399619,Razorpay
payment,pay_nV5iG4OxI8OPeh,2306.00,INR,46.12,8.30,0.00,2251.58,upi,,,2026-06-27 17:23:19,2026-06-27 17:23:19,[],,,,order_73hc1oZTn07tWT,rcpt-46092,[],,,,setl_d68qASlFJGHJVK,2026-06-29 17:23:19,CITIN26062962399619,Razorpay
payment,pay_2KZo3q2X1nKvJb,826.00,INR,20.65,3.72,0.00,801.63,card,credit,KKBK,2026-06-27 00:36:48,2026-06-27 00:36:48,[],,,,order_qPYSuUMftHX9F1,rcpt-31961,[],,,,setl_d68qASlFJGHJVK,29/06/2026 00:36:48,CITIN26062962399619,Razorpay
payment,pay_SH0WLaT0zvJ8hY,17363.50,INR,303.86,54.69,0.00,17004.95,netbanking,,AXIS,46200.325891203705,2026-06-27 07:49:17,[],,,,order_olRjmYUW09fmEG,rcpt-18600,[],,,,setl_d68qASlFJGHJVK,2026-06-29 07:49:17,CITIN26062962399619,Razorpay
payment,pay_tvh4R3mdG5RDzy,9580.50,INR,191.61,34.49,0.00,9354.40,card,credit,SBIN,46200.58525462963,2026-06-27 14:02:46,[],,,,order_K4JwPOHPsIy829,rcpt-48523,[],,,,setl_d68qASlFJGHJVK,2026-06-29 14:02:46,CITIN26062962399619,Razorpay
payment,pay_bvOsUIp5Iuq2NB,2274.00,INR,27.29,4.91,0.00,2241.80,card,debit,ICICI,2026-06-27 21:15:15,2026-06-27 21:15:15,[],,,,order_NWP20mmJsFStFT,rcpt-63937,[],,,,setl_d68qASlFJGHJVK,29/06/2026 21:15:15,CITIN26062962399619,Razorpay
payment,pay_kpWzLFlcNyAtTz,414.00,INR,8.28,1.49,0.00,404.23,card,credit,ICICI,27/06/2026 04:28:44,2026-06-27 04:28:44,[],,,,order_P1PbTyWhPkXteY,rcpt-23191,[],,,,setl_d68qASlFJGHJVK,2026-06-29 04:28:44,CITIN26062962399619,Razorpay
payment,pay_svwMc8v1Z8qOeN,24314.00,INR,291.77,52.52,0.00,23969.71,card,debit,SBIN,2026-06-27 11:41:13,2026-06-27 11:41:13,[],,,,order_JICPBHR91eC4Ev,rcpt-45345,[],,,,setl_d68qASlFJGHJVK,2026-06-29 11:41:13,CITIN26062962399619,Razorpay
payment,pay_JjyEqfdOIPnu0C,255.00,INR,5.10,0.92,0.00,248.98,upi,,,27/06/2026 18:54:42,46200.787986111114,[],,,,order_5Qhd0sxXDrxC7K,rcpt-78314,[],,,,setl_d68qASlFJGHJVK,2026-06-29 18:54:42,CITIN26062962399619,Razorpay
payment,pay_B1kEE8QoqMieo2,3652.50,INR,73.05,13.15,0.00,3566.30,upi,,,2026-06-27 01:07:11,2026-06-27 01:07:11,[],,,,order_ZDlQrkPvB9nRq7,rcpt-70640,[],,,,setl_d68qASlFJGHJVK,2026-06-29 01:07:11,CITIN26062962399619,Razorpay
payment,pay_Pz0wJI1m49NlEt,21857.00,INR,262.28,47.21,0.00,21547.51,card,debit,,2026-06-27 08:20:40,27/06/2026 08:20:40,[],,,,order_brKkbCrWodWa3k,rcpt-12147,[],,,,setl_d68qASlFJGHJVK,29/06/2026 08:20:40,CITIN26062962399619,Razorpay
payment,pay_joCpmz8qfI3BPH,2270.50,INR,45.41,8.17,0.00,2216.92,upi,,,2026-06-27 15:33:09,2026-06-27 15:33:09,[],,,,order_0ngzFTf9Eh8MNj,rcpt-64193,[],,,,setl_d68qASlFJGHJVK,2026-06-29 15:33:09,CITIN26062962399619,Razorpay
payment,pay_KJYwRX0Hee6VqM,4697.00,INR,93.94,16.91,0.00,4586.15,wallet,,,27/06/2026 22:46:38,2026-06-27 22:46:38,[],,,,order_7tJdXXHkhseFra,rcpt-42565,[],,,,setl_d68qASlFJGHJVK,2026-06-29 22:46:38,CITIN26062962399619,Razorpay
payment,pay_erzCx6n3sMlmI2,688.00,INR,13.76,2.48,0.00,671.76,card,credit,,27/06/2026 05:59:07,27/06/2026 05:59:07,[],,,,order_CmHDA5y7DQtMCs,rcpt-92720,[],,,,setl_d68qASlFJGHJVK,2026-06-29 05:59:07,CITIN26062962399619,Razorpay
payment,pay_780hopNJWWMAha,12758.00,INR,318.95,57.41,0.00,12381.64,card,credit,AXIS,2026-06-27 12:12:36,2026-06-27 12:12:36,[],,,,order_7cvPZ8tT9aEPfH,rcpt-47333,[],,,,setl_d68qASlFJGHJVK,2026-06-29 12:12:36,CITIN26062962399619,Razorpay
payment,pay_fLWeWU1O3jbwde,1733.50,INR,34.67,6.24,0.00,1692.59,upi,,,2026-27-06 19:25:05,2026-06-27 19:25:05,[],,,,order_vGOFHhJ2B7fs9i,rcpt-30378,[],,,,setl_d68qASlFJGHJVK,2026-06-29 19:25:05,CITIN26062962399619,Razorpay
payment,pay_QkrOuu0jAn2ZYP,18871.00,INR,377.42,67.94,0.00,18425.64,card,credit,AXIS,27/06/2026 02:38:34,2026-06-27 02:38:34,[],,,,order_gkmPgRppWGI2NM,rcpt-46114,[],,,,setl_d68qASlFJGHJVK,2026-06-29 02:38:34,CITIN26062962399619,Razorpay
payment,pay_NW14zxQwc1y0iu,9960.50,INR,199.21,35.86,0.00,9725.43,upi,,,2026-06-27 09:51:03,2026-06-27 09:51:03,[],,,,order_82gF4995LBGgL1,rcpt-88933,[],,,,setl_d68qASlFJGHJVK,2026-06-29 09:51:03,CITIN26062962399619,Razorpay
payment,pay_onaPb2Mf0bt09q,8748.50,INR,174.97,31.49,0.00,8542.04,wallet,,,2026-06-27 16:04:32,2026-06-27 16:04:32,[],,,,order_8C04XNHvD0kZy5,rcpt-63315,[],,,,setl_d68qASlFJGHJVK,46202.66981481481,CITIN26062962399619,Razorpay
payment,pay_H9fGVdSaWbhdVF,431.50,INR,8.63,1.55,0.00,421.32,upi,,,2026-06-27 23:17:01,27/06/2026 23:17:01,[],,,,order_hEnzGtnI2wyaoR,rcpt-39830,[],,,,setl_d68qASlFJGHJVK,2026-06-29 23:17:01,CITIN26062962399619,Razorpay
payment,pay_HNY5uNUQjsO6Jh,647.50,INR,12.95,2.33,0.00,632.22,upi,,,2026-06-27 06:30:30,2026-06-27 06:30:30,[],,,,order_gxl03Z4jYuOz89,rcpt-39158,[],,,,setl_d68qASlFJGHJVK,2026-06-29 06:30:30,CITIN26062962399619,Razorpay
payment,pay_4d1QtBnhai31Vn,3511.00,INR,61.44,11.06,0.00,3438.50,netbanking,,HDFC,27/06/2026 13:43:59,2026-06-27 13:43:59,[],,,,order_XlGZaQwcDDsnou,rcpt-22010,[],,,,setl_d68qASlFJGHJVK,29/06/2026 13:43:59,CITIN26062962399619,Razorpay
payment,pay_BqrSaNvkhZkE5H,207.00,INR,3.62,0.65,0.00,202.73,netbanking,,HDFC,2026-06-27 20:56:28,2026-06-27 20:56:28,[],,,,order_XdgwwyJZ2j8Qf9,rcpt-96671,[],,,,setl_d68qASlFJGHJVK,46202.8725462963,CITIN26062962399619,Razorpay
payment,pay_rXB2BIwAifoSTZ,4457.00,INR,89.14,16.05,0.00,4351.81,card,credit,AXIS,27/06/2026 03:09:57,2026-06-27 03:09:57,[],,,,order_hDHQhJdpK8VsF4,rcpt-33075,[],,,,setl_d68qASlFJGHJVK,2026-06-29 03:09:57,CITIN26062962399619,Razorpay
payment,pay_Rvdcw7JqiqjGBd,1798.00,INR,35.96,6.47,0.00,1755.57,upi,,,27/06/2026 10:22:26,2026-06-27 10:22:26,[],,,,order_V2vczwnRWG8goZ,rcpt-70637,[],,,,setl_d68qASlFJGHJVK,29/06/2026 10:22:26,CITIN26062962399619,Razorpay
payment,pay_kaITUPdAl47Af1,699.50,INR,13.99,2.52,0.00,682.99,upi,,,2026-06-28 17:35:55,2026-06-28 17:35:55,[],,,,order_mGuOj34vZQR3Ct,rcpt-32559,[],,,,setl_5l1f2vm6jktiWv,2026-06-30 17:35:55,CITIN26063031261245,Razorpay
payment,pay_5nxKBQF8mz7UI2,3958.00,INR,79.16,14.25,0.00,3864.59,upi,,,46201.03361111111,28/06/2026 00:48:24,[],,,,order_T3tGttbGOPvShN,rcpt-28678,[],,,,setl_5l1f2vm6jktiWv,2026-06-30 00:48:24,CITIN26063031261245,Razorpay
payment,pay_O7XwZG4PjzgtHA,1432.50,INR,25.07,4.51,0.00,1402.92,netbanking,,AXIS,2026-06-29 07:01:53,2026-06-29 07:01:53,[],,,,order_YG4EkkQXJ3OAYa,rcpt-85820,[],,,,setl_dubwLO7omDkawb,2026-06-30 07:01:53,CITIN26063071629824,Razorpay
payment,pay_SVuiZ86O7k8FKy,1667.50,INR,33.35,6.00,0.00,1628.15,upi,,,2026-06-29 14:14:22,2026-29-06 14:14:22,[],,,,order_FOr5MFB6b6JAqt,rcpt-81601,[],,,,setl_dubwLO7omDkawb,2026-06-30 14:14:22,CITIN26063071629824,Razorpay
payment,pay_I67oUZpdgGgE5W,844.50,INR,16.89,3.04,0.00,824.57,upi,,,2026-29-06 21:27:51,2026-06-29 21:27:51,[],,,,order_FW5Bfw01r0zIk4,rcpt-39839,[],,,,setl_dubwLO7omDkawb,2026-06-30 21:27:51,CITIN26063071629824,Razorpay
payment,pay_89HC9kVyp4bbr4,21096.50,INR,421.93,75.95,0.00,20598.62,upi,,,29/06/2026 04:40:20,2026-06-29 04:40:20,[],,,,order_eptT6WaNgctumu,rcpt-33605,[],,,,setl_dubwLO7omDkawb,46203.19467592592,CITIN26063071629824,Razorpay
payment,pay_BosYgtBfUtIgvP,1084.00,INR,21.68,3.90,0.00,1058.42,upi,,,29/06/2026 11:53:49,29/06/2026 11:53:49,[],,,,order_cPQu2JNG0Lh4U8,rcpt-63725,[],,,,setl_dubwLO7omDkawb,2026-06-30 11:53:49,CITIN26063071629824,Razorpay
payment,pay_iGZEmKeR8bEKyi,6757.50,INR,135.15,24.33,0.00,6598.02,card,credit,AXIS,2026-06-29 18:06:18,2026-06-29 18:06:18,[],,,,order_mO8CBaCRWbLA22,rcpt-18918,[],,,,setl_dubwLO7omDkawb,2026-06-30 18:06:18,CITIN26063071629824,Razorpay
payment,pay_5fNgShb4BF01R3,6457.50,INR,113.01,20.34,0.00,6324.15,netbanking,,SBIN,2026-06-29 01:19:47,2026-06-29 01:19:47,[],,,,order_Jozxt2ETM4wllY,rcpt-38067,[],,,,setl_dubwLO7omDkawb,30/06/2026 01:19:47,CITIN26063071629824,Razorpay
payment,pay_2djqs2sgS70jcb,9865.50,INR,197.31,35.52,0.00,9632.67,upi,,,2026-29-06 08:32:16,2026-06-29 08:32:16,[],,,,order_2IXi0aW2f25JVE,rcpt-18605,[],,,,setl_dubwLO7omDkawb,2026-06-30 08:32:16,CITIN26063071629824,Razorpay
payment,pay_GQWmwibjS15A8y,571.00,INR,11.42,2.06,0.00,557.52,upi,,,2026-06-29 15:45:45,29/06/2026 15:45:45,[],,,,order_t53ZMFSF8ja9TO,rcpt-27293,[],,,,setl_dubwLO7omDkawb,30/06/2026 15:45:45,CITIN26063071629824,Razorpay
payment,pay_eeBfPwrPsmumJp,11329.00,INR,226.58,40.78,0.00,11061.64,wallet,,,29/06/2026 22:58:14,2026-06-29 22:58:14,[],,,,order_DJI1WOKWAmoYNi,rcpt-56593,[],,,,setl_dubwLO7omDkawb,2026-06-30 22:58:14,CITIN26063071629824,Razorpay
payment,pay_BklvFde5E7deHG,2140.50,INR,42.81,7.71,0.00,2089.98,upi,,,29/06/2026 05:11:43,2026-06-29 05:11:43,[],,,,order_XeCD3tfYKTHf5t,rcpt-70667,[],,,,setl_dubwLO7omDkawb,2026-06-30 05:11:43,CITIN26063071629824,Razorpay
payment,pay_RehaikYXc08jv2,533.50,INR,10.67,1.92,0.00,520.91,upi,,,2026-06-29 12:24:12,2026-06-29 12:24:12,[],,,,order_hmvrABcYABiu9j,rcpt-97305,[],,,,setl_dubwLO7omDkawb,2026-06-30 12:24:12,CITIN26063071629824,Razorpay
payment,pay_FHxyPtFxd5eBAY,2098.00,INR,52.45,9.44,0.00,2036.11,card,credit,AXIS,29/06/2026 19:37:41,29/06/2026 19:37:41,[],,,,order_9y3RK2e6ta4mWA,rcpt-94682,[],,,,setl_dubwLO7omDkawb,2026-06-30 19:37:41,CITIN26063071629824,Razorpay
payment,pay_4b997NI73WOk4j,4721.50,INR,56.66,10.20,0.00,4654.64,card,debit,,2026-06-29 02:50:10,2026-06-29 02:50:10,[],,,,order_DlxgzeLt6u6WUL,rcpt-30683,[],,,,setl_dubwLO7omDkawb,30/06/2026 02:50:10,CITIN26063071629824,Razorpay
payment,pay_4Ebo7llb9VIITd,17219.00,INR,206.63,37.19,0.00,16975.18,card,debit,,29/06/2026 09:03:39,2026-06-29 09:03:39,[],,,,order_y9SWm041sBF8ij,rcpt-23780,[],,,,setl_dubwLO7omDkawb,46203.377534722225,CITIN26063071629824,Razorpay
payment,pay_T2sKh9PO8YfEFj,15116.50,INR,181.40,32.65,0.00,14902.45,card,debit,AXIS,29/06/2026 16:16:08,29/06/2026 16:16:08,[],,,,order_k8M6jksvHKZdAa,rcpt-92204,[],,,,setl_dubwLO7omDkawb,2026-30-06 16:16:08,CITIN26063071629824,Razorpay
payment,pay_nY9Y3eL8NFb6cv,700.50,INR,14.01,2.52,0.00,683.97,upi,,,2026-06-29 23:29:37,29/06/2026 23:29:37,[],,,,order_IrIHIx4umu4dhr,rcpt-23613,[],,,,setl_dubwLO7omDkawb,2026-06-30 23:29:37,CITIN26063071629824,Razorpay
payment,pay_Z8BgSzwJCpoV8W,378.50,INR,7.57,1.36,0.00,369.57,upi,,,29/06/2026 06:42:06,2026-06-29 06:42:06,[],,,,order_XfZ2GHYoDfZASm,rcpt-55168,[],,,,setl_dubwLO7omDkawb,2026-06-30 06:42:06,CITIN26063071629824,Razorpay
payment,pay_IkqxG4tyOXxSRZ,22330.50,INR,446.61,80.39,0.00,21803.50,card,credit,HDFC,2026-06-29 13:55:35,29/06/2026 13:55:35,[],,,,order_hRlDqTQRqBCfmc,rcpt-35075,[],,,,setl_dubwLO7omDkawb,2026-06-30 13:55:35,CITIN26063071629824,Razorpay
payment,pay_ncq7vIFVNQ8xYU,15186.50,INR,303.73,54.67,0.00,14828.10,upi,,,2026-06-29 20:08:04,29/06/2026 20:08:04,[],,,,order_NTSmv40akAb4dF,rcpt-29029,[],,,,setl_dubwLO7omDkawb,30/06/2026 20:08:04,CITIN26063071629824,Razorpay
payment,pay_DviaOHZGqPb1wS,1312.00,INR,26.24,4.72,0.00,1281.04,upi,,,46202.139965277776,29/06/2026 03:21:33,[],,,,order_syQuk6gOtAkvUF,rcpt-40726,[],,,,setl_dubwLO7omDkawb,30/06/2026 03:21:33,CITIN26063071629824,Razorpay
payment,pay_DpCdnxCtOuL7Rs,516.50,INR,12.91,2.32,0.00,501.27,card,credit,HDFC,2026-06-29 10:34:02,2026-06-29 10:34:02,[],,,,order_fnH5szWjxazTne,rcpt-74871,[],,,,setl_dubwLO7omDkawb,30/06/2026 10:34:02,CITIN26063071629824,Razorpay
payment,pay_3d0kIwdpTNpFZf,13566.00,INR,339.15,61.05,0.00,13165.80,card,credit,ICICI,46202.74133101852,2026-06-29 17:47:31,[],,,,order_jZWjeDA3vfSXfV,rcpt-85911,[],,,,setl_dubwLO7omDkawb,2026-06-30 17:47:31,CITIN26063071629824,Razorpay
payment,pay_1L4INdxC90P3bE,19147.50,INR,229.77,41.36,0.00,18876.37,card,debit,,30/06/2026 00:00:00,2026-06-30 00:00:00,[],,,,order_D05yloLjZBMv8Y,rcpt-61504,[],,,,setl_jD0kUG1N0JCnsR,2026-07-02 00:00:00,CITIN26070268628320,Razorpay
payment,pay_QIys2Fa2j5vEFR,11458.50,INR,229.17,41.25,0.00,11188.08,upi,,,30/06/2026 07:13:29,2026-06-30 07:13:29,[],,,,order_EDy7K88F6mICju,rcpt-26539,[],,,,setl_jD0kUG1N0JCnsR,02/07/2026 07:13:29,CITIN26070268628320,Razorpay
payment,pay_RrXHRqS0RE01zz,294.00,INR,5.88,1.06,0.00,287.06,upi,,,2026-06-30 14:26:58,2026-30-06 14:26:58,[],,,,order_okLKqEPV1g0dyV,rcpt-72809,[],,,,setl_jD0kUG1N0JCnsR,02/07/2026 14:26:58,CITIN26070268628320,Razorpay
payment,pay_lzS09k9VPP89s9,4029.50,INR,70.52,12.69,0.00,3946.29,netbanking,,HDFC,2026-06-30 21:39:27,2026-06-30 21:39:27,[],,,,order_7XzMU6E6S6mSbr,rcpt-49241,[],,,,setl_jD0kUG1N0JCnsR,2026-07-02 21:39:27,CITIN26070268628320,Razorpay
payment,pay_AfZiHtbnQ3UuzE,459.50,INR,9.19,1.65,0.00,448.66,card,credit,SBIN,30/06/2026 04:52:56,2026-06-30 04:52:56,[],,,,order_xn81JwRmpu2gec,rcpt-39247,[],,,,setl_jD0kUG1N0JCnsR,02/07/2026 04:52:56,CITIN26070268628320,Razorpay
payment,pay_vDf8L0BGB21Cms,4500.00,INR,90.00,16.20,0.00,4393.80,upi,,,2026-06-30 11:05:25,2026-06-30 11:05:25,[],,,,order_q7uz58upKtqG7N,rcpt-91939,[],,,,setl_jD0kUG1N0JCnsR,2026-07-02 11:05:25,CITIN26070268628320,Razorpay
payment,pay_aqUFlpqzhhmf3E,12478.50,INR,218.37,39.31,0.00,12220.82,netbanking,,ICICI,30/06/2026 18:18:54,2026-06-30 18:18:54,[],,,,order_qT2zY1AVNQyRnD,rcpt-32720,[],,,,setl_jD0kUG1N0JCnsR,2026-07-02 18:18:54,CITIN26070268628320,Razorpay
payment,pay_gsmtr4xZSRy8N6,18387.50,INR,367.75,66.20,0.00,17953.55,upi,,,46203.06346064815,2026-06-30 01:31:23,[],,,,order_MjQ5yVWmbJvGcj,rcpt-84228,[],,,,setl_jD0kUG1N0JCnsR,2026-07-02 01:31:23,CITIN26070268628320,Razorpay
payment,pay_mBW2D8IikYAEyi,3930.00,INR,47.16,8.49,0.00,3874.35,card,debit,SBIN,2026-06-30 08:44:52,30/06/2026 08:44:52,[],,,,order_RlmgCG70kVtUQr,rcpt-10470,[],,,,setl_jD0kUG1N0JCnsR,02/07/2026 08:44:52,CITIN26070268628320,Razorpay
payment,pay_tcuHqaz8hsgSUG,4076.50,INR,71.34,12.84,0.00,3992.32,netbanking,,HDFC,2026-06-30 15:57:21,46203.664826388886,[],,,,order_G3b2xSiDDhoLy4,rcpt-24453,[],,,,setl_jD0kUG1N0JCnsR,2026-07-02 15:57:21,CITIN26070268628320,Razorpay
payment,pay_GHhr80rucbdj3V,302.00,INR,6.04,1.09,0.00,294.87,card,credit,SBIN,2026-06-30 22:10:50,2026-06-30 22:10:50,[],,,,order_nob8E1fIekCJ3c,rcpt-34999,[],,,,setl_jD0kUG1N0JCnsR,02/07/2026 22:10:50,CITIN26070268628320,Razorpay
payment,pay_20fmo5CoHTQGhZ,2557.50,INR,30.69,5.52,0.00,2521.29,card,debit,KKBK,2026-06-30 05:23:19,30/06/2026 05:23:19,[],,,,order_cZOkF2VnTcCBob,rcpt-30873,[],,,,setl_jD0kUG1N0JCnsR,02/07/2026 05:23:19,CITIN26070268628320,Razorpay
payment,pay_N6rpTbGxN74aSJ,3975.00,INR,79.50,14.31,0.00,3881.19,upi,,,2026-06-30 12:36:48,2026-06-30 12:36:48,[],,,,order_jH4bcWhfT6UrN0,rcpt-44519,[],,,,setl_jD0kUG1N0JCnsR,02/07/2026 12:36:48,CITIN26070268628320,Razorpay
payment,pay_QQnpnRnUBtknoC,199.50,INR,3.99,0.72,0.00,194.79,upi,,,2026-06-30 19:49:17,2026-06-30 19:49:17,[],,,,order_06wHSBMy4KXNId,rcpt-60307,[],,,,setl_jD0kUG1N0JCnsR,02/07/2026 19:49:17,CITIN26070268628320,Razorpay
payment,pay_ObDD7wASo6m2X5,1443.50,INR,25.26,4.55,0.00,1413.69,netbanking,,HDFC,46203.08525462963,2026-06-30 02:02:46,[],,,,order_OvxheIQUznytn5,rcpt-28551,[],,,,setl_jD0kUG1N0JCnsR,46205.08525462963,CITIN26070268628320,Razorpay
payment,pay_SPSwTlvRuYLJe0,23017.50,INR,460.35,82.86,0.00,22474.29,upi,,,30/06/2026 09:15:15,2026-06-30 09:15:15,[],,,,order_fa26B7AbQ8QmFq,rcpt-42369,[],,,,setl_jD0kUG1N0JCnsR,02/07/2026 09:15:15,CITIN26070268628320,Razorpay
payment,pay_JendEGZWMNtkS3,9082.00,INR,181.64,32.70,0.00,8867.66,upi,,,2026-06-30 16:28:44,30/06/2026 16:28:44,[],,,,order_4r3hKmeLydIHeW,rcpt-49098,[],,,,setl_jD0kUG1N0JCnsR,46205.68662037037,CITIN26070268628320,Razorpay
payment,pay_E6q3M989EZo9ze,578.50,INR,11.57,2.08,0.00,564.85,upi,,,30/06/2026 23:41:13,30/06/2026 23:41:13,[],,,,order_JDM9WzcVBjxDcl,rcpt-82037,[],,,,setl_jD0kUG1N0JCnsR,2026-07-02 23:41:13,CITIN26070268628320,Razorpay
payment,pay_aZUnBswxsYpY7t,7000.50,INR,140.01,25.20,0.00,6835.29,upi,,,30/06/2026 06:54:42,46203.287986111114,[],,,,order_cL4D4JsnBgzOjT,rcpt-19175,[],,,,setl_jD0kUG1N0JCnsR,2026-02-07 06:54:42,CITIN26070268628320,Razorpay
payment,pay_p0V5qUEO5XLVXj,1666.50,INR,33.33,6.00,0.00,1627.17,upi,,,2026-06-30 13:07:11,2026-06-30 13:07:11,[],,,,order_UfR5BxL2jjkTtu,rcpt-40952,[],,,,setl_jD0kUG1N0JCnsR,46205.54665509259,CITIN26070268628320,Razorpay
payment,pay_2EWQxgurp6OnfJ,21336.00,INR,426.72,76.81,0.00,20832.47,upi,,,2026-06-30 20:20:40,46203.84768518519,[],,,,order_tGxqKLc15aJkcp,rcpt-82433,[],,,,setl_jD0kUG1N0JCnsR,02/07/2026 20:20:40,CITIN26070268628320,Razorpay
payment,pay_Onoe5CZk1egQRn,6064.50,INR,121.29,21.83,0.00,5921.38,upi,,,2026-06-30 03:33:09,2026-06-30 03:33:09,[],,,,order_98m5tHsQjfwMFQ,rcpt-55462,[],,,,setl_jD0kUG1N0JCnsR,46205.14802083333,CITIN26070268628320,Razorpay
payment,pay_aLF1gJD401TlWW,1924.50,INR,38.49,6.93,0.00,1879.08,upi,,,2026-30-06 10:46:38,46203.44905092593,[],,,,order_WmgIjwFRKYhh01,rcpt-48053,[],,,,setl_jD0kUG1N0JCnsR,2026-07-02 10:46:38,CITIN26070268628320,Razorpay
payment,pay_sOiDvBf9AIwIKW,24294.00,INR,425.15,76.53,0.00,23792.32,netbanking,,HDFC,2026-06-30 17:59:07,2026-06-30 17:59:07,[],,,,order_0zSgoWyTAdnlo5,rcpt-11529,[],,,,setl_jD0kUG1N0JCnsR,46205.749386574076,CITIN26070268628320,Razorpay
payment,pay_L5xipI413qcfcu,2808.00,INR,56.16,10.11,0.00,2741.73,upi,,,46203.00875,2026-06-30 00:12:36,[],,,,order_wI5LQj7lfjsYNO,rcpt-15464,[],,,,setl_jD0kUG1N0JCnsR,46205.00875,CITIN26070268628320,Razorpay
payment,pay_52pd60I30sbSIs,19409.50,INR,388.19,69.87,0.00,18951.44,upi,,,30/06/2026 07:25:05,30/06/2026 07:25:05,[],,,,order_bCpVmFLSM6jFxs,rcpt-78116,[],,,,setl_jD0kUG1N0JCnsR,2026-07-02 07:25:05,CITIN26070268628320,Razorpay
payment,pay_TCuMKpNZoOru3e,4750.00,INR,57.00,10.26,0.00,4682.74,card,debit,ICICI,30/06/2026 14:38:34,2026-06-30 14:38:34,[],,,,order_rGIesal43cLv9A,rcpt-30175,[],,,,setl_jD0kUG1N0JCnsR,02/07/2026 14:38:34,CITIN26070268628320,Razorpay
payment,pay_8kL2SA1DqbKaOV,17242.00,INR,344.84,62.07,0.00,16835.09,upi,,,2026-06-30 21:51:03,30/06/2026 21:51:03,[],,,,order_obyUe20O3VNree,rcpt-84351,[],,,,setl_jD0kUG1N0JCnsR,2026-07-02 21:51:03,CITIN26070268628320,Razorpay
payment,pay_p182iv9xLvprlV,18483.00,INR,369.66,66.54,0.00,18046.80,card,credit,SBIN,46203.16981481481,2026-06-30 04:04:32,[],,,,order_pNcr8MsYFOWtOJ,rcpt-65588,[],,,,setl_jD0kUG1N0JCnsR,02/07/2026 04:04:32,CITIN26070268628320,Razorpay
payment,pay_fRhSHJKV9Bpfbq,3481.00,INR,69.62,12.53,0.00,3398.85,upi,,,2026-06-30 11:17:01,2026-06-30 11:17:01,[],,,,order_fv4lwJEiJKFPE0,rcpt-43487,[],,,,setl_jD0kUG1N0JCnsR,46205.47015046296,CITIN26070268628320,Razorpay
payment,pay_2Q5UGXgZbZSZCM,20283.50,INR,243.40,43.81,0.00,19996.29,card,debit,,2026-06-30 18:30:30,2026-06-30 18:30:30,[],,,,order_HNrf0W5GHtLkXJ,rcpt-85320,[],,,,setl_jD0kUG1N0JCnsR,2026-07-02 18:30:30,CITIN26070268628320,Razorpay
payment,pay_TZj3ZZPZRf42fH,485.00,INR,8.49,1.53,0.00,474.98,netbanking,,ICICI,2026-06-30 01:43:59,2026-06-30 01:43:59,[],,,,order_hiJtFIybxB2jo2,rcpt-37490,[],,,,setl_jD0kUG1N0JCnsR,02/07/2026 01:43:59,CITIN26070268628320,Razorpay
payment,pay_FCQ4XfOwr8TVto,308.00,INR,6.16,1.11,0.00,300.73,upi,,,2026-06-30 08:56:28,46203.3725462963,[],,,,order_IOEEG2jLPLUnWx,rcpt-70125,[],,,,setl_jD0kUG1N0JCnsR,02/07/2026 08:56:28,CITIN26070268628320,Razorpay
payment,pay_ASIwLDUENUgIq7,727.00,INR,14.54,2.62,0.00,709.84,card,credit,,2026-30-06 15:09:57,2026-06-30 15:09:57,[],,,,order_ZnGD9Mhuub0b7z,rcpt-88520,[],,,,setl_jD0kUG1N0JCnsR,2026-07-02 15:09:57,CITIN26070268628320,Razorpay
payment,pay_WGtd2W9PEEW1uL,523.50,INR,9.16,1.65,0.00,512.69,netbanking,,,30/06/2026 22:22:26,2026-06-30 22:22:26,[],,,,order_Kaey42EwEJFTYT,rcpt-74271,[],,,,setl_jD0kUG1N0JCnsR,02/07/2026 22:22:26,CITIN26070268628320,Razorpay
payment,pay_WqN0MiwfeolFBY,883.50,INR,15.46,2.78,0.00,865.26,netbanking,,AXIS,30/06/2026 05:35:55,2026-06-30 05:35:55,[],,,,order_QhBsC2u0ZreBuo,rcpt-86016,[],,,,setl_jD0kUG1N0JCnsR,2026-07-02 05:35:55,CITIN26070268628320,Razorpay
payment,pay_azfx6IFbcnDA3a,15820.50,INR,316.41,56.95,0.00,15447.14,upi,,,2026-06-30 12:48:24,46203.53361111111,[],,,,order_9vZU2wep3rAQmQ,rcpt-52438,[],,,,setl_jD0kUG1N0JCnsR,2026-07-02 12:48:24,CITIN26070268628320,Razorpay
payment,pay_r9qezVHVd8FBYE,4756.00,INR,95.12,17.12,0.00,4643.76,upi,,,2026-06-30 19:01:53,2026-06-30 19:01:53,[],,,,order_wVKCVBJHWZ32Vj,rcpt-13141,[],,,,setl_jD0kUG1N0JCnsR,2026-07-02 19:01:53,CITIN26070268628320,Razorpay
payment,pay_y50g9K0CftGkPp,367.00,INR,7.34,1.32,0.00,358.34,upi,,,2026-06-30 02:14:22,2026-06-30 02:14:22,[],,,,order_lscxyUCtfkJHdu,rcpt-97418,[],,,,setl_jD0kUG1N0JCnsR,02/07/2026 02:14:22,CITIN26070268628320,Razorpay
payment,pay_Fduu5XdT4RIPhJ,23643.50,INR,413.76,74.48,0.00,23155.26,netbanking,,ICICI,30/06/2026 09:27:51,30/06/2026 09:27:51,[],,,,order_l5htS6ytbFK9FG,rcpt-93485,[],,,,setl_jD0kUG1N0JCnsR,2026-02-07 09:27:51,CITIN26070268628320,Razorpay
payment,pay_fQ3SHT00XetQgD,641.50,INR,11.23,2.02,0.00,628.25,netbanking,,HDFC,2026-06-30 16:40:20,46203.69467592592,[],,,,order_sc2yTidnXIAwxf,rcpt-21075,[],,,,setl_jD0kUG1N0JCnsR,2026-07-02 16:40:20,CITIN26070268628320,Razorpay
payment,pay_tOqejLRhjTyTpV,1624.00,INR,32.48,5.85,0.00,1585.67,upi,,,2026-06-30 23:53:49,2026-06-30 23:53:49,[],,,,order_3zyRw6KRMY5nbh,rcpt-54455,[],,,,setl_jD0kUG1N0JCnsR,2026-07-02 23:53:49,CITIN26070268628320,Razorpay
payment,pay_XHbld5iNkRPeUI,3519.50,INR,123.18,22.17,0.00,3374.15,card,credit,SBIN,30/06/2026 06:06:18,2026-06-30 06:06:18,[],,,,order_1sI2HmSMBkW5I0,rcpt-27369,[],,,,setl_jD0kUG1N0JCnsR,46205.254375,CITIN26070268628320,Razorpay
payment,pay_5WQoTpqnkh2TX5,14904.00,INR,298.08,53.65,0.00,14552.27,upi,,,30/06/2026 13:19:47,2026-06-30 13:19:47,[],,,,order_DeAD9cjkYiOnVx,rcpt-99044,[],,,,setl_jD0kUG1N0JCnsR,2026-07-02 13:19:47,CITIN26070268628320,Razorpay
payment,pay_JTgu9bZit2hF5r,794.00,INR,9.53,1.72,0.00,782.75,card,debit,ICICI,2026-06-30 20:32:16,30/06/2026 20:32:16,[],,,,order_fRzWjFBqu5FsIv,rcpt-35979,[],,,,setl_jD0kUG1N0JCnsR,2026-07-02 20:32:16,CITIN26070268628320,Razorpay
refund,rfnd_40MaeKfY1aV7Eo,452.00,INR,4.00,0.72,456.72,0.00,,,,01/07/2026 03:45:45,,,"{""refund_reason"": ""quality_issue""}",813108349015,,,,,,,,setl_jD0kUG1N0JCnsR,02/07/2026 03:45:45,CITIN26070268628320,Razorpay
refund,rfnd_sn1aXBgGZsXjf5,1665.00,INR,4.00,0.72,1669.72,0.00,,,,02/07/2026 10:58:14,,,"{""refund_reason"": ""quality_issue""}",279996434909,,,,,,,,setl_jD0kUG1N0JCnsR,2026-07-02 10:58:14,CITIN26070268628320,Razorpay
refund,rfnd_yAuMzxLocvZG3A,354.50,INR,4.00,0.72,359.22,0.00,,,,2026-07-01 17:11:43,,,"{""refund_reason"": ""customer_request""}",913094796094,,,,,,,,setl_jD0kUG1N0JCnsR,2026-07-02 17:11:43,CITIN26070268628320,Razorpay
refund,rfnd_Odydeys1p1eBGN,5729.25,INR,4.00,0.72,5733.97,0.00,,,,2026-07-01 00:24:12,,,"{""refund_reason"": ""quality_issue""}",419459885385,,,,,,,,setl_jD0kUG1N0JCnsR,2026-07-02 00:24:12,CITIN26070268628320,Razorpay
payment,pay_QjFZBQjq0K4afQ,619.00,INR,15.48,2.79,0.00,600.73,card,credit,KKBK,2026-07-01 07:37:41,2026-07-01 07:37:41,[],,,,order_C9KwfdRc3wnp2q,rcpt-66350,[],,,,setl_XeuQK0gigAaoS0,2026-07-02 07:37:41,CITIN26070273550337,Razorpay
payment,pay_OIryY4Su4V1w5w,533.50,INR,10.67,1.92,0.00,520.91,upi,,,2026-01-07 14:50:10,2026-07-01 14:50:10,[],,,,order_fMsLltToHFz7L5,rcpt-16321,[],,,,setl_XeuQK0gigAaoS0,2026-07-02 14:50:10,CITIN26070273550337,Razorpay
payment,pay_4HVam4tXd5TKfE,5775.50,INR,115.51,20.79,0.00,5639.20,upi,,,2026-07-01 21:03:39,2026-01-07 21:03:39,[],,,,order_NLmOhmUxESx4Kh,rcpt-97982,[],,,,setl_XeuQK0gigAaoS0,02/07/2026 21:03:39,CITIN26070273550337,Razorpay
payment,pay_4FA35ZCRFBmrcz,14819.50,INR,296.39,53.35,0.00,14469.76,upi,,,2026-07-01 04:16:08,46204.17787037037,[],,,,order_KlM69EoTBsxnNd,rcpt-69488,[],,,,setl_XeuQK0gigAaoS0,2026-07-02 04:16:08,CITIN26070273550337,Razorpay
payment,pay_pCEAbR2gcud9jc,23617.00,INR,472.34,85.02,0.00,23059.64,upi,,,2026-07-01 11:29:37,2026-07-01 11:29:37,[],,,,order_iKIpiIcIIA5YOS,rcpt-25688,[],,,,setl_XeuQK0gigAaoS0,2026-07-02 11:29:37,CITIN26070273550337,Razorpay
payment,pay_d8CjThXwiBWzM0,898.00,INR,17.96,3.23,0.00,876.81,wallet,,,2026-07-01 18:42:06,2026-07-01 18:42:06,[],,,,order_y9qSMSTth60edL,rcpt-83592,[],,,,setl_XeuQK0gigAaoS0,2026-07-02 18:42:06,CITIN26070273550337,Razorpay
payment,pay_87XJNZlBWTU2xK,8392.50,INR,167.85,30.21,0.00,8194.44,upi,,,2026-07-01 01:55:35,2026-07-01 01:55:35,[],,,,order_8HQyMxOIeH3sXN,rcpt-11098,[],,,,setl_XeuQK0gigAaoS0,02/07/2026 01:55:35,CITIN26070273550337,Razorpay
payment,pay_1aP2pnuPnbx8P8,8136.50,INR,97.64,17.58,0.00,8021.28,card,debit,SBIN,2026-07-01 08:08:04,2026-07-01 08:08:04,[],,,,order_LB7jV5sWXkX8No,rcpt-36595,[],,,,setl_XeuQK0gigAaoS0,2026-07-02 08:08:04,CITIN26070273550337,Razorpay
payment,pay_2MCrqdeAF6r959,4188.00,INR,83.76,15.08,0.00,4089.16,upi,,,2026-07-01 15:21:33,46204.639965277776,[],,,,order_FwJCoYGu6kKWvn,rcpt-81681,[],,,,setl_XeuQK0gigAaoS0,02/07/2026 15:21:33,CITIN26070273550337,Razorpay
payment,pay_MGGdIxYuo94wn9,891.50,INR,17.83,3.21,0.00,870.46,upi,,,01/07/2026 22:34:02,01/07/2026 22:34:02,[],,,,order_CSZQdN2RCuaLhH,rcpt-42302,[],,,,setl_XeuQK0gigAaoS0,2026-07-02 22:34:02,CITIN26070273550337,Razorpay
payment,pay_fZZWc6uIvfbfcs,684.00,INR,13.68,2.46,0.00,667.86,card,credit,KKBK,46204.24133101852,46204.24133101852,[],,,,order_AZR5jtoKNRv48L,rcpt-28324,[],,,,setl_XeuQK0gigAaoS0,2026-07-02 05:47:31,CITIN26070273550337,Razorpay
payment,pay_Kz73KdZF04LQBV,439.00,INR,8.78,1.58,0.00,428.64,upi,,,2026-07-01 12:00:00,2026-07-01 12:00:00,[],,,,order_r0G0iFlmzEmyXH,rcpt-26185,[],,,,setl_XeuQK0gigAaoS0,2026-07-02 12:00:00,CITIN26070273550337,Razorpay
payment,pay_5mtvYReCSnlGiS,10761.50,INR,188.33,33.90,0.00,10539.27,netbanking,,SBIN,2026-07-01 19:13:29,2026-01-07 19:13:29,[],,,,order_rhqzXHsUDN5D71,rcpt-43100,[],,,,setl_XeuQK0gigAaoS0,02/07/2026 19:13:29,CITIN26070273550337,Razorpay
payment,pay_BUIUSWahMUZdgl,20368.50,INR,407.37,73.33,0.00,19887.80,upi,,,01/07/2026 02:26:58,2026-07-01 02:26:58,[],,,,order_rtJlCV2oIwW2d0,rcpt-94946,[],,,,setl_XeuQK0gigAaoS0,2026-07-02 02:26:58,CITIN26070273550337,Razorpay
payment,pay_s8RRHmCUzUaTP2,5686.00,INR,99.51,17.91,0.00,5568.58,netbanking,,KKBK,46204.402395833335,01/07/2026 09:39:27,[],,,,order_z8oxPlQGWZUP0V,rcpt-54809,[],,,,setl_XeuQK0gigAaoS0,2026-07-02 09:39:27,CITIN26070273550337,Razorpay
payment,pay_6GEQmzqwZs4tDN,1634.00,INR,28.60,5.15,0.00,1600.25,netbanking,,ICICI,01/07/2026 16:52:56,2026-07-01 16:52:56,[],,,,order_JiliJrFDJDXrh5,rcpt-86883,[],,,,setl_XeuQK0gigAaoS0,46205.70342592592,CITIN26070273550337,Razorpay
payment,pay_fAHpcBXoXmSAes,23041.00,INR,403.22,72.58,0.00,22565.20,netbanking,,ICICI,2026-01-07 23:05:25,01/07/2026 23:05:25,[],,,,order_2Y95Y4X3fOtJUM,rcpt-75902,[],,,,setl_XeuQK0gigAaoS0,2026-07-02 23:05:25,CITIN26070273550337,Razorpay
payment,pay_Q9S30uTq7nGKEt,702.50,INR,14.05,2.53,0.00,685.92,card,credit,HDFC,01/07/2026 06:18:54,2026-07-01 06:18:54,[],,,,order_kS4MQ7caP6v0iL,rcpt-31727,[],,,,setl_XeuQK0gigAaoS0,02/07/2026 06:18:54,CITIN26070273550337,Razorpay
payment,pay_bQ1yxNBiKzU8Ak,670.50,INR,16.76,3.02,0.00,650.72,card,credit,HDFC,2026-07-01 13:31:23,2026-07-01 13:31:23,[],,,,order_0aDxZVpy3wHp5j,rcpt-39958,[],,,,setl_XeuQK0gigAaoS0,02/07/2026 13:31:23,CITIN26070273550337,Razorpay
payment,pay_QpgVOy2dUCQKQS,520.50,INR,10.41,1.87,0.00,508.22,card,credit,ICICI,2026-07-01 20:44:52,46204.86449074074,[],,,,order_B5uKzZMCe9jb4O,rcpt-49286,[],,,,setl_XeuQK0gigAaoS0,2026-07-02 20:44:52,CITIN26070273550337,Razorpay
payment,pay_HyWbxf0xIp7Fk9,563.00,INR,11.26,2.03,0.00,549.71,upi,,,2026-07-01 03:57:21,01/07/2026 03:57:21,[],,,,order_5HsJbjBnpOrJf2,rcpt-20804,[],,,,setl_XeuQK0gigAaoS0,2026-07-02 03:57:21,CITIN26070273550337,Razorpay
payment,pay_v1Wu9fePALOYsu,23489.50,INR,469.79,84.56,0.00,22935.15,upi,,,2026-07-01 10:10:50,2026-07-01 10:10:50,[],,,,order_5NaFh2uFcdWaMh,rcpt-28061,[],,,,setl_XeuQK0gigAaoS0,2026-07-02 10:10:50,CITIN26070273550337,Razorpay
payment,pay_9LVI7X57fOiy1N,3897.00,INR,77.94,14.03,0.00,3805.03,upi,,,01/07/2026 17:23:19,2026-07-01 17:23:19,[],,,,order_c9cepKjxlX7APU,rcpt-53501,[],,,,setl_XeuQK0gigAaoS0,2026-07-02 17:23:19,CITIN26070273550337,Razorpay
payment,pay_UgahRnb7hf1TyQ,12059.00,INR,241.18,43.41,0.00,11774.41,card,credit,AXIS,2026-07-01 00:36:48,2026-01-07 00:36:48,[],,,,order_H26PEz6uPAmEGr,rcpt-40029,[],,,,setl_XeuQK0gigAaoS0,2026-07-02 00:36:48,CITIN26070273550337,Razorpay
payment,pay_DdSj7JFWSOM0Of,20001.00,INR,400.02,72.00,0.00,19528.98,upi,,,2026-07-01 07:49:17,2026-07-01 07:49:17,[],,,,order_pYbeVNfALWs5Da,rcpt-64509,[],,,,setl_XeuQK0gigAaoS0,2026-07-02 07:49:17,CITIN26070273550337,Razorpay
payment,pay_B3k7zPTIkCfpJA,22280.50,INR,445.61,80.21,0.00,21754.68,upi,,,2026-07-01 14:02:46,2026-07-01 14:02:46,[],,,,order_CPTq1MaegZH4Dm,rcpt-33689,[],,,,setl_XeuQK0gigAaoS0,2026-07-02 14:02:46,CITIN26070273550337,Razorpay
payment,pay_FU9eyuyRyfh2Gc,3385.50,INR,67.71,12.19,0.00,3305.60,card,credit,HDFC,01/07/2026 21:15:15,46204.88559027778,[],,,,order_iA8xT69gKBhVPa,rcpt-87106,[],,,,setl_XeuQK0gigAaoS0,02/07/2026 21:15:15,CITIN26070273550337,Razorpay
payment,pay_HOFKUXjVTs7xW9,258.50,INR,5.17,0.93,0.00,252.40,wallet,,,2026-07-01 04:28:44,46204.18662037037,[],,,,order_U5fSNJYD5idlFp,rcpt-73020,[],,,,setl_XeuQK0gigAaoS0,2026-07-02 04:28:44,CITIN26070273550337,Razorpay
payment,pay_zbWBbGdnPoTiku,525.00,INR,10.50,1.89,0.00,512.61,upi,,,46204.48695601852,2026-07-01 11:41:13,[],,,,order_9m5PDXglkeEEpD,rcpt-82606,[],,,,setl_XeuQK0gigAaoS0,46205.48695601852,CITIN26070273550337,Razorpay
payment,pay_exrERQBuGTQwJQ,3615.00,INR,72.30,13.01,0.00,3529.69,upi,,,01/07/2026 18:54:42,01/07/2026 18:54:42,[],,,,order_7MEvZ1qlEiqpSf,rcpt-29528,[],,,,setl_XeuQK0gigAaoS0,2026-02-07 18:54:42,CITIN26070273550337,Razorpay
payment,pay_nOiD3HMfG7Zd0J,2618.00,INR,52.36,9.42,0.00,2556.22,upi,,,2026-07-01 01:07:11,46204.04665509259,[],,,,order_C8OtLReKxjUsbz,rcpt-78769,[],,,,setl_XeuQK0gigAaoS0,2026-07-02 01:07:11,CITIN26070273550337,Razorpay
payment,pay_ul3by4Na627q0B,839.50,INR,16.79,3.02,0.00,819.69,upi,,,01/07/2026 08:20:40,2026-07-01 08:20:40,[],,,,order_UbbmV3WKEwJskC,rcpt-92616,[],,,,setl_XeuQK0gigAaoS0,02/07/2026 08:20:40,CITIN26070273550337,Razorpay
payment,pay_EPj4jN3Pi01BsE,14215.00,INR,170.58,30.70,0.00,14013.72,card,debit,ICICI,2026-07-01 15:33:09,2026-07-01 15:33:09,[],,,,order_9c6Ue7GX46nuxK,rcpt-78982,[],,,,setl_XeuQK0gigAaoS0,2026-07-02 15:33:09,CITIN26070273550337,Razorpay
payment,pay_P0TVKO7OI7bYH3,8424.50,INR,168.49,30.33,0.00,8225.68,upi,,,01/07/2026 22:46:38,2026-07-01 22:46:38,[],,,,order_vYve766yREJT8U,rcpt-36383,[],,,,setl_XeuQK0gigAaoS0,2026-07-02 22:46:38,CITIN26070273550337,Razorpay
payment,pay_rNa8ZlpDuOXCm3,2075.00,INR,41.50,7.47,0.00,2026.03,card,credit,,2026-07-01 05:59:07,2026-07-01 05:59:07,[],,,,order_232plgnMjE2ZQB,rcpt-67150,[],,,,setl_XeuQK0gigAaoS0,02/07/2026 05:59:07,CITIN26070273550337,Razorpay
payment,pay_dGtoEx9sJO1HdQ,4417.00,INR,77.30,13.91,0.00,4325.79,netbanking,,KKBK,01/07/2026 12:12:36,2026-07-01 12:12:36,[],,,,order_0WBcc4VMi0Z6Sh,rcpt-97728,[],,,,setl_XeuQK0gigAaoS0,02/07/2026 12:12:36,CITIN26070273550337,Razorpay
payment,pay_zbQXwpA55fq1QG,858.00,INR,17.16,3.09,0.00,837.75,upi,,,2026-07-01 19:25:05,2026-07-01 19:25:05,[],,,,order_Xd8aXBLw3PxIE4,rcpt-48345,[],,,,setl_XeuQK0gigAaoS0,02/07/2026 19:25:05,CITIN26070273550337,Razorpay
payment,pay_JVQv5JfU8lZTMc,2368.00,INR,47.36,8.52,0.00,2312.12,upi,,,2026-07-01 02:38:34,2026-07-01 02:38:34,[],,,,order_Jo1sGnKm3AkOUx,rcpt-13170,[],,,,setl_XeuQK0gigAaoS0,46205.11011574074,CITIN26070273550337,Razorpay
payment,pay_hv3QDtnKtSIlCb,314.00,INR,5.50,0.99,0.00,307.51,netbanking,,,01/07/2026 09:51:03,46204.41045138889,[],,,,order_PdEykX5xvIBwNy,rcpt-78038,[],,,,setl_XeuQK0gigAaoS0,2026-02-07 09:51:03,CITIN26070273550337,Razorpay
payment,pay_PQQdi8PIzXgRuU,625.50,INR,12.51,2.25,0.00,610.74,upi,,,2026-07-01 16:04:32,01/07/2026 16:04:32,[],,,,order_lrv05EeoOZrKEh,rcpt-33424,[],,,,setl_XeuQK0gigAaoS0,2026-02-07 16:04:32,CITIN26070273550337,Razorpay
payment,pay_Hqf8DCHJ9LVggK,9101.00,INR,159.27,28.67,0.00,8913.06,netbanking,,SBIN,2026-07-01 23:17:01,01/07/2026 23:17:01,[],,,,order_D2Zczed9EuyVqE,rcpt-19082,[],,,,setl_XeuQK0gigAaoS0,2026-07-02 23:17:01,CITIN26070273550337,Razorpay
payment,pay_nGvHYpELSV2HHE,11669.00,INR,140.03,25.21,0.00,11503.76,card,debit,AXIS,2026-07-01 06:30:30,2026-07-01 06:30:30,[],,,,order_XtXvRisSXpuxL2,rcpt-24076,[],,,,setl_XeuQK0gigAaoS0,2026-07-02 06:30:30,CITIN26070273550337,Razorpay
payment,pay_siCOPXdXoxgYfx,385.50,INR,6.75,1.22,0.00,377.53,netbanking,,,2026-01-07 13:43:59,46204.57221064815,[],,,,order_cSKq9D51CSvXf0,rcpt-35496,[],,,,setl_XeuQK0gigAaoS0,2026-07-02 13:43:59,CITIN26070273550337,Razorpay
payment,pay_RYngo3yuOEF00F,202.50,INR,3.54,0.64,0.00,198.32,netbanking,,KKBK,46204.8725462963,2026-07-01 20:56:28,[],,,,order_248f6WSBGbi919,rcpt-67058,[],,,,setl_XeuQK0gigAaoS0,2026-07-02 20:56:28,CITIN26070273550337,Razorpay
payment,pay_VUmqUIgcDqLkn8,1823.00,INR,36.46,6.56,0.00,1779.98,card,credit,ICICI,01/07/2026 03:09:57,01/07/2026 03:09:57,[],,,,order_dYpoZTVfSUHljt,rcpt-10504,[],,,,setl_XeuQK0gigAaoS0,2026-07-02 03:09:57,CITIN26070273550337,Razorpay
payment,pay_EsMFvE3pMBOfqw,1677.50,INR,33.55,6.04,0.00,1637.91,wallet,,,2026-07-02 10:22:26,2026-07-02 10:22:26,[],,,,order_K4S1HSaDAfoDvG,rcpt-72658,[],,,,setl_Zu0XGCmxcQeztF,2026-07-06 10:22:26,CITIN26070694639547,Razorpay
payment,pay_LbhWH6FH771ZLU,14950.00,INR,299.00,53.82,0.00,14597.18,upi,,,46205.73327546296,2026-07-02 17:35:55,[],,,,order_Nmq8NQh6MWhVe9,rcpt-34799,[],,,,setl_Zu0XGCmxcQeztF,2026-06-07 17:35:55,CITIN26070694639547,Razorpay
payment,pay_oE0BarDJfGn6Wb,701.00,INR,12.27,2.21,0.00,686.52,netbanking,,HDFC,2026-07-02 00:48:24,2026-07-02 00:48:24,[],,,,order_a6QFMTOmGuxFmC,rcpt-20414,[],,,,setl_Zu0XGCmxcQeztF,06/07/2026 00:48:24,CITIN26070694639547,Razorpay
payment,pay_W1vUUHVE294yaA,955.50,INR,19.11,3.44,0.00,932.95,card,credit,AXIS,46205.292974537035,2026-02-07 07:01:53,[],,,,order_xPiSfEHZLJOLCt,rcpt-27586,[],,,,setl_Zu0XGCmxcQeztF,2026-06-07 07:01:53,CITIN26070694639547,Razorpay
payment,pay_5hyRukN1qqKeu1,3607.00,INR,90.18,16.23,0.00,3500.59,card,credit,HDFC,2026-07-02 14:14:22,46205.593310185184,[],,,,order_J8IDQGPt5pntIt,rcpt-60987,[],,,,setl_Zu0XGCmxcQeztF,2026-07-06 14:14:22,CITIN26070694639547,Razorpay
payment,pay_gf8u7U4bonpj8p,2149.50,INR,42.99,7.74,0.00,2098.77,card,credit,,2026-07-02 21:27:51,02/07/2026 21:27:51,[],,,,order_yjziJcl26x9kuA,rcpt-87059,[],,,,setl_Zu0XGCmxcQeztF,2026-07-06 21:27:51,CITIN26070694639547,Razorpay
payment,pay_wABgtxMpVaMvIE,550.00,INR,11.00,1.98,0.00,537.02,upi,,,2026-07-02 04:40:20,02/07/2026 04:40:20,[],,,,order_QclsJKOWqY82Bq,rcpt-43914,[],,,,setl_Zu0XGCmxcQeztF,2026-07-06 04:40:20,CITIN26070694639547,Razorpay
payment,pay_RJYcBOphREKN6S,6311.00,INR,126.22,22.72,0.00,6162.06,upi,,,02/07/2026 11:53:49,46205.49570601852,[],,,,order_w5AafZtGkkN7ir,rcpt-28908,[],,,,setl_Zu0XGCmxcQeztF,2026-07-06 11:53:49,CITIN26070694639547,Razorpay
payment,pay_M3LqkmIrvV5SQg,1409.00,INR,28.18,5.07,0.00,1375.75,card,credit,HDFC,2026-07-02 18:06:18,46205.754375,[],,,,order_R0Z16T465SetoG,rcpt-99494,[],,,,setl_Zu0XGCmxcQeztF,2026-07-06 18:06:18,CITIN26070694639547,Razorpay
payment,pay_ldXPy9mFEOVYyD,583.00,INR,11.66,2.10,0.00,569.24,card,credit,ICICI,2026-07-02 01:19:47,2026-07-02 01:19:47,[],,,,order_l1rSIoJwH81qM1,rcpt-97734,[],,,,setl_Zu0XGCmxcQeztF,2026-07-06 01:19:47,CITIN26070694639547,Razorpay
payment,pay_R9stXcyqOjZaoY,4761.00,INR,95.22,17.14,0.00,4648.64,upi,,,02/07/2026 08:32:16,02/07/2026 08:32:16,[],,,,order_UWvomL9JkGVUva,rcpt-27506,[],,,,setl_Zu0XGCmxcQeztF,2026-07-06 08:32:16,CITIN26070694639547,Razorpay
payment,pay_xXnp1E4FLCZ2vm,7068.50,INR,141.37,25.45,0.00,6901.68,upi,,,2026-07-02 15:45:45,02/07/2026 15:45:45,[],,,,order_5hSPKkASciiVGu,rcpt-95364,[],,,,setl_Zu0XGCmxcQeztF,2026-07-06 15:45:45,CITIN26070694639547,Razorpay
payment,pay_ZRozabOGuePM7f,473.00,INR,9.46,1.70,0.00,461.84,upi,,,02/07/2026 22:58:14,2026-07-02 22:58:14,[],,,,order_Y0N9tON0KXkam5,rcpt-19776,[],,,,setl_Zu0XGCmxcQeztF,06/07/2026 22:58:14,CITIN26070694639547,Razorpay
payment,pay_YZwirPDEgXhemr,7408.50,INR,129.65,23.34,0.00,7255.51,netbanking,,AXIS,02/07/2026 05:11:43,2026-07-02 05:11:43,[],,,,order_auLY8A3P6A5tqI,rcpt-32695,[],,,,setl_Zu0XGCmxcQeztF,06/07/2026 05:11:43,CITIN26070694639547,Razorpay
payment,pay_16nkwEPZYLKgnu,12137.50,INR,242.75,43.70,0.00,11851.05,upi,,,2026-07-02 12:24:12,2026-07-02 12:24:12,[],,,,order_ssuLqSoYdg1huy,rcpt-16901,[],,,,setl_Zu0XGCmxcQeztF,06/07/2026 12:24:12,CITIN26070694639547,Razorpay
payment,pay_MP6rq74upAONU5,2874.00,INR,57.48,10.35,0.00,2806.17,upi,,,2026-07-02 19:37:41,02/07/2026 19:37:41,[],,,,order_sINuKg0rbRv4A4,rcpt-74830,[],,,,setl_Zu0XGCmxcQeztF,46209.81783564815,CITIN26070694639547,Razorpay
payment,pay_mpOUIHOiBmkl69,564.50,INR,11.29,2.03,0.00,551.18,wallet,,,2026-07-02 02:50:10,2026-02-07 02:50:10,[],,,,order_40Dk3cRudjrhyJ,rcpt-83429,[],,,,setl_Zu0XGCmxcQeztF,06/07/2026 02:50:10,CITIN26070694639547,Razorpay
payment,pay_sQcX2OLDQ5r094,210.00,INR,4.20,0.76,0.00,205.04,upi,,,2026-07-02 09:03:39,2026-07-02 09:03:39,[],,,,order_SThO8lOgwcg8Y0,rcpt-54124,[],,,,setl_Zu0XGCmxcQeztF,2026-07-06 09:03:39,CITIN26070694639547,Razorpay
payment,pay_l6d5nEgUvp37sL,521.50,INR,10.43,1.88,0.00,509.19,upi,,,46205.67787037037,46205.67787037037,[],,,,order_XmgB7gfJODjo7u,rcpt-20943,[],,,,setl_Zu0XGCmxcQeztF,46209.67787037037,CITIN26070694639547,Razorpay
payment,pay_zuycuVJeTk5sxq,2337.50,INR,46.75,8.42,0.00,2282.33,upi,,,46205.978900462964,46205.978900462964,[],,,,order_uNUibsVnjhBxLL,rcpt-53622,[],,,,setl_Zu0XGCmxcQeztF,2026-07-06 23:29:37,CITIN26070694639547,Razorpay
payment,pay_I9XOhRcrQ2n6k4,10378.50,INR,181.62,32.69,0.00,10164.19,netbanking,,AXIS,2026-07-02 06:42:06,2026-07-02 06:42:06,[],,,,order_9YwnmINjWURFFY,rcpt-72184,[],,,,setl_Zu0XGCmxcQeztF,2026-07-06 06:42:06,CITIN26070694639547,Razorpay
payment,pay_I03w5FWYPGoEVG,555.00,INR,6.66,1.20,0.00,547.14,card,debit,ICICI,2026-07-02 13:55:35,2026-07-02 13:55:35,[],,,,order_Sku4HdG8eQXlXG,rcpt-70691,[],,,,setl_Zu0XGCmxcQeztF,2026-07-06 13:55:35,CITIN26070694639547,Razorpay
payment,pay_5mofJAJc2jl5T0,4535.00,INR,90.70,16.33,0.00,4427.97,card,credit,,02/07/2026 20:08:04,2026-07-02 20:08:04,[],,,,order_vQTezV8aDUPEmN,rcpt-45187,[],,,,setl_Zu0XGCmxcQeztF,2026-07-06 20:08:04,CITIN26070694639547,Razorpay
payment,pay_EDAkLQU7B3qRX6,412.00,INR,8.24,1.48,0.00,402.28,upi,,,02/07/2026 03:21:33,2026-07-02 03:21:33,[],,,,order_7PVobAIrecR80o,rcpt-20738,[],,,,setl_Zu0XGCmxcQeztF,06/07/2026 03:21:33,CITIN26070694639547,Razorpay
payment,pay_P20cLRXvfIwDSB,13421.50,INR,161.06,28.99,0.00,13231.45,card,debit,ICICI,2026-07-02 10:34:02,2026-07-02 10:34:02,[],,,,order_0Tn6WRtKQhknli,rcpt-74047,[],,,,setl_Zu0XGCmxcQeztF,06/07/2026 10:34:02,CITIN26070694639547,Razorpay
payment,pay_fx3UF5biyjrpeh,8993.50,INR,179.87,32.38,0.00,8781.25,upi,,,46205.74133101852,46205.74133101852,[],,,,order_qKHLmfvZeHOEJL,rcpt-57577,[],,,,setl_Zu0XGCmxcQeztF,46209.74133101852,CITIN26070694639547,Razorpay
payment,pay_gTsvtnvQ88IGhm,4878.00,INR,121.95,21.95,0.00,4734.10,card,credit,AXIS,2026-07-02 00:00:00,2026-07-02 00:00:00,[],,,,order_GwRf6jJfx1YtXq,rcpt-19771,[],,,,setl_Zu0XGCmxcQeztF,46209.0,CITIN26070694639547,Razorpay
payment,pay_5Mwj9GiqbQSOq6,2335.00,INR,46.70,8.41,0.00,2279.89,wallet,,,2026-07-02 07:13:29,2026-07-02 07:13:29,[],,,,order_CRBgGzNFYT4chI,rcpt-14951,[],,,,setl_Zu0XGCmxcQeztF,46209.301030092596,CITIN26070694639547,Razorpay
refund,rfnd_7YUzGw8sVRdGvF,2220.50,INR,4.00,0.72,2225.22,0.00,,,,2026-07-03 14:26:58,,,"{""refund_reason"": ""customer_request""}",959321693818,,,,,,,,setl_Zu0XGCmxcQeztF,2026-07-06 14:26:58,CITIN26070694639547,Razorpay
refund,rfnd_MnYJyqglkDHH5N,7068.50,INR,4.00,0.72,7073.22,0.00,,,,2026-05-07 21:39:27,,,"{""refund_reason"": ""duplicate_order""}",804850092942,,,,,,,,setl_Zu0XGCmxcQeztF,06/07/2026 21:39:27,CITIN26070694639547,Razorpay
refund,rfnd_34EIYVWkgX22T9,8993.50,INR,4.00,0.72,8998.22,0.00,,,,03/07/2026 04:52:56,,,"{""refund_reason"": ""item_out_of_stock""}",172620237573,,,,,,,,setl_Zu0XGCmxcQeztF,2026-07-06 04:52:56,CITIN26070694639547,Razorpay
refund,rfnd_gCxa3Q9ea7LmGX,13400.00,INR,4.00,0.72,13404.72,0.00,,,,2026-07-05 11:05:25,,,"{""refund_reason"": ""quality_issue""}",802313857000,,,,,,,,setl_Zu0XGCmxcQeztF,2026-07-06 11:05:25,CITIN26070694639547,Razorpay
payment,pay_wqts7I81ixjaFf,890.50,INR,17.81,3.21,0.00,869.48,wallet,,,03/07/2026 18:18:54,2026-07-03 18:18:54,[],,,,order_fvDxHjXBKaaSIl,rcpt-37076,[],,,,setl_FrTOQ2QHd5PI6o,2026-07-06 18:18:54,CITIN26070651212167,Razorpay
payment,pay_p2P0X94wsouciI,18372.00,INR,367.44,66.14,0.00,17938.42,wallet,,,2026-07-03 01:31:23,03/07/2026 01:31:23,[],,,,order_BGbXeiXak9ih1F,rcpt-30251,[],,,,setl_FrTOQ2QHd5PI6o,06/07/2026 01:31:23,CITIN26070651212167,Razorpay
payment,pay_V3HEFDe05Ru7dU,4326.00,INR,51.91,9.34,0.00,4264.75,card,debit,ICICI,2026-07-03 08:44:52,46206.36449074074,[],,,,order_45daiWSuukNJJq,rcpt-51571,[],,,,setl_FrTOQ2QHd5PI6o,06/07/2026 08:44:52,CITIN26070651212167,Razorpay
payment,pay_DqcDamQ1WP9Mr6,20365.00,INR,407.30,73.31,0.00,19884.39,upi,,,2026-07-03 15:57:21,03/07/2026 15:57:21,[],,,,order_zFtqyCKiZ450BY,rcpt-53502,[],,,,setl_FrTOQ2QHd5PI6o,06/07/2026 15:57:21,CITIN26070651212167,Razorpay
payment,pay_zrkNRByshGunva,7005.50,INR,140.11,25.22,0.00,6840.17,upi,,,2026-07-03 22:10:50,03/07/2026 22:10:50,[],,,,order_h5E6PUM1se6mSC,rcpt-50651,[],,,,setl_FrTOQ2QHd5PI6o,2026-07-06 22:10:50,CITIN26070651212167,Razorpay
payment,pay_zL9JTtBxzmPeCc,4420.00,INR,88.40,15.91,0.00,4315.69,upi,,,03/07/2026 05:23:19,2026-07-03 05:23:19,[],,,,order_1LngufQn9Wkfjo,rcpt-51876,[],,,,setl_FrTOQ2QHd5PI6o,2026-06-07 05:23:19,CITIN26070651212167,Razorpay
payment,pay_zzn18zIFM11e3O,24511.00,INR,490.22,88.24,0.00,23932.54,card,credit,AXIS,03/07/2026 12:36:48,2026-07-03 12:36:48,[],,,,order_2DkMKmCbgmbRyQ,rcpt-85296,[],,,,setl_FrTOQ2QHd5PI6o,2026-07-06 12:36:48,CITIN26070651212167,Razorpay
payment,pay_EChj4gUoFN83FZ,23358.00,INR,467.16,84.09,0.00,22806.75,upi,,,2026-07-03 19:49:17,03/07/2026 19:49:17,[],,,,order_ixafcYlvtVa0uS,rcpt-43023,[],,,,setl_FrTOQ2QHd5PI6o,06/07/2026 19:49:17,CITIN26070651212167,Razorpay
payment,pay_18ynkM1hVULZWN,679.00,INR,13.58,2.44,0.00,662.98,upi,,,2026-07-03 02:02:46,03/07/2026 02:02:46,[],,,,order_Ehd1e1B0lhVqSS,rcpt-91958,[],,,,setl_FrTOQ2QHd5PI6o,2026-07-06 02:02:46,CITIN26070651212167,Razorpay
payment,pay_ilni23Ubh2s3kw,13279.00,INR,159.35,28.68,0.00,13090.97,card,debit,HDFC,2026-07-03 09:15:15,2026-07-03 09:15:15,[],,,,order_rKjpHqKvasQV9J,rcpt-30285,[],,,,setl_FrTOQ2QHd5PI6o,06/07/2026 09:15:15,CITIN26070651212167,Razorpay
payment,pay_zTfyGV1v1YlKbN,3614.50,INR,72.29,13.01,0.00,3529.20,card,credit,KKBK,46206.68662037037,03/07/2026 16:28:44,[],,,,order_msJjyrRf3fUEub,rcpt-20063,[],,,,setl_FrTOQ2QHd5PI6o,2026-07-06 16:28:44,CITIN26070651212167,Razorpay
payment,pay_23NRMFKT9pJfBn,17855.50,INR,357.11,64.28,0.00,17434.11,upi,,,2026-03-07 23:41:13,2026-07-03 23:41:13,[],,,,order_0DfduNryh5Vhtk,rcpt-27235,[],,,,setl_FrTOQ2QHd5PI6o,06/07/2026 23:41:13,CITIN26070651212167,Razorpay
payment,pay_gjAQ1NF6Y1BKAg,12662.50,INR,221.59,39.89,0.00,12401.02,netbanking,,SBIN,03/07/2026 06:54:42,03/07/2026 06:54:42,[],,,,order_LSVnAdyxzYwOh4,rcpt-83337,[],,,,setl_FrTOQ2QHd5PI6o,2026-07-06 06:54:42,CITIN26070651212167,Razorpay
payment,pay_ZuU2L3oZ4kjqq7,1162.00,INR,23.24,4.18,0.00,1134.58,card,credit,KKBK,2026-07-03 13:07:11,46206.54665509259,[],,,,order_dGum5kMlV5aFLS,rcpt-91933,[],,,,setl_FrTOQ2QHd5PI6o,2026-07-06 13:07:11,CITIN26070651212167,Razorpay
payment,pay_nsYz5TcUtxxG7z,13082.50,INR,261.65,47.10,0.00,12773.75,card,credit,KKBK,03/07/2026 20:20:40,2026-07-03 20:20:40,[],,,,order_Vt82yyyijMaU3r,rcpt-50068,[],,,,setl_FrTOQ2QHd5PI6o,2026-07-06 20:20:40,CITIN26070651212167,Razorpay
payment,pay_U5enF569auvdnb,4375.00,INR,52.50,9.45,0.00,4313.05,card,debit,,2026-07-03 03:33:09,2026-07-03 03:33:09,[],,,,order_djUVhcYxL11RnK,rcpt-17872,[],,,,setl_FrTOQ2QHd5PI6o,2026-07-06 03:33:09,CITIN26070651212167,Razorpay
payment,pay_KR2kYqhMdnVwyW,670.50,INR,13.41,2.41,0.00,654.68,upi,,,46206.44905092593,03/07/2026 10:46:38,[],,,,order_Eg9mdngxHUih2G,rcpt-21726,[],,,,setl_FrTOQ2QHd5PI6o,46209.44905092593,CITIN26070651212167,Razorpay
payment,pay_1cwuWYNMBgZWsH,8714.50,INR,305.01,54.90,0.00,8354.59,card,credit,KKBK,46206.749386574076,03/07/2026 17:59:07,[],,,,order_zzonJF8L8BOFYk,rcpt-79309,[],,,,setl_FrTOQ2QHd5PI6o,2026-07-06 17:59:07,CITIN26070651212167,Razorpay
payment,pay_pYtVGSIiqbc2hQ,3728.50,INR,74.57,13.42,0.00,3640.51,upi,,,2026-07-03 00:12:36,2026-07-03 00:12:36,[],,,,order_t6r7tbHEx5vDoP,rcpt-84362,[],,,,setl_FrTOQ2QHd5PI6o,46209.00875,CITIN26070651212167,Razorpay
payment,pay_9LOg2jpoYD0sbl,1432.50,INR,28.65,5.16,0.00,1398.69,upi,,,2026-07-03 07:25:05,03/07/2026 07:25:05,[],,,,order_KOf2iONiF6a8fn,rcpt-15957,[],,,,setl_FrTOQ2QHd5PI6o,2026-07-06 07:25:05,CITIN26070651212167,Razorpay
payment,pay_KJZeAbwDp9Tttz,619.50,INR,7.43,1.34,0.00,610.73,card,debit,,2026-07-03 14:38:34,03/07/2026 14:38:34,[],,,,order_nTivMdNPzvws36,rcpt-25163,[],,,,setl_FrTOQ2QHd5PI6o,06/07/2026 14:38:34,CITIN26070651212167,Razorpay
payment,pay_vvfipwp9kjGq3M,15022.50,INR,300.45,54.08,0.00,14667.97,upi,,,2026-07-03 21:51:03,46206.91045138889,[],,,,order_yOoiCaoaWB2wxk,rcpt-22865,[],,,,setl_FrTOQ2QHd5PI6o,2026-07-06 21:51:03,CITIN26070651212167,Razorpay
payment,pay_0i12MaJ5bAgszt,2713.00,INR,54.26,9.77,0.00,2648.97,upi,,,2026-07-03 04:04:32,2026-07-03 04:04:32,[],,,,order_cPpCOSayubhJFl,rcpt-65351,[],,,,setl_FrTOQ2QHd5PI6o,06/07/2026 04:04:32,CITIN26070651212167,Razorpay
payment,pay_AqFh0vBbhmpEVh,950.50,INR,19.01,3.42,0.00,928.07,upi,,,03/07/2026 11:17:01,2026-07-03 11:17:01,[],,,,order_h3mLOQAMKWBa3p,rcpt-18338,[],,,,setl_FrTOQ2QHd5PI6o,46209.47015046296,CITIN26070651212167,Razorpay
payment,pay_qgPqkesaj1EgvE,24547.50,INR,490.95,88.37,0.00,23968.18,wallet,,,2026-07-03 18:30:30,2026-07-03 18:30:30,[],,,,order_lTdD9tmyHR41ZC,rcpt-18647,[],,,,setl_FrTOQ2QHd5PI6o,2026-07-06 18:30:30,CITIN26070651212167,Razorpay
payment,pay_G7OQ8XYuLkREMb,694.50,INR,13.89,2.50,0.00,678.11,upi,,,2026-07-03 01:43:59,2026-07-03 01:43:59,[],,,,order_laVXVXB5wCaoVA,rcpt-66991,[],,,,setl_FrTOQ2QHd5PI6o,06/07/2026 01:43:59,CITIN26070651212167,Razorpay
payment,pay_kE6NjcuOxbM4HP,9473.50,INR,113.68,20.46,0.00,9339.36,card,debit,AXIS,2026-07-03 08:56:28,2026-07-03 08:56:28,[],,,,order_SWi4wHDrN6om8k,rcpt-80013,[],,,,setl_FrTOQ2QHd5PI6o,2026-07-06 08:56:28,CITIN26070651212167,Razorpay
payment,pay_pTyzMkWhg9iauR,516.00,INR,10.32,1.86,0.00,503.82,upi,,,2026-07-03 15:09:57,2026-07-03 15:09:57,[],,,,order_XnYSPEAoGUG4Di,rcpt-69686,[],,,,setl_FrTOQ2QHd5PI6o,06/07/2026 15:09:57,CITIN26070651212167,Razorpay
payment,pay_XgafZXuHTfje36,3016.00,INR,60.32,10.86,0.00,2944.82,upi,,,03/07/2026 22:22:26,2026-07-03 22:22:26,[],,,,order_wpMrkrXr2vlr8B,rcpt-18850,[],,,,setl_FrTOQ2QHd5PI6o,2026-07-06 22:22:26,CITIN26070651212167,Razorpay
payment,pay_9nAET5xJ0qJAdw,3698.50,INR,73.97,13.31,0.00,3611.22,upi,,,03/07/2026 05:35:55,46206.23327546296,[],,,,order_AfQTvJz3KhrCuw,rcpt-73819,[],,,,setl_FrTOQ2QHd5PI6o,2026-07-06 05:35:55,CITIN26070651212167,Razorpay
payment,pay_GhczHXkS5nE8PO,13400.00,INR,268.00,48.24,0.00,13083.76,upi,,,2026-03-07 12:48:24,2026-07-03 12:48:24,[],,,,order_TDApmY3P5nyyx9,rcpt-39323,[],,,,setl_FrTOQ2QHd5PI6o,2026-07-06 12:48:24,CITIN26070651212167,Razorpay
payment,pay_YV7qctZHZyQBCw,3243.00,INR,64.86,11.67,0.00,3166.47,card,credit,KKBK,2026-07-03 19:01:53,2026-07-03 19:01:53,[],,,,order_ZvTb87JP7lvwWn,rcpt-70988,[],,,,setl_FrTOQ2QHd5PI6o,2026-07-06 19:01:53,CITIN26070651212167,Razorpay
payment,pay_IROeGTbcOSSiWo,439.00,INR,8.78,1.58,0.00,428.64,upi,,,2026-07-03 02:14:22,03/07/2026 02:14:22,[],,,,order_KBgLgTmpNpoDNL,rcpt-87462,[],,,,setl_FrTOQ2QHd5PI6o,06/07/2026 02:14:22,CITIN26070651212167,Razorpay
payment,pay_cl3T1EDHljT6u3,14446.50,INR,288.93,52.01,0.00,14105.56,wallet,,,2026-07-03 09:27:51,03/07/2026 09:27:51,[],,,,order_Bz2COCW3uKxj89,rcpt-66014,[],,,,setl_FrTOQ2QHd5PI6o,2026-07-06 09:27:51,CITIN26070651212167,Razorpay
payment,pay_gJG9AheOu5tqHT,2613.00,INR,52.26,9.41,0.00,2551.33,upi,,,2026-07-03 16:40:20,2026-07-03 16:40:20,[],,,,order_3yg9lIbln2C0WO,rcpt-31356,[],,,,setl_FrTOQ2QHd5PI6o,2026-07-06 16:40:20,CITIN26070651212167,Razorpay
payment,pay_pD0WxQbdvbiA3G,2820.50,INR,56.41,10.15,0.00,2753.94,upi,,,2026-07-03 23:53:49,03/07/2026 23:53:49,[],,,,order_V4dGzSMSaCYuai,rcpt-37255,[],,,,setl_FrTOQ2QHd5PI6o,06/07/2026 23:53:49,CITIN26070651212167,Razorpay
payment,pay_vB1kKsXTWXJk2r,3254.00,INR,65.08,11.71,0.00,3177.21,upi,,,2026-07-03 06:06:18,2026-07-03 06:06:18,[],,,,order_lUZimQVmS4AaG1,rcpt-74259,[],,,,setl_FrTOQ2QHd5PI6o,06/07/2026 06:06:18,CITIN26070651212167,Razorpay
payment,pay_XkL3H30sCGig7b,12332.50,INR,246.65,44.40,0.00,12041.45,upi,,,2026-07-03 13:19:47,46206.55540509259,[],,,,order_M3K1ze2IFxd8P5,rcpt-19028,[],,,,setl_FrTOQ2QHd5PI6o,46209.55540509259,CITIN26070651212167,Razorpay
payment,pay_E1yDcPMjpy15BN,668.00,INR,13.36,2.40,0.00,652.24,upi,,,2026-03-07 20:32:16,2026-07-03 20:32:16,[],,,,order_DiQ624JVUGnc0P,rcpt-37287,[],,,,setl_FrTOQ2QHd5PI6o,2026-07-06 20:32:16,CITIN26070651212167,Razorpay
payment,pay_Eb33Ix5O0R74NY,1548.50,INR,30.97,5.57,0.00,1511.96,upi,,,2026-07-03 03:45:45,03/07/2026 03:45:45,[],,,,order_hbygkXjmyToUpG,rcpt-86512,[],,,,setl_FrTOQ2QHd5PI6o,2026-07-06 03:45:45,CITIN26070651212167,Razorpay
payment,pay_hYY4zwvsCTS7aa,252.50,INR,5.05,0.91,0.00,246.54,upi,,,03/07/2026 10:58:14,2026-07-03 10:58:14,[],,,,order_v3WZrlQHNB5aul,rcpt-57651,[],,,,setl_FrTOQ2QHd5PI6o,06/07/2026 10:58:14,CITIN26070651212167,Razorpay
payment,pay_hYxZHehbCH2Tnc,8583.50,INR,171.67,30.90,0.00,8380.93,card,credit,KKBK,46206.716469907406,2026-07-03 17:11:43,[],,,,order_bWaPpkauweMCrp,rcpt-88630,[],,,,setl_FrTOQ2QHd5PI6o,2026-07-06 17:11:43,CITIN26070651212167,Razorpay
payment,pay_IdTW8oubH1fDQ3,961.50,INR,19.23,3.46,0.00,938.81,upi,,,03/07/2026 00:24:12,2026-07-03 00:24:12,[],,,,order_sxp6dFXf5jRGTR,rcpt-37067,[],,,,setl_FrTOQ2QHd5PI6o,2026-07-06 00:24:12,CITIN26070651212167,Razorpay
payment,pay_vez2iEOyrUiTAV,4357.50,INR,52.29,9.41,0.00,4295.80,card,debit,HDFC,03/07/2026 07:37:41,2026-07-03 07:37:41,[],,,,order_Gngpn43bOesyi4,rcpt-25057,[],,,,setl_FrTOQ2QHd5PI6o,06/07/2026 07:37:41,CITIN26070651212167,Razorpay
payment,pay_KfYzGzfm5HfwCy,9299.50,INR,185.99,33.48,0.00,9080.03,card,credit,ICICI,2026-07-03 14:50:10,03/07/2026 14:50:10,[],,,,order_soh19j2hNOJA0h,rcpt-98539,[],,,,setl_FrTOQ2QHd5PI6o,06/07/2026 14:50:10,CITIN26070651212167,Razorpay
payment,pay_kf1y2a5fOL4lxu,14578.00,INR,364.45,65.60,0.00,14147.95,card,credit,SBIN,04/07/2026 21:03:39,2026-07-04 21:03:39,[],,,,order_ZocetzhgsIG4B9,rcpt-35488,[],,,,setl_oIPdU6ZKS6OkmD,2026-07-07 21:03:39,CITIN26070720538331,Razorpay
payment,pay_JmMY44jp8r8CzL,14307.00,INR,171.68,30.90,0.00,14104.42,card,debit,,2026-04-07 04:16:08,04/07/2026 04:16:08,[],,,,order_959IjHocDzHwpO,rcpt-87157,[],,,,setl_oIPdU6ZKS6OkmD,2026-07-07 04:16:08,CITIN26070720538331,Razorpay
payment,pay_STKvwzagZ6Xk8z,2105.00,INR,36.84,6.63,0.00,2061.53,netbanking,,SBIN,04/07/2026 11:29:37,04/07/2026 11:29:37,[],,,,order_sMJ8fNbKwSuv5J,rcpt-26835,[],,,,setl_oIPdU6ZKS6OkmD,2026-07-07 11:29:37,CITIN26070720538331,Razorpay
payment,pay_bVEc8fXQmtibLl,12963.50,INR,259.27,46.67,0.00,12657.56,card,credit,HDFC,2026-07-04 18:42:06,46207.77923611111,[],,,,order_kbgqHfa76EDScv,rcpt-67501,[],,,,setl_oIPdU6ZKS6OkmD,07/07/2026 18:42:06,CITIN26070720538331,Razorpay
payment,pay_pq029cuCSMernx,302.50,INR,6.05,1.09,0.00,295.36,upi,,,46207.0802662037,2026-07-04 01:55:35,[],,,,order_zDB4eR4QnU4Ost,rcpt-13691,[],,,,setl_oIPdU6ZKS6OkmD,07/07/2026 01:55:35,CITIN26070720538331,Razorpay
payment,pay_rDVOkvFoXxi0tV,24532.00,INR,490.64,88.32,0.00,23953.04,upi,,,04/07/2026 08:08:04,2026-07-04 08:08:04,[],,,,order_hg2ljvLwK8cBmB,rcpt-60919,[],,,,setl_oIPdU6ZKS6OkmD,2026-07-07 08:08:04,CITIN26070720538331,Razorpay
payment,pay_hAOHtjXomfQYvY,1701.00,INR,34.02,6.12,0.00,1660.86,upi,,,2026-07-04 15:21:33,2026-07-04 15:21:33,[],,,,order_0IyI5a0NeSiMII,rcpt-39861,[],,,,setl_oIPdU6ZKS6OkmD,07/07/2026 15:21:33,CITIN26070720538331,Razorpay
payment,pay_ayfuiDd6ONHfbc,2063.50,INR,41.27,7.43,0.00,2014.80,upi,,,2026-07-04 22:34:02,2026-07-04 22:34:02,[],,,,order_xndir4JRDekvhe,rcpt-81972,[],,,,setl_oIPdU6ZKS6OkmD,2026-07-07 22:34:02,CITIN26070720538331,Razorpay
payment,pay_qiVq1mupI74xcq,10902.00,INR,218.04,39.25,0.00,10644.71,card,credit,AXIS,04/07/2026 05:47:31,04/07/2026 05:47:31,[],,,,order_shZmda9F6Vq2S3,rcpt-18861,[],,,,setl_oIPdU6ZKS6OkmD,46210.24133101852,CITIN26070720538331,Razorpay
payment,pay_5FeZm4Rjl3WwXP,289.00,INR,5.78,1.04,0.00,282.18,upi,,,2026-07-04 12:00:00,2026-07-04 12:00:00,[],,,,order_OhjFTHzACNySXa,rcpt-67091,[],,,,setl_oIPdU6ZKS6OkmD,46210.5,CITIN26070720538331,Razorpay
payment,pay_vvUvytpO1ma95H,1690.50,INR,33.81,6.09,0.00,1650.60,upi,,,2026-07-04 19:13:29,04/07/2026 19:13:29,[],,,,order_LGq6w0sXvMoPiL,rcpt-86912,[],,,,setl_oIPdU6ZKS6OkmD,2026-07-07 19:13:29,CITIN26070720538331,Razorpay
payment,pay_HIv0oacZVTtsFE,253.50,INR,4.44,0.80,0.00,248.26,netbanking,,KKBK,04/07/2026 02:26:58,2026-07-04 02:26:58,[],,,,order_hS6moEUi8eCTZO,rcpt-65952,[],,,,setl_oIPdU6ZKS6OkmD,07/07/2026 02:26:58,CITIN26070720538331,Razorpay
payment,pay_JAaMnFL6kV0cC9,296.00,INR,5.92,1.07,0.00,289.01,card,credit,SBIN,2026-07-04 09:39:27,2026-07-04 09:39:27,[],,,,order_Qa8ZYf3EoEmSML,rcpt-24596,[],,,,setl_oIPdU6ZKS6OkmD,2026-07-07 09:39:27,CITIN26070720538331,Razorpay
payment,pay_KXKdqueeu2RGWK,873.00,INR,17.46,3.14,0.00,852.40,card,credit,SBIN,2026-07-04 16:52:56,04/07/2026 16:52:56,[],,,,order_GBKc5wUoj1ydpK,rcpt-46495,[],,,,setl_oIPdU6ZKS6OkmD,07/07/2026 16:52:56,CITIN26070720538331,Razorpay
payment,pay_Z20I0AS7hZ4wxN,1751.00,INR,35.02,6.30,0.00,1709.68,upi,,,2026-07-04 23:05:25,2026-07-04 23:05:25,[],,,,order_KPOU6AQ5aFjz7S,rcpt-10045,[],,,,setl_oIPdU6ZKS6OkmD,07/07/2026 23:05:25,CITIN26070720538331,Razorpay
payment,pay_k0rPSynd5esoQQ,868.50,INR,17.37,3.13,0.00,848.00,card,credit,KKBK,2026-07-04 06:18:54,2026-07-04 06:18:54,[],,,,order_r6QfIaNMo4IsVf,rcpt-47901,[],,,,setl_oIPdU6ZKS6OkmD,2026-07-07 06:18:54,CITIN26070720538331,Razorpay
payment,pay_bWtKqMn4dvZdMC,369.00,INR,7.38,1.33,0.00,360.29,upi,,,04/07/2026 13:31:23,46207.56346064815,[],,,,order_5tBCnTv7DQir0u,rcpt-17487,[],,,,setl_oIPdU6ZKS6OkmD,2026-07-07 13:31:23,CITIN26070720538331,Razorpay
payment,pay_wChFu3jgf3bKZg,11204.50,INR,224.09,40.34,0.00,10940.07,upi,,,2026-07-04 20:44:52,46207.86449074074,[],,,,order_JBZhkFQIAyLtd2,rcpt-64450,[],,,,setl_oIPdU6ZKS6OkmD,2026-07-07 20:44:52,CITIN26070720538331,Razorpay
payment,pay_X5RwYCCfCkSyDY,3813.00,INR,76.26,13.73,0.00,3723.01,card,credit,HDFC,2026-07-04 03:57:21,46207.164826388886,[],,,,order_5jRAuNonnt4BHC,rcpt-26661,[],,,,setl_oIPdU6ZKS6OkmD,2026-07-07 03:57:21,CITIN26070720538331,Razorpay
payment,pay_QuGHhOSiYhjYYK,11176.00,INR,223.52,40.23,0.00,10912.25,upi,,,2026-07-04 10:10:50,2026-07-04 10:10:50,[],,,,order_Jh0mUQmjM9x9No,rcpt-52122,[],,,,setl_oIPdU6ZKS6OkmD,07/07/2026 10:10:50,CITIN26070720538331,Razorpay
payment,pay_NLs7NTSb8wLYJd,5584.50,INR,111.69,20.10,0.00,5452.71,upi,,,46207.72452546296,2026-07-04 17:23:19,[],,,,order_xjHNtxRFpwEc4u,rcpt-80548,[],,,,setl_oIPdU6ZKS6OkmD,46210.72452546296,CITIN26070720538331,Razorpay
payment,pay_NDQ7oFQq61Chza,14668.50,INR,293.37,52.81,0.00,14322.32,upi,,,2026-07-04 00:36:48,46207.025555555556,[],,,,order_pkfLkm7eOpRjMx,rcpt-65670,[],,,,setl_oIPdU6ZKS6OkmD,46210.025555555556,CITIN26070720538331,Razorpay
payment,pay_glFe6175pqC65Z,15488.00,INR,271.04,48.79,0.00,15168.17,netbanking,,SBIN,2026-04-07 07:49:17,2026-07-04 07:49:17,[],,,,order_j6NJtRZdFwTRqD,rcpt-44762,[],,,,setl_oIPdU6ZKS6OkmD,2026-07-07 07:49:17,CITIN26070720538331,Razorpay
payment,pay_Vu7mPgHYwUOIcd,20639.00,INR,412.78,74.30,0.00,20151.92,card,credit,KKBK,46207.58525462963,2026-07-04 14:02:46,[],,,,order_tWiRLjPohxEw3y,rcpt-17368,[],,,,setl_oIPdU6ZKS6OkmD,46210.58525462963,CITIN26070720538331,Razorpay
payment,pay_hnknNOMeOFkzLo,1200.00,INR,24.00,4.32,0.00,1171.68,upi,,,2026-07-04 21:15:15,2026-07-04 21:15:15,[],,,,order_XBrgjVOblXdTQk,rcpt-48801,[],,,,setl_oIPdU6ZKS6OkmD,2026-07-07 21:15:15,CITIN26070720538331,Razorpay
payment,pay_VHRyrVjYuf1u4z,4043.00,INR,80.86,14.55,0.00,3947.59,upi,,,2026-07-04 04:28:44,2026-07-04 04:28:44,[],,,,order_XnwML8p5g83J9V,rcpt-32354,[],,,,setl_oIPdU6ZKS6OkmD,2026-07-07 04:28:44,CITIN26070720538331,Razorpay
payment,pay_zCwVzhSQzXl04v,260.00,INR,5.20,0.94,0.00,253.86,card,credit,AXIS,2026-07-04 11:41:13,2026-04-07 11:41:13,[],,,,order_7D0kHfRvOZ4kgY,rcpt-64514,[],,,,setl_oIPdU6ZKS6OkmD,2026-07-07 11:41:13,CITIN26070720538331,Razorpay
payment,pay_rI84iXG4Q7h9l1,3429.00,INR,68.58,12.34,0.00,3348.08,upi,,,2026-07-04 18:54:42,04/07/2026 18:54:42,[],,,,order_ZX0Et08q0XWmf7,rcpt-37253,[],,,,setl_oIPdU6ZKS6OkmD,2026-07-07 18:54:42,CITIN26070720538331,Razorpay
payment,pay_VC5P96AHXDHU0r,229.50,INR,4.59,0.83,0.00,224.08,upi,,,46207.04665509259,04/07/2026 01:07:11,[],,,,order_vMuCDMDoc2TkNk,rcpt-48416,[],,,,setl_oIPdU6ZKS6OkmD,46210.04665509259,CITIN26070720538331,Razorpay
payment,pay_WzM94HnIcJU4vZ,21678.50,INR,433.57,78.04,0.00,21166.89,card,credit,ICICI,04/07/2026 08:20:40,04/07/2026 08:20:40,[],,,,order_WcUxPuYJor7fNq,rcpt-38067,[],,,,setl_oIPdU6ZKS6OkmD,07/07/2026 08:20:40,CITIN26070720538331,Razorpay
payment,pay_pBXAV98hB6jehX,902.00,INR,18.04,3.25,0.00,880.71,upi,,,04/07/2026 15:33:09,2026-07-04 15:33:09,[],,,,order_vfiieaZ3AjoscY,rcpt-43542,[],,,,setl_oIPdU6ZKS6OkmD,2026-07-07 15:33:09,CITIN26070720538331,Razorpay
payment,pay_1qtejIgZCks1w6,706.50,INR,14.13,2.54,0.00,689.83,upi,,,46207.94905092593,46207.94905092593,[],,,,order_31X76QbqXjOjmy,rcpt-77818,[],,,,setl_oIPdU6ZKS6OkmD,2026-07-07 22:46:38,CITIN26070720538331,Razorpay
refund,rfnd_xBjdxPH2ulT1Jx,1621.50,INR,4.00,0.72,1626.22,0.00,,,,2026-07-07 05:59:07,,,"{""refund_reason"": ""customer_request""}",526788575377,,,,,,,,setl_oIPdU6ZKS6OkmD,2026-07-07 05:59:07,CITIN26070720538331,Razorpay
refund,rfnd_g5NuhR9ij9SJbP,2344.00,INR,4.00,0.72,2348.72,0.00,,,,2026-07-07 12:12:36,,,"{""refund_reason"": ""quality_issue""}",521343133574,,,,,,,,setl_oIPdU6ZKS6OkmD,2026-07-07 12:12:36,CITIN26070720538331,Razorpay
adjustment,adj_fjrBm9WIzsaE8M,-2850.00,INR,0.00,0.00,2850.00,0.00,,,,2026-07-07 19:25:05,,,,,unattributed_adjustment,,,,,,,setl_oIPdU6ZKS6OkmD,2026-07-07 19:25:05,CITIN26070720538331,Razorpay
payment,pay_fxNPyXLdymdmt8,22868.50,INR,457.37,82.33,0.00,22328.80,upi,,,2026-07-05 02:38:34,05/07/2026 02:38:34,[],,,,order_0JMtvO85AUOTAz,rcpt-10605,[],,,,setl_NDvZkAT0vGdlEh,46209.11011574074,CITIN26070656643250,Razorpay
payment,pay_jzhfk5YBJfFsoW,4867.50,INR,97.35,17.52,0.00,4752.63,upi,,,2026-07-05 09:51:03,46208.41045138889,[],,,,order_bfYYVSLuiFKio5,rcpt-91048,[],,,,setl_NDvZkAT0vGdlEh,2026-06-07 09:51:03,CITIN26070656643250,Razorpay
payment,pay_4VSaOswE1P90pd,5180.50,INR,62.17,11.19,0.00,5107.14,card,debit,SBIN,2026-07-05 16:04:32,2026-07-05 16:04:32,[],,,,order_u3gZiOPXIewPe2,rcpt-60375,[],,,,setl_NDvZkAT0vGdlEh,2026-07-06 16:04:32,CITIN26070656643250,Razorpay
payment,pay_h8xrbeozF7aS4N,1367.00,INR,27.34,4.92,0.00,1334.74,card,credit,SBIN,2026-07-05 23:17:01,2026-07-05 23:17:01,[],,,,order_u15JZWFHtXJEJn,rcpt-89301,[],,,,setl_NDvZkAT0vGdlEh,46209.97015046296,CITIN26070656643250,Razorpay
payment,pay_4I6KDxjLEaRssd,2344.00,INR,46.88,8.44,0.00,2288.68,upi,,,05/07/2026 06:30:30,2026-05-07 06:30:30,[],,,,order_cmwG44OC7mwfby,rcpt-76970,[],,,,setl_NDvZkAT0vGdlEh,06/07/2026 06:30:30,CITIN26070656643250,Razorpay
payment,pay_B4MHwebqtvQ3kY,3367.50,INR,67.35,12.12,0.00,3288.03,card,credit,,2026-07-05 13:43:59,2026-07-05 13:43:59,[],,,,order_eeraWWuiiXeIo1,rcpt-60653,[],,,,setl_NDvZkAT0vGdlEh,06/07/2026 13:43:59,CITIN26070656643250,Razorpay
payment,pay_Ad38hfMXZjIIS1,655.50,INR,7.87,1.42,0.00,646.21,card,debit,HDFC,2026-07-05 20:56:28,2026-07-05 20:56:28,[],,,,order_vQe9jZPOckUoJj,rcpt-69739,[],,,,setl_NDvZkAT0vGdlEh,2026-07-06 20:56:28,CITIN26070656643250,Razorpay
payment,pay_4CNKAnmx8AjBXd,4714.50,INR,94.29,16.97,0.00,4603.24,upi,,,2026-07-05 03:09:57,2026-07-05 03:09:57,[],,,,order_yk8lKso6b3mBGA,rcpt-97933,[],,,,setl_NDvZkAT0vGdlEh,2026-07-06 03:09:57,CITIN26070656643250,Razorpay
payment,pay_3119T9ot3q0zAB,3393.50,INR,67.87,12.22,0.00,3313.41,upi,,,46208.43224537037,2026-07-05 10:22:26,[],,,,order_Vg4VICA6CimNRZ,rcpt-41054,[],,,,setl_NDvZkAT0vGdlEh,2026-07-06 10:22:26,CITIN26070656643250,Razorpay
payment,pay_FRrUOEn6Y6tsAs,704.00,INR,14.08,2.53,0.00,687.39,upi,,,05/07/2026 17:35:55,2026-05-07 17:35:55,[],,,,order_v0nxcx4jM3RFw1,rcpt-23204,[],,,,setl_NDvZkAT0vGdlEh,06/07/2026 17:35:55,CITIN26070656643250,Razorpay
payment,pay_KxoZYWpCWZyOCW,21186.50,INR,423.73,76.27,0.00,20686.50,upi,,,2026-07-05 00:48:24,2026-05-07 00:48:24,[],,,,order_b6hyfWB0TC8IgN,rcpt-48157,[],,,,setl_NDvZkAT0vGdlEh,06/07/2026 00:48:24,CITIN26070656643250,Razorpay
payment,pay_Xv00pTpXk8pm2C,1198.00,INR,14.38,2.59,0.00,1181.03,card,debit,AXIS,2026-07-05 07:01:53,05/07/2026 07:01:53,[],,,,order_ypKiLP4Tog7IbE,rcpt-27365,[],,,,setl_NDvZkAT0vGdlEh,46209.292974537035,CITIN26070656643250,Razorpay
payment,pay_1hS3Pmw7LMrkM5,645.50,INR,12.91,2.32,0.00,630.27,upi,,,2026-07-05 14:14:22,2026-07-05 14:14:22,[],,,,order_Du73PzdYwNK7Ct,rcpt-58004,[],,,,setl_NDvZkAT0vGdlEh,2026-07-06 14:14:22,CITIN26070656643250,Razorpay
payment,pay_yQ0JDwHODMp8T8,10912.00,INR,218.24,39.28,0.00,10654.48,upi,,,2026-07-05 21:27:51,05/07/2026 21:27:51,[],,,,order_NaoSptQaxYe9VN,rcpt-15052,[],,,,setl_NDvZkAT0vGdlEh,2026-07-06 21:27:51,CITIN26070656643250,Razorpay
payment,pay_GojtFb5nMIbCh2,4830.00,INR,96.60,17.39,0.00,4716.01,upi,,,2026-07-05 04:40:20,2026-05-07 04:40:20,[],,,,order_qJOeaZBtZ0ioKJ,rcpt-82639,[],,,,setl_NDvZkAT0vGdlEh,2026-07-06 04:40:20,CITIN26070656643250,Razorpay
payment,pay_w7lI2sndqsIoLV,619.50,INR,12.39,2.23,0.00,604.88,card,credit,SBIN,2026-07-05 11:53:49,46208.49570601852,[],,,,order_p7in0tPUcOFCJT,rcpt-65959,[],,,,setl_NDvZkAT0vGdlEh,06/07/2026 11:53:49,CITIN26070656643250,Razorpay
payment,pay_qj3uIDD8QpJ6C0,8809.50,INR,176.19,31.71,0.00,8601.60,upi,,,2026-07-05 18:06:18,2026-07-05 18:06:18,[],,,,order_x95IDtK2uFGzZc,rcpt-83614,[],,,,setl_NDvZkAT0vGdlEh,06/07/2026 18:06:18,CITIN26070656643250,Razorpay
payment,pay_qcJSbK4nWN2FTK,249.50,INR,4.99,0.90,0.00,243.61,card,credit,ICICI,2026-05-07 01:19:47,2026-07-05 01:19:47,[],,,,order_COKagGpTSu734P,rcpt-51094,[],,,,setl_NDvZkAT0vGdlEh,2026-07-06 01:19:47,CITIN26070656643250,Razorpay
payment,pay_pyJ7cvcxCtmxt1,987.00,INR,19.74,3.55,0.00,963.71,card,credit,AXIS,2026-07-05 08:32:16,2026-07-05 08:32:16,[],,,,order_bYRBWesjGXppRn,rcpt-91613,[],,,,setl_NDvZkAT0vGdlEh,46209.35574074074,CITIN26070656643250,Razorpay
payment,pay_Yh9emOvOrWtM8i,638.00,INR,7.66,1.38,0.00,628.96,card,debit,ICICI,2026-07-05 15:45:45,2026-07-05 15:45:45,[],,,,order_l758yMUCkQ13j7,rcpt-63410,[],,,,setl_NDvZkAT0vGdlEh,2026-07-06 15:45:45,CITIN26070656643250,Razorpay
payment,pay_W8dyJNjWZtBk8F,558.50,INR,11.17,2.01,0.00,545.32,upi,,,2026-07-05 22:58:14,46208.95710648148,[],,,,order_wBMbklxmSgPxBY,rcpt-90497,[],,,,setl_NDvZkAT0vGdlEh,2026-07-06 22:58:14,CITIN26070656643250,Razorpay
payment,pay_IxGcfNp3mh9Xoi,11881.00,INR,237.62,42.77,0.00,11600.61,upi,,,2026-07-05 05:11:43,2026-05-07 05:11:43,[],,,,order_uBaesOk5hhc1vy,rcpt-22900,[],,,,setl_NDvZkAT0vGdlEh,2026-07-06 05:11:43,CITIN26070656643250,Razorpay
payment,pay_DthhFpX4qyEfIn,1122.00,INR,22.44,4.04,0.00,1095.52,upi,,,05/07/2026 12:24:12,2026-07-05 12:24:12,[],,,,order_Isl2NRifxMRl18,rcpt-73949,[],,,,setl_NDvZkAT0vGdlEh,2026-07-06 12:24:12,CITIN26070656643250,Razorpay
payment,pay_b6pZxx8cYIlW3z,1119.50,INR,22.39,4.03,0.00,1093.08,upi,,,2026-07-05 19:37:41,46208.81783564815,[],,,,order_qIYVPh12iVYw9Q,rcpt-82308,[],,,,setl_NDvZkAT0vGdlEh,06/07/2026 19:37:41,CITIN26070656643250,Razorpay
payment,pay_20WIpqPcM3ZqzN,639.00,INR,12.78,2.30,0.00,623.92,upi,,,2026-07-05 02:50:10,2026-07-05 02:50:10,[],,,,order_dpbk8mpBheWWkw,rcpt-62443,[],,,,setl_NDvZkAT0vGdlEh,06/07/2026 02:50:10,CITIN26070656643250,Razorpay
payment,pay_jUH1DmmvzB9ggH,3734.00,INR,74.68,13.44,0.00,3645.88,upi,,,2026-05-07 09:03:39,2026-07-05 09:03:39,[],,,,order_FQGz8UmMMxnM27,rcpt-77879,[],,,,setl_NDvZkAT0vGdlEh,06/07/2026 09:03:39,CITIN26070656643250,Razorpay
payment,pay_oao7haWP4MbVrW,16238.00,INR,324.76,58.46,0.00,15854.78,card,credit,KKBK,2026-07-05 16:16:08,2026-07-05 16:16:08,[],,,,order_oVhPoCHA5uerAd,rcpt-84083,[],,,,setl_NDvZkAT0vGdlEh,06/07/2026 16:16:08,CITIN26070656643250,Razorpay
payment,pay_VHjuiIWGrUdxze,2900.00,INR,34.80,6.26,0.00,2858.94,card,debit,KKBK,05/07/2026 23:29:37,05/07/2026 23:29:37,[],,,,order_kROtgZ5IPfVWzj,rcpt-58684,[],,,,setl_NDvZkAT0vGdlEh,2026-07-06 23:29:37,CITIN26070656643250,Razorpay
payment,pay_Fi6PIVdo3TOVWE,611.50,INR,12.23,2.20,0.00,597.07,upi,,,2026-07-05 06:42:06,2026-07-05 06:42:06,[],,,,order_iRztcT6BWk212m,rcpt-71479,[],,,,setl_NDvZkAT0vGdlEh,2026-07-06 06:42:06,CITIN26070656643250,Razorpay
payment,pay_rrvMG76VPX6lEM,458.50,INR,9.17,1.65,0.00,447.68,upi,,,46208.5802662037,46208.5802662037,[],,,,order_4f3DgbN5buQvhh,rcpt-81167,[],,,,setl_NDvZkAT0vGdlEh,2026-07-06 13:55:35,CITIN26070656643250,Razorpay
payment,pay_iA4K5qgGrjNFdc,10939.00,INR,218.78,39.38,0.00,10680.84,upi,,,05/07/2026 20:08:04,2026-07-05 20:08:04,[],,,,order_3y3H2JjxSz594K,rcpt-67075,[],,,,setl_NDvZkAT0vGdlEh,46209.83893518519,CITIN26070656643250,Razorpay
payment,pay_ZyPg6wKXZhnjFR,211.00,INR,4.22,0.76,0.00,206.02,upi,,,2026-07-05 03:21:33,05/07/2026 03:21:33,[],,,,order_4N3A4Byc8WkKuY,rcpt-50374,[],,,,setl_NDvZkAT0vGdlEh,46209.139965277776,CITIN26070656643250,Razorpay
payment,pay_K5zqY5OlACysYh,10366.50,INR,207.33,37.32,0.00,10121.85,upi,,,05/07/2026 10:34:02,2026-07-05 10:34:02,[],,,,order_TPXKt9NQbjSvdd,rcpt-71305,[],,,,setl_NDvZkAT0vGdlEh,2026-07-06 10:34:02,CITIN26070656643250,Razorpay
payment,pay_lmJM4iQUJIhw9M,16706.50,INR,334.13,60.14,0.00,16312.23,card,credit,HDFC,2026-07-06 17:47:31,46209.74133101852,[],,,,order_umzHtuviiUtVG4,rcpt-48186,[],,,,setl_Huw9gBeSnleXJn,08/07/2026 17:47:31,CITIN26070812180457,Razorpay
refund,rfnd_9VXBmxmeOKBv8q,3975.00,INR,4.00,0.72,3979.72,0.00,,,,2026-07-08 00:00:00,,,"{""refund_reason"": ""item_out_of_stock""}",504302905236,,,,,,,,setl_Huw9gBeSnleXJn,2026-07-08 00:00:00,CITIN26070812180457,Razorpay
payment,pay_u4kSwWAzXw2u05,4444.00,INR,88.88,16.00,0.00,4339.12,upi,,,2026-07-07 07:13:29,2026-07-07 07:13:29,[],,,,order_UVNC7F667RVFgX,rcpt-10585,[],,,,setl_cfcBmVw6GGZfgl,2026-07-08 07:13:29,CITIN26070817862755,Razorpay
payment,pay_MuizMTLgdVuWEQ,488.00,INR,9.76,1.76,0.00,476.48,card,credit,HDFC,2026-07-07 14:26:58,2026-07-07 14:26:58,[],,,,order_98CSdfqQ7HUUPm,rcpt-31712,[],,,,setl_cfcBmVw6GGZfgl,2026-07-08 14:26:58,CITIN26070817862755,Razorpay
payment,pay_zWOzsjZEUF8QC5,764.00,INR,15.28,2.75,0.00,745.97,upi,,,07/07/2026 21:39:27,07/07/2026 21:39:27,[],,,,order_vqBH7YgpLG3a0s,rcpt-36355,[],,,,setl_cfcBmVw6GGZfgl,08/07/2026 21:39:27,CITIN26070817862755,Razorpay
payment,pay_noyO7pDcDf9WBq,24879.00,INR,497.58,89.56,0.00,24291.86,upi,,,2026-07-07 04:52:56,07/07/2026 04:52:56,[],,,,order_QKzdUddjKp0gTX,rcpt-39362,[],,,,setl_cfcBmVw6GGZfgl,2026-07-08 04:52:56,CITIN26070817862755,Razorpay
payment,pay_SJybV3x99F3UVX,1056.50,INR,12.68,2.28,0.00,1041.54,card,debit,,2026-07-07 11:05:25,07/07/2026 11:05:25,[],,,,order_n95CRKLUy96ll4,rcpt-82893,[],,,,setl_cfcBmVw6GGZfgl,46211.46209490741,CITIN26070817862755,Razorpay
payment,pay_G9e8yvOBnKsdUw,492.00,INR,9.84,1.77,0.00,480.39,upi,,,2026-07-07 18:18:54,2026-07-07 18:18:54,[],,,,order_QBhXWtrUlYyErI,rcpt-16245,[],,,,setl_cfcBmVw6GGZfgl,46211.763125,CITIN26070817862755,Razorpay
payment,pay_CqMeQwP2n2eyOF,4500.00,INR,90.00,16.20,0.00,4393.80,upi,,,2026-07-07 01:31:23,2026-07-07 01:31:23,[],,,,order_UkmUVeGe8DaBJb,rcpt-22582,[],,,,setl_cfcBmVw6GGZfgl,2026-07-08 01:31:23,CITIN26070817862755,Razorpay
payment,pay_zf0RTjTZVOjeK9,642.00,INR,7.70,1.39,0.00,632.91,card,debit,HDFC,2026-07-07 08:44:52,2026-07-07 08:44:52,[],,,,order_xntTP1O4Psl9Sl,rcpt-82856,[],,,,setl_cfcBmVw6GGZfgl,46211.36449074074,CITIN26070817862755,Razorpay
payment,pay_m4EQ719y9JBmPD,707.50,INR,14.15,2.55,0.00,690.80,upi,,,07/07/2026 15:57:21,2026-07-07 15:57:21,[],,,,order_EhmBm5JocvLe5u,rcpt-56811,[],,,,setl_cfcBmVw6GGZfgl,2026-07-08 15:57:21,CITIN26070817862755,Razorpay
payment,pay_Dl1CzbBzjp7gZB,23746.50,INR,415.56,74.80,0.00,23256.14,netbanking,,,2026-07-07 22:10:50,2026-07-07 22:10:50,[],,,,order_nmSxUbzPDCXpYg,rcpt-55445,[],,,,setl_cfcBmVw6GGZfgl,08/07/2026 22:10:50,CITIN26070817862755,Razorpay
payment,pay_9bIvn5LKhwvD49,14437.00,INR,288.74,51.97,0.00,14096.29,upi,,,2026-07-07 05:23:19,2026-07-07 05:23:19,[],,,,order_K6VtLiChBhQt9T,rcpt-69485,[],,,,setl_cfcBmVw6GGZfgl,08/07/2026 05:23:19,CITIN26070817862755,Razorpay
payment,pay_5pdIJRLWgW4qZZ,250.00,INR,5.00,0.90,0.00,244.10,upi,,,46210.525555555556,07/07/2026 12:36:48,[],,,,order_92yuz8L90ryiFg,rcpt-10164,[],,,,setl_cfcBmVw6GGZfgl,2026-08-07 12:36:48,CITIN26070817862755,Razorpay
payment,pay_f6aS0EJAEbe21L,735.00,INR,14.70,2.65,0.00,717.65,upi,,,2026-07-07 19:49:17,2026-07-07 19:49:17,[],,,,order_dzXEv9WnM2wTDL,rcpt-33143,[],,,,setl_cfcBmVw6GGZfgl,2026-07-08 19:49:17,CITIN26070817862755,Razorpay
payment,pay_tGMc5ITQ98ZmiN,4442.00,INR,88.84,15.99,0.00,4337.17,upi,,,2026-07-07 02:02:46,46210.08525462963,[],,,,order_uFJRl16sIf7Ik0,rcpt-11599,[],,,,setl_cfcBmVw6GGZfgl,2026-07-08 02:02:46,CITIN26070817862755,Razorpay
payment,pay_OW1oCTJfYtJzol,4114.00,INR,82.28,14.81,0.00,4016.91,card,credit,HDFC,2026-07-07 09:15:15,07/07/2026 09:15:15,[],,,,order_an23QWUjkMA7Pk,rcpt-90329,[],,,,setl_cfcBmVw6GGZfgl,2026-07-08 09:15:15,CITIN26070817862755,Razorpay
payment,pay_6JBxQ7FE148t39,15646.00,INR,547.61,98.57,0.00,14999.82,card,credit,KKBK,2026-07-07 16:28:44,07/07/2026 16:28:44,[],,,,order_DFJxlzGmN8QsSx,rcpt-65578,[],,,,setl_cfcBmVw6GGZfgl,2026-07-08 16:28:44,CITIN26070817862755,Razorpay
payment,pay_D1ZeOZ3XrCAyDF,18436.00,INR,368.72,66.37,0.00,18000.91,upi,,,07/07/2026 23:41:13,2026-07-07 23:41:13,[],,,,order_u5sFm9n6rRqaqv,rcpt-42672,[],,,,setl_cfcBmVw6GGZfgl,2026-07-08 23:41:13,CITIN26070817862755,Razorpay
payment,pay_j2V1oQq1Nia82Q,397.50,INR,7.95,1.43,0.00,388.12,wallet,,,07/07/2026 06:54:42,46210.287986111114,[],,,,order_9lkhtV0f86fgXc,rcpt-80051,[],,,,setl_cfcBmVw6GGZfgl,2026-07-08 06:54:42,CITIN26070817862755,Razorpay
payment,pay_zmfLup3se8nAWw,5053.50,INR,126.34,22.74,0.00,4904.42,card,credit,SBIN,2026-07-07 13:07:11,46210.54665509259,[],,,,order_he4bUe5VNMcfx0,rcpt-35913,[],,,,setl_cfcBmVw6GGZfgl,46211.54665509259,CITIN26070817862755,Razorpay
payment,pay_RaYNOkEbmuDdn6,17031.00,INR,340.62,61.31,0.00,16629.07,card,credit,AXIS,2026-07-07 20:20:40,2026-07-07 20:20:40,[],,,,order_1XtApknZStUirK,rcpt-84705,[],,,,setl_cfcBmVw6GGZfgl,08/07/2026 20:20:40,CITIN26070817862755,Razorpay
payment,pay_uVjIpoIbpx2ZPr,3691.50,INR,73.83,13.29,0.00,3604.38,upi,,,07/07/2026 03:33:09,2026-07-07 03:33:09,[],,,,order_HGL4UKeCvYnPwI,rcpt-17030,[],,,,setl_cfcBmVw6GGZfgl,2026-07-08 03:33:09,CITIN26070817862755,Razorpay
payment,pay_Sc4GCGFKXWsA38,4709.50,INR,94.19,16.95,0.00,4598.36,upi,,,46210.44905092593,2026-07-07 10:46:38,[],,,,order_uNqx0sgyqFBHxK,rcpt-32333,[],,,,setl_cfcBmVw6GGZfgl,2026-08-07 10:46:38,CITIN26070817862755,Razorpay
payment,pay_OxAfQrIlE0QMCI,975.00,INR,11.70,2.11,0.00,961.19,card,debit,AXIS,2026-07-07 17:59:07,2026-07-07 17:59:07,[],,,,order_c7u7iFkrCqUtgY,rcpt-80165,[],,,,setl_cfcBmVw6GGZfgl,2026-07-08 17:59:07,CITIN26070817862755,Razorpay
payment,pay_vIR3Gwgc61dmvT,623.50,INR,12.47,2.24,0.00,608.79,upi,,,2026-07-07 00:12:36,2026-07-07 00:12:36,[],,,,order_EFwSRACVwMl5hR,rcpt-14397,[],,,,setl_cfcBmVw6GGZfgl,2026-07-08 00:12:36,CITIN26070817862755,Razorpay
payment,pay_iPZrsYBkbxn9tu,2203.00,INR,44.06,7.93,0.00,2151.01,wallet,,,07/07/2026 07:25:05,07/07/2026 07:25:05,[],,,,order_0ZFNzituSG26Bh,rcpt-46014,[],,,,setl_cfcBmVw6GGZfgl,2026-08-07 07:25:05,CITIN26070817862755,Razorpay
payment,pay_NknULqcwzrYt0K,950.50,INR,19.01,3.42,0.00,928.07,upi,,,46210.61011574074,2026-07-07 14:38:34,[],,,,order_Wcw5Zo4WeZts8l,rcpt-77422,[],,,,setl_cfcBmVw6GGZfgl,2026-07-08 14:38:34,CITIN26070817862755,Razorpay
payment,pay_Sv6ASii6NYfZG2,4323.50,INR,75.66,13.62,0.00,4234.22,netbanking,,,2026-07-07 21:51:03,46210.91045138889,[],,,,order_iDvDjUwoWu9DGR,rcpt-98882,[],,,,setl_cfcBmVw6GGZfgl,08/07/2026 21:51:03,CITIN26070817862755,Razorpay
payment,pay_LpnEBAwdlyXjgX,3373.50,INR,59.04,10.63,0.00,3303.83,netbanking,,AXIS,07/07/2026 04:04:32,07/07/2026 04:04:32,[],,,,order_7nFlrT8jP2Tj5W,rcpt-43533,[],,,,setl_cfcBmVw6GGZfgl,2026-07-08 04:04:32,CITIN26070817862755,Razorpay
payment,pay_o0Jir1UeCH5Gnz,4517.00,INR,90.34,16.26,0.00,4410.40,upi,,,46210.47015046296,2026-07-07 11:17:01,[],,,,order_oHxdlZddpcXYtZ,rcpt-24951,[],,,,setl_cfcBmVw6GGZfgl,08/07/2026 11:17:01,CITIN26070817862755,Razorpay
payment,pay_jVr4YK4seAaHNP,2751.00,INR,55.02,9.90,0.00,2686.08,upi,,,46210.77118055556,2026-07-07 18:30:30,[],,,,order_VkZSVCITVdfwlz,rcpt-87180,[],,,,setl_cfcBmVw6GGZfgl,2026-07-08 18:30:30,CITIN26070817862755,Razorpay
payment,pay_Hpkpy6RXbUaZl2,4522.00,INR,90.44,16.28,0.00,4415.28,upi,,,2026-07-07 01:43:59,2026-07-07 01:43:59,[],,,,order_4uyIIrjdRNuo8R,rcpt-59458,[],,,,setl_cfcBmVw6GGZfgl,08/07/2026 01:43:59,CITIN26070817862755,Razorpay
payment,pay_RE8uFiVeuhi97U,3767.50,INR,45.21,8.14,0.00,3714.15,card,debit,KKBK,2026-07-07 08:56:28,2026-07-07 08:56:28,[],,,,order_3RJvy76FY97V2C,rcpt-53095,[],,,,setl_cfcBmVw6GGZfgl,2026-07-08 08:56:28,CITIN26070817862755,Razorpay
payment,pay_0CDt01cUVrCuck,505.00,INR,8.84,1.59,0.00,494.57,netbanking,,,2026-07-07 15:09:57,2026-07-07 15:09:57,[],,,,order_VqgaQ7WtRdjkzz,rcpt-31424,[],,,,setl_cfcBmVw6GGZfgl,2026-07-08 15:09:57,CITIN26070817862755,Razorpay
payment,pay_sM36o8wnCTiBQs,10938.50,INR,218.77,39.38,0.00,10680.35,upi,,,07/07/2026 22:22:26,07/07/2026 22:22:26,[],,,,order_ejtjseZDpg62Ij,rcpt-27946,[],,,,setl_cfcBmVw6GGZfgl,08/07/2026 22:22:26,CITIN26070817862755,Razorpay
payment,pay_bFD0jmtfJ7r7rB,7873.00,INR,137.78,24.80,0.00,7710.42,netbanking,,AXIS,2026-07-07 05:35:55,07/07/2026 05:35:55,[],,,,order_Pg9CRhtiikhWxE,rcpt-13640,[],,,,setl_cfcBmVw6GGZfgl,08/07/2026 05:35:55,CITIN26070817862755,Razorpay
payment,pay_sQGoXPa1Bbh7nJ,4888.50,INR,97.77,17.60,0.00,4773.13,upi,,,2026-07-07 12:48:24,46210.53361111111,[],,,,order_TC9dxIFpi0HLnN,rcpt-93935,[],,,,setl_cfcBmVw6GGZfgl,2026-07-08 12:48:24,CITIN26070817862755,Razorpay
payment,pay_JZf0YekkUyUd09,22327.50,INR,446.55,80.38,0.00,21800.57,upi,,,07/07/2026 19:01:53,46210.792974537035,[],,,,order_eVEvrhMUGhi8MX,rcpt-66993,[],,,,setl_cfcBmVw6GGZfgl,2026-07-08 19:01:53,CITIN26070817862755,Razorpay
payment,pay_1gZ7CwM9H2UpY0,583.00,INR,11.66,2.10,0.00,569.24,upi,,,07/07/2026 02:14:22,07/07/2026 02:14:22,[],,,,order_Plg0NRPxVzmY6B,rcpt-44800,[],,,,setl_cfcBmVw6GGZfgl,08/07/2026 02:14:22,CITIN26070817862755,Razorpay
payment,pay_JCL6CliDKefGnq,24534.00,INR,490.68,88.32,0.00,23955.00,card,credit,ICICI,2026-07-07 09:27:51,2026-07-07 09:27:51,[],,,,order_oBDYpwnOECFtF6,rcpt-67549,[],,,,setl_cfcBmVw6GGZfgl,08/07/2026 09:27:51,CITIN26070817862755,Razorpay
payment,pay_eDV7sY8kWTtngv,3691.00,INR,44.29,7.97,0.00,3638.74,card,debit,KKBK,08/07/2026 16:40:20,2026-07-08 16:40:20,[],,,,order_AAXMfWH5wi8Wj8,rcpt-87775,[],,,,setl_KueUbhY4pGNMt4,2026-07-10 16:40:20,CITIN26071057712783,Razorpay
refund,rfnd_0ibouX9SXczw4a,5165.00,INR,4.00,0.72,5169.72,0.00,,,,09/07/2026 23:53:49,,,"{""refund_reason"": ""duplicate_order""}",580740101237,,,,,,,,setl_KueUbhY4pGNMt4,2026-07-10 23:53:49,CITIN26071057712783,Razorpay
refund,rfnd_V2RekCHAsw6EEZ,5143.00,INR,4.00,0.72,5147.72,0.00,,,,2026-07-09 06:06:18,,,"{""refund_reason"": ""quality_issue""}",702504584489,,,,,,,,setl_KueUbhY4pGNMt4,10/07/2026 06:06:18,CITIN26071057712783,Razorpay
dispute,disp_05En4kmsvevQEv,23688.00,INR,0.00,0.00,23688.00,0.00,card,,,46212.55540509259,,,,,,,,,disp_05En4kmsvevQEv,2026-07-09 13:19:47,credit_not_processed,setl_KueUbhY4pGNMt4,46213.55540509259,CITIN26071057712783,Razorpay
payment,pay_NeBvix31avByzj,15869.00,INR,317.38,57.13,0.00,15494.49,card,credit,HDFC,46212.85574074074,2026-07-09 20:32:16,[],,,,order_8C2vC95S0vLC8S,rcpt-51677,[],,,,setl_seMFRCCGsi23F8,46216.85574074074,CITIN26071347268888,Razorpay
payment,pay_QzAq7EI2huu1nV,319.00,INR,5.58,1.00,0.00,312.42,netbanking,,HDFC,2026-07-09 03:45:45,46212.15677083333,[],,,,order_HwZOyHvgRHhtQ1,rcpt-80440,[],,,,setl_seMFRCCGsi23F8,13/07/2026 03:45:45,CITIN26071347268888,Razorpay
payment,pay_Tftxo32Z8RGxdo,2279.50,INR,45.59,8.21,0.00,2225.70,upi,,,2026-07-09 10:58:14,2026-07-09 10:58:14,[],,,,order_uC1RHL15mNNZ5I,rcpt-45902,[],,,,setl_seMFRCCGsi23F8,2026-07-13 10:58:14,CITIN26071347268888,Razorpay
payment,pay_2ZQrYkPWlOhe6d,6820.00,INR,238.70,42.97,0.00,6538.33,card,credit,SBIN,2026-07-09 17:11:43,2026-07-09 17:11:43,[],,,,order_ZNFKlUqPANP42P,rcpt-47603,[],,,,setl_seMFRCCGsi23F8,13/07/2026 17:11:43,CITIN26071347268888,Razorpay
payment,pay_FxpseRZZw5y31Y,398.00,INR,7.96,1.43,0.00,388.61,upi,,,09/07/2026 00:24:12,2026-07-09 00:24:12,[],,,,order_oB5BF9GJa0DHFU,rcpt-62050,[],,,,setl_seMFRCCGsi23F8,2026-07-13 00:24:12,CITIN26071347268888,Razorpay
payment,pay_7JuR0SVwQQbesr,350.00,INR,6.13,1.10,0.00,342.77,netbanking,,SBIN,46212.31783564815,2026-07-09 07:37:41,[],,,,order_2OWngzetYz082r,rcpt-42946,[],,,,setl_seMFRCCGsi23F8,46216.31783564815,CITIN26071347268888,Razorpay
payment,pay_DQsgWAmSDCMHnv,4267.50,INR,85.35,15.36,0.00,4166.79,upi,,,09/07/2026 14:50:10,2026-07-09 14:50:10,[],,,,order_5toKv38W490UD4,rcpt-28356,[],,,,setl_seMFRCCGsi23F8,2026-07-13 14:50:10,CITIN26071347268888,Razorpay
payment,pay_tCGKzDyyyQkWsN,24994.50,INR,499.89,89.98,0.00,24404.63,upi,,,09/07/2026 21:03:39,2026-07-09 21:03:39,[],,,,order_AU7ATesFIFfTVV,rcpt-65332,[],,,,setl_seMFRCCGsi23F8,2026-07-13 21:03:39,CITIN26071347268888,Razorpay
payment,pay_TkSHNR05fVmPpS,3006.50,INR,36.08,6.49,0.00,2963.93,card,debit,,46212.17787037037,2026-07-09 04:16:08,[],,,,order_8HEWBMC0EhpYjW,rcpt-51350,[],,,,setl_seMFRCCGsi23F8,13/07/2026 04:16:08,CITIN26071347268888,Razorpay
payment,pay_0glJ8hK0wdBcso,4124.00,INR,72.17,12.99,0.00,4038.84,netbanking,,,2026-07-09 11:29:37,2026-07-09 11:29:37,[],,,,order_oqb8ZgS1iwOIfX,rcpt-97171,[],,,,setl_seMFRCCGsi23F8,13/07/2026 11:29:37,CITIN26071347268888,Razorpay
payment,pay_GXnEXtBfA6kKcM,694.00,INR,8.33,1.50,0.00,684.17,card,debit,AXIS,2026-07-09 18:42:06,2026-07-09 18:42:06,[],,,,order_LtAhWCvtq5Xn57,rcpt-40262,[],,,,setl_seMFRCCGsi23F8,13/07/2026 18:42:06,CITIN26071347268888,Razorpay
payment,pay_t3BnxLbzDXbPrr,18957.50,INR,379.15,68.25,0.00,18510.10,upi,,,2026-07-09 01:55:35,09/07/2026 01:55:35,[],,,,order_7uyNo136RTf3Qh,rcpt-27967,[],,,,setl_seMFRCCGsi23F8,2026-07-13 01:55:35,CITIN26071347268888,Razorpay
payment,pay_A7fc59Uxg63RPe,8415.00,INR,100.98,18.18,0.00,8295.84,card,debit,,2026-09-07 08:08:04,09/07/2026 08:08:04,[],,,,order_hEiVMvPiNaZsCz,rcpt-66778,[],,,,setl_seMFRCCGsi23F8,2026-07-13 08:08:04,CITIN26071347268888,Razorpay
payment,pay_Hbacke4OutqlST,6610.00,INR,132.20,23.80,0.00,6454.00,upi,,,2026-07-09 15:21:33,2026-07-09 15:21:33,[],,,,order_Y0NLpDCona6bvs,rcpt-73215,[],,,,setl_seMFRCCGsi23F8,2026-07-13 15:21:33,CITIN26071347268888,Razorpay
payment,pay_MeCFcriWcLdRAp,18977.50,INR,227.73,40.99,0.00,18708.78,card,debit,ICICI,09/07/2026 22:34:02,2026-07-09 22:34:02,[],,,,order_rYiAF9DX9yY8oC,rcpt-46390,[],,,,setl_seMFRCCGsi23F8,2026-07-13 22:34:02,CITIN26071347268888,Razorpay
payment,pay_MIJ7ka8nktcmom,887.00,INR,17.74,3.19,0.00,866.07,upi,,,2026-09-07 05:47:31,46212.24133101852,[],,,,order_TCfgCcKbGXKqjx,rcpt-81840,[],,,,setl_seMFRCCGsi23F8,13/07/2026 05:47:31,CITIN26071347268888,Razorpay
payment,pay_OrHRFFjawgcMRF,2007.50,INR,24.09,4.34,0.00,1979.07,card,debit,ICICI,46212.5,2026-07-09 12:00:00,[],,,,order_i43a5H8H9NZ1rB,rcpt-50585,[],,,,setl_seMFRCCGsi23F8,2026-07-13 12:00:00,CITIN26071347268888,Razorpay
payment,pay_uIesDu3y5SViKh,19426.50,INR,388.53,69.94,0.00,18968.03,upi,,,2026-07-09 19:13:29,09/07/2026 19:13:29,[],,,,order_iIEFkWQ8eBTiHl,rcpt-31946,[],,,,setl_seMFRCCGsi23F8,46216.801030092596,CITIN26071347268888,Razorpay
payment,pay_EbSyoDJYf59dWy,4265.00,INR,85.30,15.35,0.00,4164.35,upi,,,09/07/2026 02:26:58,2026-07-09 02:26:58,[],,,,order_4Nbr9CVrB0Cgju,rcpt-45591,[],,,,setl_seMFRCCGsi23F8,2026-13-07 02:26:58,CITIN26071347268888,Razorpay
payment,pay_HsZ4bizP0JOFe5,3314.50,INR,58.00,10.44,0.00,3246.06,netbanking,,HDFC,2026-07-09 09:39:27,09/07/2026 09:39:27,[],,,,order_H52HG4mGkkMLes,rcpt-40329,[],,,,setl_seMFRCCGsi23F8,13/07/2026 09:39:27,CITIN26071347268888,Razorpay
payment,pay_EyjPEQbx0g83K5,625.50,INR,12.51,2.25,0.00,610.74,card,credit,,2026-07-09 16:52:56,2026-07-09 16:52:56,[],,,,order_d9hJpcvAF6qU3I,rcpt-40596,[],,,,setl_seMFRCCGsi23F8,2026-07-13 16:52:56,CITIN26071347268888,Razorpay
payment,pay_q0Os9f0l6FHSk6,3445.50,INR,68.91,12.40,0.00,3364.19,card,credit,ICICI,46212.96209490741,46212.96209490741,[],,,,order_sJsPSu3OFBQY6K,rcpt-28210,[],,,,setl_seMFRCCGsi23F8,13/07/2026 23:05:25,CITIN26071347268888,Razorpay
payment,pay_o0wHs3x4ikA0O9,3226.00,INR,64.52,11.61,0.00,3149.87,upi,,,2026-07-09 06:18:54,2026-09-07 06:18:54,[],,,,order_0G8VylSryi2Tqa,rcpt-41917,[],,,,setl_seMFRCCGsi23F8,13/07/2026 06:18:54,CITIN26071347268888,Razorpay
payment,pay_0muNt13ji7b8Ul,3282.00,INR,65.64,11.82,0.00,3204.54,upi,,,2026-07-09 13:31:23,2026-07-09 13:31:23,[],,,,order_ks0heyLi1rxmLx,rcpt-22853,[],,,,setl_seMFRCCGsi23F8,13/07/2026 13:31:23,CITIN26071347268888,Razorpay
payment,pay_pFBnKWcOnMAmNq,3941.00,INR,78.82,14.19,0.00,3847.99,upi,,,2026-07-09 20:44:52,2026-07-09 20:44:52,[],,,,order_trYrXWH6rcKKp2,rcpt-93383,[],,,,setl_seMFRCCGsi23F8,2026-07-13 20:44:52,CITIN26071347268888,Razorpay
payment,pay_WiIMNsn8jvl8x5,1401.00,INR,28.02,5.04,0.00,1367.94,upi,,,2026-07-09 03:57:21,2026-07-09 03:57:21,[],,,,order_wtpM16mhhuwsX9,rcpt-90834,[],,,,setl_seMFRCCGsi23F8,13/07/2026 03:57:21,CITIN26071347268888,Razorpay
payment,pay_FwPsq2jT7xmOV1,577.50,INR,11.55,2.08,0.00,563.87,card,credit,KKBK,46212.42418981482,2026-09-07 10:10:50,[],,,,order_UOU4P8zief0OKJ,rcpt-30240,[],,,,setl_seMFRCCGsi23F8,2026-07-13 10:10:50,CITIN26071347268888,Razorpay
payment,pay_jLnMTO7SOwqM0B,3501.50,INR,70.03,12.61,0.00,3418.86,card,credit,KKBK,2026-07-09 17:23:19,46212.72452546296,[],,,,order_y84ireravUnkhE,rcpt-18540,[],,,,setl_seMFRCCGsi23F8,13/07/2026 17:23:19,CITIN26071347268888,Razorpay
payment,pay_FTtwQpfLSNEnLY,493.50,INR,9.87,1.78,0.00,481.85,card,credit,SBIN,2026-07-09 00:36:48,09/07/2026 00:36:48,[],,,,order_iCNmb9fcYtApkP,rcpt-73184,[],,,,setl_seMFRCCGsi23F8,13/07/2026 00:36:48,CITIN26071347268888,Razorpay
payment,pay_WM6ZBXDhWpmsBK,12191.00,INR,243.82,43.89,0.00,11903.29,upi,,,2026-07-09 07:49:17,2026-07-09 07:49:17,[],,,,order_Rw35ZARGcNa0Ws,rcpt-24011,[],,,,setl_seMFRCCGsi23F8,46216.325891203705,CITIN26071347268888,Razorpay
payment,pay_H6huWfmbpJlG2C,224.50,INR,4.49,0.81,0.00,219.20,upi,,,2026-09-07 14:02:46,09/07/2026 14:02:46,[],,,,order_DkavwlVVfj4YqI,rcpt-76197,[],,,,setl_seMFRCCGsi23F8,2026-07-13 14:02:46,CITIN26071347268888,Razorpay
payment,pay_rN8X9Py51AjF9i,4234.50,INR,84.69,15.24,0.00,4134.57,card,credit,ICICI,09/07/2026 21:15:15,2026-07-09 21:15:15,[],,,,order_pV8iPlJSxyNM5J,rcpt-20472,[],,,,setl_seMFRCCGsi23F8,46216.88559027778,CITIN26071347268888,Razorpay
payment,pay_nRUKnl580MjHzB,12298.00,INR,245.96,44.27,0.00,12007.77,upi,,,09/07/2026 04:28:44,46212.18662037037,[],,,,order_ZJ4hj9RdaaehA5,rcpt-41328,[],,,,setl_seMFRCCGsi23F8,13/07/2026 04:28:44,CITIN26071347268888,Razorpay
payment,pay_wqdVI8EhFKLsm2,12396.00,INR,247.92,44.63,0.00,12103.45,upi,,,2026-07-09 11:41:13,09/07/2026 11:41:13,[],,,,order_o74fjrByQ2gFBz,rcpt-94502,[],,,,setl_seMFRCCGsi23F8,13/07/2026 11:41:13,CITIN26071347268888,Razorpay
payment,pay_X5Lscu9Ss49lee,806.00,INR,16.12,2.90,0.00,786.98,upi,,,2026-07-09 18:54:42,2026-07-09 18:54:42,[],,,,order_AYBGWQ63FIQplK,rcpt-77878,[],,,,setl_seMFRCCGsi23F8,2026-07-13 18:54:42,CITIN26071347268888,Razorpay
refund,rfnd_Ah05M3qqwiLA3n,2557.50,INR,4.00,0.72,2562.22,0.00,,,,46215.04665509259,,,"{""refund_reason"": ""duplicate_order""}",394552078061,,,,,,,,setl_seMFRCCGsi23F8,46216.04665509259,CITIN26071347268888,Razorpay
refund,rfnd_SHqpfxKimB2teU,9299.50,INR,4.00,0.72,9304.22,0.00,,,,2026-07-13 08:20:40,,,"{""refund_reason"": ""quality_issue""}",741127534064,,,,,,,,setl_seMFRCCGsi23F8,2026-07-13 08:20:40,CITIN26071347268888,Razorpay
payment,pay_VELjxd4nZ6IeKc,4816.50,INR,96.33,17.34,0.00,4702.83,card,credit,SBIN,10/07/2026 15:33:09,10/07/2026 15:33:09,[],,,,order_Er1cRRVFU4NFXs,rcpt-68479,[],,,,setl_AIZLEK5UBKpFxB,14/07/2026 15:33:09,CITIN26071430253445,Razorpay
payment,pay_C8FLuK43WMPHGR,217.50,INR,4.35,0.78,0.00,212.37,upi,,,46213.94905092593,2026-07-10 22:46:38,[],,,,order_HiVxfYh7L1GycQ,rcpt-70322,[],,,,setl_AIZLEK5UBKpFxB,2026-07-14 22:46:38,CITIN26071430253445,Razorpay
payment,pay_jite39n18gkzVm,858.50,INR,17.17,3.09,0.00,838.24,upi,,,2026-07-10 05:59:07,2026-07-10 05:59:07,[],,,,order_SWpBmSf3eFl8bH,rcpt-40752,[],,,,setl_AIZLEK5UBKpFxB,2026-07-14 05:59:07,CITIN26071430253445,Razorpay
payment,pay_McNMQnil76cUyg,908.00,INR,10.90,1.96,0.00,895.14,card,debit,HDFC,2026-07-10 12:12:36,10/07/2026 12:12:36,[],,,,order_9X0xZiK1kbARBX,rcpt-75755,[],,,,setl_AIZLEK5UBKpFxB,14/07/2026 12:12:36,CITIN26071430253445,Razorpay
payment,pay_dfRitcM7xDFg4g,18129.00,INR,362.58,65.26,0.00,17701.16,upi,,,46213.80908564815,10/07/2026 19:25:05,[],,,,order_bcbKNKtjLn1re6,rcpt-99504,[],,,,setl_AIZLEK5UBKpFxB,2026-07-14 19:25:05,CITIN26071430253445,Razorpay
payment,pay_xnMrfjlQOJ45Uk,790.50,INR,15.81,2.85,0.00,771.84,upi,,,2026-07-10 02:38:34,10/07/2026 02:38:34,[],,,,order_0uG8F4cq5j4JMM,rcpt-95955,[],,,,setl_AIZLEK5UBKpFxB,2026-07-14 02:38:34,CITIN26071430253445,Razorpay
payment,pay_JhkEuPCVs7eZvR,14483.50,INR,289.67,52.14,0.00,14141.69,upi,,,46213.41045138889,46213.41045138889,[],,,,order_dooZOBHHfJOCQk,rcpt-51714,[],,,,setl_AIZLEK5UBKpFxB,46217.41045138889,CITIN26071430253445,Razorpay
payment,pay_856TxTTmDtZIew,14543.00,INR,290.86,52.35,0.00,14199.79,upi,,,46213.66981481481,2026-07-10 16:04:32,[],,,,order_qd1g0KiW0VcgP9,rcpt-32101,[],,,,setl_AIZLEK5UBKpFxB,46217.66981481481,CITIN26071430253445,Razorpay
payment,pay_RpzQgUxlB5Fe2g,437.50,INR,8.75,1.58,0.00,427.17,card,credit,AXIS,10/07/2026 23:17:01,2026-07-10 23:17:01,[],,,,order_xJ8iCwLxDz5oAC,rcpt-90404,[],,,,setl_AIZLEK5UBKpFxB,2026-07-14 23:17:01,CITIN26071430253445,Razorpay
payment,pay_IeTe4F1Vf2x3Tn,4427.50,INR,77.48,13.95,0.00,4336.07,netbanking,,ICICI,2026-07-10 06:30:30,2026-07-10 06:30:30,[],,,,order_DwzZKMoc3326lx,rcpt-44033,[],,,,setl_AIZLEK5UBKpFxB,2026-07-14 06:30:30,CITIN26071430253445,Razorpay
payment,pay_WPfnAaYtb8X6wK,22275.50,INR,389.82,70.17,0.00,21815.51,netbanking,,HDFC,10/07/2026 13:43:59,2026-07-10 13:43:59,[],,,,order_6WfcJ6lgiFfbhA,rcpt-36730,[],,,,setl_AIZLEK5UBKpFxB,14/07/2026 13:43:59,CITIN26071430253445,Razorpay
payment,pay_jRb7NY7OsQfbcU,4197.50,INR,83.95,15.11,0.00,4098.44,upi,,,2026-07-10 20:56:28,10/07/2026 20:56:28,[],,,,order_skSaYx1U4zzfUg,rcpt-54560,[],,,,setl_AIZLEK5UBKpFxB,2026-14-07 20:56:28,CITIN26071430253445,Razorpay
payment,pay_sUpk8PhbkVzULC,2852.50,INR,57.05,10.27,0.00,2785.18,upi,,,10/07/2026 03:09:57,2026-07-10 03:09:57,[],,,,order_TSpdznRFO2F4oU,rcpt-81708,[],,,,setl_AIZLEK5UBKpFxB,2026-07-14 03:09:57,CITIN26071430253445,Razorpay
payment,pay_vQM9nJqFfUmHkY,15220.50,INR,304.41,54.79,0.00,14861.30,upi,,,10/07/2026 10:22:26,10/07/2026 10:22:26,[],,,,order_7NHK0603CKCPs2,rcpt-59710,[],,,,setl_AIZLEK5UBKpFxB,14/07/2026 10:22:26,CITIN26071430253445,Razorpay
payment,pay_4lBq0JQ5ZZsAVk,699.50,INR,12.24,2.20,0.00,685.06,netbanking,,,2026-07-10 17:35:55,10/07/2026 17:35:55,[],,,,order_BN9ViIUBB3aVX5,rcpt-32582,[],,,,setl_AIZLEK5UBKpFxB,2026-07-14 17:35:55,CITIN26071430253445,Razorpay
payment,pay_FFysCLuZ8Anm05,1640.00,INR,32.80,5.90,0.00,1601.30,upi,,,10/07/2026 00:48:24,2026-07-10 00:48:24,[],,,,order_rd81zVMqvTCJYr,rcpt-18145,[],,,,setl_AIZLEK5UBKpFxB,2026-07-14 00:48:24,CITIN26071430253445,Razorpay
payment,pay_3uEKo2miiPgWiW,16248.00,INR,324.96,58.49,0.00,15864.55,upi,,,2026-07-10 07:01:53,2026-07-10 07:01:53,[],,,,order_O24HMT5HbYpiwP,rcpt-77406,[],,,,setl_AIZLEK5UBKpFxB,2026-07-14 07:01:53,CITIN26071430253445,Razorpay
payment,pay_ERbuuzSzGrQBKr,1792.00,INR,35.84,6.45,0.00,1749.71,upi,,,2026-07-10 14:14:22,2026-07-10 14:14:22,[],,,,order_8NlsMjiTrjnsGU,rcpt-58191,[],,,,setl_AIZLEK5UBKpFxB,2026-07-14 14:14:22,CITIN26071430253445,Razorpay
payment,pay_z53t7UdPJB4FYO,1997.50,INR,39.95,7.19,0.00,1950.36,upi,,,2026-07-10 21:27:51,10/07/2026 21:27:51,[],,,,order_EfESe0HcHtDtaa,rcpt-49846,[],,,,setl_AIZLEK5UBKpFxB,2026-07-14 21:27:51,CITIN26071430253445,Razorpay
payment,pay_mLADudpuvGDyDk,23498.50,INR,281.98,50.76,0.00,23165.76,card,debit,ICICI,46213.19467592592,2026-07-10 04:40:20,[],,,,order_Bl2Hp4WxzVOyi3,rcpt-41392,[],,,,setl_AIZLEK5UBKpFxB,2026-07-14 04:40:20,CITIN26071430253445,Razorpay
payment,pay_FlGfVLv3RC6KX6,951.00,INR,19.02,3.42,0.00,928.56,upi,,,2026-07-10 11:53:49,2026-07-10 11:53:49,[],,,,order_s7o0NTPWB3Av9x,rcpt-81913,[],,,,setl_AIZLEK5UBKpFxB,2026-07-14 11:53:49,CITIN26071430253445,Razorpay
payment,pay_4Bp2KGeNlagmCo,3323.50,INR,66.47,11.96,0.00,3245.07,upi,,,10/07/2026 18:06:18,10/07/2026 18:06:18,[],,,,order_2jSbTmZWZxHnmJ,rcpt-81653,[],,,,setl_AIZLEK5UBKpFxB,2026-07-14 18:06:18,CITIN26071430253445,Razorpay
payment,pay_CeBWDIpALvsmb2,211.50,INR,4.23,0.76,0.00,206.51,upi,,,2026-07-10 01:19:47,10/07/2026 01:19:47,[],,,,order_9Mgskxls3iuE3d,rcpt-42494,[],,,,setl_AIZLEK5UBKpFxB,46217.05540509259,CITIN26071430253445,Razorpay
payment,pay_kZq0kAWlNtzw1b,17625.00,INR,352.50,63.45,0.00,17209.05,wallet,,,2026-07-10 08:32:16,46213.35574074074,[],,,,order_II1rnkZaFnKwKK,rcpt-42877,[],,,,setl_AIZLEK5UBKpFxB,2026-07-14 08:32:16,CITIN26071430253445,Razorpay
payment,pay_pXMOitoNw3Vdax,8380.50,INR,167.61,30.17,0.00,8182.72,upi,,,46213.65677083333,10/07/2026 15:45:45,[],,,,order_o3dB13zuWhlJ3a,rcpt-85061,[],,,,setl_AIZLEK5UBKpFxB,2026-07-14 15:45:45,CITIN26071430253445,Razorpay
payment,pay_ucWFe7yhJJLobu,2415.00,INR,48.30,8.69,0.00,2358.01,wallet,,,10/07/2026 22:58:14,46213.95710648148,[],,,,order_Y1PDrCjkKvSUaL,rcpt-81778,[],,,,setl_AIZLEK5UBKpFxB,46217.95710648148,CITIN26071430253445,Razorpay
payment,pay_bbkdAc0URj8pRM,877.00,INR,17.54,3.16,0.00,856.30,upi,,,2026-07-10 05:11:43,10/07/2026 05:11:43,[],,,,order_qc3ePd0bLVtg66,rcpt-76196,[],,,,setl_AIZLEK5UBKpFxB,2026-07-14 05:11:43,CITIN26071430253445,Razorpay
payment,pay_7R6jjuORhwxf3L,18670.50,INR,373.41,67.21,0.00,18229.88,card,credit,,2026-07-10 12:24:12,2026-07-10 12:24:12,[],,,,order_6hJhgUHEMSOrAW,rcpt-82674,[],,,,setl_AIZLEK5UBKpFxB,2026-07-14 12:24:12,CITIN26071430253445,Razorpay
payment,pay_6q24xvtiRky9sS,18144.50,INR,362.89,65.32,0.00,17716.29,upi,,,10/07/2026 19:37:41,10/07/2026 19:37:41,[],,,,order_8IyCEDIVpurVhA,rcpt-82394,[],,,,setl_AIZLEK5UBKpFxB,2026-07-14 19:37:41,CITIN26071430253445,Razorpay
payment,pay_excqkm08N18urr,4930.00,INR,98.60,17.75,0.00,4813.65,card,credit,,46213.11817129629,2026-07-10 02:50:10,[],,,,order_QF1Kalmvgrf8AT,rcpt-77781,[],,,,setl_AIZLEK5UBKpFxB,46217.11817129629,CITIN26071430253445,Razorpay
payment,pay_f9j7ZO2Fr53GMG,11812.50,INR,206.72,37.21,0.00,11568.57,netbanking,,AXIS,10/07/2026 09:03:39,10/07/2026 09:03:39,[],,,,order_JXkOlWKodyGmrh,rcpt-44831,[],,,,setl_AIZLEK5UBKpFxB,14/07/2026 09:03:39,CITIN26071430253445,Razorpay
payment,pay_1laWLAXAVQB3Gv,2670.50,INR,53.41,9.61,0.00,2607.48,upi,,,2026-07-10 16:16:08,2026-07-10 16:16:08,[],,,,order_399bPaMY60Y8SI,rcpt-25788,[],,,,setl_AIZLEK5UBKpFxB,2026-07-14 16:16:08,CITIN26071430253445,Razorpay
payment,pay_QfaT7RJaVJYxWh,3631.00,INR,72.62,13.07,0.00,3545.31,upi,,,10/07/2026 23:29:37,2026-07-10 23:29:37,[],,,,order_AVutRB7PyarfDq,rcpt-42224,[],,,,setl_AIZLEK5UBKpFxB,46217.978900462964,CITIN26071430253445,Razorpay
payment,pay_ygNCQZJr3pffSr,16818.00,INR,201.82,36.33,0.00,16579.85,card,debit,ICICI,2026-07-10 06:42:06,10/07/2026 06:42:06,[],,,,order_LwGs2tc1lqsbfd,rcpt-14361,[],,,,setl_AIZLEK5UBKpFxB,2026-07-14 06:42:06,CITIN26071430253445,Razorpay
payment,pay_VhatK27O2DAYNJ,5684.00,INR,113.68,20.46,0.00,5549.86,card,credit,HDFC,2026-07-10 13:55:35,2026-07-10 13:55:35,[],,,,order_npUGjtmD5I2m3t,rcpt-15632,[],,,,setl_AIZLEK5UBKpFxB,2026-07-14 13:55:35,CITIN26071430253445,Razorpay
payment,pay_zcI5htj4tp8R5B,863.00,INR,10.36,1.86,0.00,850.78,card,debit,SBIN,10/07/2026 20:08:04,2026-07-10 20:08:04,[],,,,order_c6SQqhNeM3KaVx,rcpt-73870,[],,,,setl_AIZLEK5UBKpFxB,2026-07-14 20:08:04,CITIN26071430253445,Razorpay
payment,pay_yOSee6XSd7Oshh,3914.50,INR,78.29,14.09,0.00,3822.12,upi,,,2026-07-10 03:21:33,10/07/2026 03:21:33,[],,,,order_oejwJhVLbrTxn8,rcpt-92251,[],,,,setl_AIZLEK5UBKpFxB,46217.139965277776,CITIN26071430253445,Razorpay
payment,pay_vt8MGJbnfwoHV4,904.00,INR,18.08,3.25,0.00,882.67,upi,,,10/07/2026 10:34:02,2026-07-10 10:34:02,[],,,,order_ZnFh4eKlMrCHWm,rcpt-49220,[],,,,setl_AIZLEK5UBKpFxB,2026-07-14 10:34:02,CITIN26071430253445,Razorpay
payment,pay_Z4LKbe5xeyvdOR,2936.50,INR,58.73,10.57,0.00,2867.20,upi,,,10/07/2026 17:47:31,2026-07-10 17:47:31,[],,,,order_shFTr889kSa06M,rcpt-82274,[],,,,setl_AIZLEK5UBKpFxB,14/07/2026 17:47:31,CITIN26071430253445,Razorpay
payment,pay_XitWcSQfHOKHRa,416.00,INR,7.28,1.31,0.00,407.41,netbanking,,,2026-07-10 00:00:00,2026-07-10 00:00:00,[],,,,order_52GOizbZkqPvA2,rcpt-63379,[],,,,setl_AIZLEK5UBKpFxB,46217.0,CITIN26071430253445,Razorpay
payment,pay_g5ttWCny7ZsTM5,1959.00,INR,39.18,7.05,0.00,1912.77,card,credit,,10/07/2026 07:13:29,2026-07-10 07:13:29,[],,,,order_vxNgph1tdZnBOa,rcpt-68970,[],,,,setl_AIZLEK5UBKpFxB,46217.301030092596,CITIN26071430253445,Razorpay
payment,pay_XLNX1QmoDkd12E,17216.50,INR,344.33,61.98,0.00,16810.19,upi,,,2026-07-10 14:26:58,46213.602060185185,[],,,,order_XDzETZLMySATYI,rcpt-85663,[],,,,setl_AIZLEK5UBKpFxB,2026-07-14 14:26:58,CITIN26071430253445,Razorpay
payment,pay_ipASsqCYxewYPP,2372.00,INR,47.44,8.54,0.00,2316.02,upi,,,2026-10-07 21:39:27,2026-07-10 21:39:27,[],,,,order_yoI9bTXgL7LaXk,rcpt-77904,[],,,,setl_AIZLEK5UBKpFxB,2026-07-14 21:39:27,CITIN26071430253445,Razorpay
payment,pay_8njxQSiSrC7oW5,236.00,INR,4.72,0.85,0.00,230.43,wallet,,,2026-07-10 04:52:56,2026-07-10 04:52:56,[],,,,order_B4aa3Faqqr1NHs,rcpt-54504,[],,,,setl_AIZLEK5UBKpFxB,2026-07-14 04:52:56,CITIN26071430253445,Razorpay
payment,pay_rgjaOsWtYa8imN,7221.50,INR,144.43,26.00,0.00,7051.07,upi,,,11/07/2026 11:05:25,2026-07-11 11:05:25,[],,,,order_n9Xudj3aYfPaLI,rcpt-88368,[],,,,setl_j6FqciI6UEdH7R,13/07/2026 11:05:25,CITIN26071347669038,Razorpay
payment,pay_oNHY5T5OcPWil8,822.50,INR,16.45,2.96,0.00,803.09,card,credit,HDFC,2026-07-11 18:18:54,46214.763125,[],,,,order_yhdOYFcgwSbjax,rcpt-12259,[],,,,setl_j6FqciI6UEdH7R,2026-07-13 18:18:54,CITIN26071347669038,Razorpay
payment,pay_YkmZf34Yk0snva,2251.50,INR,45.03,8.11,0.00,2198.36,upi,,,2026-07-11 01:31:23,2026-07-11 01:31:23,[],,,,order_q1BDD2CWbKjfzT,rcpt-16702,[],,,,setl_j6FqciI6UEdH7R,2026-07-13 01:31:23,CITIN26071347669038,Razorpay
payment,pay_7GBzrXiKguhemw,3090.50,INR,61.81,11.13,0.00,3017.56,upi,,,46214.36449074074,11/07/2026 08:44:52,[],,,,order_ps6Xucx1g5pU38,rcpt-54999,[],,,,setl_j6FqciI6UEdH7R,2026-07-13 08:44:52,CITIN26071347669038,Razorpay
payment,pay_gvAhoMXkUrL6gG,4827.00,INR,96.54,17.38,0.00,4713.08,upi,,,2026-07-11 15:57:21,2026-07-11 15:57:21,[],,,,order_mJvx71p4gyWClT,rcpt-41681,[],,,,setl_j6FqciI6UEdH7R,2026-07-13 15:57:21,CITIN26071347669038,Razorpay
payment,pay_1Qbzoe69F5MLzB,5669.50,INR,113.39,20.41,0.00,5535.70,upi,,,2026-07-11 22:10:50,2026-07-11 22:10:50,[],,,,order_dmwbtyDIUzOjjt,rcpt-40788,[],,,,setl_j6FqciI6UEdH7R,2026-07-13 22:10:50,CITIN26071347669038,Razorpay
payment,pay_RexDpKKp51nvOk,928.00,INR,18.56,3.34,0.00,906.10,upi,,,46214.22452546296,11/07/2026 05:23:19,[],,,,order_joH1k7ASAquVFI,rcpt-17557,[],,,,setl_j6FqciI6UEdH7R,2026-07-13 05:23:19,CITIN26071347669038,Razorpay
payment,pay_kl9YeHzN1ALwoE,574.50,INR,11.49,2.07,0.00,560.94,upi,,,2026-07-11 12:36:48,2026-07-11 12:36:48,[],,,,order_0Phz9P0COVM5uP,rcpt-62445,[],,,,setl_j6FqciI6UEdH7R,46216.525555555556,CITIN26071347669038,Razorpay
payment,pay_FCi0SiV3iAThkT,12020.00,INR,240.40,43.27,0.00,11736.33,upi,,,46214.825891203705,2026-07-11 19:49:17,[],,,,order_4maOf1ow8rOEkq,rcpt-81858,[],,,,setl_j6FqciI6UEdH7R,2026-13-07 19:49:17,CITIN26071347669038,Razorpay
payment,pay_VSo3ZMNPihgM9k,813.00,INR,16.26,2.93,0.00,793.81,upi,,,2026-07-11 02:02:46,11/07/2026 02:02:46,[],,,,order_BtJE4qSBJQ2U31,rcpt-61569,[],,,,setl_j6FqciI6UEdH7R,13/07/2026 02:02:46,CITIN26071347669038,Razorpay
payment,pay_nvS4iYQ9jkfZgP,4202.00,INR,73.54,13.24,0.00,4115.22,netbanking,,HDFC,2026-07-11 09:15:15,11/07/2026 09:15:15,[],,,,order_Tm2yrFzyJbym6W,rcpt-88460,[],,,,setl_j6FqciI6UEdH7R,2026-07-13 09:15:15,CITIN26071347669038,Razorpay
payment,pay_qMwy6jEYAXdJ1e,2227.50,INR,44.55,8.02,0.00,2174.93,upi,,,2026-07-11 16:28:44,11/07/2026 16:28:44,[],,,,order_vlxqT2Y7VPHppX,rcpt-10152,[],,,,setl_j6FqciI6UEdH7R,2026-07-13 16:28:44,CITIN26071347669038,Razorpay
payment,pay_KM0krWjtzzrQOu,3395.00,INR,67.90,12.22,0.00,3314.88,upi,,,2026-11-07 23:41:13,2026-07-11 23:41:13,[],,,,order_FWUvUOh07jVoBf,rcpt-86701,[],,,,setl_j6FqciI6UEdH7R,46216.98695601852,CITIN26071347669038,Razorpay
payment,pay_aErCx5SsK3Vk2v,4245.00,INR,84.90,15.28,0.00,4144.82,upi,,,2026-07-11 06:54:42,2026-07-11 06:54:42,[],,,,order_BRmgs9x1i5bPhY,rcpt-22322,[],,,,setl_j6FqciI6UEdH7R,2026-07-13 06:54:42,CITIN26071347669038,Razorpay
payment,pay_dijQvAtRCJGnda,23706.50,INR,474.13,85.34,0.00,23147.03,upi,,,2026-07-11 13:07:11,2026-07-11 13:07:11,[],,,,order_SjtAuYfWMKjcE5,rcpt-82612,[],,,,setl_j6FqciI6UEdH7R,13/07/2026 13:07:11,CITIN26071347669038,Razorpay
payment,pay_64xeBbgOJLgXHE,491.00,INR,17.19,3.09,0.00,470.72,card,credit,AXIS,11/07/2026 20:20:40,2026-07-11 20:20:40,[],,,,order_RDCWzjpNFygRm9,rcpt-88221,[],,,,setl_j6FqciI6UEdH7R,2026-07-13 20:20:40,CITIN26071347669038,Razorpay
payment,pay_R7ljjy32zFRHBc,382.00,INR,7.64,1.38,0.00,372.98,upi,,,2026-07-11 03:33:09,46214.14802083333,[],,,,order_uEeBl0GkyPVN5G,rcpt-92034,[],,,,setl_j6FqciI6UEdH7R,46216.14802083333,CITIN26071347669038,Razorpay
payment,pay_KW5JJcxWudYpTn,1109.50,INR,22.19,3.99,0.00,1083.32,card,credit,,2026-07-11 10:46:38,2026-07-11 10:46:38,[],,,,order_TEEzbcfDtUVpBT,rcpt-99829,[],,,,setl_j6FqciI6UEdH7R,2026-07-13 10:46:38,CITIN26071347669038,Razorpay
payment,pay_13UzkS7U0uAePO,3491.50,INR,41.90,7.54,0.00,3442.06,card,debit,ICICI,11/07/2026 17:59:07,46214.749386574076,[],,,,order_tCGEvU618cYy5O,rcpt-12085,[],,,,setl_j6FqciI6UEdH7R,2026-07-13 17:59:07,CITIN26071347669038,Razorpay
payment,pay_pGEiqW2VhEqvnZ,9309.00,INR,186.18,33.51,0.00,9089.31,card,credit,HDFC,11/07/2026 00:12:36,46214.00875,[],,,,order_f0RHtSTf1DeSSS,rcpt-20833,[],,,,setl_j6FqciI6UEdH7R,2026-13-07 00:12:36,CITIN26071347669038,Razorpay
payment,pay_r1CLFQtS9qkw07,9177.00,INR,183.54,33.04,0.00,8960.42,upi,,,11/07/2026 07:25:05,2026-07-11 07:25:05,[],,,,order_PDTdKmstOeyWZG,rcpt-59746,[],,,,setl_j6FqciI6UEdH7R,2026-07-13 07:25:05,CITIN26071347669038,Razorpay
payment,pay_sj360t9zyD1g39,2214.50,INR,44.29,7.97,0.00,2162.24,upi,,,2026-07-11 14:38:34,46214.61011574074,[],,,,order_DVOjlVa2TXpyBn,rcpt-29347,[],,,,setl_j6FqciI6UEdH7R,2026-07-13 14:38:34,CITIN26071347669038,Razorpay
payment,pay_GIg1iKZ7B5IYcG,339.00,INR,6.78,1.22,0.00,331.00,card,credit,AXIS,46214.91045138889,2026-07-11 21:51:03,[],,,,order_76olcLmBVcvlzT,rcpt-74891,[],,,,setl_j6FqciI6UEdH7R,46216.91045138889,CITIN26071347669038,Razorpay
payment,pay_W7Qm6daTdrDTTu,229.00,INR,2.75,0.50,0.00,225.75,card,debit,KKBK,2026-07-11 04:04:32,2026-07-11 04:04:32,[],,,,order_fipipD6Suvslui,rcpt-66081,[],,,,setl_j6FqciI6UEdH7R,46216.16981481481,CITIN26071347669038,Razorpay
payment,pay_KU2s2NmO8iBWeW,11173.00,INR,279.33,50.28,0.00,10843.39,card,credit,SBIN,2026-07-11 11:17:01,46214.47015046296,[],,,,order_VHLWSDobq8yRMS,rcpt-86310,[],,,,setl_j6FqciI6UEdH7R,13/07/2026 11:17:01,CITIN26071347669038,Razorpay
payment,pay_Zm4HvBmtIAx0UM,6763.50,INR,135.27,24.35,0.00,6603.88,upi,,,2026-07-11 18:30:30,2026-07-11 18:30:30,[],,,,order_qjtvmwOtFa7Sw6,rcpt-65947,[],,,,setl_j6FqciI6UEdH7R,46216.77118055556,CITIN26071347669038,Razorpay
payment,pay_Cph0rml6F0SLV8,345.50,INR,6.91,1.24,0.00,337.35,upi,,,2026-07-11 01:43:59,2026-07-11 01:43:59,[],,,,order_IjqAIME6iZHDPF,rcpt-93146,[],,,,setl_j6FqciI6UEdH7R,46216.07221064815,CITIN26071347669038,Razorpay
payment,pay_vfWYOKUbygRto8,858.50,INR,17.17,3.09,0.00,838.24,upi,,,2026-07-11 08:56:28,2026-07-11 08:56:28,[],,,,order_I8WABxL5PWQyZO,rcpt-45360,[],,,,setl_j6FqciI6UEdH7R,46216.3725462963,CITIN26071347669038,Razorpay
payment,pay_EFgdnDvQiCawDH,9308.00,INR,111.70,20.11,0.00,9176.19,card,debit,SBIN,46214.63190972222,2026-07-11 15:09:57,[],,,,order_gWupjJeOAkvia7,rcpt-66626,[],,,,setl_j6FqciI6UEdH7R,2026-13-07 15:09:57,CITIN26071347669038,Razorpay
payment,pay_MvyhLILR0etFOz,11516.00,INR,230.32,41.46,0.00,11244.22,upi,,,11/07/2026 22:22:26,2026-07-11 22:22:26,[],,,,order_sVT85rJx3j1tgG,rcpt-53942,[],,,,setl_j6FqciI6UEdH7R,46216.93224537037,CITIN26071347669038,Razorpay
payment,pay_dsgsF8ex8AEdfr,2406.00,INR,48.12,8.66,0.00,2349.22,upi,,,2026-07-12 05:35:55,12/07/2026 05:35:55,[],,,,order_DU2j5a5hXVaq0e,rcpt-99514,[],,,,setl_MGhmHmSoDFzyZL,2026-07-14 05:35:55,CITIN26071421021948,Razorpay
payment,pay_IH1JLvydNmsOdT,2261.00,INR,45.22,8.14,0.00,2207.64,card,credit,,2026-07-12 12:48:24,12/07/2026 12:48:24,[],,,,order_nyUuoYvQId49Vd,rcpt-65991,[],,,,setl_MGhmHmSoDFzyZL,14/07/2026 12:48:24,CITIN26071421021948,Razorpay
payment,pay_aVplbEROEJf5CV,8273.00,INR,165.46,29.78,0.00,8077.76,upi,,,2026-07-12 19:01:53,12/07/2026 19:01:53,[],,,,order_wPYGIuUCArXJ9h,rcpt-94514,[],,,,setl_MGhmHmSoDFzyZL,46217.792974537035,CITIN26071421021948,Razorpay
payment,pay_rn5RuM8R9rweCH,4901.50,INR,98.03,17.65,0.00,4785.82,upi,,,2026-07-12 02:14:22,2026-07-12 02:14:22,[],,,,order_1t7X11qIrpfU7G,rcpt-15031,[],,,,setl_MGhmHmSoDFzyZL,46217.093310185184,CITIN26071421021948,Razorpay
payment,pay_DBZkVGxkkvBCti,1183.50,INR,23.67,4.26,0.00,1155.57,upi,,,46215.39434027778,12/07/2026 09:27:51,[],,,,order_Ao4wd2QQoDMLAo,rcpt-81043,[],,,,setl_MGhmHmSoDFzyZL,14/07/2026 09:27:51,CITIN26071421021948,Razorpay
payment,pay_Dr6WxzQ3D8xuLC,23260.50,INR,465.21,83.74,0.00,22711.55,card,credit,AXIS,2026-07-12 16:40:20,2026-12-07 16:40:20,[],,,,order_MTMzm2S6wJUGSu,rcpt-27470,[],,,,setl_MGhmHmSoDFzyZL,14/07/2026 16:40:20,CITIN26071421021948,Razorpay
payment,pay_SwsI4PkbjLX1NO,4333.50,INR,86.67,15.60,0.00,4231.23,upi,,,2026-12-07 23:53:49,46215.99570601852,[],,,,order_qDgMfAFqgT6IXG,rcpt-33601,[],,,,setl_MGhmHmSoDFzyZL,14/07/2026 23:53:49,CITIN26071421021948,Razorpay
payment,pay_0xvX4qPaPZS4tO,322.50,INR,6.45,1.16,0.00,314.89,upi,,,12/07/2026 06:06:18,2026-07-12 06:06:18,[],,,,order_DZ7Q8Amw6pyIMt,rcpt-50078,[],,,,setl_MGhmHmSoDFzyZL,46217.254375,CITIN26071421021948,Razorpay
payment,pay_qoLUFZtRiD6TOh,4554.00,INR,91.08,16.39,0.00,4446.53,wallet,,,12/07/2026 13:19:47,2026-07-12 13:19:47,[],,,,order_4Iq3JtZmk9wX1b,rcpt-52139,[],,,,setl_MGhmHmSoDFzyZL,2026-14-07 13:19:47,CITIN26071421021948,Razorpay
payment,pay_Yc2bLKh8nqtMXF,15856.00,INR,277.48,49.95,0.00,15528.57,netbanking,,SBIN,12/07/2026 20:32:16,2026-07-12 20:32:16,[],,,,order_q6ul6h3iKFfRWV,rcpt-26948,[],,,,setl_MGhmHmSoDFzyZL,2026-14-07 20:32:16,CITIN26071421021948,Razorpay
payment,pay_iZQC1QAQ7765Ch,573.00,INR,11.46,2.06,0.00,559.48,upi,,,2026-07-12 03:45:45,2026-07-12 03:45:45,[],,,,order_9TQ28AyTILqbI8,rcpt-73945,[],,,,setl_MGhmHmSoDFzyZL,2026-14-07 03:45:45,CITIN26071421021948,Razorpay
payment,pay_tpfWNZOA6hmWOl,4028.00,INR,80.56,14.50,0.00,3932.94,upi,,,12/07/2026 10:58:14,2026-07-12 10:58:14,[],,,,order_I7NF4jCFKvSBe8,rcpt-29636,[],,,,setl_MGhmHmSoDFzyZL,46217.45710648148,CITIN26071421021948,Razorpay
payment,pay_bOL24Yby1F4YU9,3735.50,INR,74.71,13.45,0.00,3647.34,wallet,,,12/07/2026 17:11:43,12/07/2026 17:11:43,[],,,,order_XUvvBDQoNlg1kx,rcpt-98503,[],,,,setl_MGhmHmSoDFzyZL,2026-07-14 17:11:43,CITIN26071421021948,Razorpay
payment,pay_ZLpyzRvp7oKNqe,3437.50,INR,68.75,12.38,0.00,3356.37,card,credit,HDFC,2026-07-12 00:24:12,2026-07-12 00:24:12,[],,,,order_Gq6atbXA9dnEXI,rcpt-48368,[],,,,setl_MGhmHmSoDFzyZL,2026-07-14 00:24:12,CITIN26071421021948,Razorpay
payment,pay_xBXnZO3iNiLAre,920.00,INR,18.40,3.31,0.00,898.29,upi,,,2026-07-12 07:37:41,2026-07-12 07:37:41,[],,,,order_zKSAgfBNSx1lb1,rcpt-41652,[],,,,setl_MGhmHmSoDFzyZL,14/07/2026 07:37:41,CITIN26071421021948,Razorpay
payment,pay_kiojzIO2NNCWh9,3054.50,INR,61.09,11.00,0.00,2982.41,upi,,,2026-07-12 14:50:10,2026-07-12 14:50:10,[],,,,order_mZ304be5hr1PIN,rcpt-31205,[],,,,setl_MGhmHmSoDFzyZL,2026-07-14 14:50:10,CITIN26071421021948,Razorpay
payment,pay_KefphOH7rkJhNq,2811.00,INR,70.28,12.65,0.00,2728.07,card,credit,,12/07/2026 21:03:39,2026-07-12 21:03:39,[],,,,order_Qx6T9QQjawjpoo,rcpt-91037,[],,,,setl_MGhmHmSoDFzyZL,2026-07-14 21:03:39,CITIN26071421021948,Razorpay
payment,pay_GjgH5DvttH5FAt,504.00,INR,10.08,1.81,0.00,492.11,upi,,,12/07/2026 04:16:08,2026-07-12 04:16:08,[],,,,order_xQsPkyUnaArVLW,rcpt-84416,[],,,,setl_MGhmHmSoDFzyZL,2026-07-14 04:16:08,CITIN26071421021948,Razorpay
payment,pay_nQJD2veUTKsW6d,18998.50,INR,379.97,68.39,0.00,18550.14,upi,,,46215.478900462964,2026-07-12 11:29:37,[],,,,order_ARPayXJ1Cp36Gq,rcpt-42092,[],,,,setl_MGhmHmSoDFzyZL,14/07/2026 11:29:37,CITIN26071421021948,Razorpay
payment,pay_G8fsesXCln2ueM,1940.50,INR,38.81,6.99,0.00,1894.70,upi,,,46215.77923611111,2026-07-12 18:42:06,[],,,,order_WisepRn75Fhsy2,rcpt-31354,[],,,,setl_MGhmHmSoDFzyZL,2026-07-14 18:42:06,CITIN26071421021948,Razorpay
payment,pay_jwNottQsFXdMx6,775.50,INR,9.31,1.68,0.00,764.51,card,debit,ICICI,2026-07-12 01:55:35,2026-07-12 01:55:35,[],,,,order_ZnFrQza7YEPBYn,rcpt-33547,[],,,,setl_MGhmHmSoDFzyZL,14/07/2026 01:55:35,CITIN26071421021948,Razorpay
payment,pay_ohmT4NUY4rGKeV,2997.00,INR,59.94,10.79,0.00,2926.27,card,credit,,2026-07-12 08:08:04,12/07/2026 08:08:04,[],,,,order_sGFdTjf0xbA8QW,rcpt-90494,[],,,,setl_MGhmHmSoDFzyZL,2026-07-14 08:08:04,CITIN26071421021948,Razorpay
payment,pay_Dx0AjOgTDrdjX4,21301.50,INR,426.03,76.69,0.00,20798.78,upi,,,2026-07-12 15:21:33,2026-07-12 15:21:33,[],,,,order_RDd21AtdMRaysy,rcpt-45713,[],,,,setl_MGhmHmSoDFzyZL,14/07/2026 15:21:33,CITIN26071421021948,Razorpay
payment,pay_aa6NXLk2ZCGlz6,4630.50,INR,92.61,16.67,0.00,4521.22,upi,,,46215.940300925926,2026-07-12 22:34:02,[],,,,order_LNfKQjMXmE5xqs,rcpt-61938,[],,,,setl_MGhmHmSoDFzyZL,2026-07-14 22:34:02,CITIN26071421021948,Razorpay
payment,pay_ehxEBPTIr4x2b8,568.00,INR,11.36,2.04,0.00,554.60,upi,,,46215.24133101852,2026-07-12 05:47:31,[],,,,order_nhBod0vYwzmADK,rcpt-91781,[],,,,setl_MGhmHmSoDFzyZL,2026-07-14 05:47:31,CITIN26071421021948,Razorpay
payment,pay_BWOTvlLa1gbf3L,2575.00,INR,51.50,9.27,0.00,2514.23,upi,,,46215.5,12/07/2026 12:00:00,[],,,,order_vlM5funtq9BZX7,rcpt-32995,[],,,,setl_MGhmHmSoDFzyZL,2026-07-14 12:00:00,CITIN26071421021948,Razorpay
payment,pay_VIBNUqqdOlHzfG,623.00,INR,12.46,2.24,0.00,608.30,wallet,,,2026-07-12 19:13:29,2026-07-12 19:13:29,[],,,,order_GbfG3Zjym6nGoL,rcpt-62484,[],,,,setl_MGhmHmSoDFzyZL,2026-07-14 19:13:29,CITIN26071421021948,Razorpay
payment,pay_0UejLwU26hPGFU,8627.00,INR,172.54,31.06,0.00,8423.40,upi,,,2026-07-12 02:26:58,46215.102060185185,[],,,,order_AFHk9encB7rY9V,rcpt-25757,[],,,,setl_MGhmHmSoDFzyZL,2026-07-14 02:26:58,CITIN26071421021948,Razorpay
payment,pay_ml3fITJwvtKcmP,724.00,INR,12.67,2.28,0.00,709.05,netbanking,,ICICI,2026-12-07 09:39:27,2026-07-12 09:39:27,[],,,,order_nbEhYIzawAae0q,rcpt-70219,[],,,,setl_MGhmHmSoDFzyZL,2026-07-14 09:39:27,CITIN26071421021948,Razorpay
payment,pay_fKVCycrs0ZYt2r,22085.50,INR,441.71,79.51,0.00,21564.28,upi,,,12/07/2026 16:52:56,12/07/2026 16:52:56,[],,,,order_Kz1GkyNPnXXYEs,rcpt-19221,[],,,,setl_MGhmHmSoDFzyZL,2026-07-14 16:52:56,CITIN26071421021948,Razorpay
payment,pay_5OS1trepkITsFa,799.50,INR,15.99,2.88,0.00,780.63,card,credit,,2026-07-12 23:05:25,2026-07-12 23:05:25,[],,,,order_7ZMSP6z26WEoNy,rcpt-27018,[],,,,setl_MGhmHmSoDFzyZL,2026-07-14 23:05:25,CITIN26071421021948,Razorpay
payment,pay_9GrodG9ygx12rf,16117.00,INR,322.34,58.02,0.00,15736.64,upi,,,12/07/2026 06:18:54,2026-12-07 06:18:54,[],,,,order_mg56vREqbVseZF,rcpt-48173,[],,,,setl_MGhmHmSoDFzyZL,14/07/2026 06:18:54,CITIN26071421021948,Razorpay
payment,pay_CqS3ttI1ycZWbG,24933.00,INR,872.66,157.08,0.00,23903.26,card,credit,SBIN,13/07/2026 13:31:23,2026-07-13 13:31:23,[],,,,order_Hk11jiiC0ysenV,rcpt-20920,[],,,,setl_SRLAXwKHOsT57S,14/07/2026 13:31:23,CITIN26071419658777,Razorpay
payment,pay_Lj2JxzxsHb0WnZ,17698.50,INR,353.97,63.71,0.00,17280.82,upi,,,46216.86449074074,2026-07-13 20:44:52,[],,,,order_ng93AtVP7wKGjd,rcpt-74082,[],,,,setl_SRLAXwKHOsT57S,2026-07-14 20:44:52,CITIN26071419658777,Razorpay
payment,pay_uATIEX1OjSI63I,7342.50,INR,146.85,26.43,0.00,7169.22,upi,,,46216.164826388886,13/07/2026 03:57:21,[],,,,order_r2Dx4NBWNU0UoF,rcpt-67159,[],,,,setl_SRLAXwKHOsT57S,2026-07-14 03:57:21,CITIN26071419658777,Razorpay
payment,pay_3B3VhyooiJStFS,548.50,INR,10.97,1.97,0.00,535.56,upi,,,2026-07-13 10:10:50,2026-07-13 10:10:50,[],,,,order_3x15PB8vLwHgTY,rcpt-11068,[],,,,setl_SRLAXwKHOsT57S,46217.42418981482,CITIN26071419658777,Razorpay
payment,pay_CwXp3fCQZSfzgK,425.00,INR,8.50,1.53,0.00,414.97,card,credit,SBIN,2026-07-13 17:23:19,2026-07-13 17:23:19,[],,,,order_lzPUaF3r06V3Vg,rcpt-60121,[],,,,setl_SRLAXwKHOsT57S,46217.72452546296,CITIN26071419658777,Razorpay
payment,pay_ECAi0uryaNsQLd,24239.50,INR,484.79,87.26,0.00,23667.45,upi,,,2026-07-13 00:36:48,2026-13-07 00:36:48,[],,,,order_YpwBTre5FJRwB9,rcpt-44217,[],,,,setl_SRLAXwKHOsT57S,2026-07-14 00:36:48,CITIN26071419658777,Razorpay
payment,pay_XfWswndsepSjsH,21978.00,INR,439.56,79.12,0.00,21459.32,card,credit,SBIN,46216.325891203705,46216.325891203705,[],,,,order_4wKltjJ4Wfs0qq,rcpt-64149,[],,,,setl_SRLAXwKHOsT57S,2026-07-14 07:49:17,CITIN26071419658777,Razorpay
payment,pay_7B5ihvlc8LGiWq,3979.50,INR,139.28,25.07,0.00,3815.15,card,credit,HDFC,13/07/2026 14:02:46,13/07/2026 14:02:46,[],,,,order_CHrfrsGTCEqBm6,rcpt-92599,[],,,,setl_SRLAXwKHOsT57S,2026-07-14 14:02:46,CITIN26071419658777,Razorpay
payment,pay_zV8KsH9Vwt2byz,24237.00,INR,484.74,87.25,0.00,23665.01,upi,,,2026-07-13 21:15:15,13/07/2026 21:15:15,[],,,,order_89BWrqjiCvN2WL,rcpt-26743,[],,,,setl_SRLAXwKHOsT57S,2026-07-14 21:15:15,CITIN26071419658777,Razorpay
payment,pay_VwuVlQMd37uuDh,2985.00,INR,59.70,10.75,0.00,2914.55,upi,,,2026-07-13 04:28:44,46216.18662037037,[],,,,order_mV3fNHuqU6iafp,rcpt-52239,[],,,,setl_SRLAXwKHOsT57S,2026-07-14 04:28:44,CITIN26071419658777,Razorpay
payment,pay_L7tVBKnkXA7mAX,22433.50,INR,448.67,80.76,0.00,21904.07,card,credit,AXIS,2026-07-13 11:41:13,13/07/2026 11:41:13,[],,,,order_67GYK3zxWcrStq,rcpt-21686,[],,,,setl_SRLAXwKHOsT57S,46217.48695601852,CITIN26071419658777,Razorpay
payment,pay_mDNMMCrlPwiAh5,3434.00,INR,68.68,12.36,0.00,3352.96,upi,,,2026-07-13 18:54:42,2026-07-13 18:54:42,[],,,,order_ihbK6DNfabe1y5,rcpt-85550,[],,,,setl_SRLAXwKHOsT57S,2026-07-14 18:54:42,CITIN26071419658777,Razorpay
payment,pay_Y480KNqaK9cu3h,3468.50,INR,60.70,10.93,0.00,3396.87,netbanking,,SBIN,46216.04665509259,13/07/2026 01:07:11,[],,,,order_MrnPs5orQyWqcC,rcpt-24502,[],,,,setl_SRLAXwKHOsT57S,14/07/2026 01:07:11,CITIN26071419658777,Razorpay
payment,pay_NfD4IlBOkIwNMf,1565.50,INR,31.31,5.64,0.00,1528.55,upi,,,13/07/2026 08:20:40,2026-07-13 08:20:40,[],,,,order_n9hLH0qaUlHZjp,rcpt-22064,[],,,,setl_SRLAXwKHOsT57S,14/07/2026 08:20:40,CITIN26071419658777,Razorpay
payment,pay_y9tbVQfZg1S4nE,4765.50,INR,95.31,17.16,0.00,4653.03,upi,,,2026-07-13 15:33:09,13/07/2026 15:33:09,[],,,,order_GdB7RqWfMaaEdA,rcpt-89413,[],,,,setl_SRLAXwKHOsT57S,2026-14-07 15:33:09,CITIN26071419658777,Razorpay
payment,pay_0klwDPA4b2nX3E,2388.00,INR,28.66,5.16,0.00,2354.18,card,debit,,13/07/2026 22:46:38,2026-07-13 22:46:38,[],,,,order_DMDycVJHLrvfSB,rcpt-36521,[],,,,setl_SRLAXwKHOsT57S,2026-07-14 22:46:38,CITIN26071419658777,Razorpay
payment,pay_oFJUcPVoHvahe2,4565.50,INR,91.31,16.44,0.00,4457.75,card,credit,AXIS,46216.249386574076,2026-07-13 05:59:07,[],,,,order_h1WJTPgNVDNpct,rcpt-95243,[],,,,setl_SRLAXwKHOsT57S,14/07/2026 05:59:07,CITIN26071419658777,Razorpay
payment,pay_CFA9mDpTli3mfz,2709.00,INR,54.18,9.75,0.00,2645.07,upi,,,2026-07-13 12:12:36,2026-07-13 12:12:36,[],,,,order_udtaa0pnore4Qm,rcpt-83456,[],,,,setl_SRLAXwKHOsT57S,14/07/2026 12:12:36,CITIN26071419658777,Razorpay
payment,pay_Ycj3xeZnkB8EUA,928.00,INR,11.14,2.01,0.00,914.85,card,debit,SBIN,13/07/2026 19:25:05,13/07/2026 19:25:05,[],,,,order_tXlyVpDkduJNmN,rcpt-45636,[],,,,setl_SRLAXwKHOsT57S,2026-07-14 19:25:05,CITIN26071419658777,Razorpay
payment,pay_uSA4G5QAz1kVBq,1197.50,INR,23.95,4.31,0.00,1169.24,upi,,,2026-07-13 02:38:34,2026-13-07 02:38:34,[],,,,order_CiflnS91i0KV03,rcpt-45352,[],,,,setl_SRLAXwKHOsT57S,2026-07-14 02:38:34,CITIN26071419658777,Razorpay
payment,pay_T65E5dl2qYP8h5,21888.50,INR,437.77,78.80,0.00,21371.93,upi,,,46216.41045138889,2026-07-13 09:51:03,[],,,,order_Uz4vrTkgyuJhDK,rcpt-50681,[],,,,setl_SRLAXwKHOsT57S,14/07/2026 09:51:03,CITIN26071419658777,Razorpay
payment,pay_q7sL2CRJ7gbplj,666.00,INR,7.99,1.44,0.00,656.57,card,debit,AXIS,2026-07-13 16:04:32,2026-13-07 16:04:32,[],,,,order_fm5shS5pODO8jC,rcpt-35409,[],,,,setl_SRLAXwKHOsT57S,2026-07-14 16:04:32,CITIN26071419658777,Razorpay
payment,pay_RRM7HCA7GnO7IZ,222.00,INR,3.89,0.70,0.00,217.41,netbanking,,SBIN,46216.97015046296,2026-07-13 23:17:01,[],,,,order_jMRvyKdBs81CVm,rcpt-29446,[],,,,setl_SRLAXwKHOsT57S,2026-07-14 23:17:01,CITIN26071419658777,Razorpay
payment,pay_83FH2lAw00tGhx,13957.00,INR,279.14,50.25,0.00,13627.61,upi,,,2026-07-13 06:30:30,13/07/2026 06:30:30,[],,,,order_rVDnW7moh30rBm,rcpt-73541,[],,,,setl_SRLAXwKHOsT57S,2026-07-14 06:30:30,CITIN26071419658777,Razorpay
payment,pay_nsvGsybNKJJS13,589.00,INR,11.78,2.12,0.00,575.10,upi,,,46216.57221064815,2026-07-13 13:43:59,[],,,,order_pdYygwCNBomFgq,rcpt-47707,[],,,,setl_SRLAXwKHOsT57S,2026-07-14 13:43:59,CITIN26071419658777,Razorpay
payment,pay_alcnQ0tIctt8Py,2952.00,INR,59.04,10.63,0.00,2882.33,upi,,,2026-07-13 20:56:28,2026-07-13 20:56:28,[],,,,order_DqCojdS2zTOG8l,rcpt-37744,[],,,,setl_SRLAXwKHOsT57S,2026-07-14 20:56:28,CITIN26071419658777,Razorpay
payment,pay_qeFuF3OERoBuI6,15375.50,INR,307.51,55.35,0.00,15012.64,card,credit,SBIN,46217.13190972222,2026-14-07 03:09:57,[],,,,order_6Wbvy5gtQ9jIsX,rcpt-84472,[],,,,setl_caJJW10fc12xjA,2026-07-16 03:09:57,CITIN26071654957589,Razorpay
refund,rfnd_k6tYE4ZDnv6gjm,296.00,INR,4.00,0.72,300.72,0.00,,,,15/07/2026 10:22:26,,,"{""refund_reason"": ""customer_request""}",622391759747,,,,,,,,setl_caJJW10fc12xjA,46219.43224537037,CITIN26071654957589,Razorpay
refund,rfnd_tlGbOrbaPgM92S,3323.50,INR,4.00,0.72,3328.22,0.00,,,,15/07/2026 17:35:55,,,"{""refund_reason"": ""customer_request""}",438233659611,,,,,,,,setl_caJJW10fc12xjA,16/07/2026 17:35:55,CITIN26071654957589,Razorpay
refund,rfnd_HWiNdetmdhbSWw,928.00,INR,4.00,0.72,932.72,0.00,,,,15/07/2026 00:48:24,,,"{""refund_reason"": ""duplicate_order""}",354022584596,,,,,,,,setl_caJJW10fc12xjA,2026-07-16 00:48:24,CITIN26071654957589,Razorpay
payment,pay_KhDxuySbPYRsKW,3337.50,INR,66.75,12.02,0.00,3258.73,upi,,,2026-07-15 07:01:53,2026-07-15 07:01:53,[],,,,order_en7prTheFRiYV5,rcpt-88893,[],,,,setl_g1xMCk6cJLMGJM,2026-07-16 07:01:53,CITIN26071655851529,Razorpay
payment,pay_Tfbvm1WpvqJ9Xt,2866.00,INR,57.32,10.32,0.00,2798.36,upi,,,46218.593310185184,2026-15-07 14:14:22,[],,,,order_2vfEd1aovegbwW,rcpt-75754,[],,,,setl_g1xMCk6cJLMGJM,16/07/2026 14:14:22,CITIN26071655851529,Razorpay
payment,pay_NMlRJhAR2jHcs1,2155.50,INR,25.87,4.66,0.00,2124.97,card,debit,HDFC,2026-07-15 21:27:51,2026-07-15 21:27:51,[],,,,order_GJ3OXXAe9H6RUb,rcpt-28204,[],,,,setl_g1xMCk6cJLMGJM,2026-07-16 21:27:51,CITIN26071655851529,Razorpay
payment,pay_JrsdZQSx5HMbdE,3759.50,INR,75.19,13.53,0.00,3670.78,upi,,,2026-07-15 04:40:20,2026-15-07 04:40:20,[],,,,order_we6h0CGXXHY5Of,rcpt-88821,[],,,,setl_g1xMCk6cJLMGJM,2026-07-16 04:40:20,CITIN26071655851529,Razorpay
payment,pay_TXUyqPOJW8AEib,12814.50,INR,256.29,46.13,0.00,12512.08,upi,,,46218.49570601852,2026-07-15 11:53:49,[],,,,order_jGdarRICmwfFCa,rcpt-58681,[],,,,setl_g1xMCk6cJLMGJM,2026-07-16 11:53:49,CITIN26071655851529,Razorpay
payment,pay_Wpu7j1f5cDRgDw,4488.50,INR,89.77,16.16,0.00,4382.57,upi,,,2026-07-15 18:06:18,15/07/2026 18:06:18,[],,,,order_639j7qP5Nofegd,rcpt-22301,[],,,,setl_g1xMCk6cJLMGJM,16/07/2026 18:06:18,CITIN26071655851529,Razorpay
payment,pay_TH8AqnKX5zaw5K,4135.50,INR,82.71,14.89,0.00,4037.90,upi,,,2026-07-15 01:19:47,2026-07-15 01:19:47,[],,,,order_YAPdrlnGBNYbFA,rcpt-44085,[],,,,setl_g1xMCk6cJLMGJM,46219.05540509259,CITIN26071655851529,Razorpay
payment,pay_3icOLlB0k68b1y,1292.50,INR,25.85,4.65,0.00,1262.00,upi,,,2026-07-15 08:32:16,2026-07-15 08:32:16,[],,,,order_J93KDKSGRK38cN,rcpt-53688,[],,,,setl_g1xMCk6cJLMGJM,2026-07-16 08:32:16,CITIN26071655851529,Razorpay
payment,pay_jmLqVlnRw9MQTl,1085.50,INR,21.71,3.91,0.00,1059.88,upi,,,2026-07-15 15:45:45,2026-07-15 15:45:45,[],,,,order_rceqTyhxAsERXL,rcpt-11673,[],,,,setl_g1xMCk6cJLMGJM,2026-07-16 15:45:45,CITIN26071655851529,Razorpay
payment,pay_S0eM8cCKPWznuk,265.00,INR,6.63,1.19,0.00,257.18,card,credit,,15/07/2026 22:58:14,2026-07-15 22:58:14,[],,,,order_qe07QVQ36rcAY7,rcpt-62090,[],,,,setl_g1xMCk6cJLMGJM,2026-07-16 22:58:14,CITIN26071655851529,Razorpay
payment,pay_qyyvtaBUA9QTtx,19927.00,INR,398.54,71.74,0.00,19456.72,card,credit,HDFC,2026-07-15 05:11:43,2026-07-15 05:11:43,[],,,,order_HMzGV6ON7pnLuT,rcpt-39171,[],,,,setl_g1xMCk6cJLMGJM,16/07/2026 05:11:43,CITIN26071655851529,Razorpay
payment,pay_2GaUddrLO3F49y,448.50,INR,8.97,1.61,0.00,437.92,upi,,,2026-07-15 12:24:12,2026-07-15 12:24:12,[],,,,order_lFlsiuI1wIBlDL,rcpt-23884,[],,,,setl_g1xMCk6cJLMGJM,2026-07-16 12:24:12,CITIN26071655851529,Razorpay
payment,pay_LAphaVXCYYL0Q9,354.50,INR,6.20,1.12,0.00,347.18,netbanking,,ICICI,2026-07-15 19:37:41,15/07/2026 19:37:41,[],,,,order_B1yagdcYGIgh6m,rcpt-27351,[],,,,setl_g1xMCk6cJLMGJM,16/07/2026 19:37:41,CITIN26071655851529,Razorpay
payment,pay_nae1mqOm0oRUwy,8867.50,INR,155.18,27.93,0.00,8684.39,netbanking,,ICICI,2026-07-15 02:50:10,46218.11817129629,[],,,,order_Sio4Dw9rNObuEI,rcpt-44058,[],,,,setl_g1xMCk6cJLMGJM,2026-07-16 02:50:10,CITIN26071655851529,Razorpay
payment,pay_1BWJcumwXEXmyU,429.00,INR,8.58,1.54,0.00,418.88,upi,,,2026-07-15 09:03:39,2026-07-15 09:03:39,[],,,,order_EnKDBWoaZYDoNm,rcpt-56453,[],,,,setl_g1xMCk6cJLMGJM,16/07/2026 09:03:39,CITIN26071655851529,Razorpay
payment,pay_Fa8h720gAb4qvF,784.00,INR,15.68,2.82,0.00,765.50,upi,,,2026-07-15 16:16:08,2026-07-15 16:16:08,[],,,,order_bKFZkSEZBcOasU,rcpt-13890,[],,,,setl_g1xMCk6cJLMGJM,2026-07-16 16:16:08,CITIN26071655851529,Razorpay
payment,pay_u8EtVrsVPgyP2G,10515.00,INR,184.01,33.12,0.00,10297.87,netbanking,,,2026-07-15 23:29:37,2026-07-15 23:29:37,[],,,,order_avaQn7zHd8ZQhs,rcpt-93867,[],,,,setl_g1xMCk6cJLMGJM,46219.978900462964,CITIN26071655851529,Razorpay
payment,pay_AK5XVJd0dyD4gF,8268.00,INR,144.69,26.04,0.00,8097.27,netbanking,,HDFC,46218.27923611111,2026-07-15 06:42:06,[],,,,order_nYlFcp10dZKlsA,rcpt-53697,[],,,,setl_g1xMCk6cJLMGJM,2026-07-16 06:42:06,CITIN26071655851529,Razorpay
payment,pay_vBEDux59H45nOW,710.00,INR,14.20,2.56,0.00,693.24,card,credit,AXIS,2026-07-15 13:55:35,2026-07-15 13:55:35,[],,,,order_7vCSN1Gt1pZ5d3,rcpt-94412,[],,,,setl_g1xMCk6cJLMGJM,46219.5802662037,CITIN26071655851529,Razorpay
payment,pay_lsUYJipaeZvynY,6518.00,INR,130.36,23.46,0.00,6364.18,upi,,,2026-07-15 20:08:04,15/07/2026 20:08:04,[],,,,order_9QAGbC2B8qVdhS,rcpt-36701,[],,,,setl_g1xMCk6cJLMGJM,16/07/2026 20:08:04,CITIN26071655851529,Razorpay
payment,pay_hQVHkzvdL3uTLg,705.50,INR,14.11,2.54,0.00,688.85,upi,,,2026-07-15 03:21:33,46218.139965277776,[],,,,order_7R9E6PgzYUJMkS,rcpt-49857,[],,,,setl_g1xMCk6cJLMGJM,2026-07-16 03:21:33,CITIN26071655851529,Razorpay
payment,pay_0Tdz75OWbuW1il,407.50,INR,4.89,0.88,0.00,401.73,card,debit,HDFC,15/07/2026 10:34:02,2026-07-15 10:34:02,[],,,,order_wjZoSW9eKnPlJG,rcpt-91206,[],,,,setl_g1xMCk6cJLMGJM,16/07/2026 10:34:02,CITIN26071655851529,Razorpay
payment,pay_1DKK3BORC55I8S,407.00,INR,7.12,1.28,0.00,398.60,netbanking,,HDFC,2026-07-15 17:47:31,2026-07-15 17:47:31,[],,,,order_QMLq79DYkeggRm,rcpt-58640,[],,,,setl_g1xMCk6cJLMGJM,16/07/2026 17:47:31,CITIN26071655851529,Razorpay
payment,pay_aHSjtKs3qYtEhq,3331.00,INR,66.62,11.99,0.00,3252.39,upi,,,15/07/2026 00:00:00,15/07/2026 00:00:00,[],,,,order_2YGLT77UwI3Yg4,rcpt-31861,[],,,,setl_g1xMCk6cJLMGJM,2026-07-16 00:00:00,CITIN26071655851529,Razorpay
payment,pay_jcE44nLicZJcxH,12701.00,INR,254.02,45.72,0.00,12401.26,upi,,,2026-07-15 07:13:29,2026-07-15 07:13:29,[],,,,order_5ycBnZ1lz2PPSu,rcpt-76570,[],,,,setl_g1xMCk6cJLMGJM,2026-07-16 07:13:29,CITIN26071655851529,Razorpay
payment,pay_jjFCbqNTcjnFlK,19376.50,INR,387.53,69.76,0.00,18919.21,upi,,,2026-07-15 14:26:58,2026-07-15 14:26:58,[],,,,order_fsfSgRIQpQPwfD,rcpt-88619,[],,,,setl_g1xMCk6cJLMGJM,16/07/2026 14:26:58,CITIN26071655851529,Razorpay
payment,pay_7MS5UxxG5L6U04,336.50,INR,6.73,1.21,0.00,328.56,upi,,,2026-07-15 21:39:27,2026-07-15 21:39:27,[],,,,order_OFVsmbNY9iCt0D,rcpt-31136,[],,,,setl_g1xMCk6cJLMGJM,2026-16-07 21:39:27,CITIN26071655851529,Razorpay
payment,pay_MKAAPsKIY5fs57,526.50,INR,10.53,1.90,0.00,514.07,upi,,,15/07/2026 04:52:56,15/07/2026 04:52:56,[],,,,order_kvxlkMVOZh8Zpp,rcpt-49295,[],,,,setl_g1xMCk6cJLMGJM,2026-07-16 04:52:56,CITIN26071655851529,Razorpay
payment,pay_AIGSki8Jhu7XGc,529.00,INR,10.58,1.90,0.00,516.52,wallet,,,2026-07-15 11:05:25,2026-07-15 11:05:25,[],,,,order_KDrKZKDX9VVMUx,rcpt-28692,[],,,,setl_g1xMCk6cJLMGJM,2026-07-16 11:05:25,CITIN26071655851529,Razorpay
payment,pay_bGTHv2ILndhpVs,4847.50,INR,58.17,10.47,0.00,4778.86,card,debit,ICICI,15/07/2026 18:18:54,2026-07-15 18:18:54,[],,,,order_28335S7yiBNPu0,rcpt-70085,[],,,,setl_g1xMCk6cJLMGJM,2026-07-16 18:18:54,CITIN26071655851529,Razorpay
payment,pay_IT8S57kbKr1QQy,4635.50,INR,92.71,16.69,0.00,4526.10,upi,,,46218.06346064815,2026-07-15 01:31:23,[],,,,order_nqHIxR6TOf0v0l,rcpt-34401,[],,,,setl_g1xMCk6cJLMGJM,2026-07-16 01:31:23,CITIN26071655851529,Razorpay
payment,pay_MRwM9KrHaTsO10,4175.00,INR,83.50,15.03,0.00,4076.47,upi,,,2026-15-07 08:44:52,15/07/2026 08:44:52,[],,,,order_baUPSpXn8ENnNZ,rcpt-53123,[],,,,setl_g1xMCk6cJLMGJM,2026-07-16 08:44:52,CITIN26071655851529,Razorpay
payment,pay_IIrYKH5m5GgAy3,10289.50,INR,180.07,32.41,0.00,10077.02,netbanking,,SBIN,2026-07-15 15:57:21,2026-07-15 15:57:21,[],,,,order_Qjg3sqCOPm1RYb,rcpt-98490,[],,,,setl_g1xMCk6cJLMGJM,2026-07-16 15:57:21,CITIN26071655851529,Razorpay
payment,pay_hidNHGZwaiIuYM,303.00,INR,6.06,1.09,0.00,295.85,upi,,,2026-07-15 22:10:50,2026-07-15 22:10:50,[],,,,order_BmLp6ErpmkBIQo,rcpt-99246,[],,,,setl_g1xMCk6cJLMGJM,2026-07-16 22:10:50,CITIN26071655851529,Razorpay
payment,pay_6PC6zKcnAuZ7nc,4202.00,INR,84.04,15.13,0.00,4102.83,upi,,,2026-07-15 05:23:19,2026-07-15 05:23:19,[],,,,order_DILNh9bxWmCu3F,rcpt-49236,[],,,,setl_g1xMCk6cJLMGJM,46219.22452546296,CITIN26071655851529,Razorpay
payment,pay_TSqVed7NF3VaJ2,799.00,INR,15.98,2.88,0.00,780.14,upi,,,2026-07-15 12:36:48,2026-15-07 12:36:48,[],,,,order_aSq2oR7B7Hvi7p,rcpt-45288,[],,,,setl_g1xMCk6cJLMGJM,46219.525555555556,CITIN26071655851529,Razorpay
payment,pay_xp30S1VC9LdA6R,4285.00,INR,51.42,9.26,0.00,4224.32,card,debit,HDFC,46218.825891203705,2026-07-15 19:49:17,[],,,,order_C3Jm0S75Ys04Zw,rcpt-97000,[],,,,setl_g1xMCk6cJLMGJM,2026-07-16 19:49:17,CITIN26071655851529,Razorpay
payment,pay_SjfKU3XB3Ie2QS,4152.50,INR,83.05,14.95,0.00,4054.50,card,credit,HDFC,2026-07-15 02:02:46,2026-07-15 02:02:46,[],,,,order_mG1HSh49RivfcA,rcpt-99557,[],,,,setl_g1xMCk6cJLMGJM,16/07/2026 02:02:46,CITIN26071655851529,Razorpay
payment,pay_P7NqTvJb8NuPv7,2774.50,INR,55.49,9.99,0.00,2709.02,upi,,,15/07/2026 09:15:15,2026-07-15 09:15:15,[],,,,order_1LEes321DbbBRN,rcpt-86217,[],,,,setl_g1xMCk6cJLMGJM,2026-07-16 09:15:15,CITIN26071655851529,Razorpay
payment,pay_2QaIbpg47nFNEs,18068.50,INR,361.37,65.05,0.00,17642.08,card,credit,AXIS,2026-07-15 16:28:44,2026-07-15 16:28:44,[],,,,order_Nnu4nr3RUvcZAm,rcpt-95227,[],,,,setl_g1xMCk6cJLMGJM,46219.68662037037,CITIN26071655851529,Razorpay
payment,pay_3AOfVxDdm973fr,603.00,INR,12.06,2.17,0.00,588.77,card,credit,HDFC,2026-07-15 23:41:13,2026-07-15 23:41:13,[],,,,order_Gg0ZLJf2QxjDG9,rcpt-20935,[],,,,setl_g1xMCk6cJLMGJM,2026-07-16 23:41:13,CITIN26071655851529,Razorpay
payment,pay_U8lt2MDT11iB2c,4368.50,INR,87.37,15.73,0.00,4265.40,wallet,,,2026-07-15 06:54:42,15/07/2026 06:54:42,[],,,,order_WtwjaDyjFYvsQI,rcpt-86320,[],,,,setl_g1xMCk6cJLMGJM,2026-16-07 06:54:42,CITIN26071655851529,Razorpay
payment,pay_0p6UqreE65XRwm,3282.00,INR,65.64,11.82,0.00,3204.54,upi,,,2026-07-15 13:07:11,2026-07-15 13:07:11,[],,,,order_prc06QoZU23wje,rcpt-10478,[],,,,setl_g1xMCk6cJLMGJM,2026-07-16 13:07:11,CITIN26071655851529,Razorpay
payment,pay_0G19ta1LYRCGko,958.00,INR,19.16,3.45,0.00,935.39,card,credit,AXIS,15/07/2026 20:20:40,2026-07-15 20:20:40,[],,,,order_h7FnBs70hIcTnV,rcpt-72109,[],,,,setl_g1xMCk6cJLMGJM,2026-07-16 20:20:40,CITIN26071655851529,Razorpay
payment,pay_vkgfeEv0RQFg1f,236.50,INR,4.73,0.85,0.00,230.92,card,credit,SBIN,46218.14802083333,46218.14802083333,[],,,,order_fjzuMGgVRuv5cV,rcpt-20366,[],,,,setl_g1xMCk6cJLMGJM,2026-07-16 03:33:09,CITIN26071655851529,Razorpay
payment,pay_8raUn3Tug17dKE,9951.00,INR,199.02,35.82,0.00,9716.16,upi,,,2026-07-15 10:46:38,2026-07-15 10:46:38,[],,,,order_5jFH6ZtMUIzu3p,rcpt-69201,[],,,,setl_g1xMCk6cJLMGJM,46219.44905092593,CITIN26071655851529,Razorpay
payment,pay_J47pe0zuSq64Vb,507.00,INR,10.14,1.83,0.00,495.03,card,credit,SBIN,2026-07-15 17:59:07,46218.749386574076,[],,,,order_cp1emPs9t1Mouq,rcpt-38368,[],,,,setl_g1xMCk6cJLMGJM,2026-07-16 17:59:07,CITIN26071655851529,Razorpay
payment,pay_JPkzXzdiunVrwi,2342.00,INR,40.99,7.38,0.00,2293.63,netbanking,,ICICI,46218.00875,46218.00875,[],,,,order_HdpW8XK0qChREi,rcpt-21926,[],,,,setl_g1xMCk6cJLMGJM,2026-07-16 00:12:36,CITIN26071655851529,Razorpay
payment,pay_w8FrXPVb9YkFRg,654.50,INR,11.45,2.06,0.00,640.99,netbanking,,,2026-16-07 07:25:05,16/07/2026 07:25:05,[],,,,order_ryfrZWZzOE4Qax,rcpt-34976,[],,,,setl_b3z50Ug2GUMFKO,20/07/2026 07:25:05,CITIN26072015967616,Razorpay
payment,pay_fjCrWDCmBPjVu1,4402.50,INR,88.05,15.85,0.00,4298.60,wallet,,,2026-07-16 14:38:34,2026-07-16 14:38:34,[],,,,order_h6yq4ShQLvn7wo,rcpt-48465,[],,,,setl_b3z50Ug2GUMFKO,2026-07-20 14:38:34,CITIN26072015967616,Razorpay
payment,pay_2QbdsOdi1EiaJP,3104.00,INR,62.08,11.17,0.00,3030.75,upi,,,2026-16-07 21:51:03,2026-07-16 21:51:03,[],,,,order_lkw3Xt9KyV48T4,rcpt-76040,[],,,,setl_b3z50Ug2GUMFKO,20/07/2026 21:51:03,CITIN26072015967616,Razorpay
payment,pay_fqa4RHqsQNhc04,10160.50,INR,203.21,36.58,0.00,9920.71,card,credit,ICICI,16/07/2026 04:04:32,2026-07-16 04:04:32,[],,,,order_ih6Zqk17XRjL35,rcpt-61078,[],,,,setl_b3z50Ug2GUMFKO,2026-07-20 04:04:32,CITIN26072015967616,Razorpay
payment,pay_KrJLKwY8bI3Yrd,2890.50,INR,57.81,10.41,0.00,2822.28,upi,,,2026-07-16 11:17:01,2026-07-16 11:17:01,[],,,,order_QhWFTOL9KdDLCx,rcpt-10398,[],,,,setl_b3z50Ug2GUMFKO,46223.47015046296,CITIN26072015967616,Razorpay
payment,pay_QeGuVxt4ylqn9T,239.00,INR,4.78,0.86,0.00,233.36,card,credit,SBIN,16/07/2026 18:30:30,2026-07-16 18:30:30,[],,,,order_q0H7sGsLILBnMf,rcpt-31116,[],,,,setl_b3z50Ug2GUMFKO,2026-07-20 18:30:30,CITIN26072015967616,Razorpay
payment,pay_WHEP1PaFDGSsXT,2152.00,INR,43.04,7.75,0.00,2101.21,upi,,,2026-16-07 01:43:59,16/07/2026 01:43:59,[],,,,order_xXRfijfvRmE7KV,rcpt-12865,[],,,,setl_b3z50Ug2GUMFKO,20/07/2026 01:43:59,CITIN26072015967616,Razorpay
payment,pay_LiXz5oQB07c6pl,961.00,INR,11.53,2.08,0.00,947.39,card,debit,HDFC,2026-07-16 08:56:28,16/07/2026 08:56:28,[],,,,order_8gztak2egc8Pq0,rcpt-80082,[],,,,setl_b3z50Ug2GUMFKO,46223.3725462963,CITIN26072015967616,Razorpay
payment,pay_7xruNwcpcv5xX9,3422.00,INR,68.44,12.32,0.00,3341.24,card,credit,ICICI,16/07/2026 15:09:57,46219.63190972222,[],,,,order_Vbf72SKH0qtmnB,rcpt-89812,[],,,,setl_b3z50Ug2GUMFKO,2026-07-20 15:09:57,CITIN26072015967616,Razorpay
payment,pay_dpT7SBwQMhTmUn,3508.50,INR,42.10,7.58,0.00,3458.82,card,debit,SBIN,2026-07-16 22:22:26,46219.93224537037,[],,,,order_9flGAkads8Rncm,rcpt-14877,[],,,,setl_b3z50Ug2GUMFKO,20/07/2026 22:22:26,CITIN26072015967616,Razorpay
payment,pay_NPfknhhZMq9sG1,3781.00,INR,75.62,13.61,0.00,3691.77,card,credit,AXIS,2026-07-16 05:35:55,2026-07-16 05:35:55,[],,,,order_4yB7hVAJA3pGJf,rcpt-41858,[],,,,setl_b3z50Ug2GUMFKO,2026-07-20 05:35:55,CITIN26072015967616,Razorpay
payment,pay_yksh00tKwN4rTk,398.50,INR,7.97,1.43,0.00,389.10,upi,,,2026-07-16 12:48:24,2026-07-16 12:48:24,[],,,,order_U9IlRDUGhteEUx,rcpt-91544,[],,,,setl_b3z50Ug2GUMFKO,2026-07-20 12:48:24,CITIN26072015967616,Razorpay
payment,pay_HqBgYPmEvru7hp,7018.50,INR,140.37,25.27,0.00,6852.86,upi,,,2026-07-16 19:01:53,16/07/2026 19:01:53,[],,,,order_vUCO4qTbpHNFgv,rcpt-56069,[],,,,setl_b3z50Ug2GUMFKO,2026-07-20 19:01:53,CITIN26072015967616,Razorpay
payment,pay_zP9SyWHMTK5FwU,6684.50,INR,133.69,24.06,0.00,6526.75,wallet,,,16/07/2026 02:14:22,2026-07-16 02:14:22,[],,,,order_vTTgMxvjOzOIyC,rcpt-59047,[],,,,setl_b3z50Ug2GUMFKO,2026-07-20 02:14:22,CITIN26072015967616,Razorpay
payment,pay_bxPIKZPsuUR3vC,3117.00,INR,62.34,11.22,0.00,3043.44,upi,,,2026-16-07 09:27:51,2026-07-16 09:27:51,[],,,,order_HcIMGNs8vTaNuR,rcpt-53084,[],,,,setl_b3z50Ug2GUMFKO,2026-07-20 09:27:51,CITIN26072015967616,Razorpay
payment,pay_ysEA8ZZsIcpyJT,17209.50,INR,301.17,54.21,0.00,16854.12,netbanking,,KKBK,16/07/2026 16:40:20,2026-07-16 16:40:20,[],,,,order_Ne4012doOYAj6i,rcpt-21602,[],,,,setl_b3z50Ug2GUMFKO,2026-20-07 16:40:20,CITIN26072015967616,Razorpay
payment,pay_ienqYgwuKLBHVa,17325.00,INR,433.13,77.96,0.00,16813.91,card,credit,,16/07/2026 23:53:49,2026-07-16 23:53:49,[],,,,order_y7le9T0vmAHipx,rcpt-34484,[],,,,setl_b3z50Ug2GUMFKO,2026-07-20 23:53:49,CITIN26072015967616,Razorpay
payment,pay_CKd8OnjcHWvs0K,246.50,INR,4.31,0.78,0.00,241.41,netbanking,,AXIS,2026-07-16 06:06:18,2026-07-16 06:06:18,[],,,,order_3nR5WPsLgcLweo,rcpt-54281,[],,,,setl_b3z50Ug2GUMFKO,2026-07-20 06:06:18,CITIN26072015967616,Razorpay
payment,pay_PiCSI4knWx0zBk,2056.50,INR,41.13,7.40,0.00,2007.97,upi,,,2026-07-16 13:19:47,46219.55540509259,[],,,,order_YQlvjeS23mimxo,rcpt-29222,[],,,,setl_b3z50Ug2GUMFKO,20/07/2026 13:19:47,CITIN26072015967616,Razorpay
payment,pay_98DL3flXHWn73S,529.00,INR,10.58,1.90,0.00,516.52,card,credit,ICICI,2026-07-16 20:32:16,16/07/2026 20:32:16,[],,,,order_amGU83Eh6sq78W,rcpt-58768,[],,,,setl_b3z50Ug2GUMFKO,20/07/2026 20:32:16,CITIN26072015967616,Razorpay
payment,pay_ymndicBfRwbsN8,21770.00,INR,435.40,78.37,0.00,21256.23,card,credit,HDFC,46219.15677083333,2026-07-16 03:45:45,[],,,,order_MtQ8wCx8F4mHhV,rcpt-78523,[],,,,setl_b3z50Ug2GUMFKO,20/07/2026 03:45:45,CITIN26072015967616,Razorpay
payment,pay_kQ7NVEF5RIQogB,24218.50,INR,290.62,52.31,0.00,23875.57,card,debit,,2026-07-16 10:58:14,2026-07-16 10:58:14,[],,,,order_lbzKJrfPCQCeF8,rcpt-54038,[],,,,setl_b3z50Ug2GUMFKO,20/07/2026 10:58:14,CITIN26072015967616,Razorpay
payment,pay_cFIaEdMQP3OF5b,2605.50,INR,52.11,9.38,0.00,2544.01,upi,,,46219.716469907406,16/07/2026 17:11:43,[],,,,order_FZ5QH1JNCSeDws,rcpt-44369,[],,,,setl_b3z50Ug2GUMFKO,2026-07-20 17:11:43,CITIN26072015967616,Razorpay
payment,pay_oGDqMoOJI4KXJU,2197.00,INR,38.45,6.92,0.00,2151.63,netbanking,,AXIS,2026-16-07 00:24:12,16/07/2026 00:24:12,[],,,,order_lyVP4sVu8L7KtM,rcpt-24682,[],,,,setl_b3z50Ug2GUMFKO,20/07/2026 00:24:12,CITIN26072015967616,Razorpay
payment,pay_flhB9XF9CURjdF,1083.50,INR,13.00,2.34,0.00,1068.16,card,debit,AXIS,2026-07-16 07:37:41,2026-07-16 07:37:41,[],,,,order_jBHXsCVgdzqaxL,rcpt-26242,[],,,,setl_b3z50Ug2GUMFKO,20/07/2026 07:37:41,CITIN26072015967616,Razorpay
payment,pay_1c6h614wdmXJ2w,881.00,INR,17.62,3.17,0.00,860.21,upi,,,16/07/2026 14:50:10,16/07/2026 14:50:10,[],,,,order_Yo9hYuNqEvOceD,rcpt-52751,[],,,,setl_b3z50Ug2GUMFKO,2026-07-20 14:50:10,CITIN26072015967616,Razorpay
payment,pay_yfdl02LmaHpAbd,21127.50,INR,369.73,66.55,0.00,20691.22,netbanking,,SBIN,2026-07-16 21:03:39,2026-07-16 21:03:39,[],,,,order_AY40abdZfm7Clc,rcpt-38651,[],,,,setl_b3z50Ug2GUMFKO,20/07/2026 21:03:39,CITIN26072015967616,Razorpay
payment,pay_EuPbi6hM6zP8Mw,1016.50,INR,20.33,3.66,0.00,992.51,upi,,,2026-07-16 04:16:08,2026-07-16 04:16:08,[],,,,order_xtx6hSBWZILFq7,rcpt-35913,[],,,,setl_b3z50Ug2GUMFKO,20/07/2026 04:16:08,CITIN26072015967616,Razorpay
payment,pay_hxH7b66vOGQLNm,585.50,INR,11.71,2.11,0.00,571.68,upi,,,16/07/2026 11:29:37,2026-07-16 11:29:37,[],,,,order_geVOPGjwvYFS4r,rcpt-47075,[],,,,setl_b3z50Ug2GUMFKO,2026-07-20 11:29:37,CITIN26072015967616,Razorpay
payment,pay_cGlSDyxNSTLTD2,1110.50,INR,22.21,4.00,0.00,1084.29,card,credit,KKBK,2026-07-16 18:42:06,2026-07-16 18:42:06,[],,,,order_tjbqOEesOGrBJg,rcpt-39521,[],,,,setl_b3z50Ug2GUMFKO,2026-07-20 18:42:06,CITIN26072015967616,Razorpay
payment,pay_tKT07C635Y8j4s,5060.00,INR,88.55,15.94,0.00,4955.51,netbanking,,SBIN,2026-07-16 01:55:35,2026-07-16 01:55:35,[],,,,order_28B5GXIV6kS0Dc,rcpt-98169,[],,,,setl_b3z50Ug2GUMFKO,20/07/2026 01:55:35,CITIN26072015967616,Razorpay
payment,pay_BbSSk4i79sYqAB,8700.50,INR,174.01,31.32,0.00,8495.17,upi,,,16/07/2026 08:08:04,2026-07-16 08:08:04,[],,,,order_6Zq82hqgvvcUPA,rcpt-96919,[],,,,setl_b3z50Ug2GUMFKO,2026-07-20 08:08:04,CITIN26072015967616,Razorpay
payment,pay_ySalFCDbMWjgmz,907.00,INR,10.88,1.96,0.00,894.16,card,debit,SBIN,2026-07-16 15:21:33,46219.639965277776,[],,,,order_Jq9SMaIeTMU2ls,rcpt-53212,[],,,,setl_b3z50Ug2GUMFKO,46223.639965277776,CITIN26072015967616,Razorpay
payment,pay_Lug9N5MaF5nKtt,512.00,INR,10.24,1.84,0.00,499.92,upi,,,46219.940300925926,2026-16-07 22:34:02,[],,,,order_GxDMW3GrtQ4krv,rcpt-70395,[],,,,setl_b3z50Ug2GUMFKO,2026-07-20 22:34:02,CITIN26072015967616,Razorpay
payment,pay_4xNytFUGuBpuj2,10113.50,INR,202.27,36.41,0.00,9874.82,upi,,,46219.24133101852,2026-07-16 05:47:31,[],,,,order_GagAq5JZVseOQy,rcpt-58774,[],,,,setl_b3z50Ug2GUMFKO,2026-07-20 05:47:31,CITIN26072015967616,Razorpay
payment,pay_cmdNKZJqy6jqzy,252.00,INR,5.04,0.91,0.00,246.05,card,credit,KKBK,2026-07-16 12:00:00,16/07/2026 12:00:00,[],,,,order_B7cX8yp68JdfLe,rcpt-71965,[],,,,setl_b3z50Ug2GUMFKO,2026-07-20 12:00:00,CITIN26072015967616,Razorpay
payment,pay_zh4T9PPJiGzORN,16818.50,INR,336.37,60.55,0.00,16421.58,upi,,,2026-07-16 19:13:29,2026-07-16 19:13:29,[],,,,order_IrvZsGJShLc1DZ,rcpt-29946,[],,,,setl_b3z50Ug2GUMFKO,2026-07-20 19:13:29,CITIN26072015967616,Razorpay
payment,pay_WuztChEiLsbHQr,510.00,INR,6.12,1.10,0.00,502.78,card,debit,AXIS,16/07/2026 02:26:58,2026-07-16 02:26:58,[],,,,order_6TFUyEvO5QkOv8,rcpt-15841,[],,,,setl_b3z50Ug2GUMFKO,2026-07-20 02:26:58,CITIN26072015967616,Razorpay
payment,pay_nUwwuQr9bfHXqb,385.00,INR,7.70,1.39,0.00,375.91,card,credit,AXIS,2026-07-16 09:39:27,2026-07-16 09:39:27,[],,,,order_Xz5W3zyACrWW3c,rcpt-66402,[],,,,setl_b3z50Ug2GUMFKO,2026-07-20 09:39:27,CITIN26072015967616,Razorpay
payment,pay_bIO7x0tXNahDum,4208.50,INR,84.17,15.15,0.00,4109.18,card,credit,ICICI,2026-07-16 16:52:56,2026-07-16 16:52:56,[],,,,order_1SJFUaTPmzROgS,rcpt-17493,[],,,,setl_b3z50Ug2GUMFKO,2026-07-20 16:52:56,CITIN26072015967616,Razorpay
refund,rfnd_Fes5TLkslBXcwL,4522.00,INR,4.00,0.72,4526.72,0.00,,,,2026-07-17 23:05:25,,,"{""refund_reason"": ""customer_request""}",987715162325,,,,,,,,setl_b3z50Ug2GUMFKO,2026-07-20 23:05:25,CITIN26072015967616,Razorpay
refund,rfnd_jE7mnK72jdJeNY,1421.00,INR,4.00,0.72,1425.72,0.00,,,,2026-07-19 06:18:54,,,"{""refund_reason"": ""duplicate_order""}",976288727783,,,,,,,,setl_b3z50Ug2GUMFKO,2026-07-20 06:18:54,CITIN26072015967616,Razorpay
refund,rfnd_Frf9iWVEYPDdJO,382.00,INR,4.00,0.72,386.72,0.00,,,,17/07/2026 13:31:23,,,"{""refund_reason"": ""item_out_of_stock""}",104266980466,,,,,,,,setl_b3z50Ug2GUMFKO,2026-20-07 13:31:23,CITIN26072015967616,Razorpay
refund,rfnd_kpj8F2cxdCn6E6,137.38,INR,4.00,0.72,142.10,0.00,,,,2026-07-20 20:44:52,,,"{""refund_reason"": ""customer_request""}",299435785092,,,,,,,,setl_b3z50Ug2GUMFKO,46223.86449074074,CITIN26072015967616,Razorpay
payment,pay_sq0ZTBXuxmjj6d,602.50,INR,12.05,2.17,0.00,588.28,upi,,,17/07/2026 03:57:21,2026-07-17 03:57:21,[],,,,order_xPE4izcNBEcNtV,rcpt-51255,[],,,,setl_53EyiUEtYmvXwL,20/07/2026 03:57:21,CITIN26072010942710,Razorpay
payment,pay_D1mXLeziWnPzex,2816.50,INR,49.29,8.87,0.00,2758.34,netbanking,,HDFC,2026-07-17 10:10:50,17/07/2026 10:10:50,[],,,,order_AzLRbrLefY99WG,rcpt-22732,[],,,,setl_53EyiUEtYmvXwL,2026-07-20 10:10:50,CITIN26072010942710,Razorpay
payment,pay_SsOLijFdqPnIj7,11719.00,INR,205.08,36.91,0.00,11477.01,netbanking,,AXIS,17/07/2026 17:23:19,2026-17-07 17:23:19,[],,,,order_2A6XbrgQUtMnZU,rcpt-47062,[],,,,setl_53EyiUEtYmvXwL,20/07/2026 17:23:19,CITIN26072010942710,Razorpay
payment,pay_p0MdglG118nIfP,478.00,INR,9.56,1.72,0.00,466.72,upi,,,2026-07-17 00:36:48,2026-07-17 00:36:48,[],,,,order_jtoGRkcaMA5YRo,rcpt-11312,[],,,,setl_53EyiUEtYmvXwL,2026-07-20 00:36:48,CITIN26072010942710,Razorpay
payment,pay_PmCu21O4BbGrRl,339.50,INR,6.79,1.22,0.00,331.49,card,credit,AXIS,2026-07-17 07:49:17,2026-07-17 07:49:17,[],,,,order_k4kKe1P5lpdZgf,rcpt-64478,[],,,,setl_53EyiUEtYmvXwL,2026-07-20 07:49:17,CITIN26072010942710,Razorpay
payment,pay_vgb0vw5Tv2D1VM,575.00,INR,11.50,2.07,0.00,561.43,upi,,,2026-07-17 14:02:46,2026-07-17 14:02:46,[],,,,order_kT7DlQxZ15elff,rcpt-99661,[],,,,setl_53EyiUEtYmvXwL,2026-07-20 14:02:46,CITIN26072010942710,Razorpay
payment,pay_nwpnH9fdIOb4K9,4413.50,INR,88.27,15.89,0.00,4309.34,upi,,,46220.88559027778,2026-07-17 21:15:15,[],,,,order_48DoPlWWepWdFU,rcpt-20625,[],,,,setl_53EyiUEtYmvXwL,20/07/2026 21:15:15,CITIN26072010942710,Razorpay
payment,pay_9ArM2cvV5CUYAv,18712.00,INR,374.24,67.36,0.00,18270.40,upi,,,46220.18662037037,2026-07-17 04:28:44,[],,,,order_NKNfnfrNq18U2v,rcpt-90265,[],,,,setl_53EyiUEtYmvXwL,2026-07-20 04:28:44,CITIN26072010942710,Razorpay
payment,pay_cnrR9xxwRv1EXD,1880.00,INR,37.60,6.77,0.00,1835.63,upi,,,2026-07-17 11:41:13,2026-07-17 11:41:13,[],,,,order_LUXzEssM6aKaEt,rcpt-56980,[],,,,setl_53EyiUEtYmvXwL,2026-07-20 11:41:13,CITIN26072010942710,Razorpay
payment,pay_JiDo2tC246Iwjv,13185.50,INR,263.71,47.47,0.00,12874.32,card,credit,SBIN,2026-07-17 18:54:42,2026-07-17 18:54:42,[],,,,order_mapecBMPI7TpWJ,rcpt-84432,[],,,,setl_53EyiUEtYmvXwL,20/07/2026 18:54:42,CITIN26072010942710,Razorpay
payment,pay_LeIeEe2FILzp16,22443.50,INR,448.87,80.80,0.00,21913.83,card,credit,AXIS,2026-17-07 01:07:11,2026-07-17 01:07:11,[],,,,order_VgfKVj4d6k036L,rcpt-56434,[],,,,setl_53EyiUEtYmvXwL,2026-07-20 01:07:11,CITIN26072010942710,Razorpay
payment,pay_1G846EdHu12yIx,598.00,INR,11.96,2.15,0.00,583.89,upi,,,2026-07-17 08:20:40,2026-17-07 08:20:40,[],,,,order_mXKVp6qeA2Iwi5,rcpt-27926,[],,,,setl_53EyiUEtYmvXwL,20/07/2026 08:20:40,CITIN26072010942710,Razorpay
payment,pay_3Pfb9vjA0vj6Mg,12549.50,INR,250.99,45.18,0.00,12253.33,upi,,,2026-07-17 15:33:09,17/07/2026 15:33:09,[],,,,order_ucFApawcq7lKAg,rcpt-26326,[],,,,setl_53EyiUEtYmvXwL,2026-07-20 15:33:09,CITIN26072010942710,Razorpay
payment,pay_pzLovBCJ85VoTQ,974.50,INR,19.49,3.51,0.00,951.50,upi,,,2026-07-17 22:46:38,2026-07-17 22:46:38,[],,,,order_J83rM5VT1ODN3C,rcpt-57705,[],,,,setl_53EyiUEtYmvXwL,20/07/2026 22:46:38,CITIN26072010942710,Razorpay
payment,pay_K3u4Q8ajsLFcU6,12468.50,INR,249.37,44.89,0.00,12174.24,upi,,,2026-07-17 05:59:07,2026-07-17 05:59:07,[],,,,order_SQeZCiQfX2Y3dt,rcpt-26064,[],,,,setl_53EyiUEtYmvXwL,2026-07-20 05:59:07,CITIN26072010942710,Razorpay
payment,pay_0HnlD7ek6jcE2o,884.00,INR,17.68,3.18,0.00,863.14,card,credit,,2026-07-17 12:12:36,2026-07-17 12:12:36,[],,,,order_Z88kDpccZeNt5N,rcpt-80075,[],,,,setl_53EyiUEtYmvXwL,2026-07-20 12:12:36,CITIN26072010942710,Razorpay
payment,pay_Ae8QPqPVpmnQuy,2436.00,INR,48.72,8.77,0.00,2378.51,upi,,,17/07/2026 19:25:05,2026-07-17 19:25:05,[],,,,order_LgBTPNEJmtR8lJ,rcpt-10317,[],,,,setl_53EyiUEtYmvXwL,2026-07-20 19:25:05,CITIN26072010942710,Razorpay
payment,pay_98oJD1rSnPVGIS,4271.50,INR,85.43,15.38,0.00,4170.69,upi,,,17/07/2026 02:38:34,17/07/2026 02:38:34,[],,,,order_0JUuZkcpWiTaNI,rcpt-77486,[],,,,setl_53EyiUEtYmvXwL,2026-20-07 02:38:34,CITIN26072010942710,Razorpay
payment,pay_yy2axrpgPr5MDS,8276.50,INR,99.32,17.88,0.00,8159.30,card,debit,ICICI,2026-07-17 09:51:03,46220.41045138889,[],,,,order_NboiKVA56EkvYV,rcpt-53246,[],,,,setl_53EyiUEtYmvXwL,46223.41045138889,CITIN26072010942710,Razorpay
payment,pay_ZIRLs6ONOqxmDt,24524.50,INR,294.29,52.97,0.00,24177.24,card,debit,SBIN,2026-07-17 16:04:32,2026-07-17 16:04:32,[],,,,order_vDKGfsMvXypQ1X,rcpt-92851,[],,,,setl_53EyiUEtYmvXwL,2026-20-07 16:04:32,CITIN26072010942710,Razorpay
payment,pay_34GkH8k9dsny77,16935.00,INR,338.70,60.97,0.00,16535.33,card,credit,,2026-07-17 23:17:01,2026-07-17 23:17:01,[],,,,order_GtjktlcivUMx1r,rcpt-98096,[],,,,setl_53EyiUEtYmvXwL,20/07/2026 23:17:01,CITIN26072010942710,Razorpay
payment,pay_iZ45prSGYERpkp,22448.50,INR,269.38,48.49,0.00,22130.63,card,debit,HDFC,2026-07-17 06:30:30,2026-07-17 06:30:30,[],,,,order_xw6uKCZ43iMw6h,rcpt-44977,[],,,,setl_53EyiUEtYmvXwL,20/07/2026 06:30:30,CITIN26072010942710,Razorpay
payment,pay_HlmSFoEDWRDR3L,219.00,INR,4.38,0.79,0.00,213.83,upi,,,17/07/2026 13:43:59,17/07/2026 13:43:59,[],,,,order_jowanVFbzfm8Wj,rcpt-17234,[],,,,setl_53EyiUEtYmvXwL,20/07/2026 13:43:59,CITIN26072010942710,Razorpay
payment,pay_hNLBVtlUmA7QqV,11913.50,INR,238.27,42.89,0.00,11632.34,upi,,,2026-07-17 20:56:28,17/07/2026 20:56:28,[],,,,order_u7vvxDfd1MF3fs,rcpt-75987,[],,,,setl_53EyiUEtYmvXwL,2026-20-07 20:56:28,CITIN26072010942710,Razorpay
payment,pay_orvWTcb3ALfcOp,5276.50,INR,105.53,19.00,0.00,5151.97,upi,,,2026-07-17 03:09:57,2026-07-17 03:09:57,[],,,,order_JD5uk3mFSdLPlq,rcpt-84976,[],,,,setl_53EyiUEtYmvXwL,20/07/2026 03:09:57,CITIN26072010942710,Razorpay
payment,pay_epp6iCvoOOjAdC,24645.50,INR,492.91,88.72,0.00,24063.87,upi,,,2026-07-17 10:22:26,46220.43224537037,[],,,,order_T6alEiUKyw5GmF,rcpt-10309,[],,,,setl_53EyiUEtYmvXwL,2026-20-07 10:22:26,CITIN26072010942710,Razorpay
payment,pay_QqsayRrNBXsHbO,4036.00,INR,80.72,14.53,0.00,3940.75,upi,,,46220.73327546296,2026-07-17 17:35:55,[],,,,order_aXHEcDwx89NpM7,rcpt-42855,[],,,,setl_53EyiUEtYmvXwL,20/07/2026 17:35:55,CITIN26072010942710,Razorpay
payment,pay_IRo2y52tKdunWY,1383.50,INR,27.67,4.98,0.00,1350.85,upi,,,17/07/2026 00:48:24,46220.03361111111,[],,,,order_IRDeNhLwDZt7e0,rcpt-59339,[],,,,setl_53EyiUEtYmvXwL,20/07/2026 00:48:24,CITIN26072010942710,Razorpay
payment,pay_qxL3M7c7rNPhBH,4268.00,INR,85.36,15.36,0.00,4167.28,upi,,,17/07/2026 07:01:53,2026-07-17 07:01:53,[],,,,order_M4esYooszMsXu0,rcpt-14011,[],,,,setl_53EyiUEtYmvXwL,2026-07-20 07:01:53,CITIN26072010942710,Razorpay
payment,pay_raU44IlLPB9mbU,624.50,INR,12.49,2.25,0.00,609.76,upi,,,2026-07-17 14:14:22,46220.593310185184,[],,,,order_mAZ3GAhcvzbBNm,rcpt-29566,[],,,,setl_53EyiUEtYmvXwL,20/07/2026 14:14:22,CITIN26072010942710,Razorpay
payment,pay_mAVBW5EOGfL6qp,2194.50,INR,43.89,7.90,0.00,2142.71,wallet,,,46221.89434027778,2026-07-18 21:27:51,[],,,,order_V9HCPEkdTCuFhk,rcpt-76726,[],,,,setl_gFeODHchjgluLH,2026-07-21 21:27:51,CITIN26072110726939,Razorpay
payment,pay_PIZKoAYb0SEJcH,466.50,INR,9.33,1.68,0.00,455.49,upi,,,2026-07-18 04:40:20,2026-07-18 04:40:20,[],,,,order_SVv9oByCEKRYqb,rcpt-82732,[],,,,setl_gFeODHchjgluLH,2026-07-21 04:40:20,CITIN26072110726939,Razorpay
payment,pay_U4im0u3LKemJld,4441.00,INR,88.82,15.99,0.00,4336.19,upi,,,46221.49570601852,2026-07-18 11:53:49,[],,,,order_6OryRZSb5yy797,rcpt-95688,[],,,,setl_gFeODHchjgluLH,2026-07-21 11:53:49,CITIN26072110726939,Razorpay
payment,pay_nKjUQYuF1ZMNwa,4445.50,INR,53.35,9.60,0.00,4382.55,card,debit,ICICI,2026-07-18 18:06:18,2026-07-18 18:06:18,[],,,,order_G9r1UEUE0a1dlL,rcpt-34668,[],,,,setl_gFeODHchjgluLH,2026-07-21 18:06:18,CITIN26072110726939,Razorpay
payment,pay_BPgoNPKHzY2706,9532.50,INR,190.65,34.32,0.00,9307.53,wallet,,,46221.05540509259,18/07/2026 01:19:47,[],,,,order_SRyGbmvhyhL5pa,rcpt-98787,[],,,,setl_gFeODHchjgluLH,21/07/2026 01:19:47,CITIN26072110726939,Razorpay
payment,pay_328HbizfAqzmCr,1100.00,INR,13.20,2.38,0.00,1084.42,card,debit,AXIS,18/07/2026 08:32:16,46221.35574074074,[],,,,order_iEpyQgKgJhFsI7,rcpt-38552,[],,,,setl_gFeODHchjgluLH,2026-07-21 08:32:16,CITIN26072110726939,Razorpay
payment,pay_4yrhqCyHIZY1jb,4066.00,INR,81.32,14.64,0.00,3970.04,upi,,,2026-07-18 15:45:45,18/07/2026 15:45:45,[],,,,order_mx7OBmF2qN5f8h,rcpt-65346,[],,,,setl_gFeODHchjgluLH,2026-07-21 15:45:45,CITIN26072110726939,Razorpay
payment,pay_nGiIqhdglQzaPM,984.00,INR,11.81,2.13,0.00,970.06,card,debit,AXIS,2026-07-18 22:58:14,18/07/2026 22:58:14,[],,,,order_9w7GZrFFTf8tKT,rcpt-59388,[],,,,setl_gFeODHchjgluLH,21/07/2026 22:58:14,CITIN26072110726939,Razorpay
payment,pay_hbI7D0ZrRMdAlV,22906.00,INR,274.87,49.48,0.00,22581.65,card,debit,HDFC,18/07/2026 05:11:43,2026-07-18 05:11:43,[],,,,order_rgTD8rFFe7QCGy,rcpt-99682,[],,,,setl_gFeODHchjgluLH,2026-07-21 05:11:43,CITIN26072110726939,Razorpay
payment,pay_LYgzDiMd04REZa,893.00,INR,15.63,2.81,0.00,874.56,netbanking,,,2026-07-18 12:24:12,2026-07-18 12:24:12,[],,,,order_5fFQ7OH2LvAWz3,rcpt-65595,[],,,,setl_gFeODHchjgluLH,2026-07-21 12:24:12,CITIN26072110726939,Razorpay
payment,pay_D3lges578Iqt1k,769.50,INR,15.39,2.77,0.00,751.34,upi,,,2026-07-18 19:37:41,2026-07-18 19:37:41,[],,,,order_PzvwzrC2v4Disx,rcpt-45831,[],,,,setl_gFeODHchjgluLH,46224.81783564815,CITIN26072110726939,Razorpay
payment,pay_r44YENIwaIyTeh,362.00,INR,6.34,1.14,0.00,354.52,netbanking,,ICICI,46221.11817129629,46221.11817129629,[],,,,order_oXdL57t43aXBbm,rcpt-26834,[],,,,setl_gFeODHchjgluLH,2026-07-21 02:50:10,CITIN26072110726939,Razorpay
payment,pay_zL0Ai6uAcP1Tkh,3630.50,INR,72.61,13.07,0.00,3544.82,upi,,,46221.377534722225,18/07/2026 09:03:39,[],,,,order_RLSWI7Cv6k76dK,rcpt-55785,[],,,,setl_gFeODHchjgluLH,46224.377534722225,CITIN26072110726939,Razorpay
payment,pay_JYrngqG8x1ZOCX,1682.50,INR,33.65,6.06,0.00,1642.79,upi,,,2026-07-18 16:16:08,18/07/2026 16:16:08,[],,,,order_QmP57xhmxpAtzD,rcpt-93951,[],,,,setl_gFeODHchjgluLH,2026-07-21 16:16:08,CITIN26072110726939,Razorpay
payment,pay_swfmIXv9HxQW5K,1464.50,INR,29.29,5.27,0.00,1429.94,upi,,,2026-07-18 23:29:37,2026-07-18 23:29:37,[],,,,order_iUXOwEbOeg5KAg,rcpt-60724,[],,,,setl_gFeODHchjgluLH,2026-07-21 23:29:37,CITIN26072110726939,Razorpay
payment,pay_5xd8Q4Ua5oqw0V,1403.50,INR,28.07,5.05,0.00,1370.38,upi,,,2026-07-18 06:42:06,18/07/2026 06:42:06,[],,,,order_1h1wHf39Y1NZrz,rcpt-48440,[],,,,setl_gFeODHchjgluLH,2026-07-21 06:42:06,CITIN26072110726939,Razorpay
payment,pay_cI5havfqdVTZn1,257.00,INR,5.14,0.93,0.00,250.93,upi,,,46221.5802662037,18/07/2026 13:55:35,[],,,,order_bZ2GFoT2AIyxNd,rcpt-32474,[],,,,setl_gFeODHchjgluLH,21/07/2026 13:55:35,CITIN26072110726939,Razorpay
payment,pay_xQXvv7lJw0YxuX,4103.50,INR,49.24,8.86,0.00,4045.40,card,debit,AXIS,2026-07-18 20:08:04,18/07/2026 20:08:04,[],,,,order_axIR1jqOBN0p6Z,rcpt-89945,[],,,,setl_gFeODHchjgluLH,2026-07-21 20:08:04,CITIN26072110726939,Razorpay
payment,pay_2YxwsUacCtGgXU,447.50,INR,7.83,1.41,0.00,438.26,netbanking,,ICICI,18/07/2026 03:21:33,2026-07-18 03:21:33,[],,,,order_xULDQSLdShHJW5,rcpt-99700,[],,,,setl_gFeODHchjgluLH,2026-07-21 03:21:33,CITIN26072110726939,Razorpay
payment,pay_Th8a7sRmq1tK7j,1413.00,INR,28.26,5.09,0.00,1379.65,upi,,,2026-07-18 10:34:02,46221.440300925926,[],,,,order_egmmRPlqpuK7jE,rcpt-78808,[],,,,setl_gFeODHchjgluLH,2026-07-21 10:34:02,CITIN26072110726939,Razorpay
payment,pay_lHHKl8PSk7riDP,219.00,INR,4.38,0.79,0.00,213.83,upi,,,2026-07-18 17:47:31,2026-07-18 17:47:31,[],,,,order_XiqXbGZhbMxdWw,rcpt-66306,[],,,,setl_gFeODHchjgluLH,21/07/2026 17:47:31,CITIN26072110726939,Razorpay
payment,pay_VG8ooHDYb7B30h,2137.00,INR,74.80,13.46,0.00,2048.74,card,credit,KKBK,2026-07-18 00:00:00,2026-07-18 00:00:00,[],,,,order_vyob6rUdGDJQUb,rcpt-86305,[],,,,setl_gFeODHchjgluLH,2026-07-21 00:00:00,CITIN26072110726939,Razorpay
payment,pay_cn18iLoqoWhCBT,4789.00,INR,83.81,15.09,0.00,4690.10,netbanking,,ICICI,2026-07-18 07:13:29,2026-07-18 07:13:29,[],,,,order_gf32aiL6po1cLR,rcpt-95474,[],,,,setl_gFeODHchjgluLH,2026-07-21 07:13:29,CITIN26072110726939,Razorpay
payment,pay_0RjYDEAwjBHnlN,4993.00,INR,87.38,15.73,0.00,4889.89,netbanking,,AXIS,18/07/2026 14:26:58,46221.602060185185,[],,,,order_iNDZFLHIFhW94M,rcpt-24179,[],,,,setl_gFeODHchjgluLH,2026-07-21 14:26:58,CITIN26072110726939,Razorpay
payment,pay_vLtxjv7FSnqaAL,613.00,INR,12.26,2.21,0.00,598.53,upi,,,18/07/2026 21:39:27,18/07/2026 21:39:27,[],,,,order_chE67W4ZJXit39,rcpt-40995,[],,,,setl_gFeODHchjgluLH,2026-07-21 21:39:27,CITIN26072110726939,Razorpay
payment,pay_Kk3P504TFT1pql,3423.50,INR,68.47,12.32,0.00,3342.71,upi,,,2026-07-18 04:52:56,18/07/2026 04:52:56,[],,,,order_H6p7tLxbs52Vnn,rcpt-22350,[],,,,setl_gFeODHchjgluLH,2026-07-21 04:52:56,CITIN26072110726939,Razorpay
payment,pay_Q9xKPMhKt4hX4f,3157.00,INR,63.14,11.37,0.00,3082.49,upi,,,2026-07-18 11:05:25,2026-07-18 11:05:25,[],,,,order_sKCSQB37HzsGMc,rcpt-88714,[],,,,setl_gFeODHchjgluLH,2026-07-21 11:05:25,CITIN26072110726939,Razorpay
payment,pay_SRQUvF1VtlNJED,20776.50,INR,363.59,65.45,0.00,20347.46,netbanking,,ICICI,46221.763125,2026-07-18 18:18:54,[],,,,order_OkmJgBfPLXwMoB,rcpt-43097,[],,,,setl_gFeODHchjgluLH,2026-07-21 18:18:54,CITIN26072110726939,Razorpay
payment,pay_QbbRfEGdd4z533,251.50,INR,6.29,1.13,0.00,244.08,card,credit,HDFC,2026-07-18 01:31:23,18/07/2026 01:31:23,[],,,,order_Brjdta9Poizdhf,rcpt-73914,[],,,,setl_gFeODHchjgluLH,21/07/2026 01:31:23,CITIN26072110726939,Razorpay
payment,pay_UyOhVpdoSXAacp,5545.00,INR,110.90,19.96,0.00,5414.14,card,credit,,2026-07-18 08:44:52,46221.36449074074,[],,,,order_mgYwCHZMRBeWL3,rcpt-33588,[],,,,setl_gFeODHchjgluLH,2026-07-21 08:44:52,CITIN26072110726939,Razorpay
payment,pay_1YXpz21ilNkPVd,2407.50,INR,42.13,7.58,0.00,2357.79,netbanking,,KKBK,2026-07-18 15:57:21,2026-07-18 15:57:21,[],,,,order_oJNYl40X0yQOts,rcpt-20966,[],,,,setl_gFeODHchjgluLH,2026-21-07 15:57:21,CITIN26072110726939,Razorpay
payment,pay_Bl7QTgywP6oESV,1461.00,INR,17.53,3.16,0.00,1440.31,card,debit,ICICI,46221.92418981482,2026-07-18 22:10:50,[],,,,order_QXTL40eVrvEU4o,rcpt-72539,[],,,,setl_gFeODHchjgluLH,46224.92418981482,CITIN26072110726939,Razorpay
payment,pay_ODVgNIDlw2AvxG,19836.50,INR,347.14,62.49,0.00,19426.87,netbanking,,SBIN,2026-07-18 05:23:19,46221.22452546296,[],,,,order_Jr0wfbnhLDU2pj,rcpt-14583,[],,,,setl_gFeODHchjgluLH,2026-07-21 05:23:19,CITIN26072110726939,Razorpay
payment,pay_4zA82GqV9ipGon,2703.00,INR,54.06,9.73,0.00,2639.21,card,credit,,2026-07-18 12:36:48,2026-07-18 12:36:48,[],,,,order_T4DJfeFjw0nevW,rcpt-69720,[],,,,setl_gFeODHchjgluLH,46224.525555555556,CITIN26072110726939,Razorpay
payment,pay_3rMLBjNhGT2hUf,2441.50,INR,48.83,8.79,0.00,2383.88,card,credit,KKBK,18/07/2026 19:49:17,2026-07-18 19:49:17,[],,,,order_pBxvWd6FZmCbsy,rcpt-90354,[],,,,setl_gFeODHchjgluLH,2026-07-21 19:49:17,CITIN26072110726939,Razorpay
payment,pay_Rs84l01saOAHPA,2944.50,INR,58.89,10.60,0.00,2875.01,upi,,,18/07/2026 02:02:46,2026-18-07 02:02:46,[],,,,order_iriMz9hY5AzxA3,rcpt-19976,[],,,,setl_gFeODHchjgluLH,21/07/2026 02:02:46,CITIN26072110726939,Razorpay
payment,pay_CHFYGldqZaxuJF,1409.00,INR,28.18,5.07,0.00,1375.75,upi,,,2026-07-18 09:15:15,2026-07-18 09:15:15,[],,,,order_gf7auPq8UxAM93,rcpt-23699,[],,,,setl_gFeODHchjgluLH,2026-07-21 09:15:15,CITIN26072110726939,Razorpay
payment,pay_02zgIxIhPzcO9z,409.00,INR,8.18,1.47,0.00,399.35,upi,,,2026-07-18 16:28:44,18/07/2026 16:28:44,[],,,,order_AkykLgBQn1MRUM,rcpt-24451,[],,,,setl_gFeODHchjgluLH,46224.68662037037,CITIN26072110726939,Razorpay
payment,pay_NIomuCmsJ3H03f,583.00,INR,11.66,2.10,0.00,569.24,upi,,,18/07/2026 23:41:13,18/07/2026 23:41:13,[],,,,order_dXqkqoUD2Wivov,rcpt-56936,[],,,,setl_gFeODHchjgluLH,2026-07-21 23:41:13,CITIN26072110726939,Razorpay
payment,pay_P28JC0xpBBAuBg,2320.00,INR,46.40,8.35,0.00,2265.25,upi,,,46221.287986111114,2026-07-18 06:54:42,[],,,,order_LwLT5mnlRDQkjt,rcpt-53365,[],,,,setl_gFeODHchjgluLH,2026-07-21 06:54:42,CITIN26072110726939,Razorpay
payment,pay_8jQmKjTrCe2M35,2382.50,INR,47.65,8.58,0.00,2326.27,upi,,,2026-07-18 13:07:11,2026-07-18 13:07:11,[],,,,order_tLAOC9Ccg1NNTo,rcpt-14003,[],,,,setl_gFeODHchjgluLH,2026-07-21 13:07:11,CITIN26072110726939,Razorpay
payment,pay_EktlnRagtWC4Te,16128.00,INR,322.56,58.06,0.00,15747.38,upi,,,2026-07-18 20:20:40,2026-07-18 20:20:40,[],,,,order_gvx8Fw3MGQZXub,rcpt-13055,[],,,,setl_gFeODHchjgluLH,2026-21-07 20:20:40,CITIN26072110726939,Razorpay
payment,pay_NlOH4SqvrMh2Cz,7375.50,INR,147.51,26.55,0.00,7201.44,upi,,,46221.14802083333,18/07/2026 03:33:09,[],,,,order_eZsqA0XBF4AFrU,rcpt-28995,[],,,,setl_gFeODHchjgluLH,46224.14802083333,CITIN26072110726939,Razorpay
payment,pay_wUfAOlcJ70gHq1,24219.50,INR,484.39,87.19,0.00,23647.92,upi,,,46221.44905092593,18/07/2026 10:46:38,[],,,,order_HtkDRZHbwTxBqK,rcpt-77562,[],,,,setl_gFeODHchjgluLH,2026-21-07 10:46:38,CITIN26072110726939,Razorpay
payment,pay_cifrLj2JA1N06t,18375.00,INR,367.50,66.15,0.00,17941.35,card,credit,HDFC,2026-07-18 17:59:07,2026-07-18 17:59:07,[],,,,order_Zywi0otMyQflFa,rcpt-59731,[],,,,setl_gFeODHchjgluLH,21/07/2026 17:59:07,CITIN26072110726939,Razorpay
payment,pay_TPy9k6mIJslNmM,23614.50,INR,413.25,74.39,0.00,23126.86,netbanking,,KKBK,2026-07-18 00:12:36,2026-07-18 00:12:36,[],,,,order_xl8YpNoeOOPpgD,rcpt-83933,[],,,,setl_gFeODHchjgluLH,2026-07-21 00:12:36,CITIN26072110726939,Razorpay
payment,pay_6XOlmf8JxHv3F8,2455.50,INR,49.11,8.84,0.00,2397.55,card,credit,AXIS,18/07/2026 07:25:05,2026-07-18 07:25:05,[],,,,order_4bTjy1wcMtenGN,rcpt-11806,[],,,,setl_gFeODHchjgluLH,2026-07-21 07:25:05,CITIN26072110726939,Razorpay
payment,pay_LX0LOqTDh719Bn,311.50,INR,6.23,1.12,0.00,304.15,upi,,,46221.61011574074,2026-07-18 14:38:34,[],,,,order_Oynmr3IGQVvH2P,rcpt-81266,[],,,,setl_gFeODHchjgluLH,2026-07-21 14:38:34,CITIN26072110726939,Razorpay
refund,rfnd_Vb1BhAS2bWN1Oc,548.63,INR,4.00,0.72,553.35,0.00,,,,21/07/2026 21:51:03,,,"{""refund_reason"": ""item_out_of_stock""}",269651587373,,,,,,,,setl_gFeODHchjgluLH,21/07/2026 21:51:03,CITIN26072110726939,Razorpay
payment,pay_GISu5oGCmVgJ1H,3126.00,INR,62.52,11.25,0.00,3052.23,upi,,,2026-07-19 04:04:32,2026-07-19 04:04:32,[],,,,order_SxGyZtrxBzBBWl,rcpt-55230,[],,,,setl_kScRMmKkPsN4tZ,2026-07-20 04:04:32,CITIN26072094138412,Razorpay
payment,pay_JbS7KHMONAwoUG,1012.00,INR,20.24,3.64,0.00,988.12,upi,,,2026-19-07 11:17:01,2026-07-19 11:17:01,[],,,,order_TxWWj19yLMJ7GA,rcpt-44874,[],,,,setl_kScRMmKkPsN4tZ,2026-07-20 11:17:01,CITIN26072094138412,Razorpay
payment,pay_IaDwxojgmSDHxQ,24513.00,INR,490.26,88.25,0.00,23934.49,card,credit,,2026-07-19 18:30:30,2026-07-19 18:30:30,[],,,,order_246Pe3Etlfxqlc,rcpt-21143,[],,,,setl_kScRMmKkPsN4tZ,2026-07-20 18:30:30,CITIN26072094138412,Razorpay
payment,pay_u7sZwovvTbt4mM,23601.00,INR,472.02,84.96,0.00,23044.02,upi,,,2026-07-19 01:43:59,19/07/2026 01:43:59,[],,,,order_nEleXBZP360DZQ,rcpt-59090,[],,,,setl_kScRMmKkPsN4tZ,2026-07-20 01:43:59,CITIN26072094138412,Razorpay
payment,pay_5SD16VRlzzx2yV,15887.00,INR,317.74,57.19,0.00,15512.07,upi,,,46222.3725462963,2026-07-19 08:56:28,[],,,,order_vEhLNJM0T0EBDx,rcpt-40777,[],,,,setl_kScRMmKkPsN4tZ,46223.3725462963,CITIN26072094138412,Razorpay
payment,pay_QHvmmRIHa7PZY9,998.50,INR,19.97,3.59,0.00,974.94,card,credit,,2026-07-19 15:09:57,19/07/2026 15:09:57,[],,,,order_hKqlaHOyfJprgW,rcpt-19594,[],,,,setl_kScRMmKkPsN4tZ,2026-07-20 15:09:57,CITIN26072094138412,Razorpay
payment,pay_kqmkEDiEKK0RAG,839.50,INR,20.99,3.78,0.00,814.73,card,credit,HDFC,2026-07-19 22:22:26,19/07/2026 22:22:26,[],,,,order_52NMlIaRWN4hVH,rcpt-72146,[],,,,setl_kScRMmKkPsN4tZ,20/07/2026 22:22:26,CITIN26072094138412,Razorpay
payment,pay_ollYMwdP5rN0gF,14400.00,INR,288.00,51.84,0.00,14060.16,card,credit,SBIN,2026-07-19 05:35:55,2026-07-19 05:35:55,[],,,,order_AksWGMDzXTfVFr,rcpt-19105,[],,,,setl_kScRMmKkPsN4tZ,2026-07-20 05:35:55,CITIN26072094138412,Razorpay
payment,pay_GZINddeFFXXPKE,1987.50,INR,39.75,7.16,0.00,1940.59,upi,,,2026-07-19 12:48:24,46222.53361111111,[],,,,order_SqebwZhYYF7a2d,rcpt-85111,[],,,,setl_kScRMmKkPsN4tZ,20/07/2026 12:48:24,CITIN26072094138412,Razorpay
payment,pay_g9cyJlqZSXizJs,19839.50,INR,396.79,71.42,0.00,19371.29,upi,,,19/07/2026 19:01:53,46222.792974537035,[],,,,order_1HUsvxqIRIzlyn,rcpt-77705,[],,,,setl_kScRMmKkPsN4tZ,2026-07-20 19:01:53,CITIN26072094138412,Razorpay
payment,pay_BGolktzNx0soXs,3741.50,INR,74.83,13.47,0.00,3653.20,upi,,,2026-07-19 02:14:22,2026-07-19 02:14:22,[],,,,order_INTMvFmH4Pwmbr,rcpt-99202,[],,,,setl_kScRMmKkPsN4tZ,20/07/2026 02:14:22,CITIN26072094138412,Razorpay
payment,pay_kLJZDCIiszihdu,661.50,INR,11.58,2.08,0.00,647.84,netbanking,,ICICI,2026-07-19 09:27:51,2026-07-19 09:27:51,[],,,,order_y8fKe3dDcjwT3H,rcpt-52363,[],,,,setl_kScRMmKkPsN4tZ,20/07/2026 09:27:51,CITIN26072094138412,Razorpay
payment,pay_FRf65khfcbDNRq,597.00,INR,7.16,1.29,0.00,588.55,card,debit,HDFC,2026-07-19 16:40:20,46222.69467592592,[],,,,order_xdsdgYS4UNCXH8,rcpt-46700,[],,,,setl_kScRMmKkPsN4tZ,2026-07-20 16:40:20,CITIN26072094138412,Razorpay
payment,pay_TThUh0O9fniytw,3643.50,INR,72.87,13.12,0.00,3557.51,upi,,,2026-07-19 23:53:49,19/07/2026 23:53:49,[],,,,order_1F9bpSNknO7KHs,rcpt-58271,[],,,,setl_kScRMmKkPsN4tZ,2026-07-20 23:53:49,CITIN26072094138412,Razorpay
payment,pay_jai0ygzI08suWh,11612.00,INR,203.21,36.58,0.00,11372.21,netbanking,,KKBK,2026-19-07 06:06:18,2026-07-19 06:06:18,[],,,,order_DFkN3cD8C76K04,rcpt-89849,[],,,,setl_kScRMmKkPsN4tZ,46223.254375,CITIN26072094138412,Razorpay
payment,pay_9bT91M4VOBErGO,7121.00,INR,142.42,25.64,0.00,6952.94,card,credit,KKBK,2026-07-19 13:19:47,46222.55540509259,[],,,,order_ssFLuDDQbfo5Rb,rcpt-86380,[],,,,setl_kScRMmKkPsN4tZ,2026-07-20 13:19:47,CITIN26072094138412,Razorpay
payment,pay_QgOCvOUvLCTOxW,10818.50,INR,216.37,38.95,0.00,10563.18,upi,,,2026-07-19 20:32:16,19/07/2026 20:32:16,[],,,,order_xxMpULMAPYpgcu,rcpt-12544,[],,,,setl_kScRMmKkPsN4tZ,2026-07-20 20:32:16,CITIN26072094138412,Razorpay
payment,pay_e6fVpjqfYTpc3o,960.50,INR,16.81,3.03,0.00,940.66,netbanking,,AXIS,2026-07-19 03:45:45,2026-07-19 03:45:45,[],,,,order_5j37MdcSXmQnEC,rcpt-11913,[],,,,setl_kScRMmKkPsN4tZ,2026-07-20 03:45:45,CITIN26072094138412,Razorpay
payment,pay_jcMJacamfxWjD7,14904.00,INR,521.64,93.90,0.00,14288.46,card,credit,AXIS,46222.45710648148,2026-07-19 10:58:14,[],,,,order_Aha9AWFgcr95n3,rcpt-32793,[],,,,setl_kScRMmKkPsN4tZ,2026-07-20 10:58:14,CITIN26072094138412,Razorpay
payment,pay_N2PtdPBdsVlEs6,1916.50,INR,47.91,8.62,0.00,1859.97,card,credit,ICICI,19/07/2026 17:11:43,2026-07-19 17:11:43,[],,,,order_ohn4LgqFMDNla8,rcpt-69209,[],,,,setl_kScRMmKkPsN4tZ,46223.716469907406,CITIN26072094138412,Razorpay
payment,pay_DCX52oZQeMF1ff,15936.00,INR,318.72,57.37,0.00,15559.91,upi,,,19/07/2026 00:24:12,19/07/2026 00:24:12,[],,,,order_ftVy3mIvWhogAW,rcpt-36976,[],,,,setl_kScRMmKkPsN4tZ,2026-07-20 00:24:12,CITIN26072094138412,Razorpay
payment,pay_uulGswucTG64XV,1018.50,INR,20.37,3.67,0.00,994.46,upi,,,46222.31783564815,2026-07-19 07:37:41,[],,,,order_4GlxzqnLEeiDGY,rcpt-26199,[],,,,setl_kScRMmKkPsN4tZ,2026-07-20 07:37:41,CITIN26072094138412,Razorpay
payment,pay_frJ7FY0itX3q9p,24930.50,INR,498.61,89.75,0.00,24342.14,upi,,,19/07/2026 14:50:10,19/07/2026 14:50:10,[],,,,order_O8JL4DSviWRgRK,rcpt-35624,[],,,,setl_kScRMmKkPsN4tZ,2026-07-20 14:50:10,CITIN26072094138412,Razorpay
payment,pay_Vh4imbyLVF8ovG,948.00,INR,18.96,3.41,0.00,925.63,upi,,,2026-07-19 21:03:39,19/07/2026 21:03:39,[],,,,order_tA2QCJiFlm5cB1,rcpt-47222,[],,,,setl_kScRMmKkPsN4tZ,2026-07-20 21:03:39,CITIN26072094138412,Razorpay
payment,pay_5GIRStUL1NqwQ6,22455.50,INR,269.47,48.50,0.00,22137.53,card,debit,SBIN,19/07/2026 04:16:08,2026-07-19 04:16:08,[],,,,order_geNOpXdqtoj5Km,rcpt-36386,[],,,,setl_kScRMmKkPsN4tZ,2026-07-20 04:16:08,CITIN26072094138412,Razorpay
payment,pay_oIfaK6sc5R8sJg,14136.50,INR,282.73,50.89,0.00,13802.88,upi,,,2026-07-19 11:29:37,46222.478900462964,[],,,,order_FrTJrGWBDhqJxK,rcpt-28465,[],,,,setl_kScRMmKkPsN4tZ,2026-07-20 11:29:37,CITIN26072094138412,Razorpay
payment,pay_MWokzvYAWvLqW5,22909.50,INR,274.91,49.48,0.00,22585.11,card,debit,KKBK,2026-07-19 18:42:06,2026-07-19 18:42:06,[],,,,order_S4eaBLAJjdh7zl,rcpt-31030,[],,,,setl_kScRMmKkPsN4tZ,2026-07-20 18:42:06,CITIN26072094138412,Razorpay
payment,pay_j0oDMKmKtyg88d,3577.50,INR,71.55,12.88,0.00,3493.07,upi,,,2026-07-19 01:55:35,2026-07-19 01:55:35,[],,,,order_t20qm5ghNpxVJ5,rcpt-99976,[],,,,setl_kScRMmKkPsN4tZ,20/07/2026 01:55:35,CITIN26072094138412,Razorpay
payment,pay_kXEGjFzUYQpQb6,3953.50,INR,69.19,12.45,0.00,3871.86,netbanking,,SBIN,19/07/2026 08:08:04,2026-07-19 08:08:04,[],,,,order_o1fNzvyhKR6yF4,rcpt-84441,[],,,,setl_kScRMmKkPsN4tZ,20/07/2026 08:08:04,CITIN26072094138412,Razorpay
payment,pay_9FkuPvENzFC3m3,521.50,INR,10.43,1.88,0.00,509.19,upi,,,19/07/2026 15:21:33,2026-07-19 15:21:33,[],,,,order_cg1eCdee75KyyJ,rcpt-26007,[],,,,setl_kScRMmKkPsN4tZ,20/07/2026 15:21:33,CITIN26072094138412,Razorpay
payment,pay_jOtZTUhFVGJLvz,662.00,INR,13.24,2.38,0.00,646.38,upi,,,19/07/2026 22:34:02,2026-07-19 22:34:02,[],,,,order_Pp3fSXUzaGKO8Y,rcpt-47609,[],,,,setl_kScRMmKkPsN4tZ,20/07/2026 22:34:02,CITIN26072094138412,Razorpay
payment,pay_60d8fvj7hALvAB,3874.50,INR,77.49,13.95,0.00,3783.06,upi,,,19/07/2026 05:47:31,2026-07-19 05:47:31,[],,,,order_7XHFB1rZryOyn6,rcpt-33770,[],,,,setl_kScRMmKkPsN4tZ,20/07/2026 05:47:31,CITIN26072094138412,Razorpay
payment,pay_onqCpEw8ggxT1n,698.00,INR,13.96,2.51,0.00,681.53,card,credit,KKBK,2026-07-19 12:00:00,2026-07-19 12:00:00,[],,,,order_j48n1g9s1y97iB,rcpt-43996,[],,,,setl_kScRMmKkPsN4tZ,2026-07-20 12:00:00,CITIN26072094138412,Razorpay
payment,pay_IeCSIPeeO6Nbph,15565.50,INR,186.79,33.62,0.00,15345.09,card,debit,HDFC,19/07/2026 19:13:29,2026-07-19 19:13:29,[],,,,order_wWvK13nnLB659l,rcpt-27717,[],,,,setl_kScRMmKkPsN4tZ,20/07/2026 19:13:29,CITIN26072094138412,Razorpay
payment,pay_BN7ciwigg91WyK,7227.50,INR,144.55,26.02,0.00,7056.93,upi,,,2026-07-19 02:26:58,2026-07-19 02:26:58,[],,,,order_1DoUvMfaMPwH1H,rcpt-19674,[],,,,setl_kScRMmKkPsN4tZ,20/07/2026 02:26:58,CITIN26072094138412,Razorpay
payment,pay_egJ0754vCoQteH,656.50,INR,7.88,1.42,0.00,647.20,card,debit,AXIS,19/07/2026 09:39:27,2026-07-19 09:39:27,[],,,,order_zRaorfalgZo2OP,rcpt-24574,[],,,,setl_kScRMmKkPsN4tZ,20/07/2026 09:39:27,CITIN26072094138412,Razorpay
payment,pay_vEG17IBjLFlaVQ,549.50,INR,10.99,1.98,0.00,536.53,upi,,,2026-07-19 16:52:56,2026-07-19 16:52:56,[],,,,order_xcxeRTTynsV2EO,rcpt-76555,[],,,,setl_kScRMmKkPsN4tZ,2026-07-20 16:52:56,CITIN26072094138412,Razorpay
payment,pay_UfJRGI9rPKEyfI,383.00,INR,7.66,1.38,0.00,373.96,upi,,,2026-07-19 23:05:25,46222.96209490741,[],,,,order_dcG956KTerWmKY,rcpt-77735,[],,,,setl_kScRMmKkPsN4tZ,2026-07-20 23:05:25,CITIN26072094138412,Razorpay
payment,pay_0EXbz3fCM6BzjW,11220.00,INR,224.40,40.39,0.00,10955.21,upi,,,2026-07-19 06:18:54,2026-07-19 06:18:54,[],,,,order_n4I3cHl9zS0YdD,rcpt-28057,[],,,,setl_kScRMmKkPsN4tZ,2026-07-20 06:18:54,CITIN26072094138412,Razorpay
payment,pay_zPdgUPBQSi9qvc,19839.50,INR,396.79,71.42,0.00,19371.29,upi,,,2026-07-19 13:31:23,46222.56346064815,[],,,,order_1HUsvxqIRIzlyn,rcpt-77705,[],,,,setl_kScRMmKkPsN4tZ,2026-07-20 13:31:23,CITIN26072094138412,Razorpay
refund,rfnd_GjjrVzt7E16tkg,19839.50,INR,4.00,0.72,19844.22,0.00,,,,46223.86449074074,,,"{""refund_reason"": ""duplicate_order""}",465426649161,,,,,,,,setl_kScRMmKkPsN4tZ,2026-07-20 20:44:52,CITIN26072094138412,Razorpay
payment,pay_033mqVKQoUf7e4,900.50,INR,10.81,1.95,0.00,887.74,card,debit,HDFC,46223.164826388886,2026-07-20 03:57:21,[],,,,order_4uj76TsqSkMZtc,rcpt-97258,[],,,,setl_mhEuuveD6ADCOC,22/07/2026 03:57:21,CITIN26072287296001,Razorpay
payment,pay_KGHGIkDqW6wexQ,23273.50,INR,279.28,50.27,0.00,22943.95,card,debit,SBIN,2026-07-20 10:10:50,2026-07-20 10:10:50,[],,,,order_yCsc580gOtVIrp,rcpt-27038,[],,,,setl_mhEuuveD6ADCOC,2026-07-22 10:10:50,CITIN26072287296001,Razorpay
payment,pay_XOVghjl4y5PHuS,2199.00,INR,43.98,7.92,0.00,2147.10,upi,,,2026-20-07 17:23:19,2026-07-20 17:23:19,[],,,,order_sqiRbqcZ1UPc5T,rcpt-74679,[],,,,setl_mhEuuveD6ADCOC,2026-07-22 17:23:19,CITIN26072287296001,Razorpay
payment,pay_IdCIuXbuNwW9Sb,435.50,INR,8.71,1.57,0.00,425.22,upi,,,2026-07-20 00:36:48,2026-07-20 00:36:48,[],,,,order_a4d4E4UAVRRo8x,rcpt-39595,[],,,,setl_mhEuuveD6ADCOC,2026-07-22 00:36:48,CITIN26072287296001,Razorpay
payment,pay_sbzBcPgS6IFPs5,16279.00,INR,569.77,102.56,0.00,15606.67,card,credit,,2026-07-20 07:49:17,2026-20-07 07:49:17,[],,,,order_ZxGiBfw5lATRRq,rcpt-83667,[],,,,setl_mhEuuveD6ADCOC,2026-22-07 07:49:17,CITIN26072287296001,Razorpay
payment,pay_PDhZH6llsqU0md,4997.50,INR,99.95,17.99,0.00,4879.56,upi,,,2026-07-20 14:02:46,2026-07-20 14:02:46,[],,,,order_gSMCwZdEAIEWN0,rcpt-21826,[],,,,setl_mhEuuveD6ADCOC,2026-07-22 14:02:46,CITIN26072287296001,Razorpay
payment,pay_uwer48GmMhONol,3530.00,INR,70.60,12.71,0.00,3446.69,upi,,,46223.88559027778,2026-07-20 21:15:15,[],,,,order_LNEcYnVWCUmRTK,rcpt-56387,[],,,,setl_mhEuuveD6ADCOC,22/07/2026 21:15:15,CITIN26072287296001,Razorpay
payment,pay_T70SCvygDURSvK,2427.50,INR,48.55,8.74,0.00,2370.21,upi,,,46223.18662037037,2026-07-20 04:28:44,[],,,,order_viZawfmELkzhVI,rcpt-58154,[],,,,setl_mhEuuveD6ADCOC,2026-07-22 04:28:44,CITIN26072287296001,Razorpay
payment,pay_PZ00jpR2Xz12YJ,4295.00,INR,85.90,15.46,0.00,4193.64,upi,,,20/07/2026 11:41:13,2026-20-07 11:41:13,[],,,,order_dmcUydLVM49D5j,rcpt-36380,[],,,,setl_mhEuuveD6ADCOC,2026-07-22 11:41:13,CITIN26072287296001,Razorpay
payment,pay_WCvq8bfUiBW9Sy,537.50,INR,10.75,1.94,0.00,524.81,card,credit,,2026-07-20 18:54:42,46223.787986111114,[],,,,order_9S7pDq9qvO5kYT,rcpt-69685,[],,,,setl_mhEuuveD6ADCOC,2026-07-22 18:54:42,CITIN26072287296001,Razorpay
payment,pay_p03jxell8BVjIt,17476.50,INR,209.72,37.75,0.00,17229.03,card,debit,AXIS,2026-07-20 01:07:11,2026-07-20 01:07:11,[],,,,order_EfdZunW9Mwt3Uj,rcpt-28810,[],,,,setl_mhEuuveD6ADCOC,22/07/2026 01:07:11,CITIN26072287296001,Razorpay
payment,pay_dnwfpyPeMUAQlD,4345.50,INR,86.91,15.64,0.00,4242.95,upi,,,2026-07-20 08:20:40,2026-07-20 08:20:40,[],,,,order_mshfvNkihtjWOx,rcpt-18173,[],,,,setl_mhEuuveD6ADCOC,2026-07-22 08:20:40,CITIN26072287296001,Razorpay
payment,pay_z3N1j8ExGwNW3r,1701.00,INR,34.02,6.12,0.00,1660.86,wallet,,,20/07/2026 15:33:09,2026-07-20 15:33:09,[],,,,order_bmbKy6VrGX1Ty0,rcpt-52723,[],,,,setl_mhEuuveD6ADCOC,46225.64802083333,CITIN26072287296001,Razorpay
payment,pay_yKrEk3mC2WFZVH,454.00,INR,7.95,1.43,0.00,444.62,netbanking,,HDFC,2026-07-20 22:46:38,2026-07-20 22:46:38,[],,,,order_KHdN3q4wPaOjeF,rcpt-83935,[],,,,setl_mhEuuveD6ADCOC,46225.94905092593,CITIN26072287296001,Razorpay
payment,pay_NX0tIgvsfK2s5P,3292.50,INR,65.85,11.85,0.00,3214.80,upi,,,2026-07-20 05:59:07,2026-07-20 05:59:07,[],,,,order_YEMHiux3PBY4p9,rcpt-57054,[],,,,setl_mhEuuveD6ADCOC,22/07/2026 05:59:07,CITIN26072287296001,Razorpay
payment,pay_X3lmikoroqIw6N,3057.00,INR,61.14,11.01,0.00,2984.85,upi,,,20/07/2026 12:12:36,46223.50875,[],,,,order_zcDuEu65d8Y9fG,rcpt-45135,[],,,,setl_mhEuuveD6ADCOC,2026-07-22 12:12:36,CITIN26072287296001,Razorpay
payment,pay_J5NW4JxWTzosX6,678.50,INR,13.57,2.44,0.00,662.49,upi,,,2026-07-20 19:25:05,2026-07-20 19:25:05,[],,,,order_1GBSlc1qWKRTAH,rcpt-17171,[],,,,setl_mhEuuveD6ADCOC,2026-07-22 19:25:05,CITIN26072287296001,Razorpay
payment,pay_2SuUcA7DdgG0UL,2444.50,INR,48.89,8.80,0.00,2386.81,upi,,,20/07/2026 02:38:34,2026-07-20 02:38:34,[],,,,order_qHFrrejQw0iyAT,rcpt-32832,[],,,,setl_mhEuuveD6ADCOC,46225.11011574074,CITIN26072287296001,Razorpay
payment,pay_tbLRzdpnjE8kVd,566.00,INR,11.32,2.04,0.00,552.64,upi,,,2026-07-20 09:51:03,20/07/2026 09:51:03,[],,,,order_siXIC5KAA3P2L3,rcpt-43884,[],,,,setl_mhEuuveD6ADCOC,2026-07-22 09:51:03,CITIN26072287296001,Razorpay
payment,pay_J1MQ3kZhwCrhIM,724.00,INR,14.48,2.61,0.00,706.91,wallet,,,2026-07-20 16:04:32,2026-07-20 16:04:32,[],,,,order_kSVhyh3qnkou6K,rcpt-20548,[],,,,setl_mhEuuveD6ADCOC,22/07/2026 16:04:32,CITIN26072287296001,Razorpay
payment,pay_2voSYgWbSFlh3O,4482.00,INR,112.05,20.17,0.00,4349.78,card,credit,KKBK,2026-07-20 23:17:01,2026-07-20 23:17:01,[],,,,order_eaPV8ve3A4YRL5,rcpt-70364,[],,,,setl_mhEuuveD6ADCOC,2026-07-22 23:17:01,CITIN26072287296001,Razorpay
payment,pay_mb2qh6oEvm4g8C,22888.50,INR,572.21,103.00,0.00,22213.29,card,credit,SBIN,46223.27118055556,46223.27118055556,[],,,,order_zwy7TvyGEh4jtz,rcpt-39036,[],,,,setl_mhEuuveD6ADCOC,2026-07-22 06:30:30,CITIN26072287296001,Razorpay
payment,pay_DPAZLQrDjJgUae,526.50,INR,9.21,1.66,0.00,515.63,netbanking,,KKBK,46223.57221064815,2026-07-20 13:43:59,[],,,,order_rovcnSlaINN3xG,rcpt-47033,[],,,,setl_mhEuuveD6ADCOC,2026-07-22 13:43:59,CITIN26072287296001,Razorpay
payment,pay_iJdw3zyPaexeFw,20277.00,INR,405.54,73.00,0.00,19798.46,upi,,,2026-07-20 20:56:28,2026-07-20 20:56:28,[],,,,order_q4Yaxsvx0K72yB,rcpt-50378,[],,,,setl_mhEuuveD6ADCOC,2026-07-22 20:56:28,CITIN26072287296001,Razorpay
payment,pay_fkTF0mMwP0K6hv,17940.00,INR,358.80,64.58,0.00,17516.62,upi,,,2026-07-20 03:09:57,20/07/2026 03:09:57,[],,,,order_Gi2PZ7SXhc66ew,rcpt-58031,[],,,,setl_mhEuuveD6ADCOC,2026-07-22 03:09:57,CITIN26072287296001,Razorpay
refund,rfnd_a2g81HcUsu9qub,5545.00,INR,4.00,0.72,5549.72,0.00,,,,2026-07-22 10:22:26,,,"{""refund_reason"": ""quality_issue""}",831047661294,,,,,,,,setl_mhEuuveD6ADCOC,2026-07-22 10:22:26,CITIN26072287296001,Razorpay
refund,rfnd_wR21QbNrvYy76X,2486.00,INR,4.00,0.72,2490.72,0.00,,,,2026-22-07 17:35:55,,,"{""refund_reason"": ""duplicate_order""}",798280496256,,,,,,,,setl_mhEuuveD6ADCOC,2026-07-22 17:35:55,CITIN26072287296001,Razorpay
payment,pay_ESUXYFTWQZLY9r,3463.00,INR,69.26,12.47,0.00,3381.27,upi,,,2026-07-21 00:48:24,21/07/2026 00:48:24,[],,,,order_5SziqqeAcx13FI,rcpt-85584,[],,,,setl_qmLhxWhLrJpNtC,2026-07-22 00:48:24,CITIN26072241693549,Razorpay
payment,pay_1RvUNtpi1T3CFO,2862.50,INR,57.25,10.31,0.00,2794.94,upi,,,21/07/2026 07:01:53,2026-07-21 07:01:53,[],,,,order_1rETyaFzNXlWf8,rcpt-14442,[],,,,setl_qmLhxWhLrJpNtC,2026-07-22 07:01:53,CITIN26072241693549,Razorpay
payment,pay_ciRKyYZUfdREPB,876.50,INR,17.53,3.16,0.00,855.81,upi,,,2026-07-21 14:14:22,46224.593310185184,[],,,,order_vXXCFrM1qQQsYR,rcpt-82477,[],,,,setl_qmLhxWhLrJpNtC,2026-07-22 14:14:22,CITIN26072241693549,Razorpay
payment,pay_YhZJun34MGaSyi,2413.50,INR,42.24,7.60,0.00,2363.66,netbanking,,SBIN,2026-07-21 21:27:51,2026-07-21 21:27:51,[],,,,order_mtHQE2E2rDw3O9,rcpt-85372,[],,,,setl_qmLhxWhLrJpNtC,2026-07-22 21:27:51,CITIN26072241693549,Razorpay
payment,pay_JeDdFWI4Xbz5wH,786.50,INR,15.73,2.83,0.00,767.94,wallet,,,2026-07-21 04:40:20,46224.19467592592,[],,,,order_16EgzDCic6odQo,rcpt-84027,[],,,,setl_qmLhxWhLrJpNtC,2026-07-22 04:40:20,CITIN26072241693549,Razorpay
payment,pay_VqdvzH8Fmsagf5,1711.50,INR,20.54,3.70,0.00,1687.26,card,debit,KKBK,2026-07-21 11:53:49,2026-07-21 11:53:49,[],,,,order_DzxPIzmF5k8Ibq,rcpt-30705,[],,,,setl_qmLhxWhLrJpNtC,2026-07-22 11:53:49,CITIN26072241693549,Razorpay
payment,pay_1ZC9elh93dV8iE,758.00,INR,15.16,2.73,0.00,740.11,upi,,,2026-07-21 18:06:18,2026-07-21 18:06:18,[],,,,order_qilhqMIuIvKtxB,rcpt-85638,[],,,,setl_qmLhxWhLrJpNtC,22/07/2026 18:06:18,CITIN26072241693549,Razorpay
payment,pay_9VfjGBDXLgnsb9,713.50,INR,12.49,2.25,0.00,698.76,netbanking,,SBIN,2026-07-21 01:19:47,2026-07-21 01:19:47,[],,,,order_QyaAotA6QS1DJK,rcpt-77350,[],,,,setl_qmLhxWhLrJpNtC,2026-07-22 01:19:47,CITIN26072241693549,Razorpay
payment,pay_NtJoQY6mAGYyEk,4488.00,INR,53.86,9.69,0.00,4424.45,card,debit,AXIS,2026-07-21 08:32:16,21/07/2026 08:32:16,[],,,,order_Y9UejHSKUNcsiv,rcpt-66597,[],,,,setl_qmLhxWhLrJpNtC,2026-07-22 08:32:16,CITIN26072241693549,Razorpay
payment,pay_WZjTcwsolDh6pR,4605.50,INR,92.11,16.58,0.00,4496.81,upi,,,46224.65677083333,21/07/2026 15:45:45,[],,,,order_zTh5X1UPYbK1fS,rcpt-72861,[],,,,setl_qmLhxWhLrJpNtC,2026-07-22 15:45:45,CITIN26072241693549,Razorpay
payment,pay_VIpuyLnMyDqsQJ,18243.50,INR,364.87,65.68,0.00,17812.95,upi,,,46224.95710648148,21/07/2026 22:58:14,[],,,,order_7tnOxlQ66pfT3O,rcpt-57296,[],,,,setl_qmLhxWhLrJpNtC,2026-07-22 22:58:14,CITIN26072241693549,Razorpay
payment,pay_RSs8b8uLUoDpnU,20443.50,INR,408.87,73.60,0.00,19961.03,upi,,,21/07/2026 05:11:43,21/07/2026 05:11:43,[],,,,order_NtcsVVcALKB9ra,rcpt-12065,[],,,,setl_qmLhxWhLrJpNtC,2026-07-22 05:11:43,CITIN26072241693549,Razorpay
payment,pay_T3QpwxIiODCbgg,993.50,INR,11.92,2.15,0.00,979.43,card,debit,SBIN,21/07/2026 12:24:12,21/07/2026 12:24:12,[],,,,order_aLBIq9dMERQ2gv,rcpt-71000,[],,,,setl_qmLhxWhLrJpNtC,2026-07-22 12:24:12,CITIN26072241693549,Razorpay
payment,pay_C4VIjcrTJ0ldc1,918.50,INR,18.37,3.31,0.00,896.82,upi,,,46224.81783564815,2026-07-21 19:37:41,[],,,,order_Y5XCN90MOPK1QG,rcpt-50067,[],,,,setl_qmLhxWhLrJpNtC,46225.81783564815,CITIN26072241693549,Razorpay
payment,pay_fPIk88OU7CxL5j,14981.00,INR,299.62,53.93,0.00,14627.45,upi,,,2026-07-21 02:50:10,46224.11817129629,[],,,,order_z6HXyPaoYx6On2,rcpt-65598,[],,,,setl_qmLhxWhLrJpNtC,22/07/2026 02:50:10,CITIN26072241693549,Razorpay
payment,pay_BXsKqzOLftAD7d,24848.50,INR,298.18,53.67,0.00,24496.65,card,debit,AXIS,2026-07-21 09:03:39,2026-07-21 09:03:39,[],,,,order_i7zWhlMooOd43l,rcpt-65882,[],,,,setl_qmLhxWhLrJpNtC,46225.377534722225,CITIN26072241693549,Razorpay
payment,pay_Rq57zU5v8jKImB,18032.00,INR,360.64,64.92,0.00,17606.44,upi,,,2026-07-21 16:16:08,21/07/2026 16:16:08,[],,,,order_YHzl5n8Rwy7TgH,rcpt-80024,[],,,,setl_qmLhxWhLrJpNtC,22/07/2026 16:16:08,CITIN26072241693549,Razorpay
payment,pay_L7ii1NzY6uT6tN,1396.00,INR,27.92,5.03,0.00,1363.05,upi,,,2026-07-21 23:29:37,2026-07-21 23:29:37,[],,,,order_UIb1bY2aUehCJO,rcpt-35619,[],,,,setl_qmLhxWhLrJpNtC,22/07/2026 23:29:37,CITIN26072241693549,Razorpay
payment,pay_KkomDk5E6KdTde,10260.00,INR,205.20,36.94,0.00,10017.86,upi,,,2026-07-21 06:42:06,21/07/2026 06:42:06,[],,,,order_BEeCsiPEeKRcaW,rcpt-99996,[],,,,setl_qmLhxWhLrJpNtC,22/07/2026 06:42:06,CITIN26072241693549,Razorpay
payment,pay_LI3A3ASTpJWia4,6751.50,INR,135.03,24.31,0.00,6592.16,upi,,,46224.5802662037,46224.5802662037,[],,,,order_a7a10r0TRoaBN8,rcpt-51067,[],,,,setl_qmLhxWhLrJpNtC,22/07/2026 13:55:35,CITIN26072241693549,Razorpay
payment,pay_uD1Nc8T21FZtQ0,4954.00,INR,99.08,17.83,0.00,4837.09,card,credit,AXIS,21/07/2026 20:08:04,2026-07-21 20:08:04,[],,,,order_PDgvXYMVaRRWNx,rcpt-37076,[],,,,setl_qmLhxWhLrJpNtC,2026-07-22 20:08:04,CITIN26072241693549,Razorpay
payment,pay_uME64YpFXUp6yv,945.00,INR,18.90,3.40,0.00,922.70,upi,,,2026-07-21 03:21:33,2026-07-21 03:21:33,[],,,,order_dchLoROT1ILpCj,rcpt-30651,[],,,,setl_qmLhxWhLrJpNtC,22/07/2026 03:21:33,CITIN26072241693549,Razorpay
payment,pay_G9jwO2nxrqf5Yj,201.00,INR,4.02,0.72,0.00,196.26,upi,,,2026-07-21 10:34:02,2026-07-21 10:34:02,[],,,,order_ynIZ69tBqWNDg0,rcpt-46430,[],,,,setl_qmLhxWhLrJpNtC,2026-07-22 10:34:02,CITIN26072241693549,Razorpay
payment,pay_TnxIQAGKOb1BCa,833.00,INR,16.66,3.00,0.00,813.34,upi,,,2026-21-07 17:47:31,2026-07-21 17:47:31,[],,,,order_dG1qtUdXyihp99,rcpt-36683,[],,,,setl_qmLhxWhLrJpNtC,2026-07-22 17:47:31,CITIN26072241693549,Razorpay
payment,pay_0qOHKnp0xu0xlh,16030.50,INR,320.61,57.71,0.00,15652.18,upi,,,2026-07-21 00:00:00,2026-07-21 00:00:00,[],,,,order_nahIE86gStV7SA,rcpt-58418,[],,,,setl_qmLhxWhLrJpNtC,2026-07-22 00:00:00,CITIN26072241693549,Razorpay
payment,pay_5jb4JYG9owFEEb,4924.50,INR,98.49,17.73,0.00,4808.28,upi,,,21/07/2026 07:13:29,21/07/2026 07:13:29,[],,,,order_iL41tg9kfg8OEl,rcpt-89629,[],,,,setl_qmLhxWhLrJpNtC,2026-07-22 07:13:29,CITIN26072241693549,Razorpay
payment,pay_0Qgej18779zhJQ,2486.00,INR,49.72,8.95,0.00,2427.33,upi,,,21/07/2026 14:26:58,2026-21-07 14:26:58,[],,,,order_lNa0Jl5cU35tgn,rcpt-90604,[],,,,setl_qmLhxWhLrJpNtC,2026-07-22 14:26:58,CITIN26072241693549,Razorpay
payment,pay_GKheExSHhBLXeE,3988.00,INR,79.76,14.36,0.00,3893.88,upi,,,2026-07-21 21:39:27,2026-07-21 21:39:27,[],,,,order_uWopnSVksCT9Lm,rcpt-26007,[],,,,setl_qmLhxWhLrJpNtC,2026-22-07 21:39:27,CITIN26072241693549,Razorpay
payment,pay_5JR9f0JAfusK7v,3914.50,INR,78.29,14.09,0.00,3822.12,upi,,,21/07/2026 04:52:56,2026-07-21 04:52:56,[],,,,order_0nUnBcNAF15h7M,rcpt-58928,[],,,,setl_qmLhxWhLrJpNtC,22/07/2026 04:52:56,CITIN26072241693549,Razorpay
payment,pay_yhUJmxlez4Sbus,4344.00,INR,86.88,15.64,0.00,4241.48,upi,,,21/07/2026 11:05:25,2026-07-21 11:05:25,[],,,,order_j8wxsuB3ggtK6t,rcpt-29242,[],,,,setl_qmLhxWhLrJpNtC,2026-07-22 11:05:25,CITIN26072241693549,Razorpay
payment,pay_Qw9szYOtev0FBK,15726.50,INR,314.53,56.62,0.00,15355.35,upi,,,2026-07-21 18:18:54,2026-21-07 18:18:54,[],,,,order_gs9nX8Js9loysG,rcpt-17348,[],,,,setl_qmLhxWhLrJpNtC,22/07/2026 18:18:54,CITIN26072241693549,Razorpay
payment,pay_0CnY0AJSVmI0UZ,510.00,INR,8.93,1.61,0.00,499.46,netbanking,,ICICI,2026-07-21 01:31:23,2026-07-21 01:31:23,[],,,,order_dweeGKLpSifln3,rcpt-31756,[],,,,setl_qmLhxWhLrJpNtC,46225.06346064815,CITIN26072241693549,Razorpay
payment,pay_G3SZmCceraqDRW,1190.50,INR,23.81,4.29,0.00,1162.40,upi,,,2026-21-07 08:44:52,2026-07-21 08:44:52,[],,,,order_Wl02BTiuRirUba,rcpt-32987,[],,,,setl_qmLhxWhLrJpNtC,2026-07-22 08:44:52,CITIN26072241693549,Razorpay
payment,pay_2S1EPBuse9uWz4,563.50,INR,11.27,2.03,0.00,550.20,upi,,,21/07/2026 15:57:21,21/07/2026 15:57:21,[],,,,order_Zg0PBn1UHF6LNp,rcpt-46340,[],,,,setl_qmLhxWhLrJpNtC,22/07/2026 15:57:21,CITIN26072241693549,Razorpay
payment,pay_aOterVBjZlNm69,4456.00,INR,89.12,16.04,0.00,4350.84,card,credit,HDFC,2026-07-21 22:10:50,2026-07-21 22:10:50,[],,,,order_V8uNkdeGJv9FWE,rcpt-42600,[],,,,setl_qmLhxWhLrJpNtC,22/07/2026 22:10:50,CITIN26072241693549,Razorpay
payment,pay_neys62QpUakPVj,293.50,INR,5.87,1.06,0.00,286.57,upi,,,21/07/2026 05:23:19,21/07/2026 05:23:19,[],,,,order_bIWttqKl24mZPl,rcpt-12963,[],,,,setl_qmLhxWhLrJpNtC,2026-07-22 05:23:19,CITIN26072241693549,Razorpay
payment,pay_fWbPI5SDE7hmf0,618.50,INR,12.37,2.23,0.00,603.90,upi,,,2026-07-21 12:36:48,2026-07-21 12:36:48,[],,,,order_qdRhUr7cxcOFhv,rcpt-16571,[],,,,setl_qmLhxWhLrJpNtC,2026-07-22 12:36:48,CITIN26072241693549,Razorpay
payment,pay_a5l3QZ9ntSKjhI,2970.00,INR,59.40,10.69,0.00,2899.91,upi,,,2026-07-21 19:49:17,2026-07-21 19:49:17,[],,,,order_nX7v3qLWMCDxm9,rcpt-96675,[],,,,setl_qmLhxWhLrJpNtC,46225.825891203705,CITIN26072241693549,Razorpay
payment,pay_gB2pvxjFrLqJGw,245.00,INR,4.90,0.88,0.00,239.22,upi,,,22/07/2026 02:02:46,22/07/2026 02:02:46,[],,,,order_76eNaRXidGpvU0,rcpt-89643,[],,,,setl_XoaOOR3s7fvtBP,2026-07-24 02:02:46,CITIN26072420144675,Razorpay
payment,pay_0C8Q3rFLGDOVSJ,15801.50,INR,316.03,56.89,0.00,15428.58,wallet,,,2026-07-22 09:15:15,2026-07-22 09:15:15,[],,,,order_WVuoFrbOousfdc,rcpt-94881,[],,,,setl_XoaOOR3s7fvtBP,46227.38559027778,CITIN26072420144675,Razorpay
payment,pay_MS2l7UgcUgGArN,672.50,INR,13.45,2.42,0.00,656.63,upi,,,2026-07-22 16:28:44,2026-07-22 16:28:44,[],,,,order_HpD3dE87Cp3Kld,rcpt-87505,[],,,,setl_XoaOOR3s7fvtBP,2026-07-24 16:28:44,CITIN26072420144675,Razorpay
payment,pay_cPWALavDOnMwZo,19011.50,INR,380.23,68.44,0.00,18562.83,card,credit,AXIS,2026-07-22 23:41:13,2026-07-22 23:41:13,[],,,,order_wbA6SwHya0HBql,rcpt-73634,[],,,,setl_XoaOOR3s7fvtBP,24/07/2026 23:41:13,CITIN26072420144675,Razorpay
payment,pay_VKULPm6srvBHRX,2769.00,INR,55.38,9.97,0.00,2703.65,upi,,,2026-07-22 06:54:42,2026-07-22 06:54:42,[],,,,order_0hKZ4QDP3uRLFN,rcpt-14132,[],,,,setl_XoaOOR3s7fvtBP,2026-07-24 06:54:42,CITIN26072420144675,Razorpay
payment,pay_yX16Km2ZoKlVjV,4895.50,INR,85.67,15.42,0.00,4794.41,netbanking,,,2026-07-22 13:07:11,2026-07-22 13:07:11,[],,,,order_omm8FmGeBEkeGk,rcpt-15491,[],,,,setl_XoaOOR3s7fvtBP,2026-07-24 13:07:11,CITIN26072420144675,Razorpay
payment,pay_gCrUNwdby4vOPh,23412.00,INR,468.24,84.28,0.00,22859.48,wallet,,,2026-07-22 20:20:40,22/07/2026 20:20:40,[],,,,order_2gErrUATyStsC7,rcpt-93204,[],,,,setl_XoaOOR3s7fvtBP,24/07/2026 20:20:40,CITIN26072420144675,Razorpay
payment,pay_C8yDYlVstHw1wN,5711.50,INR,199.90,35.98,0.00,5475.62,card,credit,,22/07/2026 03:33:09,22/07/2026 03:33:09,[],,,,order_w62Rwq3fmv1IiT,rcpt-75088,[],,,,setl_XoaOOR3s7fvtBP,24/07/2026 03:33:09,CITIN26072420144675,Razorpay
payment,pay_mqdLrLCyP8177F,1906.00,INR,33.36,6.00,0.00,1866.64,netbanking,,,2026-07-22 10:46:38,2026-07-22 10:46:38,[],,,,order_ylb6M63NwSDFwf,rcpt-77574,[],,,,setl_XoaOOR3s7fvtBP,2026-07-24 10:46:38,CITIN26072420144675,Razorpay
payment,pay_wcwwxAdOBgNRWp,218.00,INR,4.36,0.78,0.00,212.86,card,credit,AXIS,2026-07-22 17:59:07,46225.749386574076,[],,,,order_uhJzUEd5rtZ2XY,rcpt-79847,[],,,,setl_XoaOOR3s7fvtBP,2026-07-24 17:59:07,CITIN26072420144675,Razorpay
payment,pay_RudXPL9XPXAD60,5526.50,INR,110.53,19.90,0.00,5396.07,upi,,,2026-07-22 00:12:36,22/07/2026 00:12:36,[],,,,order_JyYRHTF8Sb6qvS,rcpt-44229,[],,,,setl_XoaOOR3s7fvtBP,2026-07-24 00:12:36,CITIN26072420144675,Razorpay
payment,pay_1HEJZBpoI0OrsW,2628.50,INR,52.57,9.46,0.00,2566.47,upi,,,2026-07-22 07:25:05,46225.30908564815,[],,,,order_Wy8JvqUnzTTjNt,rcpt-98360,[],,,,setl_XoaOOR3s7fvtBP,2026-07-24 07:25:05,CITIN26072420144675,Razorpay
payment,pay_jbqRJvqv0M4CpH,1103.50,INR,22.07,3.97,0.00,1077.46,upi,,,2026-07-22 14:38:34,46225.61011574074,[],,,,order_JRlv3oYnxM8Kyi,rcpt-71553,[],,,,setl_XoaOOR3s7fvtBP,46227.61011574074,CITIN26072420144675,Razorpay
payment,pay_CAM5EVV2CiEXoO,2229.50,INR,44.59,8.03,0.00,2176.88,card,credit,AXIS,2026-07-22 21:51:03,46225.91045138889,[],,,,order_nlbNj1sAHtALfj,rcpt-18805,[],,,,setl_XoaOOR3s7fvtBP,2026-24-07 21:51:03,CITIN26072420144675,Razorpay
payment,pay_pivLCBknnyqfrv,4996.00,INR,99.92,17.99,0.00,4878.09,upi,,,22/07/2026 04:04:32,2026-07-22 04:04:32,[],,,,order_9hKIWL8padSJtY,rcpt-60155,[],,,,setl_XoaOOR3s7fvtBP,46227.16981481481,CITIN26072420144675,Razorpay
payment,pay_NGZMGSTMJFcwXg,4176.00,INR,83.52,15.03,0.00,4077.45,upi,,,2026-07-22 11:17:01,46225.47015046296,[],,,,order_IjLNRSvrxzBhEq,rcpt-67619,[],,,,setl_XoaOOR3s7fvtBP,2026-24-07 11:17:01,CITIN26072420144675,Razorpay
payment,pay_NUeEMe40j9BB1M,594.00,INR,11.88,2.14,0.00,579.98,upi,,,2026-07-22 18:30:30,2026-07-22 18:30:30,[],,,,order_gcLJEmMFhbgrKH,rcpt-36855,[],,,,setl_XoaOOR3s7fvtBP,2026-24-07 18:30:30,CITIN26072420144675,Razorpay
payment,pay_gb8bg820IFX6t3,796.50,INR,13.94,2.51,0.00,780.05,netbanking,,AXIS,2026-07-22 01:43:59,2026-07-22 01:43:59,[],,,,order_7qgn5nyHsSjebx,rcpt-83831,[],,,,setl_XoaOOR3s7fvtBP,24/07/2026 01:43:59,CITIN26072420144675,Razorpay
payment,pay_HgfowlqzLIEVER,23081.50,INR,461.63,83.09,0.00,22536.78,card,credit,SBIN,22/07/2026 08:56:28,46225.3725462963,[],,,,order_H46vRR4Y9giGoX,rcpt-18520,[],,,,setl_XoaOOR3s7fvtBP,2026-07-24 08:56:28,CITIN26072420144675,Razorpay
payment,pay_ZYJLYiX5Ffm7MY,3211.00,INR,64.22,11.56,0.00,3135.22,upi,,,22/07/2026 15:09:57,46225.63190972222,[],,,,order_G41Nqc4rxQGL5p,rcpt-75929,[],,,,setl_XoaOOR3s7fvtBP,46227.63190972222,CITIN26072420144675,Razorpay
payment,pay_20UFlc9KA9nXRf,23346.50,INR,583.66,105.06,0.00,22657.78,card,credit,ICICI,22/07/2026 22:22:26,2026-07-22 22:22:26,[],,,,order_S62H14VRDQfHCO,rcpt-28224,[],,,,setl_XoaOOR3s7fvtBP,2026-07-24 22:22:26,CITIN26072420144675,Razorpay
payment,pay_HfZYMMa9UPAV2g,10318.50,INR,206.37,37.15,0.00,10074.98,upi,,,2026-07-22 05:35:55,22/07/2026 05:35:55,[],,,,order_NKEkcHUpfbMpac,rcpt-52772,[],,,,setl_XoaOOR3s7fvtBP,2026-07-24 05:35:55,CITIN26072420144675,Razorpay
payment,pay_hZ3vOD73tDosyr,3857.50,INR,77.15,13.89,0.00,3766.46,upi,,,2026-07-22 12:48:24,2026-07-22 12:48:24,[],,,,order_BiC3yuUIgHmIGl,rcpt-58128,[],,,,setl_XoaOOR3s7fvtBP,24/07/2026 12:48:24,CITIN26072420144675,Razorpay
payment,pay_zied1XUQ4pNjOF,1957.00,INR,39.14,7.05,0.00,1910.81,upi,,,46225.792974537035,2026-07-22 19:01:53,[],,,,order_0PzfPAs02eRtR3,rcpt-16824,[],,,,setl_XoaOOR3s7fvtBP,46227.792974537035,CITIN26072420144675,Razorpay
payment,pay_BqfT3iyg7rRr0J,220.00,INR,4.40,0.79,0.00,214.81,upi,,,2026-07-22 02:14:22,22/07/2026 02:14:22,[],,,,order_Pm3ZsiWmWHWHzI,rcpt-19607,[],,,,setl_XoaOOR3s7fvtBP,2026-07-24 02:14:22,CITIN26072420144675,Razorpay
payment,pay_Uyt0rTxVMCbmkV,3857.50,INR,77.15,13.89,0.00,3766.46,upi,,,2026-07-22 09:27:51,22/07/2026 09:27:51,[],,,,order_BiC3yuUIgHmIGl,rcpt-58128,[],,,,setl_XoaOOR3s7fvtBP,2026-07-24 09:27:51,CITIN26072420144675,Razorpay
refund,rfnd_YbpKJdyc2P7LUD,4304.13,INR,4.00,0.72,4308.85,0.00,,,,2026-07-23 16:40:20,,,"{""refund_reason"": ""duplicate_order""}",704253459950,,,,,,,,setl_XoaOOR3s7fvtBP,2026-07-24 16:40:20,CITIN26072420144675,Razorpay
refund,rfnd_RXgd2jRrnnVlDZ,109.50,INR,4.00,0.72,114.22,0.00,,,,2026-07-23 23:53:49,,,"{""refund_reason"": ""customer_request""}",643903278170,,,,,,,,setl_XoaOOR3s7fvtBP,2026-07-24 23:53:49,CITIN26072420144675,Razorpay
refund,rfnd_5BuYV8W3Ae93Yg,3857.50,INR,4.00,0.72,3862.22,0.00,,,,2026-07-24 06:06:18,,,"{""refund_reason"": ""duplicate_order""}",106964506790,,,,,,,,setl_XoaOOR3s7fvtBP,2026-07-24 06:06:18,CITIN26072420144675,Razorpay
payment,pay_qTupHep3KrSfGt,4646.50,INR,81.31,14.64,0.00,4550.55,netbanking,,ICICI,2026-07-23 13:19:47,2026-07-23 13:19:47,[],,,,order_Ptx9oJOybTJZXc,rcpt-66953,[],,,,setl_qG7TysJ8jp2OKf,2026-07-27 13:19:47,CITIN26072768569850,Razorpay
payment,pay_2ipRijcQJ3VCRU,4954.00,INR,99.08,17.83,0.00,4837.09,upi,,,46226.85574074074,46226.85574074074,[],,,,order_TeA0RE6F1UA0hx,rcpt-84786,[],,,,setl_qG7TysJ8jp2OKf,2026-07-27 20:32:16,CITIN26072768569850,Razorpay
payment,pay_a1Hl9UkEDI6QyT,921.50,INR,18.43,3.32,0.00,899.75,upi,,,2026-07-23 03:45:45,46226.15677083333,[],,,,order_CfyoPvtosG84a8,rcpt-52725,[],,,,setl_qG7TysJ8jp2OKf,27/07/2026 03:45:45,CITIN26072768569850,Razorpay
payment,pay_UcRjeyTrVxTEe0,4843.00,INR,96.86,17.43,0.00,4728.71,upi,,,2026-07-23 10:58:14,2026-07-23 10:58:14,[],,,,order_gz7OxC8pD9lqRH,rcpt-95704,[],,,,setl_qG7TysJ8jp2OKf,2026-07-27 10:58:14,CITIN26072768569850,Razorpay
payment,pay_0FM0zvyz1LPZCR,13764.50,INR,240.88,43.36,0.00,13480.26,netbanking,,AXIS,2026-07-23 17:11:43,2026-07-23 17:11:43,[],,,,order_XQwtx7FH32Kh6M,rcpt-39296,[],,,,setl_qG7TysJ8jp2OKf,27/07/2026 17:11:43,CITIN26072768569850,Razorpay
payment,pay_1mMWHQ55ai2qzf,865.50,INR,17.31,3.12,0.00,845.07,card,credit,ICICI,2026-07-23 00:24:12,23/07/2026 00:24:12,[],,,,order_tJOWH6lQVebnyR,rcpt-55349,[],,,,setl_qG7TysJ8jp2OKf,2026-27-07 00:24:12,CITIN26072768569850,Razorpay
payment,pay_v1s5tuzSGKuWZz,22593.00,INR,451.86,81.33,0.00,22059.81,upi,,,2026-23-07 07:37:41,2026-07-23 07:37:41,[],,,,order_U2jAtQzHsVFlr8,rcpt-22974,[],,,,setl_qG7TysJ8jp2OKf,27/07/2026 07:37:41,CITIN26072768569850,Razorpay
payment,pay_T1yLgaX8bOdk89,916.00,INR,16.03,2.89,0.00,897.08,netbanking,,HDFC,2026-23-07 14:50:10,2026-23-07 14:50:10,[],,,,order_GetB4bDbr2KBPT,rcpt-12350,[],,,,setl_qG7TysJ8jp2OKf,2026-07-27 14:50:10,CITIN26072768569850,Razorpay
payment,pay_Bk6vH6OakRh5tO,8108.50,INR,162.17,29.19,0.00,7917.14,upi,,,2026-07-23 21:03:39,2026-07-23 21:03:39,[],,,,order_j63b77WunqqGN4,rcpt-50547,[],,,,setl_qG7TysJ8jp2OKf,2026-07-27 21:03:39,CITIN26072768569850,Razorpay
payment,pay_k2UysG7p8UG67N,4643.50,INR,92.87,16.72,0.00,4533.91,upi,,,46226.17787037037,23/07/2026 04:16:08,[],,,,order_ZjrhKPbqf36ZOI,rcpt-87030,[],,,,setl_qG7TysJ8jp2OKf,2026-27-07 04:16:08,CITIN26072768569850,Razorpay
payment,pay_jhxRalpQ7EZEuV,953.00,INR,19.06,3.43,0.00,930.51,upi,,,2026-07-23 11:29:37,2026-07-23 11:29:37,[],,,,order_0ReAr5W5n6mzL1,rcpt-60334,[],,,,setl_qG7TysJ8jp2OKf,2026-07-27 11:29:37,CITIN26072768569850,Razorpay
payment,pay_Jcn5LkI1OAPLqr,4214.50,INR,84.29,15.17,0.00,4115.04,upi,,,23/07/2026 18:42:06,2026-07-23 18:42:06,[],,,,order_zDmcNT34MylMUK,rcpt-11196,[],,,,setl_qG7TysJ8jp2OKf,27/07/2026 18:42:06,CITIN26072768569850,Razorpay
payment,pay_p3fsC00gcwYmly,1308.50,INR,26.17,4.71,0.00,1277.62,upi,,,2026-07-23 01:55:35,2026-07-23 01:55:35,[],,,,order_SxDY6DRUfbYYau,rcpt-79710,[],,,,setl_qG7TysJ8jp2OKf,2026-07-27 01:55:35,CITIN26072768569850,Razorpay
payment,pay_Nlw4oFHe6O3qhI,19290.00,INR,385.80,69.44,0.00,18834.76,upi,,,2026-07-23 08:08:04,2026-07-23 08:08:04,[],,,,order_5ti4vPgd2GbGgd,rcpt-58592,[],,,,setl_qG7TysJ8jp2OKf,2026-07-27 08:08:04,CITIN26072768569850,Razorpay
payment,pay_oUZnis2nl1Tbls,14038.00,INR,280.76,50.54,0.00,13706.70,upi,,,2026-23-07 15:21:33,2026-07-23 15:21:33,[],,,,order_sn635ui1fSc17Q,rcpt-49015,[],,,,setl_qG7TysJ8jp2OKf,2026-07-27 15:21:33,CITIN26072768569850,Razorpay
payment,pay_Wna4L1fRaEmfH4,2930.00,INR,58.60,10.55,0.00,2860.85,upi,,,46226.940300925926,46226.940300925926,[],,,,order_KE7RktbFFiExXv,rcpt-80248,[],,,,setl_qG7TysJ8jp2OKf,2026-07-27 22:34:02,CITIN26072768569850,Razorpay
payment,pay_cWVSCVSVzSBH2k,606.00,INR,10.61,1.91,0.00,593.48,netbanking,,SBIN,2026-07-23 05:47:31,23/07/2026 05:47:31,[],,,,order_ae2FONktF6hVVb,rcpt-20545,[],,,,setl_qG7TysJ8jp2OKf,2026-27-07 05:47:31,CITIN26072768569850,Razorpay
payment,pay_VYROTXLoU1l8zl,298.50,INR,5.22,0.94,0.00,292.34,netbanking,,SBIN,2026-07-23 12:00:00,46226.5,[],,,,order_tjhCjfinZMz8kq,rcpt-88121,[],,,,setl_qG7TysJ8jp2OKf,46230.5,CITIN26072768569850,Razorpay
payment,pay_VHcZ3LMkRB42z6,4538.00,INR,90.76,16.34,0.00,4430.90,upi,,,2026-07-23 19:13:29,23/07/2026 19:13:29,[],,,,order_W4pAG23lSRfs0d,rcpt-38313,[],,,,setl_qG7TysJ8jp2OKf,2026-07-27 19:13:29,CITIN26072768569850,Razorpay
payment,pay_isQZFlMUHWs5qK,597.00,INR,20.90,3.76,0.00,572.34,card,credit,ICICI,23/07/2026 02:26:58,23/07/2026 02:26:58,[],,,,order_4SXXE1HJKb9rJB,rcpt-19165,[],,,,setl_qG7TysJ8jp2OKf,2026-07-27 02:26:58,CITIN26072768569850,Razorpay
payment,pay_O1XDbgxL25d9Jp,4412.00,INR,88.24,15.88,0.00,4307.88,upi,,,2026-07-23 09:39:27,46226.402395833335,[],,,,order_8qOIzkmbGT5tqB,rcpt-52165,[],,,,setl_qG7TysJ8jp2OKf,2026-07-27 09:39:27,CITIN26072768569850,Razorpay
payment,pay_SveaGpaMlUQqh5,24242.00,INR,424.24,76.36,0.00,23741.40,netbanking,,AXIS,2026-07-23 16:52:56,2026-23-07 16:52:56,[],,,,order_ZpBWyWuy40JHrz,rcpt-47747,[],,,,setl_qG7TysJ8jp2OKf,2026-07-27 16:52:56,CITIN26072768569850,Razorpay
payment,pay_JOg7tEk0TsYizv,16191.00,INR,323.82,58.29,0.00,15808.89,upi,,,2026-23-07 23:05:25,2026-07-23 23:05:25,[],,,,order_XtNIJTwYnFexHe,rcpt-41937,[],,,,setl_qG7TysJ8jp2OKf,27/07/2026 23:05:25,CITIN26072768569850,Razorpay
payment,pay_OMyTPNdDNfjpke,21825.00,INR,436.50,78.57,0.00,21309.93,upi,,,23/07/2026 06:18:54,2026-07-23 06:18:54,[],,,,order_pKhBEfbTyrZqbq,rcpt-23672,[],,,,setl_qG7TysJ8jp2OKf,2026-07-27 06:18:54,CITIN26072768569850,Razorpay
payment,pay_V9JaCdSSgSz1Nx,3817.00,INR,66.80,12.02,0.00,3738.18,netbanking,,HDFC,23/07/2026 13:31:23,2026-07-23 13:31:23,[],,,,order_nUbRKkfmpqsjNQ,rcpt-76543,[],,,,setl_qG7TysJ8jp2OKf,27/07/2026 13:31:23,CITIN26072768569850,Razorpay
payment,pay_qL6OlKttfBF0e3,1669.00,INR,33.38,6.01,0.00,1629.61,upi,,,46226.86449074074,2026-07-23 20:44:52,[],,,,order_bxFKtIOQJBvShT,rcpt-84417,[],,,,setl_qG7TysJ8jp2OKf,27/07/2026 20:44:52,CITIN26072768569850,Razorpay
payment,pay_pBlfH3paVcPuJW,2217.00,INR,44.34,7.98,0.00,2164.68,upi,,,2026-07-23 03:57:21,2026-07-23 03:57:21,[],,,,order_KU5V1rREE19zD5,rcpt-68664,[],,,,setl_qG7TysJ8jp2OKf,27/07/2026 03:57:21,CITIN26072768569850,Razorpay
payment,pay_wabW2v8qcQBgHb,4636.50,INR,92.73,16.69,0.00,4527.08,card,credit,,46226.42418981482,46226.42418981482,[],,,,order_XYlgTfu7fhOrYG,rcpt-31627,[],,,,setl_qG7TysJ8jp2OKf,2026-07-27 10:10:50,CITIN26072768569850,Razorpay
payment,pay_rnFCWafCwyx6Tw,3766.50,INR,75.33,13.56,0.00,3677.61,upi,,,2026-23-07 17:23:19,46226.72452546296,[],,,,order_1F40HuqqQv9U7Z,rcpt-44888,[],,,,setl_qG7TysJ8jp2OKf,2026-07-27 17:23:19,CITIN26072768569850,Razorpay
payment,pay_YVJK77hhQ8Fgsx,857.50,INR,17.15,3.09,0.00,837.26,upi,,,23/07/2026 00:36:48,2026-07-23 00:36:48,[],,,,order_GYgqax6x4Dku9d,rcpt-87409,[],,,,setl_qG7TysJ8jp2OKf,27/07/2026 00:36:48,CITIN26072768569850,Razorpay
payment,pay_Xy5iqVOSInpBgJ,11399.00,INR,227.98,41.04,0.00,11129.98,upi,,,2026-07-23 07:49:17,2026-23-07 07:49:17,[],,,,order_Bkw9EJModAe82j,rcpt-62295,[],,,,setl_qG7TysJ8jp2OKf,2026-07-27 07:49:17,CITIN26072768569850,Razorpay
payment,pay_e9FH8XcmW5StHg,17883.00,INR,357.66,64.38,0.00,17460.96,upi,,,2026-07-23 14:02:46,46226.58525462963,[],,,,order_4ujRaCPbSN4Ym6,rcpt-20941,[],,,,setl_qG7TysJ8jp2OKf,27/07/2026 14:02:46,CITIN26072768569850,Razorpay
payment,pay_X5360f5bVp3xvf,816.00,INR,14.28,2.57,0.00,799.15,netbanking,,ICICI,23/07/2026 21:15:15,2026-07-23 21:15:15,[],,,,order_NA9lB7Qz9BEnDp,rcpt-38191,[],,,,setl_qG7TysJ8jp2OKf,2026-07-27 21:15:15,CITIN26072768569850,Razorpay
payment,pay_3oUSNDlATZroWk,4130.50,INR,82.61,14.87,0.00,4033.02,upi,,,2026-07-23 04:28:44,23/07/2026 04:28:44,[],,,,order_Nr7qWq1TfIaGJg,rcpt-34117,[],,,,setl_qG7TysJ8jp2OKf,46230.18662037037,CITIN26072768569850,Razorpay
payment,pay_tAJJfkpzbZeovg,13790.50,INR,275.81,49.65,0.00,13465.04,card,credit,KKBK,2026-07-23 11:41:13,2026-07-23 11:41:13,[],,,,order_JMudZNaDgAVUyL,rcpt-35711,[],,,,setl_qG7TysJ8jp2OKf,2026-07-27 11:41:13,CITIN26072768569850,Razorpay
payment,pay_JGLAn4nBrVq5Lo,1280.50,INR,25.61,4.61,0.00,1250.28,upi,,,23/07/2026 18:54:42,2026-07-23 18:54:42,[],,,,order_MstOkekbFBMu6S,rcpt-10487,[],,,,setl_qG7TysJ8jp2OKf,46230.787986111114,CITIN26072768569850,Razorpay
payment,pay_uWmdGo6KE6Lhl1,2147.00,INR,37.57,6.76,0.00,2102.67,netbanking,,ICICI,2026-07-23 01:07:11,23/07/2026 01:07:11,[],,,,order_Brtg9N1Nmd6sRy,rcpt-39985,[],,,,setl_qG7TysJ8jp2OKf,46230.04665509259,CITIN26072768569850,Razorpay
refund,rfnd_DKDT6HlALkEyMO,8108.50,INR,4.00,0.72,8113.22,0.00,,,,2026-07-26 08:20:40,,,"{""refund_reason"": ""item_out_of_stock""}",473850540783,,,,,,,,setl_qG7TysJ8jp2OKf,27/07/2026 08:20:40,CITIN26072768569850,Razorpay
refund,rfnd_j0i31EdK47JWsG,4538.00,INR,4.00,0.72,4542.72,0.00,,,,46230.64802083333,,,"{""refund_reason"": ""quality_issue""}",347138553527,,,,,,,,setl_qG7TysJ8jp2OKf,27/07/2026 15:33:09,CITIN26072768569850,Razorpay
refund,rfnd_Rj0ARknsxsUD4C,181.75,INR,4.00,0.72,186.47,0.00,,,,2026-07-27 22:46:38,,,"{""refund_reason"": ""customer_request""}",506654022260,,,,,,,,setl_qG7TysJ8jp2OKf,46230.94905092593,CITIN26072768569850,Razorpay
payment,pay_pGGpim6EfHtKB7,2757.50,INR,48.26,8.69,0.00,2700.55,netbanking,,ICICI,2026-24-07 05:59:07,24/07/2026 05:59:07,[],,,,order_3RJI5ZXGE4J1so,rcpt-59594,[],,,,setl_ejdcKWvrHoo7c0,28/07/2026 05:59:07,CITIN26072878072706,Razorpay
payment,pay_NDa1NIO5cSPsI9,507.50,INR,10.15,1.83,0.00,495.52,upi,,,2026-07-24 12:12:36,2026-07-24 12:12:36,[],,,,order_hFWXg3M7cnDNQM,rcpt-28698,[],,,,setl_ejdcKWvrHoo7c0,28/07/2026 12:12:36,CITIN26072878072706,Razorpay
refund,rfnd_18wS2Hnuq9ojYw,704.13,INR,4.00,0.72,708.85,0.00,,,,28/07/2026 19:25:05,,,"{""refund_reason"": ""item_out_of_stock""}",331833211849,,,,,,,,setl_ejdcKWvrHoo7c0,2026-07-28 19:25:05,CITIN26072878072706,Razorpay
refund,rfnd_DPzpd4q54ibJHN,1227.75,INR,4.00,0.72,1232.47,0.00,,,,2026-28-07 02:38:34,,,"{""refund_reason"": ""quality_issue""}",371772333200,,,,,,,,setl_ejdcKWvrHoo7c0,28/07/2026 02:38:34,CITIN26072878072706,Razorpay
payment,pay_JYGPBxETfoZqAf,932.00,INR,16.31,2.94,0.00,912.75,netbanking,,AXIS,2026-25-07 09:51:03,2026-07-25 09:51:03,[],,,,order_cUiZpOGVfFsjbY,rcpt-36833,[],,,,setl_zmACAwQWSHq69R,27/07/2026 09:51:03,CITIN26072714726023,Razorpay
payment,pay_5qSKwrzNKgf5Bz,4131.50,INR,82.63,14.87,0.00,4034.00,card,credit,SBIN,2026-07-25 16:04:32,2026-07-25 16:04:32,[],,,,order_xAFSnPKgq2fckv,rcpt-28108,[],,,,setl_zmACAwQWSHq69R,2026-07-27 16:04:32,CITIN26072714726023,Razorpay
payment,pay_ABwVD1Lq80LmHL,7054.00,INR,141.08,25.39,0.00,6887.53,upi,,,2026-07-25 23:17:01,2026-07-25 23:17:01,[],,,,order_BhpfjseWYTMWAA,rcpt-48716,[],,,,setl_zmACAwQWSHq69R,46230.97015046296,CITIN26072714726023,Razorpay
payment,pay_5tnbOpSpfZeRlC,1617.50,INR,32.35,5.82,0.00,1579.33,card,credit,HDFC,2026-07-25 06:30:30,46228.27118055556,[],,,,order_60jUG3JViSGaJ1,rcpt-49395,[],,,,setl_zmACAwQWSHq69R,2026-07-27 06:30:30,CITIN26072714726023,Razorpay
payment,pay_ElO4S0NVuaJfg6,623.00,INR,12.46,2.24,0.00,608.30,upi,,,2026-07-25 13:43:59,46228.57221064815,[],,,,order_jIIeoYxJEub1VC,rcpt-87120,[],,,,setl_zmACAwQWSHq69R,2026-07-27 13:43:59,CITIN26072714726023,Razorpay
payment,pay_uAUlZtTgm1vUlJ,12088.50,INR,241.77,43.52,0.00,11803.21,upi,,,2026-07-25 20:56:28,25/07/2026 20:56:28,[],,,,order_5dFIVJnwpSkaO9,rcpt-35272,[],,,,setl_zmACAwQWSHq69R,46230.8725462963,CITIN26072714726023,Razorpay
payment,pay_hW1BPc7aMZsfPa,484.50,INR,9.69,1.74,0.00,473.07,upi,,,2026-07-25 03:09:57,2026-07-25 03:09:57,[],,,,order_tgDt1aN1a72jmZ,rcpt-53339,[],,,,setl_zmACAwQWSHq69R,46230.13190972222,CITIN26072714726023,Razorpay
payment,pay_bsJt7gPuxbBFPE,550.50,INR,11.01,1.98,0.00,537.51,upi,,,2026-07-25 10:22:26,2026-07-25 10:22:26,[],,,,order_LpYiQOYUux61Z0,rcpt-53046,[],,,,setl_zmACAwQWSHq69R,2026-07-27 10:22:26,CITIN26072714726023,Razorpay
payment,pay_qskbbyeOyZEp0n,4064.50,INR,48.77,8.78,0.00,4006.95,card,debit,AXIS,2026-07-25 17:35:55,2026-07-25 17:35:55,[],,,,order_OuNLbVeMeXrbsc,rcpt-52453,[],,,,setl_zmACAwQWSHq69R,2026-07-27 17:35:55,CITIN26072714726023,Razorpay
payment,pay_ef3oY9Amvgbans,1917.00,INR,38.34,6.90,0.00,1871.76,upi,,,2026-07-25 00:48:24,25/07/2026 00:48:24,[],,,,order_veDmNNePiJWqfF,rcpt-34657,[],,,,setl_zmACAwQWSHq69R,2026-07-27 00:48:24,CITIN26072714726023,Razorpay
payment,pay_txwGVXEcdEw2es,8075.00,INR,141.31,25.44,0.00,7908.25,netbanking,,,2026-07-25 07:01:53,25/07/2026 07:01:53,[],,,,order_GEYM1heCLvWy4E,rcpt-79200,[],,,,setl_zmACAwQWSHq69R,27/07/2026 07:01:53,CITIN26072714726023,Razorpay
payment,pay_K4aVWp4AsC1FOH,22098.50,INR,441.97,79.55,0.00,21576.98,upi,,,46228.593310185184,46228.593310185184,[],,,,order_S3sXf0XrLzDmel,rcpt-61695,[],,,,setl_zmACAwQWSHq69R,27/07/2026 14:14:22,CITIN26072714726023,Razorpay
payment,pay_1eWdOWNCZdIaBj,887.50,INR,17.75,3.20,0.00,866.55,upi,,,25/07/2026 21:27:51,2026-07-25 21:27:51,[],,,,order_8oND2w5zkLFjfk,rcpt-97066,[],,,,setl_zmACAwQWSHq69R,2026-07-27 21:27:51,CITIN26072714726023,Razorpay
payment,pay_ihxu4BK00taSQ0,18875.50,INR,226.51,40.77,0.00,18608.22,card,debit,SBIN,46228.19467592592,2026-07-25 04:40:20,[],,,,order_WfK6RKJkqsws2t,rcpt-86642,[],,,,setl_zmACAwQWSHq69R,2026-07-27 04:40:20,CITIN26072714726023,Razorpay
payment,pay_31I4wwLOxp2b0l,13237.50,INR,264.75,47.66,0.00,12925.09,card,credit,HDFC,46228.49570601852,46228.49570601852,[],,,,order_ES8lW15h3yDOgO,rcpt-65448,[],,,,setl_zmACAwQWSHq69R,27/07/2026 11:53:49,CITIN26072714726023,Razorpay
payment,pay_Ll5BuwmrWLGOMQ,2863.50,INR,71.59,12.89,0.00,2779.02,card,credit,AXIS,25/07/2026 18:06:18,25/07/2026 18:06:18,[],,,,order_1jEwVCCRgekkZn,rcpt-47162,[],,,,setl_zmACAwQWSHq69R,2026-27-07 18:06:18,CITIN26072714726023,Razorpay
payment,pay_zj3xlzvnw3Qcel,15908.50,INR,318.17,57.27,0.00,15533.06,card,credit,KKBK,25/07/2026 01:19:47,2026-07-25 01:19:47,[],,,,order_yOiO8eiNMrfMuQ,rcpt-71092,[],,,,setl_zmACAwQWSHq69R,2026-07-27 01:19:47,CITIN26072714726023,Razorpay
payment,pay_juKpxE5FoL1vdE,4045.00,INR,80.90,14.56,0.00,3949.54,card,credit,AXIS,2026-07-25 08:32:16,46228.35574074074,[],,,,order_ziAlzk2eLsG3Us,rcpt-64058,[],,,,setl_zmACAwQWSHq69R,27/07/2026 08:32:16,CITIN26072714726023,Razorpay
payment,pay_oLZ9b8kYvCDIFM,766.00,INR,13.41,2.41,0.00,750.18,netbanking,,HDFC,2026-07-25 15:45:45,25/07/2026 15:45:45,[],,,,order_76N3jXwhyeJfP0,rcpt-10515,[],,,,setl_zmACAwQWSHq69R,2026-07-27 15:45:45,CITIN26072714726023,Razorpay
payment,pay_WKVCnIoaCHdCRH,1879.50,INR,37.59,6.77,0.00,1835.14,upi,,,46228.95710648148,2026-07-25 22:58:14,[],,,,order_GVZI2buocN8ZaF,rcpt-46578,[],,,,setl_zmACAwQWSHq69R,2026-07-27 22:58:14,CITIN26072714726023,Razorpay
payment,pay_FXTk1TvUSFj1H9,21750.50,INR,435.01,78.30,0.00,21237.19,upi,,,2026-07-25 05:11:43,2026-07-25 05:11:43,[],,,,order_WGJLWWj3jBUMqN,rcpt-95157,[],,,,setl_zmACAwQWSHq69R,2026-07-27 05:11:43,CITIN26072714726023,Razorpay
payment,pay_2SyiARwLFTU1K1,210.00,INR,4.20,0.76,0.00,205.04,upi,,,2026-07-25 12:24:12,2026-07-25 12:24:12,[],,,,order_HXiBBKfn9imlKD,rcpt-30138,[],,,,setl_zmACAwQWSHq69R,46230.516805555555,CITIN26072714726023,Razorpay
payment,pay_wW3P7teSBnC78s,8640.00,INR,172.80,31.10,0.00,8436.10,upi,,,2026-07-25 19:37:41,2026-07-25 19:37:41,[],,,,order_1Qb6TuBvTybqZn,rcpt-91614,[],,,,setl_zmACAwQWSHq69R,27/07/2026 19:37:41,CITIN26072714726023,Razorpay
payment,pay_LbeGUaIsyZkuTc,7000.50,INR,122.51,22.05,0.00,6855.94,netbanking,,SBIN,2026-07-25 02:50:10,2026-07-25 02:50:10,[],,,,order_K3I2T97qIBMqja,rcpt-37402,[],,,,setl_zmACAwQWSHq69R,2026-07-27 02:50:10,CITIN26072714726023,Razorpay
payment,pay_7HjdIOzCjazGu1,3406.50,INR,68.13,12.26,0.00,3326.11,upi,,,2026-07-25 09:03:39,2026-07-25 09:03:39,[],,,,order_qy477QzgmKSGrl,rcpt-21373,[],,,,setl_zmACAwQWSHq69R,2026-07-27 09:03:39,CITIN26072714726023,Razorpay
payment,pay_pxmnNfJze1dDve,2526.00,INR,50.52,9.09,0.00,2466.39,upi,,,2026-25-07 16:16:08,2026-07-25 16:16:08,[],,,,order_aRbaOezlOBHsLS,rcpt-18964,[],,,,setl_zmACAwQWSHq69R,2026-07-27 16:16:08,CITIN26072714726023,Razorpay
payment,pay_17rdRazCdnbcFr,6578.50,INR,78.94,14.21,0.00,6485.35,card,debit,AXIS,2026-07-25 23:29:37,25/07/2026 23:29:37,[],,,,order_cckIa4vQeKqbZx,rcpt-65632,[],,,,setl_zmACAwQWSHq69R,2026-07-27 23:29:37,CITIN26072714726023,Razorpay
payment,pay_2ISMqI99hTBMVS,1454.00,INR,17.45,3.14,0.00,1433.41,card,debit,SBIN,46228.27923611111,2026-07-25 06:42:06,[],,,,order_nxXP7FQ0gbE3bZ,rcpt-28679,[],,,,setl_zmACAwQWSHq69R,27/07/2026 06:42:06,CITIN26072714726023,Razorpay
payment,pay_jNqyTV8JtJag2y,600.00,INR,12.00,2.16,0.00,585.84,upi,,,25/07/2026 13:55:35,2026-07-25 13:55:35,[],,,,order_ub0sQE343GrOYl,rcpt-12854,[],,,,setl_zmACAwQWSHq69R,2026-07-27 13:55:35,CITIN26072714726023,Razorpay
payment,pay_RgcsK0dGambq3H,793.50,INR,15.87,2.86,0.00,774.77,upi,,,25/07/2026 20:08:04,2026-07-25 20:08:04,[],,,,order_4vj5IfRe4Xr9SF,rcpt-48173,[],,,,setl_zmACAwQWSHq69R,2026-07-27 20:08:04,CITIN26072714726023,Razorpay
payment,pay_XxUwsvUxVlipYR,874.00,INR,17.48,3.15,0.00,853.37,upi,,,25/07/2026 03:21:33,2026-07-25 03:21:33,[],,,,order_VOo31AfvXnog6y,rcpt-28822,[],,,,setl_zmACAwQWSHq69R,2026-27-07 03:21:33,CITIN26072714726023,Razorpay
payment,pay_o5MipUHCa0BjVE,1477.50,INR,29.55,5.32,0.00,1442.63,upi,,,2026-25-07 10:34:02,2026-25-07 10:34:02,[],,,,order_TlBUw7ERxOcWhD,rcpt-46575,[],,,,setl_zmACAwQWSHq69R,2026-07-27 10:34:02,CITIN26072714726023,Razorpay
payment,pay_x4AJnbDq3a8Lt5,24177.50,INR,483.55,87.04,0.00,23606.91,card,credit,AXIS,2026-07-25 17:47:31,2026-07-25 17:47:31,[],,,,order_G8mTwt9R60w2zC,rcpt-80997,[],,,,setl_zmACAwQWSHq69R,2026-07-27 17:47:31,CITIN26072714726023,Razorpay
payment,pay_yaSZn45h82xm9m,834.50,INR,16.69,3.00,0.00,814.81,wallet,,,25/07/2026 00:00:00,25/07/2026 00:00:00,[],,,,order_5z2HdtN11YERLl,rcpt-81138,[],,,,setl_zmACAwQWSHq69R,2026-07-27 00:00:00,CITIN26072714726023,Razorpay
payment,pay_rVbZOF1JxXM5iW,727.00,INR,14.54,2.62,0.00,709.84,upi,,,25/07/2026 07:13:29,2026-25-07 07:13:29,[],,,,order_NvK9Lj1FquHUzo,rcpt-67350,[],,,,setl_zmACAwQWSHq69R,2026-07-27 07:13:29,CITIN26072714726023,Razorpay
payment,pay_fMwp0qjyKxzove,2929.50,INR,58.59,10.55,0.00,2860.36,upi,,,25/07/2026 14:26:58,2026-07-25 14:26:58,[],,,,order_wTyvBBS3saiOKM,rcpt-37850,[],,,,setl_zmACAwQWSHq69R,2026-27-07 14:26:58,CITIN26072714726023,Razorpay
payment,pay_Xhpr55bW3ly25D,1251.00,INR,15.01,2.70,0.00,1233.29,card,debit,HDFC,2026-07-25 21:39:27,25/07/2026 21:39:27,[],,,,order_g6CVfrOclKtoZc,rcpt-35406,[],,,,setl_zmACAwQWSHq69R,2026-07-27 21:39:27,CITIN26072714726023,Razorpay
payment,pay_fhYwx7COM5P8bA,389.50,INR,7.79,1.40,0.00,380.31,upi,,,2026-07-25 04:52:56,25/07/2026 04:52:56,[],,,,order_sLM2WSzuC1yQRR,rcpt-79662,[],,,,setl_zmACAwQWSHq69R,27/07/2026 04:52:56,CITIN26072714726023,Razorpay
payment,pay_xQoLLty1CrdJmV,4541.00,INR,54.49,9.81,0.00,4476.70,card,debit,SBIN,2026-07-25 11:05:25,2026-07-25 11:05:25,[],,,,order_ZTJvmY6OsiM8jY,rcpt-49473,[],,,,setl_zmACAwQWSHq69R,2026-07-27 11:05:25,CITIN26072714726023,Razorpay
payment,pay_mI4DSIz30pLLp7,2868.00,INR,57.36,10.32,0.00,2800.32,upi,,,2026-07-25 18:18:54,2026-07-25 18:18:54,[],,,,order_Ejwma2XRyH4BVs,rcpt-95859,[],,,,setl_zmACAwQWSHq69R,2026-07-27 18:18:54,CITIN26072714726023,Razorpay
payment,pay_vuHyskkxA1VdD7,593.50,INR,11.87,2.14,0.00,579.49,wallet,,,25/07/2026 01:31:23,2026-07-25 01:31:23,[],,,,order_3gDnxrHsOJj3sI,rcpt-60136,[],,,,setl_zmACAwQWSHq69R,2026-07-27 01:31:23,CITIN26072714726023,Razorpay
payment,pay_qBGaE0xa6bcNW3,4616.00,INR,80.78,14.54,0.00,4520.68,netbanking,,AXIS,25/07/2026 08:44:52,2026-07-25 08:44:52,[],,,,order_NgCDRrcaUZt2XB,rcpt-93124,[],,,,setl_zmACAwQWSHq69R,2026-07-27 08:44:52,CITIN26072714726023,Razorpay
payment,pay_OoEJwM1mHLQ4Xc,334.00,INR,6.68,1.20,0.00,326.12,card,credit,KKBK,25/07/2026 15:57:21,25/07/2026 15:57:21,[],,,,order_FVjIa2eOuUtK19,rcpt-45248,[],,,,setl_zmACAwQWSHq69R,27/07/2026 15:57:21,CITIN26072714726023,Razorpay
payment,pay_4Q4NWJZxG3ttbb,5627.00,INR,98.47,17.72,0.00,5510.81,netbanking,,HDFC,2026-25-07 22:10:50,2026-07-25 22:10:50,[],,,,order_vm5A2xI42HyuMK,rcpt-24855,[],,,,setl_zmACAwQWSHq69R,27/07/2026 22:10:50,CITIN26072714726023,Razorpay
payment,pay_VJwqhJw47VmYms,1942.50,INR,38.85,6.99,0.00,1896.66,upi,,,2026-07-25 05:23:19,2026-07-25 05:23:19,[],,,,order_2iXfTBMzQd4OMI,rcpt-44426,[],,,,setl_zmACAwQWSHq69R,46230.22452546296,CITIN26072714726023,Razorpay
payment,pay_3XqRIvVhXFZO3J,421.50,INR,7.38,1.33,0.00,412.79,netbanking,,SBIN,46229.525555555556,2026-07-26 12:36:48,[],,,,order_1mX3jMzpOOxZbq,rcpt-50158,[],,,,setl_slRVJp4KTej6gS,2026-07-28 12:36:48,CITIN26072853081188,Razorpay
payment,pay_jHiAGMVeL7t0hp,11248.50,INR,224.97,40.49,0.00,10983.04,upi,,,2026-07-26 19:49:17,2026-07-26 19:49:17,[],,,,order_ayKd6GQW5K7XyT,rcpt-72414,[],,,,setl_slRVJp4KTej6gS,2026-07-28 19:49:17,CITIN26072853081188,Razorpay
payment,pay_GmDcSUear4jpki,18816.00,INR,376.32,67.74,0.00,18371.94,upi,,,2026-07-27 02:02:46,2026-07-27 02:02:46,[],,,,order_dpecGBeyiZ8JYC,rcpt-52941,[],,,,setl_PRU2FmYChZCLoA,2026-07-28 02:02:46,CITIN26072876749006,Razorpay
payment,pay_cyh5MPzRk2YciE,4137.00,INR,82.74,14.89,0.00,4039.37,upi,,,2026-27-07 09:15:15,46230.38559027778,[],,,,order_xi4xHY2l5rOrTC,rcpt-73235,[],,,,setl_PRU2FmYChZCLoA,2026-07-28 09:15:15,CITIN26072876749006,Razorpay
payment,pay_I0Dbxt5hfytYrt,2511.00,INR,50.22,9.04,0.00,2451.74,card,credit,KKBK,2026-07-27 16:28:44,2026-07-27 16:28:44,[],,,,order_KzYlsjV2XnjRel,rcpt-90037,[],,,,setl_PRU2FmYChZCLoA,2026-07-28 16:28:44,CITIN26072876749006,Razorpay
payment,pay_SBPO3YBx7MJsI5,3984.00,INR,69.72,12.55,0.00,3901.73,netbanking,,HDFC,2026-07-27 23:41:13,2026-07-27 23:41:13,[],,,,order_fPHLclm4N35g1d,rcpt-26258,[],,,,setl_PRU2FmYChZCLoA,2026-07-28 23:41:13,CITIN26072876749006,Razorpay
payment,pay_4dtlt14zz6hhBR,1366.00,INR,27.32,4.92,0.00,1333.76,upi,,,2026-07-27 06:54:42,2026-07-27 06:54:42,[],,,,order_GOWPkEycLN5f6n,rcpt-88463,[],,,,setl_PRU2FmYChZCLoA,2026-07-28 06:54:42,CITIN26072876749006,Razorpay
payment,pay_7sxFtglesnXeU1,3532.00,INR,70.64,12.72,0.00,3448.64,upi,,,2026-27-07 13:07:11,2026-07-27 13:07:11,[],,,,order_TJRr6J2D8b7dKo,rcpt-16768,[],,,,setl_PRU2FmYChZCLoA,2026-07-28 13:07:11,CITIN26072876749006,Razorpay
payment,pay_fh71SNsFrnaTdu,505.50,INR,10.11,1.82,0.00,493.57,card,credit,ICICI,27/07/2026 20:20:40,2026-07-27 20:20:40,[],,,,order_xB9rFuNHMGLqSZ,rcpt-71998,[],,,,setl_PRU2FmYChZCLoA,2026-07-28 20:20:40,CITIN26072876749006,Razorpay
payment,pay_QTZNXSdlSZxEpS,816.50,INR,16.33,2.94,0.00,797.23,upi,,,2026-07-27 03:33:09,2026-07-27 03:33:09,[],,,,order_d7DpL3h4AJMD4r,rcpt-56603,[],,,,setl_PRU2FmYChZCLoA,28/07/2026 03:33:09,CITIN26072876749006,Razorpay
payment,pay_ISss6fOsSBtHJI,4392.00,INR,87.84,15.81,0.00,4288.35,upi,,,2026-07-27 10:46:38,27/07/2026 10:46:38,[],,,,order_pVvIIbBTdlpygZ,rcpt-48652,[],,,,setl_PRU2FmYChZCLoA,2026-07-28 10:46:38,CITIN26072876749006,Razorpay
payment,pay_c6KuFJDgQ4yiPu,407.50,INR,8.15,1.47,0.00,397.88,card,credit,SBIN,27/07/2026 17:59:07,27/07/2026 17:59:07,[],,,,order_oYbpPNz1EmKiUC,rcpt-87149,[],,,,setl_PRU2FmYChZCLoA,2026-07-28 17:59:07,CITIN26072876749006,Razorpay
payment,pay_0LWJeT9I21hcsb,717.50,INR,14.35,2.58,0.00,700.57,upi,,,2026-07-27 00:12:36,2026-07-27 00:12:36,[],,,,order_R5hs0FrnagTfjd,rcpt-48913,[],,,,setl_PRU2FmYChZCLoA,2026-07-28 00:12:36,CITIN26072876749006,Razorpay
payment,pay_xv9BfGo9xtw8oN,24547.00,INR,429.57,77.32,0.00,24040.11,netbanking,,SBIN,2026-07-27 07:25:05,27/07/2026 07:25:05,[],,,,order_PcqTnasR4EvRZB,rcpt-36373,[],,,,setl_PRU2FmYChZCLoA,2026-07-28 07:25:05,CITIN26072876749006,Razorpay
payment,pay_b3IUEeTz3E2hoM,551.00,INR,9.64,1.74,0.00,539.62,netbanking,,ICICI,2026-07-27 14:38:34,27/07/2026 14:38:34,[],,,,order_9NMHIOCW1nyzWV,rcpt-44636,[],,,,setl_PRU2FmYChZCLoA,2026-07-28 14:38:34,CITIN26072876749006,Razorpay
payment,pay_D0dIlFRqeHZCgZ,827.00,INR,14.47,2.60,0.00,809.93,netbanking,,HDFC,2026-07-27 21:51:03,2026-07-27 21:51:03,[],,,,order_Sr4z4EhZYeoRwo,rcpt-46682,[],,,,setl_PRU2FmYChZCLoA,28/07/2026 21:51:03,CITIN26072876749006,Razorpay
payment,pay_Orlwx2JS2hNeb9,3042.50,INR,53.24,9.58,0.00,2979.68,netbanking,,,2026-07-27 04:04:32,2026-07-27 04:04:32,[],,,,order_AKerJtZKQGeLir,rcpt-21809,[],,,,setl_PRU2FmYChZCLoA,2026-07-28 04:04:32,CITIN26072876749006,Razorpay
payment,pay_rzYbAwoF7i4kLe,1468.50,INR,29.37,5.29,0.00,1433.84,upi,,,27/07/2026 11:17:01,2026-07-27 11:17:01,[],,,,order_TV1UnaL2D1msqT,rcpt-97112,[],,,,setl_PRU2FmYChZCLoA,46231.47015046296,CITIN26072876749006,Razorpay
payment,pay_PKnGJJbSFTEeUm,13001.00,INR,227.52,40.95,0.00,12732.53,netbanking,,,2026-07-27 18:30:30,2026-07-27 18:30:30,[],,,,order_q4LGEfdSAQsQ2Y,rcpt-83690,[],,,,setl_PRU2FmYChZCLoA,2026-07-28 18:30:30,CITIN26072876749006,Razorpay
payment,pay_wPkzlWsiNOFgOv,14448.00,INR,288.96,52.01,0.00,14107.03,card,credit,ICICI,2026-07-27 01:43:59,2026-07-27 01:43:59,[],,,,order_F1hKrsBoWurYuI,rcpt-33633,[],,,,setl_PRU2FmYChZCLoA,28/07/2026 01:43:59,CITIN26072876749006,Razorpay
payment,pay_2hvviAIAZj4gMP,904.00,INR,18.08,3.25,0.00,882.67,card,credit,SBIN,2026-27-07 08:56:28,27/07/2026 08:56:28,[],,,,order_QakD08suqNaHFh,rcpt-36739,[],,,,setl_PRU2FmYChZCLoA,28/07/2026 08:56:28,CITIN26072876749006,Razorpay
payment,pay_p8PBh571e1gmlk,18617.50,INR,372.35,67.02,0.00,18178.13,upi,,,2026-07-27 15:09:57,27/07/2026 15:09:57,[],,,,order_ofbvXHCbXvNMEp,rcpt-29537,[],,,,setl_PRU2FmYChZCLoA,46231.63190972222,CITIN26072876749006,Razorpay
payment,pay_WBCkkerLLYyolp,217.00,INR,2.60,0.47,0.00,213.93,card,debit,HDFC,2026-07-27 22:22:26,46230.93224537037,[],,,,order_lpf79nvC9Lz13v,rcpt-29475,[],,,,setl_PRU2FmYChZCLoA,28/07/2026 22:22:26,CITIN26072876749006,Razorpay
payment,pay_E9k5RwMHwqg44U,4416.00,INR,88.32,15.90,0.00,4311.78,upi,,,46230.23327546296,27/07/2026 05:35:55,[],,,,order_1jhgw7UbYjGID6,rcpt-46310,[],,,,setl_PRU2FmYChZCLoA,2026-07-28 05:35:55,CITIN26072876749006,Razorpay
payment,pay_kMTYY9bsztDcPw,3604.50,INR,72.09,12.98,0.00,3519.43,upi,,,46230.53361111111,2026-07-27 12:48:24,[],,,,order_b4Mp5xnKHpSzWs,rcpt-93846,[],,,,setl_PRU2FmYChZCLoA,2026-07-28 12:48:24,CITIN26072876749006,Razorpay
payment,pay_nYqwFxye7jXAU0,503.00,INR,8.80,1.58,0.00,492.62,netbanking,,KKBK,27/07/2026 19:01:53,2026-27-07 19:01:53,[],,,,order_vzQkEP252gmotx,rcpt-30832,[],,,,setl_PRU2FmYChZCLoA,2026-07-28 19:01:53,CITIN26072876749006,Razorpay
payment,pay_9NNmP8N18Et7Cp,2720.00,INR,54.40,9.79,0.00,2655.81,upi,,,27/07/2026 02:14:22,46230.093310185184,[],,,,order_4YZkstSXO6KyE0,rcpt-14113,[],,,,setl_PRU2FmYChZCLoA,2026-07-28 02:14:22,CITIN26072876749006,Razorpay
payment,pay_dc2eHbqycRqPtW,661.50,INR,7.94,1.43,0.00,652.13,card,debit,ICICI,46230.39434027778,2026-07-27 09:27:51,[],,,,order_JhX6n2ZB6gkRNZ,rcpt-92368,[],,,,setl_PRU2FmYChZCLoA,2026-07-28 09:27:51,CITIN26072876749006,Razorpay
payment,pay_6DTodY4WOdxhtt,475.50,INR,9.51,1.71,0.00,464.28,upi,,,2026-07-27 16:40:20,46230.69467592592,[],,,,order_SC3jmDgV5uznZr,rcpt-67324,[],,,,setl_PRU2FmYChZCLoA,28/07/2026 16:40:20,CITIN26072876749006,Razorpay
payment,pay_kvYt1UMIyfO139,24405.00,INR,488.10,87.86,0.00,23829.04,upi,,,2026-07-27 23:53:49,2026-07-27 23:53:49,[],,,,order_YwdMwBYi4WWppF,rcpt-95283,[],,,,setl_PRU2FmYChZCLoA,2026-07-28 23:53:49,CITIN26072876749006,Razorpay
payment,pay_HoSGEbhLxj6FRJ,9263.50,INR,185.27,33.35,0.00,9044.88,card,credit,KKBK,2026-07-28 06:06:18,46231.254375,[],,,,order_GKTwSB4QjceyXe,rcpt-99618,[],,,,setl_dXg4PutvO1hWMS,30/07/2026 06:06:18,CITIN26073053909493,Razorpay
refund,rfnd_2mrUoyDXB3gRGt,398.50,INR,4.00,0.72,403.22,0.00,,,,2026-07-29 13:19:47,,,"{""refund_reason"": ""customer_request""}",125617020836,,,,,,,,setl_dXg4PutvO1hWMS,2026-07-30 13:19:47,CITIN26073053909493,Razorpay
refund,rfnd_i7LpOW138xZ6F1,624.50,INR,4.00,0.72,629.22,0.00,,,,46233.85574074074,,,"{""refund_reason"": ""customer_request""}",827997313523,,,,,,,,setl_dXg4PutvO1hWMS,2026-07-30 20:32:16,CITIN26073053909493,Razorpay
refund,rfnd_qE78mtpi5ep3Ti,724.00,INR,4.00,0.72,728.72,0.00,,,,2026-30-07 03:45:45,,,"{""refund_reason"": ""duplicate_order""}",260201089748,,,,,,,,setl_dXg4PutvO1hWMS,2026-07-30 03:45:45,CITIN26073053909493,Razorpay
refund,rfnd_CcCk1nVuaCNyi3,2018.75,INR,4.00,0.72,2023.47,0.00,,,,2026-07-29 10:58:14,,,"{""refund_reason"": ""duplicate_order""}",906558364651,,,,,,,,setl_dXg4PutvO1hWMS,30/07/2026 10:58:14,CITIN26073053909493,Razorpay
refund,rfnd_Ve2pHwXBg7k4ze,11248.50,INR,4.00,0.72,11253.22,0.00,,,,2026-07-30 17:11:43,,,"{""refund_reason"": ""quality_issue""}",731515703414,,,,,,,,setl_dXg4PutvO1hWMS,2026-07-30 17:11:43,CITIN26073053909493,Razorpay
payment,pay_BAmrGXxngLtOtF,721.00,INR,12.62,2.27,0.00,706.11,netbanking,,HDFC,2026-07-29 00:24:12,2026-07-29 00:24:12,[],,,,order_sL1tO9hIO2ku4B,rcpt-13235,[],,,,setl_IgFWKRwTcz9IM7,2026-07-30 00:24:12,CITIN26073015928453,Razorpay
payment,pay_AJtMXM4PcxirdM,1356.00,INR,27.12,4.88,0.00,1324.00,upi,,,2026-07-29 07:37:41,2026-07-29 07:37:41,[],,,,order_sVlxscQtp7uiLk,rcpt-98286,[],,,,setl_IgFWKRwTcz9IM7,2026-07-30 07:37:41,CITIN26073015928453,Razorpay
payment,pay_4LpUN8RRBqiM6y,4020.50,INR,48.25,8.69,0.00,3963.56,card,debit,ICICI,2026-07-29 14:50:10,2026-07-29 14:50:10,[],,,,order_DuS7G53ihPCTeS,rcpt-86108,[],,,,setl_IgFWKRwTcz9IM7,30/07/2026 14:50:10,CITIN26073015928453,Razorpay
payment,pay_WhBZJK5UHDL7F1,23673.50,INR,473.47,85.22,0.00,23114.81,upi,,,2026-07-29 21:03:39,2026-07-29 21:03:39,[],,,,order_prlq0lknc4DuP8,rcpt-94059,[],,,,setl_IgFWKRwTcz9IM7,2026-07-30 21:03:39,CITIN26073015928453,Razorpay
payment,pay_KXP46BELKYmtgQ,326.50,INR,5.71,1.03,0.00,319.76,netbanking,,HDFC,46232.17787037037,2026-07-29 04:16:08,[],,,,order_qZXZVOssNz4zlw,rcpt-73408,[],,,,setl_IgFWKRwTcz9IM7,2026-07-30 04:16:08,CITIN26073015928453,Razorpay
payment,pay_50pqpbj16tFBe0,6168.50,INR,123.37,22.21,0.00,6022.92,upi,,,2026-29-07 11:29:37,29/07/2026 11:29:37,[],,,,order_8gd4FZWzrcsNZN,rcpt-76115,[],,,,setl_IgFWKRwTcz9IM7,2026-07-30 11:29:37,CITIN26073015928453,Razorpay
payment,pay_SaajpD2vF72As3,2007.00,INR,50.18,9.03,0.00,1947.79,card,credit,ICICI,29/07/2026 18:42:06,2026-29-07 18:42:06,[],,,,order_4POXfCwwb4w6tO,rcpt-40693,[],,,,setl_IgFWKRwTcz9IM7,2026-07-30 18:42:06,CITIN26073015928453,Razorpay
payment,pay_0Yrs0FuQIC8BY5,266.50,INR,5.33,0.96,0.00,260.21,upi,,,2026-07-29 01:55:35,29/07/2026 01:55:35,[],,,,order_sqL9wanzuOn57l,rcpt-66417,[],,,,setl_IgFWKRwTcz9IM7,2026-30-07 01:55:35,CITIN26073015928453,Razorpay
payment,pay_2c7DskdHMBgrIv,3798.00,INR,75.96,13.67,0.00,3708.37,upi,,,46232.33893518519,29/07/2026 08:08:04,[],,,,order_XmE3BOCbSKh7rb,rcpt-33393,[],,,,setl_IgFWKRwTcz9IM7,2026-07-30 08:08:04,CITIN26073015928453,Razorpay
payment,pay_xFQYCFye3dSP9r,1310.00,INR,26.20,4.72,0.00,1279.08,upi,,,29/07/2026 15:21:33,46232.639965277776,[],,,,order_YqSGGkSXVft1LO,rcpt-93716,[],,,,setl_IgFWKRwTcz9IM7,2026-07-30 15:21:33,CITIN26073015928453,Razorpay
payment,pay_NrSskGPfhFZPVM,4444.00,INR,88.88,16.00,0.00,4339.12,upi,,,2026-07-29 22:34:02,2026-07-29 22:34:02,[],,,,order_4lu83ncnvBb5Ln,rcpt-10121,[],,,,setl_IgFWKRwTcz9IM7,30/07/2026 22:34:02,CITIN26073015928453,Razorpay
payment,pay_4aSptG2gHLYpi2,23147.50,INR,462.95,83.33,0.00,22601.22,upi,,,2026-07-29 05:47:31,2026-07-29 05:47:31,[],,,,order_8FwIRhyDfDQsS0,rcpt-53850,[],,,,setl_IgFWKRwTcz9IM7,30/07/2026 05:47:31,CITIN26073015928453,Razorpay
payment,pay_xE4CL46cMnBM13,568.50,INR,11.37,2.05,0.00,555.08,upi,,,2026-07-29 12:00:00,2026-07-29 12:00:00,[],,,,order_bXPZaQFAue3haQ,rcpt-88664,[],,,,setl_IgFWKRwTcz9IM7,30/07/2026 12:00:00,CITIN26073015928453,Razorpay
payment,pay_c2Vveu4cdZyHHZ,513.50,INR,10.27,1.85,0.00,501.38,upi,,,2026-07-29 19:13:29,29/07/2026 19:13:29,[],,,,order_F29YEFuQo7uVfr,rcpt-13167,[],,,,setl_IgFWKRwTcz9IM7,46233.801030092596,CITIN26073015928453,Razorpay
payment,pay_UYWIPX5HKFynCJ,693.50,INR,13.87,2.50,0.00,677.13,upi,,,2026-07-29 02:26:58,2026-07-29 02:26:58,[],,,,order_X3XdWO1UBd8hWh,rcpt-38511,[],,,,setl_IgFWKRwTcz9IM7,30/07/2026 02:26:58,CITIN26073015928453,Razorpay
payment,pay_CCQzQ2Tu61DJuj,714.50,INR,14.29,2.57,0.00,697.64,card,credit,ICICI,2026-07-29 09:39:27,2026-07-29 09:39:27,[],,,,order_bpMWU6dUQ44sa0,rcpt-26535,[],,,,setl_IgFWKRwTcz9IM7,46233.402395833335,CITIN26073015928453,Razorpay
payment,pay_qWbZH2w6QQIps7,3300.50,INR,57.76,10.40,0.00,3232.34,netbanking,,HDFC,46232.70342592592,29/07/2026 16:52:56,[],,,,order_YVmFyDUVL1suGI,rcpt-26501,[],,,,setl_IgFWKRwTcz9IM7,2026-07-30 16:52:56,CITIN26073015928453,Razorpay
payment,pay_WH53CTjzDXXWpu,2625.00,INR,31.50,5.67,0.00,2587.83,card,debit,HDFC,2026-07-29 23:05:25,46232.96209490741,[],,,,order_fxWrQMnLbCcOBl,rcpt-86485,[],,,,setl_IgFWKRwTcz9IM7,2026-30-07 23:05:25,CITIN26073015928453,Razorpay
payment,pay_idNjZcQbc6sJAZ,24520.50,INR,429.11,77.24,0.00,24014.15,netbanking,,AXIS,29/07/2026 06:18:54,2026-07-29 06:18:54,[],,,,order_eMkrbciFz1NGBE,rcpt-68739,[],,,,setl_IgFWKRwTcz9IM7,46233.263125,CITIN26073015928453,Razorpay
payment,pay_1ZnXgKFWgNHUA3,1867.00,INR,22.40,4.03,0.00,1840.57,card,debit,ICICI,2026-07-29 13:31:23,2026-07-29 13:31:23,[],,,,order_cSaXz7GtqTmnWu,rcpt-58230,[],,,,setl_IgFWKRwTcz9IM7,2026-07-30 13:31:23,CITIN26073015928453,Razorpay
payment,pay_2VFSCXnGxZtUxu,968.50,INR,11.62,2.09,0.00,954.79,card,debit,HDFC,2026-07-29 20:44:52,2026-07-29 20:44:52,[],,,,order_zfAYgqwm2S0Gbf,rcpt-65241,[],,,,setl_IgFWKRwTcz9IM7,2026-07-30 20:44:52,CITIN26073015928453,Razorpay
payment,pay_FaMd7NOyBNcAep,10290.00,INR,205.80,37.04,0.00,10047.16,upi,,,46232.164826388886,2026-07-29 03:57:21,[],,,,order_8ZD7oTw5I0Z9uc,rcpt-28451,[],,,,setl_IgFWKRwTcz9IM7,46233.164826388886,CITIN26073015928453,Razorpay
payment,pay_cVJo1RW91BV2DL,4874.00,INR,97.48,17.55,0.00,4758.97,upi,,,29/07/2026 10:10:50,46232.42418981482,[],,,,order_9lC3dqYLocG1WM,rcpt-20116,[],,,,setl_IgFWKRwTcz9IM7,2026-07-30 10:10:50,CITIN26073015928453,Razorpay
payment,pay_IW1p7DsN80JOWv,261.00,INR,5.22,0.94,0.00,254.84,upi,,,2026-07-29 17:23:19,2026-07-29 17:23:19,[],,,,order_6GZSUQLwRguDVa,rcpt-56647,[],,,,setl_IgFWKRwTcz9IM7,30/07/2026 17:23:19,CITIN26073015928453,Razorpay
payment,pay_hdJdFel3As4fLH,692.00,INR,8.30,1.49,0.00,682.21,card,debit,KKBK,2026-07-29 00:36:48,2026-07-29 00:36:48,[],,,,order_aJRvVeAjKQGNdN,rcpt-36856,[],,,,setl_IgFWKRwTcz9IM7,2026-07-30 00:36:48,CITIN26073015928453,Razorpay
payment,pay_BLfN6sCUNSiVN5,3699.00,INR,73.98,13.32,0.00,3611.70,upi,,,2026-07-29 07:49:17,2026-07-29 07:49:17,[],,,,order_YRKhNVL48OFXPM,rcpt-58767,[],,,,setl_IgFWKRwTcz9IM7,2026-30-07 07:49:17,CITIN26073015928453,Razorpay
payment,pay_kM4aeYLTKMTpNM,693.50,INR,13.87,2.50,0.00,677.13,upi,,,2026-07-29 14:02:46,2026-07-29 14:02:46,[],,,,order_X3XdWO1UBd8hWh,rcpt-38511,[],,,,setl_IgFWKRwTcz9IM7,30/07/2026 14:02:46,CITIN26073015928453,Razorpay
refund,rfnd_P56sAdAVOSYpWs,693.50,INR,4.00,0.72,698.22,0.00,,,,30/07/2026 21:15:15,,,"{""refund_reason"": ""duplicate_order""}",996858122515,,,,,,,,setl_IgFWKRwTcz9IM7,2026-07-30 21:15:15,CITIN26073015928453,Razorpay
payment,pay_SimsAUOmKJc7Bf,4825.50,INR,57.91,10.42,0.00,4757.17,card,debit,ICICI,2026-07-30 04:28:44,30/07/2026 04:28:44,[],,,,order_6Lqqfu1P1Qdeaa,rcpt-75273,[],,,,setl_nkcd5S1PkAAVJV,2026-03-08 04:28:44,CITIN26080349044300,Razorpay
payment,pay_9or7UD95T0Ig6W,229.50,INR,4.59,0.83,0.00,224.08,upi,,,46233.48695601852,2026-07-30 11:41:13,[],,,,order_DeXUp43ylNsNoz,rcpt-10958,[],,,,setl_nkcd5S1PkAAVJV,46237.48695601852,CITIN26080349044300,Razorpay
payment,pay_OILZ2wGf4sOnwq,4766.50,INR,95.33,17.16,0.00,4654.01,upi,,,30/07/2026 18:54:42,2026-07-30 18:54:42,[],,,,order_wft1U89R5cOYrF,rcpt-33613,[],,,,setl_nkcd5S1PkAAVJV,2026-08-03 18:54:42,CITIN26080349044300,Razorpay
payment,pay_oDSY4BiqyNEfzs,1571.00,INR,31.42,5.66,0.00,1533.92,upi,,,30/07/2026 01:07:11,2026-07-30 01:07:11,[],,,,order_67YrRXYkF5ZS8I,rcpt-46844,[],,,,setl_nkcd5S1PkAAVJV,2026-08-03 01:07:11,CITIN26080349044300,Razorpay
payment,pay_NAVZt5TftI7DvA,584.50,INR,7.01,1.26,0.00,576.23,card,debit,AXIS,2026-07-30 08:20:40,2026-07-30 08:20:40,[],,,,order_2nWMTOky80pGwt,rcpt-79201,[],,,,setl_nkcd5S1PkAAVJV,03/08/2026 08:20:40,CITIN26080349044300,Razorpay
payment,pay_5JrgAtyZBMKoue,3937.50,INR,78.75,14.18,0.00,3844.57,upi,,,2026-07-30 15:33:09,46233.64802083333,[],,,,order_omG1dRM0Xevz4r,rcpt-29256,[],,,,setl_nkcd5S1PkAAVJV,2026-08-03 15:33:09,CITIN26080349044300,Razorpay
payment,pay_ohSXluHAsFbZWR,8322.00,INR,166.44,29.96,0.00,8125.60,upi,,,2026-07-30 22:46:38,2026-30-07 22:46:38,[],,,,order_LS1uX7bzW97c2O,rcpt-50066,[],,,,setl_nkcd5S1PkAAVJV,46237.94905092593,CITIN26080349044300,Razorpay
payment,pay_tGgLwyQh7ykn3Q,24615.00,INR,492.30,88.61,0.00,24034.09,upi,,,2026-07-30 05:59:07,2026-30-07 05:59:07,[],,,,order_p7fMXz1R044kB4,rcpt-97761,[],,,,setl_nkcd5S1PkAAVJV,46237.249386574076,CITIN26080349044300,Razorpay
payment,pay_lyfj954qOMwL4T,1246.50,INR,24.93,4.49,0.00,1217.08,upi,,,30/07/2026 12:12:36,2026-07-30 12:12:36,[],,,,order_bhvIMoXp0gZcCq,rcpt-57521,[],,,,setl_nkcd5S1PkAAVJV,46237.50875,CITIN26080349044300,Razorpay
payment,pay_x8lpeIzsHhHfXK,9549.50,INR,114.59,20.63,0.00,9414.28,card,debit,,46233.80908564815,30/07/2026 19:25:05,[],,,,order_h94lHrsNjQXD4b,rcpt-58929,[],,,,setl_nkcd5S1PkAAVJV,03/08/2026 19:25:05,CITIN26080349044300,Razorpay
payment,pay_br65zu8GXO2Y1Z,8206.00,INR,164.12,29.54,0.00,8012.34,wallet,,,2026-07-30 02:38:34,30/07/2026 02:38:34,[],,,,order_FiJ6uSFAdEzXNV,rcpt-29275,[],,,,setl_nkcd5S1PkAAVJV,46237.11011574074,CITIN26080349044300,Razorpay
payment,pay_KHnPpn7EQh8vWq,569.00,INR,11.38,2.05,0.00,555.57,card,credit,SBIN,2026-07-30 09:51:03,2026-07-30 09:51:03,[],,,,order_vlFA9NGR2pIgQt,rcpt-65438,[],,,,setl_nkcd5S1PkAAVJV,46237.41045138889,CITIN26080349044300,Razorpay
payment,pay_8SPOHQBE6TCwLf,6347.50,INR,126.95,22.85,0.00,6197.70,upi,,,2026-07-30 16:04:32,30/07/2026 16:04:32,[],,,,order_JDmlavfRDor1oa,rcpt-52387,[],,,,setl_nkcd5S1PkAAVJV,2026-08-03 16:04:32,CITIN26080349044300,Razorpay
payment,pay_AVNxrrSxeoYydA,2943.50,INR,58.87,10.60,0.00,2874.03,upi,,,46233.97015046296,2026-07-30 23:17:01,[],,,,order_NTGHoHQB9lyj6o,rcpt-86402,[],,,,setl_nkcd5S1PkAAVJV,2026-03-08 23:17:01,CITIN26080349044300,Razorpay
payment,pay_qXx9drjq60uksp,829.00,INR,16.58,2.98,0.00,809.44,upi,,,2026-07-30 06:30:30,2026-07-30 06:30:30,[],,,,order_YgYTzf5n7no9Zf,rcpt-35925,[],,,,setl_nkcd5S1PkAAVJV,2026-08-03 06:30:30,CITIN26080349044300,Razorpay
payment,pay_392bJX3jB3b1EY,2228.00,INR,44.56,8.02,0.00,2175.42,upi,,,2026-07-30 13:43:59,2026-07-30 13:43:59,[],,,,order_e9nivm2wMlJ4PF,rcpt-61997,[],,,,setl_nkcd5S1PkAAVJV,2026-08-03 13:43:59,CITIN26080349044300,Razorpay
payment,pay_NJwoYGdUq54OJE,955.00,INR,19.10,3.44,0.00,932.46,upi,,,30/07/2026 20:56:28,2026-30-07 20:56:28,[],,,,order_jbdNO15rVQYv7h,rcpt-32727,[],,,,setl_nkcd5S1PkAAVJV,2026-08-03 20:56:28,CITIN26080349044300,Razorpay
payment,pay_4sRJ4VzlmMbD9x,21790.50,INR,435.81,78.45,0.00,21276.24,upi,,,2026-07-30 03:09:57,2026-07-30 03:09:57,[],,,,order_SZEDLhlZGlijiI,rcpt-39703,[],,,,setl_nkcd5S1PkAAVJV,2026-08-03 03:09:57,CITIN26080349044300,Razorpay
payment,pay_N2BPKBW10u67Sf,21054.50,INR,421.09,75.80,0.00,20557.61,upi,,,2026-07-30 10:22:26,30/07/2026 10:22:26,[],,,,order_fRZTH6ugZJlgZ0,rcpt-63294,[],,,,setl_nkcd5S1PkAAVJV,2026-08-03 10:22:26,CITIN26080349044300,Razorpay
payment,pay_0UNEkdKEFxd9Vv,2257.50,INR,45.15,8.13,0.00,2204.22,upi,,,30/07/2026 17:35:55,2026-07-30 17:35:55,[],,,,order_LGE9PcZlYJINDv,rcpt-56236,[],,,,setl_nkcd5S1PkAAVJV,2026-08-03 17:35:55,CITIN26080349044300,Razorpay
payment,pay_1DIzforSG1vn7Q,389.00,INR,7.78,1.40,0.00,379.82,upi,,,2026-07-30 00:48:24,46233.03361111111,[],,,,order_oWXC2pTkmgogkw,rcpt-66449,[],,,,setl_nkcd5S1PkAAVJV,2026-08-03 00:48:24,CITIN26080349044300,Razorpay
payment,pay_GsDMDskQnYXoiK,1944.50,INR,38.89,7.00,0.00,1898.61,upi,,,2026-07-30 07:01:53,30/07/2026 07:01:53,[],,,,order_NWaEvtLt38TzYv,rcpt-14761,[],,,,setl_nkcd5S1PkAAVJV,2026-08-03 07:01:53,CITIN26080349044300,Razorpay
payment,pay_x8fZn4dafuU2x5,809.50,INR,20.24,3.64,0.00,785.62,card,credit,HDFC,2026-07-30 14:14:22,2026-07-30 14:14:22,[],,,,order_hOnWGWVaXOSOke,rcpt-54108,[],,,,setl_nkcd5S1PkAAVJV,03/08/2026 14:14:22,CITIN26080349044300,Razorpay
payment,pay_KwMckrDvgZsQGX,2915.50,INR,34.99,6.30,0.00,2874.21,card,debit,KKBK,2026-07-30 21:27:51,30/07/2026 21:27:51,[],,,,order_Cs4HLXqCrapteX,rcpt-46397,[],,,,setl_nkcd5S1PkAAVJV,2026-08-03 21:27:51,CITIN26080349044300,Razorpay
payment,pay_OPMbyvu4aMQy10,18000.50,INR,360.01,64.80,0.00,17575.69,card,credit,SBIN,2026-07-30 04:40:20,30/07/2026 04:40:20,[],,,,order_rYYNkLA4Ao1EiY,rcpt-56172,[],,,,setl_nkcd5S1PkAAVJV,2026-08-03 04:40:20,CITIN26080349044300,Razorpay
payment,pay_JbyvzCINAIVJWS,239.50,INR,4.79,0.86,0.00,233.85,upi,,,2026-07-30 11:53:49,2026-07-30 11:53:49,[],,,,order_coZuGb6tzPdxQo,rcpt-49224,[],,,,setl_nkcd5S1PkAAVJV,2026-08-03 11:53:49,CITIN26080349044300,Razorpay
payment,pay_9UiBM2InRZmF8B,210.50,INR,4.21,0.76,0.00,205.53,card,credit,ICICI,30/07/2026 18:06:18,30/07/2026 18:06:18,[],,,,order_IaeUxfy0YthtV9,rcpt-91618,[],,,,setl_nkcd5S1PkAAVJV,2026-08-03 18:06:18,CITIN26080349044300,Razorpay
payment,pay_iRNAZpQXPBC6X0,6220.50,INR,124.41,22.39,0.00,6073.70,upi,,,30/07/2026 01:19:47,30/07/2026 01:19:47,[],,,,order_b5e0ivFHQcHsPC,rcpt-27463,[],,,,setl_nkcd5S1PkAAVJV,46237.05540509259,CITIN26080349044300,Razorpay
payment,pay_vvsVi2E2Jzz1zQ,15476.50,INR,309.53,55.72,0.00,15111.25,upi,,,30/07/2026 08:32:16,2026-07-30 08:32:16,[],,,,order_sayNttf90lbqLE,rcpt-81733,[],,,,setl_nkcd5S1PkAAVJV,03/08/2026 08:32:16,CITIN26080349044300,Razorpay
payment,pay_7spO3SBcrFokDm,14435.00,INR,252.61,45.47,0.00,14136.92,netbanking,,SBIN,2026-07-30 15:45:45,2026-07-30 15:45:45,[],,,,order_e2h1sVPIfCMTIH,rcpt-37451,[],,,,setl_nkcd5S1PkAAVJV,46237.65677083333,CITIN26080349044300,Razorpay
payment,pay_8OxV7izfWHw973,1633.00,INR,40.83,7.35,0.00,1584.82,card,credit,ICICI,2026-07-30 22:58:14,46233.95710648148,[],,,,order_OnP6w0vc4PH0g8,rcpt-32225,[],,,,setl_nkcd5S1PkAAVJV,46237.95710648148,CITIN26080349044300,Razorpay
payment,pay_76cA2GH5kL3smr,3842.00,INR,76.84,13.83,0.00,3751.33,upi,,,2026-30-07 05:11:43,2026-07-30 05:11:43,[],,,,order_AHHwLIFOV57XlC,rcpt-49995,[],,,,setl_nkcd5S1PkAAVJV,46237.216469907406,CITIN26080349044300,Razorpay
payment,pay_jVYUFhWd7dccw7,898.50,INR,17.97,3.23,0.00,877.30,upi,,,2026-07-30 12:24:12,2026-07-30 12:24:12,[],,,,order_HKhPUE1EfP4TXx,rcpt-96586,[],,,,setl_nkcd5S1PkAAVJV,2026-03-08 12:24:12,CITIN26080349044300,Razorpay
payment,pay_HzjjeEMNv6lAwS,15371.50,INR,307.43,55.34,0.00,15008.73,upi,,,2026-07-30 19:37:41,30/07/2026 19:37:41,[],,,,order_VZMIC3tNATSUcQ,rcpt-24054,[],,,,setl_nkcd5S1PkAAVJV,2026-08-03 19:37:41,CITIN26080349044300,Razorpay
payment,pay_qGHDLbixJ9UOS8,12011.00,INR,240.22,43.24,0.00,11727.54,card,credit,ICICI,2026-07-30 02:50:10,2026-07-30 02:50:10,[],,,,order_J2Guw3nJChpv2k,rcpt-31020,[],,,,setl_nkcd5S1PkAAVJV,46237.11817129629,CITIN26080349044300,Razorpay
payment,pay_Ge7JAfrLLqouai,896.50,INR,10.76,1.94,0.00,883.80,card,debit,KKBK,2026-07-30 09:03:39,2026-07-30 09:03:39,[],,,,order_i3fSk0BXuiRVmm,rcpt-87200,[],,,,setl_nkcd5S1PkAAVJV,2026-08-03 09:03:39,CITIN26080349044300,Razorpay
refund,rfnd_P05V3NQiXzqVgI,3292.50,INR,4.00,0.72,3297.22,0.00,,,,2026-07-31 16:16:08,,,"{""refund_reason"": ""customer_request""}",766763036191,,,,,,,,setl_nkcd5S1PkAAVJV,2026-08-03 16:16:08,CITIN26080349044300,Razorpay
refund,rfnd_B0CC6SdbL1MbMW,4954.00,INR,4.00,0.72,4958.72,0.00,,,,46234.978900462964,,,"{""refund_reason"": ""quality_issue""}",985668988089,,,,,,,,setl_nkcd5S1PkAAVJV,2026-03-08 23:29:37,CITIN26080349044300,Razorpay
refund,rfnd_ziLKf8pGCM6Pgu,109.00,INR,4.00,0.72,113.72,0.00,,,,02/08/2026 06:42:06,,,"{""refund_reason"": ""duplicate_order""}",906072739787,,,,,,,,setl_nkcd5S1PkAAVJV,03/08/2026 06:42:06,CITIN26080349044300,Razorpay
refund,rfnd_hJxt3IhbqwLjkK,421.50,INR,4.00,0.72,426.22,0.00,,,,31/07/2026 13:55:35,,,"{""refund_reason"": ""item_out_of_stock""}",287060403022,,,,,,,,setl_nkcd5S1PkAAVJV,2026-08-03 13:55:35,CITIN26080349044300,Razorpay
refund,rfnd_nkaxCkktOndQHX,1571.00,INR,4.00,0.72,1575.72,0.00,,,,2026-07-31 20:08:04,,,"{""refund_reason"": ""customer_request""}",797016230102,,,,,,,,setl_nkcd5S1PkAAVJV,46237.83893518519,CITIN26080349044300,Razorpay
refund,rfnd_ENPzOUoHfCqQBe,322.00,INR,4.00,0.72,326.72,0.00,,,,2026-03-08 03:21:33,,,"{""refund_reason"": ""item_out_of_stock""}",296981601520,,,,,,,,setl_nkcd5S1PkAAVJV,46237.139965277776,CITIN26080349044300,Razorpay
payment,pay_zpld66Fg5uTusp,3257.50,INR,65.15,11.73,0.00,3180.62,card,credit,,2026-07-31 10:34:02,2026-07-31 10:34:02,[],,,,order_NtCvYqMkFoyHw8,rcpt-40435,[],,,,setl_3ekoTpzAdwh622,2026-08-03 10:34:02,CITIN26080357783639,Razorpay
payment,pay_FHmafuAPaT3nmK,2413.00,INR,48.26,8.69,0.00,2356.05,upi,,,2026-07-31 17:47:31,31/07/2026 17:47:31,[],,,,order_ZlAT3WvRzSUIS0,rcpt-70714,[],,,,setl_3ekoTpzAdwh622,03/08/2026 17:47:31,CITIN26080357783639,Razorpay
payment,pay_RG10TfzNTfKs4J,18529.50,INR,370.59,66.71,0.00,18092.20,upi,,,2026-07-31 00:00:00,2026-07-31 00:00:00,[],,,,order_drQhYyAEJ9cq0b,rcpt-37720,[],,,,setl_3ekoTpzAdwh622,2026-08-03 00:00:00,CITIN26080357783639,Razorpay
payment,pay_dpEDWoyDzWLpQB,3612.50,INR,72.25,13.01,0.00,3527.24,upi,,,31/07/2026 07:13:29,2026-07-31 07:13:29,[],,,,order_6zbpIJtTMvjENR,rcpt-93910,[],,,,setl_3ekoTpzAdwh622,46237.301030092596,CITIN26080357783639,Razorpay
payment,pay_5qwImYATFrJliK,616.00,INR,12.32,2.22,0.00,601.46,upi,,,31/07/2026 14:26:58,31/07/2026 14:26:58,[],,,,order_s9g95yCPYRIhzZ,rcpt-94396,[],,,,setl_3ekoTpzAdwh622,2026-08-03 14:26:58,CITIN26080357783639,Razorpay
payment,pay_0wPhMPmVp4P1LO,678.00,INR,13.56,2.44,0.00,662.00,upi,,,2026-07-31 21:39:27,46234.902395833335,[],,,,order_QUYmfx6qN58jqh,rcpt-35039,[],,,,setl_3ekoTpzAdwh622,03/08/2026 21:39:27,CITIN26080357783639,Razorpay
payment,pay_CUMtRl14jtJ018,413.50,INR,4.96,0.89,0.00,407.65,card,debit,ICICI,46234.20342592592,2026-07-31 04:52:56,[],,,,order_XFN05CDcxnfWUD,rcpt-81039,[],,,,setl_3ekoTpzAdwh622,2026-08-03 04:52:56,CITIN26080357783639,Razorpay
payment,pay_3dAcvbuW4kRhIW,10801.00,INR,216.02,38.88,0.00,10546.10,card,credit,KKBK,2026-07-31 11:05:25,31/07/2026 11:05:25,[],,,,order_uj0SB9UfPFzbnk,rcpt-86142,[],,,,setl_3ekoTpzAdwh622,2026-03-08 11:05:25,CITIN26080357783639,Razorpay
payment,pay_PIWOZw6XcipneE,10504.00,INR,210.08,37.81,0.00,10256.11,card,credit,AXIS,2026-07-31 18:18:54,2026-07-31 18:18:54,[],,,,order_JYhptycaIJTDiv,rcpt-50428,[],,,,setl_3ekoTpzAdwh622,2026-08-03 18:18:54,CITIN26080357783639,Razorpay
payment,pay_u5aymoyBQlOBT0,23619.50,INR,472.39,85.03,0.00,23062.08,card,credit,KKBK,2026-07-31 01:31:23,2026-07-31 01:31:23,[],,,,order_jR4KZbcQxwPdfs,rcpt-28492,[],,,,setl_3ekoTpzAdwh622,46237.06346064815,CITIN26080357783639,Razorpay
payment,pay_gZLvT2FjRODb0Y,587.00,INR,11.74,2.11,0.00,573.15,upi,,,46234.36449074074,2026-07-31 08:44:52,[],,,,order_DY1bCk9x0jK5cI,rcpt-20875,[],,,,setl_3ekoTpzAdwh622,2026-08-03 08:44:52,CITIN26080357783639,Razorpay
payment,pay_0MCh4ksLEEeSAF,3543.50,INR,70.87,12.76,0.00,3459.87,upi,,,46234.664826388886,31/07/2026 15:57:21,[],,,,order_hDnh48n13FJtdm,rcpt-81271,[],,,,setl_3ekoTpzAdwh622,46237.664826388886,CITIN26080357783639,Razorpay
payment,pay_YIYxEJyis4vCz0,541.50,INR,10.83,1.95,0.00,528.72,wallet,,,2026-07-31 22:10:50,46234.92418981482,[],,,,order_lC0NAgjsT9A9Vt,rcpt-26316,[],,,,setl_3ekoTpzAdwh622,2026-08-03 22:10:50,CITIN26080357783639,Razorpay
payment,pay_zDbJs9W52J3HzZ,21685.50,INR,433.71,78.07,0.00,21173.72,upi,,,2026-07-31 05:23:19,31/07/2026 05:23:19,[],,,,order_Yn21X9TqxobqCd,rcpt-22518,[],,,,setl_3ekoTpzAdwh622,46237.22452546296,CITIN26080357783639,Razorpay
payment,pay_qw9g9E2q5l9Swe,13857.00,INR,242.50,43.65,0.00,13570.85,netbanking,,HDFC,2026-31-07 12:36:48,2026-07-31 12:36:48,[],,,,order_p8sU2zHB8j6CfW,rcpt-20287,[],,,,setl_3ekoTpzAdwh622,2026-08-03 12:36:48,CITIN26080357783639,Razorpay
payment,pay_DlTHvqZr0H6TxA,1382.00,INR,27.64,4.98,0.00,1349.38,upi,,,46234.825891203705,2026-07-31 19:49:17,[],,,,order_msEhv4ya6udrDP,rcpt-96971,[],,,,setl_3ekoTpzAdwh622,2026-08-03 19:49:17,CITIN26080357783639,Razorpay
payment,pay_wNEdS2X57siY5j,511.50,INR,10.23,1.84,0.00,499.43,card,credit,AXIS,2026-07-31 02:02:46,2026-07-31 02:02:46,[],,,,order_mvzacosOhyt9Vc,rcpt-14406,[],,,,setl_3ekoTpzAdwh622,2026-08-03 02:02:46,CITIN26080357783639,Razorpay
payment,pay_tuOtZANomkMVxj,490.50,INR,8.58,1.54,0.00,480.38,netbanking,,AXIS,2026-07-31 09:15:15,2026-07-31 09:15:15,[],,,,order_4PgHcagVyQ2wfv,rcpt-88455,[],,,,setl_3ekoTpzAdwh622,2026-08-03 09:15:15,CITIN26080357783639,Razorpay
payment,pay_Vo1RRTgFO6AcPV,567.00,INR,9.92,1.79,0.00,555.29,netbanking,,,46234.68662037037,2026-07-31 16:28:44,[],,,,order_jp3LcqZAgjWk1C,rcpt-30970,[],,,,setl_3ekoTpzAdwh622,2026-08-03 16:28:44,CITIN26080357783639,Razorpay
payment,pay_o9hPPYp4b0DupZ,1512.50,INR,30.25,5.45,0.00,1476.80,upi,,,2026-07-31 23:41:13,31/07/2026 23:41:13,[],,,,order_vRA2XsWjYvXGKQ,rcpt-77248,[],,,,setl_3ekoTpzAdwh622,46237.98695601852,CITIN26080357783639,Razorpay
payment,pay_P58W6E4WIb5Fnz,558.50,INR,11.17,2.01,0.00,545.32,upi,,,2026-07-31 06:54:42,2026-07-31 06:54:42,[],,,,order_mg1CUa7YUsTMvQ,rcpt-30636,[],,,,setl_3ekoTpzAdwh622,2026-08-03 06:54:42,CITIN26080357783639,Razorpay
payment,pay_yzXKwmkiIe3MXl,699.00,INR,13.98,2.52,0.00,682.50,upi,,,2026-07-31 13:07:11,2026-07-31 13:07:11,[],,,,order_CMdtg1Exwb7qqT,rcpt-48866,[],,,,setl_3ekoTpzAdwh622,2026-08-03 13:07:11,CITIN26080357783639,Razorpay
payment,pay_cqswN04PBuX8op,496.00,INR,9.92,1.79,0.00,484.29,upi,,,2026-07-31 20:20:40,31/07/2026 20:20:40,[],,,,order_euiTzT0TdIcnwo,rcpt-39605,[],,,,setl_3ekoTpzAdwh622,2026-08-03 20:20:40,CITIN26080357783639,Razorpay
payment,pay_8l7K3W5QmpUKox,5665.00,INR,113.30,20.39,0.00,5531.31,upi,,,31/07/2026 03:33:09,46234.14802083333,[],,,,order_evbVorddvCA43u,rcpt-31131,[],,,,setl_3ekoTpzAdwh622,46237.14802083333,CITIN26080357783639,Razorpay
payment,pay_m1r9b3crqHBWFo,10216.50,INR,204.33,36.78,0.00,9975.39,upi,,,2026-07-31 10:46:38,31/07/2026 10:46:38,[],,,,order_a28zZuwnZjJ30Q,rcpt-41723,[],,,,setl_3ekoTpzAdwh622,03/08/2026 10:46:38,CITIN26080357783639,Razorpay
payment,pay_DE9xagTllojVtS,12905.00,INR,154.86,27.87,0.00,12722.27,card,debit,AXIS,31/07/2026 17:59:07,31/07/2026 17:59:07,[],,,,order_y18ehc1C7iaDgm,rcpt-59360,[],,,,setl_3ekoTpzAdwh622,2026-08-03 17:59:07,CITIN26080357783639,Razorpay
payment,pay_WLOTJgw6ABxOjX,1395.50,INR,27.91,5.02,0.00,1362.57,upi,,,2026-07-31 00:12:36,2026-07-31 00:12:36,[],,,,order_ocGRax8OipYVsP,rcpt-93199,[],,,,setl_3ekoTpzAdwh622,2026-08-03 00:12:36,CITIN26080357783639,Razorpay
payment,pay_m3cM3uVxV6HumK,606.50,INR,7.28,1.31,0.00,597.91,card,debit,HDFC,2026-08-01 07:25:05,2026-08-01 07:25:05,[],,,,order_EiSxbajMn6mfni,rcpt-96203,[],,,,setl_UfAHgVs02HhtzO,04/08/2026 07:25:05,CITIN26080478781763,Razorpay
payment,pay_6oxSmsbfs6USQV,7174.00,INR,143.48,25.83,0.00,7004.69,card,credit,ICICI,2026-08-01 14:38:34,2026-08-01 14:38:34,[],,,,order_ZJnF0R2L3CEOkv,rcpt-13749,[],,,,setl_UfAHgVs02HhtzO,04/08/2026 14:38:34,CITIN26080478781763,Razorpay
payment,pay_LlhJ3qFxUHxT9l,602.00,INR,7.22,1.30,0.00,593.48,card,debit,HDFC,2026-08-01 21:51:03,46235.91045138889,[],,,,order_T5qlJ2WchjWopg,rcpt-29085,[],,,,setl_UfAHgVs02HhtzO,2026-08-04 21:51:03,CITIN26080478781763,Razorpay
payment,pay_PWrSFTcTd1NnNX,229.50,INR,4.59,0.83,0.00,224.08,upi,,,46235.16981481481,2026-08-01 04:04:32,[],,,,order_3T7c3yFTEJMXRq,rcpt-94604,[],,,,setl_UfAHgVs02HhtzO,2026-08-04 04:04:32,CITIN26080478781763,Razorpay
payment,pay_YE4QVyClWrSODh,2300.00,INR,46.00,8.28,0.00,2245.72,card,credit,SBIN,2026-08-01 11:17:01,01/08/2026 11:17:01,[],,,,order_g9rBCUnQ3661wX,rcpt-18864,[],,,,setl_UfAHgVs02HhtzO,2026-08-04 11:17:01,CITIN26080478781763,Razorpay
payment,pay_W8OD45dHFAkfsB,4623.00,INR,92.46,16.64,0.00,4513.90,wallet,,,01/08/2026 18:30:30,46235.77118055556,[],,,,order_mJs7KX6Hr1h05f,rcpt-69904,[],,,,setl_UfAHgVs02HhtzO,2026-08-04 18:30:30,CITIN26080478781763,Razorpay
payment,pay_duqqChPQXTT1QJ,401.50,INR,8.03,1.45,0.00,392.02,card,credit,,46235.07221064815,2026-08-01 01:43:59,[],,,,order_gCkwlzoiNsn8ur,rcpt-23501,[],,,,setl_UfAHgVs02HhtzO,04/08/2026 01:43:59,CITIN26080478781763,Razorpay
payment,pay_LTa2d58sZCde7X,3815.00,INR,45.78,8.24,0.00,3760.98,card,debit,KKBK,01/08/2026 08:56:28,01/08/2026 08:56:28,[],,,,order_K7Xwh0SUcm6lHF,rcpt-28962,[],,,,setl_UfAHgVs02HhtzO,04/08/2026 08:56:28,CITIN26080478781763,Razorpay
payment,pay_0IeaSU3HhnydEJ,6406.50,INR,128.13,23.06,0.00,6255.31,card,credit,HDFC,2026-08-01 15:09:57,2026-08-01 15:09:57,[],,,,order_ATIkxHZjefbwnb,rcpt-40530,[],,,,setl_UfAHgVs02HhtzO,2026-08-04 15:09:57,CITIN26080478781763,Razorpay
payment,pay_uqvro6385BgQhQ,3016.50,INR,60.33,10.86,0.00,2945.31,upi,,,46235.93224537037,2026-08-01 22:22:26,[],,,,order_nUXDtkrxUF8y0T,rcpt-45504,[],,,,setl_UfAHgVs02HhtzO,46238.93224537037,CITIN26080478781763,Razorpay
payment,pay_okoV768OZImmyP,644.00,INR,12.88,2.32,0.00,628.80,wallet,,,2026-08-01 05:35:55,46235.23327546296,[],,,,order_05fKMMB7C6Rrjm,rcpt-99956,[],,,,setl_UfAHgVs02HhtzO,04/08/2026 05:35:55,CITIN26080478781763,Razorpay
payment,pay_uQQVhaVWWVBqcq,489.50,INR,9.79,1.76,0.00,477.95,upi,,,2026-08-01 12:48:24,2026-08-01 12:48:24,[],,,,order_sM7fTDgwKlxosb,rcpt-93458,[],,,,setl_UfAHgVs02HhtzO,2026-08-04 12:48:24,CITIN26080478781763,Razorpay
payment,pay_PxmN5RIf7wzZgp,3647.50,INR,72.95,13.13,0.00,3561.42,wallet,,,2026-08-01 19:01:53,2026-08-01 19:01:53,[],,,,order_ecggMuQarh1e3r,rcpt-14730,[],,,,setl_UfAHgVs02HhtzO,2026-08-04 19:01:53,CITIN26080478781763,Razorpay
payment,pay_Zpz80oC2v9Ao1D,3479.00,INR,69.58,12.52,0.00,3396.90,upi,,,46235.093310185184,2026-01-08 02:14:22,[],,,,order_LhsXAFc4Gg9zCH,rcpt-29212,[],,,,setl_UfAHgVs02HhtzO,04/08/2026 02:14:22,CITIN26080478781763,Razorpay
payment,pay_DmAsSbjDrggAj6,7222.50,INR,144.45,26.00,0.00,7052.05,upi,,,2026-08-01 09:27:51,46235.39434027778,[],,,,order_cXBDeYa7AN1s2m,rcpt-32760,[],,,,setl_UfAHgVs02HhtzO,04/08/2026 09:27:51,CITIN26080478781763,Razorpay
payment,pay_lsrefwVh9AyEr3,4361.50,INR,52.34,9.42,0.00,4299.74,card,debit,SBIN,01/08/2026 16:40:20,01/08/2026 16:40:20,[],,,,order_E8J08bXYqE4w1m,rcpt-31518,[],,,,setl_UfAHgVs02HhtzO,2026-08-04 16:40:20,CITIN26080478781763,Razorpay
payment,pay_iugezJFVyy5gGs,18662.00,INR,373.24,67.18,0.00,18221.58,upi,,,2026-08-01 23:53:49,2026-08-01 23:53:49,[],,,,order_CpmNQS47JAOxqI,rcpt-65165,[],,,,setl_UfAHgVs02HhtzO,2026-08-04 23:53:49,CITIN26080478781763,Razorpay
payment,pay_8hXzgtGiWMKASU,3461.00,INR,69.22,12.46,0.00,3379.32,card,credit,KKBK,01/08/2026 06:06:18,2026-08-01 06:06:18,[],,,,order_GQAvaCky0ATs2F,rcpt-22820,[],,,,setl_UfAHgVs02HhtzO,04/08/2026 06:06:18,CITIN26080478781763,Razorpay
payment,pay_9KyW4KWg3VKhEH,2106.50,INR,25.28,4.55,0.00,2076.67,card,debit,SBIN,01/08/2026 13:19:47,2026-08-01 13:19:47,[],,,,order_9IQMB7SwrrXtXJ,rcpt-38925,[],,,,setl_UfAHgVs02HhtzO,46238.55540509259,CITIN26080478781763,Razorpay
payment,pay_AHaYVB2fGURVM9,8807.50,INR,105.69,19.02,0.00,8682.79,card,debit,AXIS,01/08/2026 20:32:16,2026-08-01 20:32:16,[],,,,order_2REDEOlxc3ke3o,rcpt-81410,[],,,,setl_UfAHgVs02HhtzO,04/08/2026 20:32:16,CITIN26080478781763,Razorpay
payment,pay_2gXdYutad7YYBu,770.50,INR,15.41,2.77,0.00,752.32,upi,,,46235.15677083333,2026-08-01 03:45:45,[],,,,order_B4wLVtS6px6afo,rcpt-48073,[],,,,setl_UfAHgVs02HhtzO,04/08/2026 03:45:45,CITIN26080478781763,Razorpay
payment,pay_13LrrW6WN0wAja,22682.00,INR,453.64,81.66,0.00,22146.70,upi,,,2026-01-08 10:58:14,2026-08-01 10:58:14,[],,,,order_2dtdxJV9rsTkQJ,rcpt-68837,[],,,,setl_UfAHgVs02HhtzO,46238.45710648148,CITIN26080478781763,Razorpay
payment,pay_NGHQkAPhmec84x,1937.00,INR,38.74,6.97,0.00,1891.29,upi,,,01/08/2026 17:11:43,01/08/2026 17:11:43,[],,,,order_hwzhe7GcrlxurY,rcpt-23345,[],,,,setl_UfAHgVs02HhtzO,2026-08-04 17:11:43,CITIN26080478781763,Razorpay
payment,pay_lmOvPsJb0zNt6q,4983.50,INR,99.67,17.94,0.00,4865.89,upi,,,01/08/2026 00:24:12,2026-08-01 00:24:12,[],,,,order_LWjvSdP4tV1yXC,rcpt-23662,[],,,,setl_UfAHgVs02HhtzO,04/08/2026 00:24:12,CITIN26080478781763,Razorpay
payment,pay_n2SYmjpf5nZuag,1719.50,INR,20.63,3.71,0.00,1695.16,card,debit,,2026-08-01 07:37:41,2026-08-01 07:37:41,[],,,,order_Wv9J3kszhs6mcG,rcpt-41015,[],,,,setl_UfAHgVs02HhtzO,04/08/2026 07:37:41,CITIN26080478781763,Razorpay
payment,pay_INzh5hgdJzXWSe,454.00,INR,9.08,1.63,0.00,443.29,upi,,,2026-08-01 14:50:10,2026-08-01 14:50:10,[],,,,order_Yhsi6RhltnPJ1V,rcpt-50774,[],,,,setl_UfAHgVs02HhtzO,2026-08-04 14:50:10,CITIN26080478781763,Razorpay
payment,pay_ihPRuoXSKWwIGr,7856.50,INR,157.13,28.28,0.00,7671.09,card,credit,ICICI,2026-08-01 21:03:39,01/08/2026 21:03:39,[],,,,order_f5jJd0Pl5OZ6P5,rcpt-95403,[],,,,setl_UfAHgVs02HhtzO,04/08/2026 21:03:39,CITIN26080478781763,Razorpay
payment,pay_iqtJfPqNkJTAEb,14445.50,INR,288.91,52.00,0.00,14104.59,upi,,,46235.17787037037,2026-08-01 04:16:08,[],,,,order_raMA4F9g5xrnXV,rcpt-28396,[],,,,setl_UfAHgVs02HhtzO,2026-08-04 04:16:08,CITIN26080478781763,Razorpay
payment,pay_ovjS3Rjaq3Q827,16832.00,INR,336.64,60.60,0.00,16434.76,upi,,,2026-08-01 11:29:37,2026-08-01 11:29:37,[],,,,order_bmVsQ4nK4lwoyM,rcpt-49780,[],,,,setl_UfAHgVs02HhtzO,2026-08-04 11:29:37,CITIN26080478781763,Razorpay
payment,pay_iPbn2BdsybSl8c,19711.50,INR,394.23,70.96,0.00,19246.31,upi,,,2026-08-01 18:42:06,2026-08-01 18:42:06,[],,,,order_FarVfYtUmUFETO,rcpt-34251,[],,,,setl_UfAHgVs02HhtzO,2026-08-04 18:42:06,CITIN26080478781763,Razorpay
payment,pay_1m2ErlLLp2fn5F,6374.00,INR,127.48,22.95,0.00,6223.57,card,credit,HDFC,2026-08-01 01:55:35,01/08/2026 01:55:35,[],,,,order_OE3dybdOYaqihT,rcpt-88264,[],,,,setl_UfAHgVs02HhtzO,2026-08-04 01:55:35,CITIN26080478781763,Razorpay
payment,pay_cvMk6KSdWN3tS9,21619.50,INR,378.34,68.10,0.00,21173.06,netbanking,,ICICI,01/08/2026 08:08:04,2026-08-01 08:08:04,[],,,,order_AReFUoBtiMSJ4G,rcpt-98442,[],,,,setl_UfAHgVs02HhtzO,2026-08-04 08:08:04,CITIN26080478781763,Razorpay
payment,pay_GGkLOZV2VhO32l,10980.00,INR,219.60,39.53,0.00,10720.87,upi,,,01/08/2026 15:21:33,2026-08-01 15:21:33,[],,,,order_io3N87iYZWV5Eq,rcpt-14722,[],,,,setl_UfAHgVs02HhtzO,04/08/2026 15:21:33,CITIN26080478781763,Razorpay
payment,pay_N5OvJpZpBs1VIA,581.50,INR,11.63,2.09,0.00,567.78,upi,,,01/08/2026 22:34:02,2026-01-08 22:34:02,[],,,,order_G3B36bUP9mM9IR,rcpt-77304,[],,,,setl_UfAHgVs02HhtzO,2026-08-04 22:34:02,CITIN26080478781763,Razorpay
payment,pay_5Hkfva4mYXyuVp,11733.50,INR,234.67,42.24,0.00,11456.59,card,credit,ICICI,2026-08-01 05:47:31,2026-01-08 05:47:31,[],,,,order_bYNHExfven41DL,rcpt-13367,[],,,,setl_UfAHgVs02HhtzO,2026-08-04 05:47:31,CITIN26080478781763,Razorpay
payment,pay_Wl5yYpcx6V9xbV,4644.50,INR,55.73,10.03,0.00,4578.74,card,debit,,01/08/2026 12:00:00,2026-08-01 12:00:00,[],,,,order_231NG6bQmMawq1,rcpt-72367,[],,,,setl_UfAHgVs02HhtzO,04/08/2026 12:00:00,CITIN26080478781763,Razorpay
payment,pay_vB93u5sx7rwlri,2479.50,INR,49.59,8.93,0.00,2420.98,upi,,,2026-08-01 19:13:29,2026-08-01 19:13:29,[],,,,order_qE60EmQvw6Mvww,rcpt-21965,[],,,,setl_UfAHgVs02HhtzO,04/08/2026 19:13:29,CITIN26080478781763,Razorpay
payment,pay_MZ2A9kd7bRVLrk,362.00,INR,7.24,1.30,0.00,353.46,upi,,,01/08/2026 02:26:58,2026-08-01 02:26:58,[],,,,order_T3WYvthOwVndiw,rcpt-37743,[],,,,setl_UfAHgVs02HhtzO,2026-04-08 02:26:58,CITIN26080478781763,Razorpay
refund,rfnd_tNUT2xmgz40Bt9,2462.25,INR,4.00,0.72,2466.97,0.00,,,,2026-08-04 09:39:27,,,"{""refund_reason"": ""customer_request""}",760508888489,,,,,,,,setl_UfAHgVs02HhtzO,2026-08-04 09:39:27,CITIN26080478781763,Razorpay
refund,rfnd_vxO9UoWKwS92lL,341.50,INR,4.00,0.72,346.22,0.00,,,,2026-08-04 16:52:56,,,"{""refund_reason"": ""item_out_of_stock""}",519402345816,,,,,,,,setl_UfAHgVs02HhtzO,04/08/2026 16:52:56,CITIN26080478781763,Razorpay
payment,pay_W4sPViSXHxxHe8,11893.50,INR,237.87,42.82,0.00,11612.81,upi,,,2026-08-02 23:05:25,2026-08-02 23:05:25,[],,,,order_CAAv5xlWz2Q36n,rcpt-31581,[],,,,setl_X8PxwjgCEixxdv,2026-08-03 23:05:25,CITIN26080388134325,Razorpay
payment,pay_pwsD1mppNh7o8j,3487.50,INR,69.75,12.56,0.00,3405.19,upi,,,02/08/2026 06:18:54,02/08/2026 06:18:54,[],,,,order_0E0kRvysG8SIFo,rcpt-93795,[],,,,setl_X8PxwjgCEixxdv,2026-08-03 06:18:54,CITIN26080388134325,Razorpay
payment,pay_9ptQuGX2upZkBK,440.50,INR,8.81,1.59,0.00,430.10,card,credit,KKBK,2026-02-08 13:31:23,2026-08-02 13:31:23,[],,,,order_HgIBWO0LxuHL2J,rcpt-22254,[],,,,setl_X8PxwjgCEixxdv,2026-08-03 13:31:23,CITIN26080388134325,Razorpay
payment,pay_rwaou3RgaGWzLR,4105.00,INR,82.10,14.78,0.00,4008.12,upi,,,2026-08-02 20:44:52,2026-08-02 20:44:52,[],,,,order_hkICyArLInZ7N9,rcpt-67031,[],,,,setl_X8PxwjgCEixxdv,2026-08-03 20:44:52,CITIN26080388134325,Razorpay
payment,pay_tUqXjy0NXqm6J9,18102.50,INR,362.05,65.17,0.00,17675.28,upi,,,2026-08-02 03:57:21,2026-02-08 03:57:21,[],,,,order_zrmc6uCZiq6DDe,rcpt-23399,[],,,,setl_X8PxwjgCEixxdv,2026-08-03 03:57:21,CITIN26080388134325,Razorpay
payment,pay_iJcY0VXMz8Bpr9,22665.50,INR,453.31,81.60,0.00,22130.59,wallet,,,2026-08-02 10:10:50,02/08/2026 10:10:50,[],,,,order_NMstlq2mOfrcOl,rcpt-47079,[],,,,setl_X8PxwjgCEixxdv,2026-08-03 10:10:50,CITIN26080388134325,Razorpay
payment,pay_tc3jH46MoH6mJM,4962.00,INR,99.24,17.86,0.00,4844.90,upi,,,2026-08-02 17:23:19,46236.72452546296,[],,,,order_zJgFBl21jH3NfA,rcpt-43286,[],,,,setl_X8PxwjgCEixxdv,46237.72452546296,CITIN26080388134325,Razorpay
payment,pay_xLooeLPOlROwoS,3137.00,INR,62.74,11.29,0.00,3062.97,upi,,,2026-08-02 00:36:48,02/08/2026 00:36:48,[],,,,order_YABDR3UslhSXjb,rcpt-72774,[],,,,setl_X8PxwjgCEixxdv,2026-08-03 00:36:48,CITIN26080388134325,Razorpay
payment,pay_9oGTGvhWKWTfFa,4642.00,INR,92.84,16.71,0.00,4532.45,upi,,,46236.325891203705,02/08/2026 07:49:17,[],,,,order_5cY4Sog2Ug4KeH,rcpt-17598,[],,,,setl_X8PxwjgCEixxdv,2026-08-03 07:49:17,CITIN26080388134325,Razorpay
payment,pay_smuMqP5k1rLyQn,11293.00,INR,225.86,40.65,0.00,11026.49,upi,,,2026-08-02 14:02:46,02/08/2026 14:02:46,[],,,,order_C2hu0Oq4Kv9YW0,rcpt-97740,[],,,,setl_X8PxwjgCEixxdv,2026-08-03 14:02:46,CITIN26080388134325,Razorpay
payment,pay_I0GyioHs4O1iPc,15444.00,INR,308.88,55.60,0.00,15079.52,upi,,,46236.88559027778,2026-08-02 21:15:15,[],,,,order_j337Ooup4SPmHF,rcpt-65416,[],,,,setl_X8PxwjgCEixxdv,2026-08-03 21:15:15,CITIN26080388134325,Razorpay
payment,pay_but26H5WjtrK3U,3072.50,INR,61.45,11.06,0.00,2999.99,upi,,,2026-08-02 04:28:44,46236.18662037037,[],,,,order_tiOfsrtvbejSJE,rcpt-42715,[],,,,setl_X8PxwjgCEixxdv,03/08/2026 04:28:44,CITIN26080388134325,Razorpay
payment,pay_V9olqVHVJ6vcDo,322.00,INR,6.44,1.16,0.00,314.40,upi,,,2026-08-02 11:41:13,2026-08-02 11:41:13,[],,,,order_7aiscy78ky6wBZ,rcpt-80471,[],,,,setl_X8PxwjgCEixxdv,2026-08-03 11:41:13,CITIN26080388134325,Razorpay
payment,pay_djqiUKoJIO4Lrx,11535.50,INR,230.71,41.53,0.00,11263.26,upi,,,2026-08-02 18:54:42,02/08/2026 18:54:42,[],,,,order_h2SnZoxiry7Er2,rcpt-88930,[],,,,setl_X8PxwjgCEixxdv,03/08/2026 18:54:42,CITIN26080388134325,Razorpay
payment,pay_WEY2kVsTVBNOhc,14463.00,INR,289.26,52.07,0.00,14121.67,upi,,,2026-08-02 01:07:11,02/08/2026 01:07:11,[],,,,order_1ibP55QDFcqvcJ,rcpt-53215,[],,,,setl_X8PxwjgCEixxdv,2026-08-03 01:07:11,CITIN26080388134325,Razorpay
payment,pay_3e9DaslXNEsRkC,628.00,INR,12.56,2.26,0.00,613.18,upi,,,02/08/2026 08:20:40,02/08/2026 08:20:40,[],,,,order_mWKAC5cWQIM0Nc,rcpt-35495,[],,,,setl_X8PxwjgCEixxdv,2026-08-03 08:20:40,CITIN26080388134325,Razorpay
payment,pay_TpDgvjUcKAfYea,2044.50,INR,40.89,7.36,0.00,1996.25,upi,,,2026-08-02 15:33:09,46236.64802083333,[],,,,order_kCv6WqJh85VvPb,rcpt-23390,[],,,,setl_X8PxwjgCEixxdv,2026-08-03 15:33:09,CITIN26080388134325,Razorpay
payment,pay_NVJYzLlbzz9gJ0,947.50,INR,18.95,3.41,0.00,925.14,upi,,,2026-08-02 22:46:38,2026-08-02 22:46:38,[],,,,order_DhwDEckDSQMhKm,rcpt-53603,[],,,,setl_X8PxwjgCEixxdv,2026-08-03 22:46:38,CITIN26080388134325,Razorpay
payment,pay_5Wn3xAA4YL0roY,3203.50,INR,56.06,10.09,0.00,3137.35,netbanking,,AXIS,2026-08-02 05:59:07,2026-02-08 05:59:07,[],,,,order_sC0qki2DalMxzk,rcpt-29218,[],,,,setl_X8PxwjgCEixxdv,03/08/2026 05:59:07,CITIN26080388134325,Razorpay
payment,pay_dJ0nXRoPAuvT1z,10270.00,INR,123.24,22.18,0.00,10124.58,card,debit,AXIS,46236.50875,46236.50875,[],,,,order_3o8GVaVExW6j1y,rcpt-23696,[],,,,setl_X8PxwjgCEixxdv,2026-08-03 12:12:36,CITIN26080388134325,Razorpay
payment,pay_2vTlTrwvE9znLc,902.00,INR,18.04,3.25,0.00,880.71,card,credit,SBIN,02/08/2026 19:25:05,2026-02-08 19:25:05,[],,,,order_3rx6AdWFRs73lH,rcpt-30647,[],,,,setl_X8PxwjgCEixxdv,03/08/2026 19:25:05,CITIN26080388134325,Razorpay
payment,pay_Qv3AcP7DZF4NJg,5844.00,INR,70.13,12.62,0.00,5761.25,card,debit,ICICI,46236.11011574074,02/08/2026 02:38:34,[],,,,order_lTvIuhlmiEDvPW,rcpt-45968,[],,,,setl_X8PxwjgCEixxdv,03/08/2026 02:38:34,CITIN26080388134325,Razorpay
payment,pay_LcV1J5qU9He4o7,3201.50,INR,64.03,11.53,0.00,3125.94,upi,,,2026-08-02 09:51:03,2026-08-02 09:51:03,[],,,,order_nGttoWMFRA8V63,rcpt-42390,[],,,,setl_X8PxwjgCEixxdv,03/08/2026 09:51:03,CITIN26080388134325,Razorpay
payment,pay_pPzoyojA5pAUGw,4731.00,INR,94.62,17.03,0.00,4619.35,upi,,,2026-08-02 16:04:32,46236.66981481481,[],,,,order_6T4sh2NHGzeTc8,rcpt-40315,[],,,,setl_X8PxwjgCEixxdv,2026-08-03 16:04:32,CITIN26080388134325,Razorpay
payment,pay_rcRNddhtdJVK3k,19572.00,INR,391.44,70.46,0.00,19110.10,upi,,,2026-08-02 23:17:01,46236.97015046296,[],,,,order_cKK1J7xlTrW7B5,rcpt-74190,[],,,,setl_X8PxwjgCEixxdv,2026-08-03 23:17:01,CITIN26080388134325,Razorpay
payment,pay_CHMZLCF2080nUf,4125.50,INR,82.51,14.85,0.00,4028.14,upi,,,03/08/2026 06:30:30,2026-08-03 06:30:30,[],,,,order_AClr8vaoc3OQFy,rcpt-88180,[],,,,setl_ZYDI2T27UOatPw,2026-08-05 06:30:30,CITIN26080514264934,Razorpay
payment,pay_9AsCsbrEmkbplB,7627.50,INR,152.55,27.46,0.00,7447.49,card,credit,SBIN,2026-08-03 13:43:59,03/08/2026 13:43:59,[],,,,order_CakOJrh6ryLrxN,rcpt-22525,[],,,,setl_ZYDI2T27UOatPw,2026-08-05 13:43:59,CITIN26080514264934,Razorpay
payment,pay_U3wHpSgLmkWvu9,4282.00,INR,85.64,15.42,0.00,4180.94,upi,,,03/08/2026 20:56:28,2026-08-03 20:56:28,[],,,,order_9L9suyMpwBcec1,rcpt-50726,[],,,,setl_ZYDI2T27UOatPw,46239.8725462963,CITIN26080514264934,Razorpay
payment,pay_cEofVYfxCUckKt,1333.50,INR,26.67,4.80,0.00,1302.03,upi,,,03/08/2026 03:09:57,2026-08-03 03:09:57,[],,,,order_nqbs7bNphm0eKc,rcpt-37411,[],,,,setl_ZYDI2T27UOatPw,46239.13190972222,CITIN26080514264934,Razorpay
payment,pay_d7VrBz5sXZTWVz,303.50,INR,6.07,1.09,0.00,296.34,upi,,,2026-03-08 10:22:26,2026-08-03 10:22:26,[],,,,order_MS2AosgoCHRroO,rcpt-11348,[],,,,setl_ZYDI2T27UOatPw,2026-08-05 10:22:26,CITIN26080514264934,Razorpay
payment,pay_I1Z4tYCY34bHbM,302.50,INR,3.63,0.65,0.00,298.22,card,debit,HDFC,03/08/2026 17:35:55,2026-08-03 17:35:55,[],,,,order_4T28TUFve4DsZP,rcpt-16776,[],,,,setl_ZYDI2T27UOatPw,05/08/2026 17:35:55,CITIN26080514264934,Razorpay
payment,pay_AM4PwygnczXD7K,1193.00,INR,23.86,4.29,0.00,1164.85,upi,,,03/08/2026 00:48:24,03/08/2026 00:48:24,[],,,,order_biVaX8MqjhOTv5,rcpt-26784,[],,,,setl_ZYDI2T27UOatPw,2026-08-05 00:48:24,CITIN26080514264934,Razorpay
payment,pay_LGv02D0l0zYNzz,11712.50,INR,234.25,42.17,0.00,11436.08,upi,,,2026-08-03 07:01:53,2026-03-08 07:01:53,[],,,,order_Z4uIfPxr2E4dRK,rcpt-59756,[],,,,setl_ZYDI2T27UOatPw,2026-08-05 07:01:53,CITIN26080514264934,Razorpay
payment,pay_OsCvjCPL67GEVk,11949.00,INR,143.39,25.81,0.00,11779.80,card,debit,HDFC,03/08/2026 14:14:22,46237.593310185184,[],,,,order_LMPZPItrSYTNTD,rcpt-21672,[],,,,setl_ZYDI2T27UOatPw,05/08/2026 14:14:22,CITIN26080514264934,Razorpay
payment,pay_YMQVMfFdrlF29d,18025.50,INR,360.51,64.89,0.00,17600.10,upi,,,2026-08-03 21:27:51,2026-08-03 21:27:51,[],,,,order_YtnhV03mUK3LAS,rcpt-29108,[],,,,setl_ZYDI2T27UOatPw,2026-08-05 21:27:51,CITIN26080514264934,Razorpay
payment,pay_QAuVoqZTr8D3a1,1134.50,INR,22.69,4.08,0.00,1107.73,upi,,,03/08/2026 04:40:20,2026-08-03 04:40:20,[],,,,order_MLyVbm5GD8B1c1,rcpt-16605,[],,,,setl_ZYDI2T27UOatPw,46239.19467592592,CITIN26080514264934,Razorpay
payment,pay_PfqAQrEgTQx60e,590.00,INR,11.80,2.12,0.00,576.08,upi,,,2026-08-03 11:53:49,2026-08-03 11:53:49,[],,,,order_ziALQG8hPkykp1,rcpt-79987,[],,,,setl_ZYDI2T27UOatPw,2026-08-05 11:53:49,CITIN26080514264934,Razorpay
payment,pay_RRwyfmHYiFS7Zh,23572.50,INR,471.45,84.86,0.00,23016.19,upi,,,2026-08-03 18:06:18,46237.754375,[],,,,order_GW98TXbnPq1fPs,rcpt-59582,[],,,,setl_ZYDI2T27UOatPw,2026-08-05 18:06:18,CITIN26080514264934,Razorpay
payment,pay_XyajVohV13KtT3,7025.50,INR,140.51,25.29,0.00,6859.70,card,credit,ICICI,03/08/2026 01:19:47,46237.05540509259,[],,,,order_7OhgetS7C0nzMv,rcpt-21956,[],,,,setl_ZYDI2T27UOatPw,2026-08-05 01:19:47,CITIN26080514264934,Razorpay
payment,pay_kAEZpiBgGmCFt9,4155.00,INR,83.10,14.96,0.00,4056.94,upi,,,2026-08-03 08:32:16,2026-08-03 08:32:16,[],,,,order_YQoQVt3XGKPx0n,rcpt-60014,[],,,,setl_ZYDI2T27UOatPw,2026-08-05 08:32:16,CITIN26080514264934,Razorpay
payment,pay_Id0pHPwiF0wg6W,260.50,INR,5.21,0.94,0.00,254.35,upi,,,2026-03-08 15:45:45,46237.65677083333,[],,,,order_lqd7Lud3Q6iV0E,rcpt-35953,[],,,,setl_ZYDI2T27UOatPw,2026-08-05 15:45:45,CITIN26080514264934,Razorpay
payment,pay_DGB3MNnWshQRQ8,4978.00,INR,99.56,17.92,0.00,4860.52,upi,,,2026-03-08 22:58:14,46237.95710648148,[],,,,order_V4MDak1cP3plS3,rcpt-45282,[],,,,setl_ZYDI2T27UOatPw,05/08/2026 22:58:14,CITIN26080514264934,Razorpay
payment,pay_YMYfd0oEK7AFgb,488.00,INR,9.76,1.76,0.00,476.48,upi,,,46237.216469907406,2026-08-03 05:11:43,[],,,,order_2oRhy8GXpU77WR,rcpt-86048,[],,,,setl_ZYDI2T27UOatPw,2026-08-05 05:11:43,CITIN26080514264934,Razorpay
payment,pay_mCkDDty3kvdwUN,200.50,INR,4.01,0.72,0.00,195.77,card,credit,KKBK,03/08/2026 12:24:12,2026-08-03 12:24:12,[],,,,order_ibmAsD2FTw20WV,rcpt-48308,[],,,,setl_ZYDI2T27UOatPw,2026-08-05 12:24:12,CITIN26080514264934,Razorpay
payment,pay_mraxFxKg3UJR90,20617.00,INR,360.80,64.94,0.00,20191.26,netbanking,,KKBK,46237.81783564815,2026-08-03 19:37:41,[],,,,order_3Rmgikp5wts2ln,rcpt-53134,[],,,,setl_ZYDI2T27UOatPw,2026-08-05 19:37:41,CITIN26080514264934,Razorpay
payment,pay_YbssBWXisYy2Vf,18382.00,INR,367.64,66.18,0.00,17948.18,card,credit,HDFC,2026-08-03 02:50:10,2026-08-03 02:50:10,[],,,,order_x3FN4Q6ucKP1hi,rcpt-33229,[],,,,setl_ZYDI2T27UOatPw,2026-08-05 02:50:10,CITIN26080514264934,Razorpay
payment,pay_0I1LMHDMujY98r,4135.00,INR,82.70,14.89,0.00,4037.41,upi,,,2026-08-03 09:03:39,03/08/2026 09:03:39,[],,,,order_7uRGjkutYDR5yi,rcpt-85542,[],,,,setl_ZYDI2T27UOatPw,2026-08-05 09:03:39,CITIN26080514264934,Razorpay
payment,pay_BOT5SWOz5U3wwK,3261.00,INR,57.07,10.27,0.00,3193.66,netbanking,,KKBK,46237.67787037037,03/08/2026 16:16:08,[],,,,order_qfg2TiK1bYRpLk,rcpt-76825,[],,,,setl_ZYDI2T27UOatPw,46239.67787037037,CITIN26080514264934,Razorpay
payment,pay_j3Hh1GdbQjjPJ3,786.00,INR,15.72,2.83,0.00,767.45,upi,,,03/08/2026 23:29:37,2026-03-08 23:29:37,[],,,,order_wBPm4kJvudhtEF,rcpt-18277,[],,,,setl_ZYDI2T27UOatPw,46239.978900462964,CITIN26080514264934,Razorpay
payment,pay_W5q8W5rqWxM7Kw,16365.50,INR,327.31,58.92,0.00,15979.27,upi,,,2026-08-03 06:42:06,2026-08-03 06:42:06,[],,,,order_vru5YSAsHNsGmw,rcpt-45044,[],,,,setl_ZYDI2T27UOatPw,2026-08-05 06:42:06,CITIN26080514264934,Razorpay
payment,pay_quBclh6DJCAzqo,2771.00,INR,55.42,9.98,0.00,2705.60,upi,,,03/08/2026 13:55:35,46237.5802662037,[],,,,order_xDAG3JUt3qFLUT,rcpt-68307,[],,,,setl_ZYDI2T27UOatPw,05/08/2026 13:55:35,CITIN26080514264934,Razorpay
payment,pay_usHgBKKD5bvV8a,19997.50,INR,399.95,71.99,0.00,19525.56,card,credit,SBIN,2026-08-03 20:08:04,03/08/2026 20:08:04,[],,,,order_GoYZWTcHTEg8XV,rcpt-57953,[],,,,setl_ZYDI2T27UOatPw,2026-05-08 20:08:04,CITIN26080514264934,Razorpay
payment,pay_R9i9UrWhZeY0Mc,17829.00,INR,356.58,64.18,0.00,17408.24,card,credit,,2026-08-03 03:21:33,03/08/2026 03:21:33,[],,,,order_LoPu92MAPB7WdG,rcpt-18973,[],,,,setl_ZYDI2T27UOatPw,2026-08-05 03:21:33,CITIN26080514264934,Razorpay
payment,pay_oacit9deerSqX2,2387.00,INR,47.74,8.59,0.00,2330.67,upi,,,46237.440300925926,2026-08-03 10:34:02,[],,,,order_ZKWbBd4VglW2lC,rcpt-28706,[],,,,setl_ZYDI2T27UOatPw,2026-08-05 10:34:02,CITIN26080514264934,Razorpay
payment,pay_Z9O7aV8BiLg1Pe,7844.50,INR,156.89,28.24,0.00,7659.37,upi,,,03/08/2026 17:47:31,46237.74133101852,[],,,,order_hlYTmsJAjeNAgW,rcpt-83212,[],,,,setl_ZYDI2T27UOatPw,05/08/2026 17:47:31,CITIN26080514264934,Razorpay
payment,pay_70uuIAaDFVblr5,1008.00,INR,20.16,3.63,0.00,984.21,wallet,,,2026-08-03 00:00:00,46237.0,[],,,,order_PCdM7zTo1v27Gk,rcpt-76551,[],,,,setl_ZYDI2T27UOatPw,2026-08-05 00:00:00,CITIN26080514264934,Razorpay
payment,pay_SILmKN65poCrC7,17652.00,INR,353.04,63.55,0.00,17235.41,upi,,,2026-08-03 07:13:29,2026-08-03 07:13:29,[],,,,order_bzkuWhhjYFQjQT,rcpt-85540,[],,,,setl_ZYDI2T27UOatPw,05/08/2026 07:13:29,CITIN26080514264934,Razorpay
payment,pay_tHv6tuSF8LXdlf,8379.00,INR,167.58,30.16,0.00,8181.26,wallet,,,2026-08-03 14:26:58,2026-08-03 14:26:58,[],,,,order_EMT0X0Ya3rxDpg,rcpt-88878,[],,,,setl_ZYDI2T27UOatPw,46239.602060185185,CITIN26080514264934,Razorpay
payment,pay_wMkgF7KG26aTpH,4924.00,INR,98.48,17.73,0.00,4807.79,upi,,,46237.902395833335,2026-08-03 21:39:27,[],,,,order_kSXZ2D3VziZIht,rcpt-88497,[],,,,setl_ZYDI2T27UOatPw,2026-08-05 21:39:27,CITIN26080514264934,Razorpay
payment,pay_qCIabLyt0JzCk6,321.50,INR,6.43,1.16,0.00,313.91,upi,,,2026-08-03 04:52:56,2026-08-03 04:52:56,[],,,,order_Ytfz3vrbpTwsGZ,rcpt-35882,[],,,,setl_ZYDI2T27UOatPw,2026-08-05 04:52:56,CITIN26080514264934,Razorpay
payment,pay_PZ77WUSlAlwh5H,626.00,INR,12.52,2.25,0.00,611.23,upi,,,2026-08-03 11:05:25,46237.46209490741,[],,,,order_l00dndQSj62vZI,rcpt-49094,[],,,,setl_ZYDI2T27UOatPw,2026-08-05 11:05:25,CITIN26080514264934,Razorpay
payment,pay_7KehovlKCRm27e,3602.50,INR,72.05,12.97,0.00,3517.48,upi,,,2026-08-03 18:18:54,2026-08-03 18:18:54,[],,,,order_xMQJnBQYKUFg7n,rcpt-76736,[],,,,setl_ZYDI2T27UOatPw,05/08/2026 18:18:54,CITIN26080514264934,Razorpay
payment,pay_D4llRMoFFwqI6O,4417.50,INR,88.35,15.90,0.00,4313.25,upi,,,2026-08-03 01:31:23,2026-08-03 01:31:23,[],,,,order_LEUEi0pkPKXAbW,rcpt-30824,[],,,,setl_ZYDI2T27UOatPw,2026-08-05 01:31:23,CITIN26080514264934,Razorpay
payment,pay_8g9WbQxaXXSWSV,2325.00,INR,46.50,8.37,0.00,2270.13,upi,,,2026-08-03 08:44:52,2026-08-03 08:44:52,[],,,,order_fMnV3hwlOKBkhm,rcpt-12767,[],,,,setl_ZYDI2T27UOatPw,2026-08-05 08:44:52,CITIN26080514264934,Razorpay
payment,pay_UPuUubLfzzPbLK,13130.50,INR,262.61,47.27,0.00,12820.62,upi,,,2026-08-03 15:57:21,2026-08-03 15:57:21,[],,,,order_1WztHtQN02B3uS,rcpt-51113,[],,,,setl_ZYDI2T27UOatPw,2026-08-05 15:57:21,CITIN26080514264934,Razorpay
payment,pay_ukXxusKkf7UYj5,726.00,INR,14.52,2.61,0.00,708.87,upi,,,03/08/2026 22:10:50,2026-08-03 22:10:50,[],,,,order_vRjpftU5yh0jjj,rcpt-95115,[],,,,setl_ZYDI2T27UOatPw,2026-08-05 22:10:50,CITIN26080514264934,Razorpay
payment,pay_paZ5Tfa5LCXNEO,4924.00,INR,98.48,17.73,0.00,4807.79,upi,,,03/08/2026 05:23:19,2026-08-03 05:23:19,[],,,,order_kSXZ2D3VziZIht,rcpt-88497,[],,,,setl_ZYDI2T27UOatPw,2026-08-05 05:23:19,CITIN26080514264934,Razorpay
refund,rfnd_XgSqYOrsgmc6rR,726.00,INR,4.00,0.72,730.72,0.00,,,,2026-08-05 12:36:48,,,"{""refund_reason"": ""customer_request""}",295933782286,,,,,,,,setl_ZYDI2T27UOatPw,2026-08-05 12:36:48,CITIN26080514264934,Razorpay
refund,rfnd_GGfxq828yOgnOw,4924.00,INR,4.00,0.72,4928.72,0.00,,,,2026-08-05 19:49:17,,,"{""refund_reason"": ""duplicate_order""}",506220516012,,,,,,,,setl_ZYDI2T27UOatPw,05/08/2026 19:49:17,CITIN26080514264934,Razorpay
payment,pay_M1prJhWx7KZkkP,647.00,INR,12.94,2.33,0.00,631.73,upi,,,2026-08-04 02:02:46,2026-08-04 02:02:46,[],,,,order_mv4rqcNxGQb6so,rcpt-18730,[],,,,setl_qaC7p1IPBVcTCv,46239.08525462963,CITIN26080590253014,Razorpay
payment,pay_lEdTVvfwfmPOAS,647.00,INR,12.94,2.33,0.00,631.73,upi,,,2026-08-04 09:15:15,04/08/2026 09:15:15,[],,,,order_mv4rqcNxGQb6so,rcpt-18730,[],,,,setl_qaC7p1IPBVcTCv,05/08/2026 09:15:15,CITIN26080590253014,Razorpay
refund,rfnd_m99my14jlOBroM,647.00,INR,4.00,0.72,651.72,0.00,,,,2026-08-05 16:28:44,,,"{""refund_reason"": ""duplicate_order""}",322913618163,,,,,,,,setl_qaC7p1IPBVcTCv,05/08/2026 16:28:44,CITIN26080590253014,Razorpay
payment,pay_1KjmmVIhuUV6w8,10599.50,INR,185.49,33.39,0.00,10380.62,netbanking,,HDFC,46239.98695601852,05/08/2026 23:41:13,[],,,,order_k4rL2Bt3pcdsaq,rcpt-47701,[],,,,setl_gVBOkWB2r6g54J,2026-08-07 23:41:13,CITIN26080773123077,Razorpay
payment,pay_S70dMYcQPF18YO,3694.50,INR,92.36,16.62,0.00,3585.52,card,credit,ICICI,05/08/2026 06:54:42,2026-08-05 06:54:42,[],,,,order_zTq0MLOxj1wCnA,rcpt-84595,[],,,,setl_gVBOkWB2r6g54J,07/08/2026 06:54:42,CITIN26080773123077,Razorpay
payment,pay_nvVC9qMj9NvQLv,17130.50,INR,342.61,61.67,0.00,16726.22,upi,,,46239.54665509259,2026-08-05 13:07:11,[],,,,order_vEVEcCif3DJ2nB,rcpt-51023,[],,,,setl_gVBOkWB2r6g54J,2026-08-07 13:07:11,CITIN26080773123077,Razorpay
payment,pay_fX0oZyRLTkfYRU,2458.50,INR,49.17,8.85,0.00,2400.48,upi,,,2026-08-05 20:20:40,2026-08-05 20:20:40,[],,,,order_fCw8yQGm2VI00E,rcpt-18705,[],,,,setl_gVBOkWB2r6g54J,2026-08-07 20:20:40,CITIN26080773123077,Razorpay
payment,pay_3OhR6iT9T34UBp,14315.00,INR,286.30,51.53,0.00,13977.17,upi,,,2026-08-05 03:33:09,05/08/2026 03:33:09,[],,,,order_wPYAlHl8dTgyUy,rcpt-82150,[],,,,setl_gVBOkWB2r6g54J,2026-08-07 03:33:09,CITIN26080773123077,Razorpay
payment,pay_GlLByss4F1CDpU,1568.00,INR,31.36,5.64,0.00,1531.00,card,credit,ICICI,2026-08-05 10:46:38,46239.44905092593,[],,,,order_M4jKpxtvPntn6F,rcpt-15096,[],,,,setl_gVBOkWB2r6g54J,2026-08-07 10:46:38,CITIN26080773123077,Razorpay
payment,pay_q95e6fXswmkQ8n,24301.00,INR,486.02,87.48,0.00,23727.50,upi,,,2026-08-05 17:59:07,2026-08-05 17:59:07,[],,,,order_usfLMIg9NjlWfS,rcpt-50984,[],,,,setl_gVBOkWB2r6g54J,2026-08-07 17:59:07,CITIN26080773123077,Razorpay
payment,pay_U3ZJQ5e6U8cSOW,960.00,INR,19.20,3.46,0.00,937.34,upi,,,2026-08-05 00:12:36,2026-08-05 00:12:36,[],,,,order_RYuWfwhOgAzCjM,rcpt-99885,[],,,,setl_gVBOkWB2r6g54J,46241.00875,CITIN26080773123077,Razorpay
payment,pay_qCoZNLP5oegHyW,9959.50,INR,199.19,35.85,0.00,9724.46,upi,,,2026-08-05 07:25:05,2026-08-05 07:25:05,[],,,,order_PIFi8C3v9ac0Cw,rcpt-57236,[],,,,setl_gVBOkWB2r6g54J,46241.30908564815,CITIN26080773123077,Razorpay
payment,pay_nRTLOrW1OdsAZR,4325.00,INR,86.50,15.57,0.00,4222.93,card,credit,AXIS,2026-08-05 14:38:34,05/08/2026 14:38:34,[],,,,order_ZqOpvYsIeoK0Kf,rcpt-39564,[],,,,setl_gVBOkWB2r6g54J,2026-08-07 14:38:34,CITIN26080773123077,Razorpay
payment,pay_233LlTqeYB4wFr,13934.50,INR,278.69,50.16,0.00,13605.65,card,credit,,2026-08-05 21:51:03,2026-08-05 21:51:03,[],,,,order_Z04XSEtkLmPJWh,rcpt-16035,[],,,,setl_gVBOkWB2r6g54J,2026-08-07 21:51:03,CITIN26080773123077,Razorpay
payment,pay_HCsbCeyeOD2HIz,2278.50,INR,45.57,8.20,0.00,2224.73,upi,,,46239.16981481481,2026-08-05 04:04:32,[],,,,order_UDI9nNGNVz1JY8,rcpt-99933,[],,,,setl_gVBOkWB2r6g54J,46241.16981481481,CITIN26080773123077,Razorpay
payment,pay_mUASLWrOKVAo0X,4877.00,INR,58.52,10.53,0.00,4807.95,card,debit,SBIN,46239.47015046296,2026-08-05 11:17:01,[],,,,order_bKTifHGSmamLxT,rcpt-28270,[],,,,setl_gVBOkWB2r6g54J,2026-08-07 11:17:01,CITIN26080773123077,Razorpay
payment,pay_w9X6UzOh8BP2kl,1027.00,INR,20.54,3.70,0.00,1002.76,upi,,,2026-08-05 18:30:30,2026-08-05 18:30:30,[],,,,order_gwWvFu6agCGaBs,rcpt-99379,[],,,,setl_gVBOkWB2r6g54J,2026-08-07 18:30:30,CITIN26080773123077,Razorpay
payment,pay_9ZPPDIRa7GWTuN,981.00,INR,19.62,3.53,0.00,957.85,card,credit,HDFC,05/08/2026 01:43:59,2026-08-05 01:43:59,[],,,,order_GhB74OYASYssNM,rcpt-71104,[],,,,setl_gVBOkWB2r6g54J,2026-08-07 01:43:59,CITIN26080773123077,Razorpay
payment,pay_RrzdYxGUZ7uvmJ,4053.50,INR,48.64,8.76,0.00,3996.10,card,debit,HDFC,2026-05-08 08:56:28,05/08/2026 08:56:28,[],,,,order_NezymtacVxAB3C,rcpt-61286,[],,,,setl_gVBOkWB2r6g54J,2026-08-07 08:56:28,CITIN26080773123077,Razorpay
payment,pay_W1r2yYEQfvsRtN,4326.00,INR,86.52,15.57,0.00,4223.91,wallet,,,2026-08-05 15:09:57,2026-08-05 15:09:57,[],,,,order_3mHeE3LftcDaGj,rcpt-96576,[],,,,setl_gVBOkWB2r6g54J,46241.63190972222,CITIN26080773123077,Razorpay
payment,pay_3ZPZb9NUKMhuqr,2994.00,INR,74.85,13.47,0.00,2905.68,card,credit,HDFC,2026-08-05 22:22:26,2026-08-05 22:22:26,[],,,,order_XCQEqZWlhaIXCT,rcpt-78624,[],,,,setl_gVBOkWB2r6g54J,46241.93224537037,CITIN26080773123077,Razorpay
payment,pay_JkSsWdwKP5Ynrh,575.00,INR,11.50,2.07,0.00,561.43,upi,,,05/08/2026 05:35:55,05/08/2026 05:35:55,[],,,,order_N3GhsMBYw6Mh4t,rcpt-19539,[],,,,setl_gVBOkWB2r6g54J,46241.23327546296,CITIN26080773123077,Razorpay
payment,pay_LkwQPovDHtbvvT,885.00,INR,17.70,3.19,0.00,864.11,card,credit,AXIS,2026-08-05 12:48:24,2026-08-05 12:48:24,[],,,,order_fVEJAdtWhemHry,rcpt-54650,[],,,,setl_gVBOkWB2r6g54J,2026-07-08 12:48:24,CITIN26080773123077,Razorpay
payment,pay_LIjHQN6hbSxAyX,19633.00,INR,392.66,70.68,0.00,19169.66,upi,,,2026-08-05 19:01:53,2026-08-05 19:01:53,[],,,,order_HDV4XQQlhD4AXi,rcpt-71497,[],,,,setl_gVBOkWB2r6g54J,07/08/2026 19:01:53,CITIN26080773123077,Razorpay
payment,pay_ZcEtrtZr31rqBN,641.50,INR,12.83,2.31,0.00,626.36,upi,,,05/08/2026 02:14:22,2026-08-05 02:14:22,[],,,,order_xE2CcjcYyFlngG,rcpt-19411,[],,,,setl_gVBOkWB2r6g54J,07/08/2026 02:14:22,CITIN26080773123077,Razorpay
payment,pay_5Nxj4BVGDFhlzC,771.50,INR,15.43,2.78,0.00,753.29,upi,,,05/08/2026 09:27:51,2026-08-05 09:27:51,[],,,,order_xvNpPB7KFlv0Be,rcpt-28001,[],,,,setl_gVBOkWB2r6g54J,2026-08-07 09:27:51,CITIN26080773123077,Razorpay
payment,pay_zzmkszjjyatY0i,1669.50,INR,33.39,6.01,0.00,1630.10,upi,,,05/08/2026 16:40:20,2026-08-05 16:40:20,[],,,,order_bSa6iGNQITLhVR,rcpt-45883,[],,,,setl_gVBOkWB2r6g54J,46241.69467592592,CITIN26080773123077,Razorpay
payment,pay_uNvlgHZs1vACve,3249.50,INR,64.99,11.70,0.00,3172.81,wallet,,,46239.99570601852,05/08/2026 23:53:49,[],,,,order_ha3yIkgfOXUpBR,rcpt-86111,[],,,,setl_gVBOkWB2r6g54J,2026-08-07 23:53:49,CITIN26080773123077,Razorpay
payment,pay_J44hHNu3ZfkK2H,2174.00,INR,43.48,7.83,0.00,2122.69,upi,,,2026-08-05 06:06:18,05/08/2026 06:06:18,[],,,,order_NTNNeGZyQsAVNX,rcpt-22780,[],,,,setl_gVBOkWB2r6g54J,46241.254375,CITIN26080773123077,Razorpay
payment,pay_GOsIW831pOTxH2,2635.00,INR,52.70,9.49,0.00,2572.81,upi,,,2026-08-05 13:19:47,46239.55540509259,[],,,,order_AErdg4KIlnmePm,rcpt-97131,[],,,,setl_gVBOkWB2r6g54J,2026-08-07 13:19:47,CITIN26080773123077,Razorpay
payment,pay_FIbcS4FiecDHJk,468.00,INR,5.62,1.01,0.00,461.37,card,debit,HDFC,2026-08-05 20:32:16,2026-08-05 20:32:16,[],,,,order_NRaCMvtokKAsfz,rcpt-98231,[],,,,setl_gVBOkWB2r6g54J,2026-08-07 20:32:16,CITIN26080773123077,Razorpay
payment,pay_s1qIrQQ4dutwdl,747.00,INR,14.94,2.69,0.00,729.37,card,credit,ICICI,05/08/2026 03:45:45,2026-08-05 03:45:45,[],,,,order_NWoCj9blJ6MYYN,rcpt-35612,[],,,,setl_gVBOkWB2r6g54J,07/08/2026 03:45:45,CITIN26080773123077,Razorpay
refund,rfnd_X3NI96bS6WXD80,3072.50,INR,4.00,0.72,3077.22,0.00,,,,2026-08-07 10:58:14,,,"{""refund_reason"": ""duplicate_order""}",759778186075,,,,,,,,setl_gVBOkWB2r6g54J,2026-08-07 10:58:14,CITIN26080773123077,Razorpay
payment,pay_jSO9MXtgf0Atjp,227.00,INR,5.68,1.02,0.00,220.30,card,credit,,46240.716469907406,2026-08-06 17:11:43,[],,,,order_7Z0KzqLE2BA2Oa,rcpt-61749,[],,,,setl_PBwJ9bXNhx0zI3,46244.716469907406,CITIN26081083893726,Razorpay
payment,pay_GKXShood9QMbGr,907.50,INR,18.15,3.27,0.00,886.08,wallet,,,2026-08-06 00:24:12,2026-08-06 00:24:12,[],,,,order_vzVZD7WjFWPLxM,rcpt-17245,[],,,,setl_PBwJ9bXNhx0zI3,2026-08-10 00:24:12,CITIN26081083893726,Razorpay
payment,pay_mGGmhlx65pSrPx,10836.00,INR,216.72,39.01,0.00,10580.27,upi,,,2026-08-06 07:37:41,06/08/2026 07:37:41,[],,,,order_lyzyJ5vYJyE0dX,rcpt-92691,[],,,,setl_PBwJ9bXNhx0zI3,10/08/2026 07:37:41,CITIN26081083893726,Razorpay
payment,pay_VqlOH5DMoCax9W,3742.00,INR,74.84,13.47,0.00,3653.69,upi,,,46240.61817129629,46240.61817129629,[],,,,order_bcMdfhyIGXfaFK,rcpt-40878,[],,,,setl_PBwJ9bXNhx0zI3,10/08/2026 14:50:10,CITIN26081083893726,Razorpay
payment,pay_n3LjWGKmlp0jJa,321.00,INR,6.42,1.16,0.00,313.42,upi,,,2026-08-06 21:03:39,2026-08-06 21:03:39,[],,,,order_sVGbILoFq1DiIs,rcpt-37605,[],,,,setl_PBwJ9bXNhx0zI3,2026-08-10 21:03:39,CITIN26081083893726,Razorpay
payment,pay_VyDlyFxu5UsG1O,285.00,INR,3.42,0.62,0.00,280.96,card,debit,KKBK,2026-08-06 04:16:08,2026-08-06 04:16:08,[],,,,order_wJupjjr7lHunqu,rcpt-33153,[],,,,setl_PBwJ9bXNhx0zI3,2026-08-10 04:16:08,CITIN26081083893726,Razorpay
payment,pay_fGjthtZlMSQ8iN,940.00,INR,18.80,3.38,0.00,917.82,card,credit,SBIN,46240.478900462964,2026-08-06 11:29:37,[],,,,order_gottn0Ri9ypzPc,rcpt-64422,[],,,,setl_PBwJ9bXNhx0zI3,2026-08-10 11:29:37,CITIN26081083893726,Razorpay
payment,pay_kwiawsYDAaNBMM,8227.50,INR,164.55,29.62,0.00,8033.33,upi,,,2026-08-06 18:42:06,2026-08-06 18:42:06,[],,,,order_gTSfYljxj4TW0U,rcpt-31499,[],,,,setl_PBwJ9bXNhx0zI3,2026-08-10 18:42:06,CITIN26081083893726,Razorpay
payment,pay_boZhsj4NUllqra,18419.00,INR,368.38,66.31,0.00,17984.31,upi,,,06/08/2026 01:55:35,2026-08-06 01:55:35,[],,,,order_LkprxWKyeFdEsT,rcpt-79540,[],,,,setl_PBwJ9bXNhx0zI3,46244.0802662037,CITIN26081083893726,Razorpay
payment,pay_NXQItl75DqURIT,4122.50,INR,82.45,14.84,0.00,4025.21,card,credit,SBIN,2026-08-06 08:08:04,06/08/2026 08:08:04,[],,,,order_uvmnKzbFyw8lyo,rcpt-44868,[],,,,setl_PBwJ9bXNhx0zI3,10/08/2026 08:08:04,CITIN26081083893726,Razorpay
payment,pay_z0eS17EMY9qiXg,721.50,INR,14.43,2.60,0.00,704.47,upi,,,2026-08-06 15:21:33,06/08/2026 15:21:33,[],,,,order_6wpqnbORmEaqoj,rcpt-74634,[],,,,setl_PBwJ9bXNhx0zI3,2026-08-10 15:21:33,CITIN26081083893726,Razorpay
payment,pay_z1LLHLSEx8O933,2467.00,INR,49.34,8.88,0.00,2408.78,upi,,,46240.940300925926,2026-08-06 22:34:02,[],,,,order_oGo41DioJd84A8,rcpt-59970,[],,,,setl_PBwJ9bXNhx0zI3,10/08/2026 22:34:02,CITIN26081083893726,Razorpay
payment,pay_X0DV0BqIt2nre7,7457.50,INR,149.15,26.85,0.00,7281.50,upi,,,46240.24133101852,2026-08-06 05:47:31,[],,,,order_aIlUpYK6JD2TPM,rcpt-25619,[],,,,setl_PBwJ9bXNhx0zI3,2026-08-10 05:47:31,CITIN26081083893726,Razorpay
payment,pay_PaSkwCgZodXLmm,5747.50,INR,114.95,20.69,0.00,5611.86,card,credit,HDFC,2026-08-06 12:00:00,06/08/2026 12:00:00,[],,,,order_j6MV7EY3eBDCmv,rcpt-41566,[],,,,setl_PBwJ9bXNhx0zI3,2026-08-10 12:00:00,CITIN26081083893726,Razorpay
payment,pay_BAFOGjEfe1bVpw,297.00,INR,3.56,0.64,0.00,292.80,card,debit,HDFC,46240.801030092596,06/08/2026 19:13:29,[],,,,order_4XfCYUefGB4qQL,rcpt-34969,[],,,,setl_PBwJ9bXNhx0zI3,2026-08-10 19:13:29,CITIN26081083893726,Razorpay
payment,pay_zXpdEmhLyNSxP8,532.50,INR,6.39,1.15,0.00,524.96,card,debit,,2026-08-06 02:26:58,06/08/2026 02:26:58,[],,,,order_UH2SlKxUPbsF5Q,rcpt-80086,[],,,,setl_PBwJ9bXNhx0zI3,10/08/2026 02:26:58,CITIN26081083893726,Razorpay
payment,pay_NjW545Q1C8hLLj,23467.50,INR,469.35,84.48,0.00,22913.67,card,credit,KKBK,2026-08-06 09:39:27,2026-08-06 09:39:27,[],,,,order_ctGlWZSEPlosSB,rcpt-58754,[],,,,setl_PBwJ9bXNhx0zI3,10/08/2026 09:39:27,CITIN26081083893726,Razorpay
payment,pay_Z8A4HXBlLWwdCg,435.00,INR,5.22,0.94,0.00,428.84,card,debit,HDFC,06/08/2026 16:52:56,2026-08-06 16:52:56,[],,,,order_ZrJssCk4eWl6Zj,rcpt-48471,[],,,,setl_PBwJ9bXNhx0zI3,2026-08-10 16:52:56,CITIN26081083893726,Razorpay
payment,pay_5OKfyV2RC9qXnx,2730.50,INR,54.61,9.83,0.00,2666.06,upi,,,2026-08-06 23:05:25,2026-06-08 23:05:25,[],,,,order_8dsqS0dzNgQSSu,rcpt-37123,[],,,,setl_PBwJ9bXNhx0zI3,10/08/2026 23:05:25,CITIN26081083893726,Razorpay
payment,pay_mh6kXwDpkQsaZg,988.50,INR,19.77,3.56,0.00,965.17,upi,,,2026-08-06 06:18:54,2026-08-06 06:18:54,[],,,,order_6RxXrHoKNrUb1a,rcpt-86308,[],,,,setl_PBwJ9bXNhx0zI3,10/08/2026 06:18:54,CITIN26081083893726,Razorpay
payment,pay_7xksXakr8y3oHn,238.00,INR,2.86,0.51,0.00,234.63,card,debit,KKBK,46240.56346064815,2026-08-06 13:31:23,[],,,,order_a2KPhRV4QqxhBK,rcpt-64534,[],,,,setl_PBwJ9bXNhx0zI3,2026-08-10 13:31:23,CITIN26081083893726,Razorpay
payment,pay_IfibnGUXiXeDTY,887.50,INR,17.75,3.20,0.00,866.55,upi,,,2026-08-06 20:44:52,2026-08-06 20:44:52,[],,,,order_rgAwTUnk9LDxan,rcpt-71813,[],,,,setl_PBwJ9bXNhx0zI3,2026-08-10 20:44:52,CITIN26081083893726,Razorpay
payment,pay_gClIX9REE3YHhj,204.50,INR,2.45,0.44,0.00,201.61,card,debit,ICICI,06/08/2026 03:57:21,06/08/2026 03:57:21,[],,,,order_XbH6xtcj6xg5Fr,rcpt-26104,[],,,,setl_PBwJ9bXNhx0zI3,10/08/2026 03:57:21,CITIN26081083893726,Razorpay
payment,pay_3sH6UFo8U0OxP7,6438.00,INR,128.76,23.18,0.00,6286.06,upi,,,2026-08-06 10:10:50,2026-08-06 10:10:50,[],,,,order_6Z088SlbBiaCem,rcpt-37066,[],,,,setl_PBwJ9bXNhx0zI3,2026-08-10 10:10:50,CITIN26081083893726,Razorpay
payment,pay_YIZjP4FkKs9OHy,5409.50,INR,64.91,11.68,0.00,5332.91,card,debit,ICICI,06/08/2026 17:23:19,2026-08-06 17:23:19,[],,,,order_FraOKrjCJvydiH,rcpt-12997,[],,,,setl_PBwJ9bXNhx0zI3,10/08/2026 17:23:19,CITIN26081083893726,Razorpay
payment,pay_yvmlxI15edLLod,12759.00,INR,255.18,45.93,0.00,12457.89,upi,,,06/08/2026 00:36:48,2026-08-06 00:36:48,[],,,,order_cjauST1ujuhOwX,rcpt-55265,[],,,,setl_PBwJ9bXNhx0zI3,2026-08-10 00:36:48,CITIN26081083893726,Razorpay
payment,pay_BPaoBx6w5RTgm6,1680.00,INR,33.60,6.05,0.00,1640.35,upi,,,2026-08-06 07:49:17,06/08/2026 07:49:17,[],,,,order_AMNsURDAqMFVuZ,rcpt-85653,[],,,,setl_PBwJ9bXNhx0zI3,2026-08-10 07:49:17,CITIN26081083893726,Razorpay
payment,pay_hLemUkuLtb2WH0,4359.00,INR,87.18,15.69,0.00,4256.13,upi,,,2026-08-06 14:02:46,2026-08-06 14:02:46,[],,,,order_76BQtrAjiyBIgU,rcpt-62230,[],,,,setl_PBwJ9bXNhx0zI3,10/08/2026 14:02:46,CITIN26081083893726,Razorpay
payment,pay_cWpdaeORv77O4k,352.00,INR,7.04,1.27,0.00,343.69,upi,,,2026-08-06 21:15:15,06/08/2026 21:15:15,[],,,,order_yUv0xjP10vOLbN,rcpt-16205,[],,,,setl_PBwJ9bXNhx0zI3,10/08/2026 21:15:15,CITIN26081083893726,Razorpay
payment,pay_9MORYndTbRYmy0,2698.50,INR,53.97,9.71,0.00,2634.82,upi,,,2026-08-06 04:28:44,2026-08-06 04:28:44,[],,,,order_tDGE85NP28aoXW,rcpt-81769,[],,,,setl_PBwJ9bXNhx0zI3,2026-08-10 04:28:44,CITIN26081083893726,Razorpay
payment,pay_t1N14Z14tDQcT9,910.50,INR,10.93,1.97,0.00,897.60,card,debit,ICICI,06/08/2026 11:41:13,06/08/2026 11:41:13,[],,,,order_4wWkJKdM7Hx9k8,rcpt-97833,[],,,,setl_PBwJ9bXNhx0zI3,10/08/2026 11:41:13,CITIN26081083893726,Razorpay
payment,pay_sC85WoWe0fO5Rv,3701.00,INR,74.02,13.32,0.00,3613.66,card,credit,KKBK,2026-08-06 18:54:42,46240.787986111114,[],,,,order_hGyIVvDQjUiivt,rcpt-34579,[],,,,setl_PBwJ9bXNhx0zI3,46244.787986111114,CITIN26081083893726,Razorpay
payment,pay_VwWaRZ6pbWZRbB,2487.00,INR,49.74,8.95,0.00,2428.31,upi,,,2026-08-06 01:07:11,2026-06-08 01:07:11,[],,,,order_NOdIcdQIctP2uv,rcpt-50107,[],,,,setl_PBwJ9bXNhx0zI3,10/08/2026 01:07:11,CITIN26081083893726,Razorpay
payment,pay_80n33kl188cxh9,896.50,INR,17.93,3.23,0.00,875.34,card,credit,SBIN,2026-08-06 08:20:40,06/08/2026 08:20:40,[],,,,order_lfqCcanuzFVpCq,rcpt-17406,[],,,,setl_PBwJ9bXNhx0zI3,2026-08-10 08:20:40,CITIN26081083893726,Razorpay
payment,pay_yPkEMgmDweduDr,19872.50,INR,397.45,71.54,0.00,19403.51,card,credit,,06/08/2026 15:33:09,2026-08-06 15:33:09,[],,,,order_knGoEn9Vg6li31,rcpt-81423,[],,,,setl_PBwJ9bXNhx0zI3,2026-08-10 15:33:09,CITIN26081083893726,Razorpay
payment,pay_aD0zRoz5YP3NnV,10758.00,INR,215.16,38.73,0.00,10504.11,upi,,,2026-06-08 22:46:38,46240.94905092593,[],,,,order_gmaM3Zp5Iyicck,rcpt-50815,[],,,,setl_PBwJ9bXNhx0zI3,2026-08-10 22:46:38,CITIN26081083893726,Razorpay
payment,pay_cRAx6Kb5U9gvbF,13406.00,INR,160.87,28.96,0.00,13216.17,card,debit,SBIN,46240.249386574076,2026-08-06 05:59:07,[],,,,order_0mLCgjjVPG7wOY,rcpt-59871,[],,,,setl_PBwJ9bXNhx0zI3,2026-08-10 05:59:07,CITIN26081083893726,Razorpay
refund,rfnd_cHAO7Jr1uWx0Xw,4444.00,INR,4.00,0.72,4448.72,0.00,,,,2026-08-08 12:12:36,,,"{""refund_reason"": ""duplicate_order""}",178831247134,,,,,,,,setl_PBwJ9bXNhx0zI3,46244.50875,CITIN26081083893726,Razorpay
refund,rfnd_Is4asvyJ20KXFh,17829.00,INR,4.00,0.72,17833.72,0.00,,,,2026-08-08 19:25:05,,,"{""refund_reason"": ""duplicate_order""}",865918397069,,,,,,,,setl_PBwJ9bXNhx0zI3,2026-08-10 19:25:05,CITIN26081083893726,Razorpay
refund,rfnd_6xyLrKdbpPNczI,747.00,INR,4.00,0.72,751.72,0.00,,,,2026-08-10 02:38:34,,,"{""refund_reason"": ""item_out_of_stock""}",454983562327,,,,,,,,setl_PBwJ9bXNhx0zI3,10/08/2026 02:38:34,CITIN26081083893726,Razorpay
dispute,disp_63g12zx0Xrcy9X,407.50,INR,0.00,0.00,407.50,0.00,card,,,2026-08-09 09:51:03,,,,,,,,,disp_63g12zx0Xrcy9X,2026-08-09 09:51:03,fraud,setl_PBwJ9bXNhx0zI3,10/08/2026 09:51:03,CITIN26081083893726,Razorpay
payment,pay_P3YpHWDoyo20En,1319.50,INR,26.39,4.75,0.00,1288.36,card,credit,KKBK,2026-08-07 16:04:32,2026-08-07 16:04:32,[],,,,order_Wkww5Y1vKuWwVE,rcpt-82832,[],,,,setl_brAOFZubvE8FBi,2026-08-11 16:04:32,CITIN26081173874382,Razorpay
payment,pay_ecTy2kMAALNGYy,1110.00,INR,22.20,4.00,0.00,1083.80,card,credit,AXIS,07/08/2026 23:17:01,46241.97015046296,[],,,,order_LxWXvy8YvYPBGI,rcpt-97144,[],,,,setl_brAOFZubvE8FBi,2026-08-11 23:17:01,CITIN26081173874382,Razorpay
payment,pay_tzCeL14khFYFsc,384.50,INR,7.69,1.38,0.00,375.43,upi,,,07/08/2026 06:30:30,2026-08-07 06:30:30,[],,,,order_kYPGlSmapnPELw,rcpt-53802,[],,,,setl_brAOFZubvE8FBi,46245.27118055556,CITIN26081173874382,Razorpay
payment,pay_p0rp6mjPCeKxKx,2274.00,INR,45.48,8.19,0.00,2220.33,upi,,,2026-08-07 13:43:59,07/08/2026 13:43:59,[],,,,order_mfsMPOdz9zqnXD,rcpt-64980,[],,,,setl_brAOFZubvE8FBi,2026-08-11 13:43:59,CITIN26081173874382,Razorpay
payment,pay_08FHUiMXzqYRef,439.50,INR,8.79,1.58,0.00,429.13,upi,,,46241.8725462963,2026-08-07 20:56:28,[],,,,order_6xyqpQuTqx7CaS,rcpt-59428,[],,,,setl_brAOFZubvE8FBi,2026-08-11 20:56:28,CITIN26081173874382,Razorpay
payment,pay_6mU677BOidB924,916.00,INR,18.32,3.30,0.00,894.38,upi,,,07/08/2026 03:09:57,2026-08-07 03:09:57,[],,,,order_snfrZFyfoKgsVN,rcpt-47442,[],,,,setl_brAOFZubvE8FBi,2026-08-11 03:09:57,CITIN26081173874382,Razorpay
payment,pay_Nb6wq7OtZaH4e4,795.00,INR,15.90,2.86,0.00,776.24,upi,,,2026-08-07 10:22:26,46241.43224537037,[],,,,order_Ciw9EzqmLqr94p,rcpt-83040,[],,,,setl_brAOFZubvE8FBi,11/08/2026 10:22:26,CITIN26081173874382,Razorpay
payment,pay_uAf7q04ar4mQtm,518.00,INR,10.36,1.86,0.00,505.78,card,credit,HDFC,2026-08-07 17:35:55,07/08/2026 17:35:55,[],,,,order_t1e9b51vBFDQmE,rcpt-61997,[],,,,setl_brAOFZubvE8FBi,46245.73327546296,CITIN26081173874382,Razorpay
payment,pay_81rQIPR1jNisMW,13889.00,INR,277.78,50.00,0.00,13561.22,upi,,,2026-08-07 00:48:24,07/08/2026 00:48:24,[],,,,order_ipWzD5hjKJRCKO,rcpt-24245,[],,,,setl_brAOFZubvE8FBi,2026-08-11 00:48:24,CITIN26081173874382,Razorpay
payment,pay_2SM83P6VqR9pI2,1001.00,INR,20.02,3.60,0.00,977.38,upi,,,2026-08-07 07:01:53,2026-08-07 07:01:53,[],,,,order_clqTtDnlkxvRCS,rcpt-46035,[],,,,setl_brAOFZubvE8FBi,2026-08-11 07:01:53,CITIN26081173874382,Razorpay
payment,pay_Nu07HhUug3ICXg,6417.50,INR,128.35,23.10,0.00,6266.05,upi,,,07/08/2026 14:14:22,46241.593310185184,[],,,,order_uiO6kfH7iGQ8o1,rcpt-89217,[],,,,setl_brAOFZubvE8FBi,11/08/2026 14:14:22,CITIN26081173874382,Razorpay
payment,pay_KHnFLtZjHZpdN6,4965.50,INR,86.90,15.64,0.00,4862.96,netbanking,,KKBK,07/08/2026 21:27:51,2026-08-07 21:27:51,[],,,,order_7ahNlZoGZG3TeB,rcpt-31138,[],,,,setl_brAOFZubvE8FBi,2026-08-11 21:27:51,CITIN26081173874382,Razorpay
payment,pay_bTMt2X1ndFabal,20597.00,INR,411.94,74.15,0.00,20110.91,upi,,,46241.19467592592,07/08/2026 04:40:20,[],,,,order_p923NSqsRfXWh6,rcpt-71329,[],,,,setl_brAOFZubvE8FBi,2026-08-11 04:40:20,CITIN26081173874382,Razorpay
payment,pay_dW9oEcrsHOgCBN,20679.50,INR,413.59,74.45,0.00,20191.46,card,credit,AXIS,2026-07-08 11:53:49,2026-08-07 11:53:49,[],,,,order_rosr7rDbFAiJr6,rcpt-53806,[],,,,setl_brAOFZubvE8FBi,2026-08-11 11:53:49,CITIN26081173874382,Razorpay
payment,pay_WmkBU9cEDlTNKG,1757.50,INR,30.76,5.54,0.00,1721.20,netbanking,,,2026-08-07 18:06:18,46241.754375,[],,,,order_G33Tw8nIGUZYGb,rcpt-33644,[],,,,setl_brAOFZubvE8FBi,2026-08-11 18:06:18,CITIN26081173874382,Razorpay
payment,pay_wkBGoOALoYdWOm,21380.50,INR,427.61,76.97,0.00,20875.92,upi,,,2026-08-07 01:19:47,2026-08-07 01:19:47,[],,,,order_jR5xd7bhcV7Vvy,rcpt-57283,[],,,,setl_brAOFZubvE8FBi,2026-08-11 01:19:47,CITIN26081173874382,Razorpay
payment,pay_dojBZ8UylUPtZv,622.50,INR,12.45,2.24,0.00,607.81,card,credit,SBIN,2026-08-07 08:32:16,07/08/2026 08:32:16,[],,,,order_pfhi4Q8Xlcgc8L,rcpt-21941,[],,,,setl_brAOFZubvE8FBi,11/08/2026 08:32:16,CITIN26081173874382,Razorpay
payment,pay_2CQy7EHUWrxXMs,654.00,INR,7.85,1.41,0.00,644.74,card,debit,AXIS,07/08/2026 15:45:45,46241.65677083333,[],,,,order_6kqbbJzSeydIz7,rcpt-24827,[],,,,setl_brAOFZubvE8FBi,11/08/2026 15:45:45,CITIN26081173874382,Razorpay
payment,pay_fIGOvhGOxQXkpY,4460.50,INR,89.21,16.06,0.00,4355.23,upi,,,07/08/2026 22:58:14,07/08/2026 22:58:14,[],,,,order_nkviWTEW2qMagJ,rcpt-96440,[],,,,setl_brAOFZubvE8FBi,2026-11-08 22:58:14,CITIN26081173874382,Razorpay
payment,pay_sxKWCggzHqHcj2,349.00,INR,6.98,1.26,0.00,340.76,upi,,,2026-07-08 05:11:43,46241.216469907406,[],,,,order_n96dJyBKsoClTO,rcpt-20427,[],,,,setl_brAOFZubvE8FBi,11/08/2026 05:11:43,CITIN26081173874382,Razorpay
payment,pay_2IajmS8L9MA9tH,569.00,INR,9.96,1.79,0.00,557.25,netbanking,,KKBK,2026-08-07 12:24:12,2026-08-07 12:24:12,[],,,,order_OLs5l1yG2Rk0p1,rcpt-32535,[],,,,setl_brAOFZubvE8FBi,2026-08-11 12:24:12,CITIN26081173874382,Razorpay
payment,pay_tKXgBzE5vVn7ZC,12896.50,INR,257.93,46.43,0.00,12592.14,card,credit,HDFC,46241.81783564815,2026-08-07 19:37:41,[],,,,order_SqNtg6htgGaVf2,rcpt-63570,[],,,,setl_brAOFZubvE8FBi,46245.81783564815,CITIN26081173874382,Razorpay
payment,pay_3fBgMi4YWH0N91,349.00,INR,6.98,1.26,0.00,340.76,upi,,,2026-08-07 02:50:10,46241.11817129629,[],,,,order_n96dJyBKsoClTO,rcpt-20427,[],,,,setl_brAOFZubvE8FBi,11/08/2026 02:50:10,CITIN26081173874382,Razorpay
refund,rfnd_tmC9vAIEzRMmXu,349.00,INR,4.00,0.72,353.72,0.00,,,,2026-11-08 09:03:39,,,"{""refund_reason"": ""duplicate_order""}",710556398430,,,,,,,,setl_brAOFZubvE8FBi,2026-08-11 09:03:39,CITIN26081173874382,Razorpay
payment,pay_oZQpY4iDy2Bs1d,20126.00,INR,352.21,63.40,0.00,19710.39,netbanking,,SBIN,2026-08-08 16:16:08,2026-08-08 16:16:08,[],,,,order_CAgKX1XcFADDzo,rcpt-41374,[],,,,setl_lqpecjkIRi6XHl,10/08/2026 16:16:08,CITIN26081010696197,Razorpay
payment,pay_Hb5zXXYQpW8mq0,4838.50,INR,96.77,17.42,0.00,4724.31,upi,,,46242.978900462964,2026-08-08 23:29:37,[],,,,order_P9jAE7pvqUYK7k,rcpt-69153,[],,,,setl_lqpecjkIRi6XHl,2026-08-10 23:29:37,CITIN26081010696197,Razorpay
payment,pay_Wq9R0nK0esGMmr,892.50,INR,17.85,3.21,0.00,871.44,upi,,,2026-08-08 06:42:06,08/08/2026 06:42:06,[],,,,order_knLSpIaqd2XdZ1,rcpt-26147,[],,,,setl_lqpecjkIRi6XHl,2026-10-08 06:42:06,CITIN26081010696197,Razorpay
payment,pay_iJu2Ph4aSmi9b8,549.00,INR,9.61,1.73,0.00,537.66,netbanking,,,2026-08-08 13:55:35,46242.5802662037,[],,,,order_DFajNmI6y6c6OO,rcpt-92735,[],,,,setl_lqpecjkIRi6XHl,46244.5802662037,CITIN26081010696197,Razorpay
payment,pay_SNa8UkOBrDdfaO,362.50,INR,4.35,0.78,0.00,357.37,card,debit,SBIN,2026-08-08 20:08:04,08/08/2026 20:08:04,[],,,,order_FoRToVXSiGpBdu,rcpt-90190,[],,,,setl_lqpecjkIRi6XHl,2026-08-10 20:08:04,CITIN26081010696197,Razorpay
payment,pay_SVVZOOQgoyInWL,8701.00,INR,174.02,31.32,0.00,8495.66,upi,,,2026-08-08 03:21:33,2026-08-08 03:21:33,[],,,,order_naBInUHYBP4eaj,rcpt-19449,[],,,,setl_lqpecjkIRi6XHl,46244.139965277776,CITIN26081010696197,Razorpay
payment,pay_8MatkmVF6WZdzI,8482.00,INR,148.44,26.72,0.00,8306.84,netbanking,,,08/08/2026 10:34:02,46242.440300925926,[],,,,order_VtlkBcyeQyf0Qw,rcpt-83142,[],,,,setl_lqpecjkIRi6XHl,2026-08-10 10:34:02,CITIN26081010696197,Razorpay
payment,pay_RoNApaUCSCXqSu,21094.50,INR,253.13,45.56,0.00,20795.81,card,debit,SBIN,46242.74133101852,2026-08-08 17:47:31,[],,,,order_q01y9jDxD88efz,rcpt-40470,[],,,,setl_lqpecjkIRi6XHl,10/08/2026 17:47:31,CITIN26081010696197,Razorpay
payment,pay_2iwaOGmcN9J7eC,17446.50,INR,348.93,62.81,0.00,17034.76,card,credit,ICICI,2026-08-08 00:00:00,2026-08-08 00:00:00,[],,,,order_HZgNDVBEVVT7pZ,rcpt-31945,[],,,,setl_lqpecjkIRi6XHl,2026-08-10 00:00:00,CITIN26081010696197,Razorpay
payment,pay_fuhotgFSu2cnur,4217.00,INR,84.34,15.18,0.00,4117.48,upi,,,08/08/2026 07:13:29,2026-08-08 07:13:29,[],,,,order_1btcz8nOAMNnIz,rcpt-28852,[],,,,setl_lqpecjkIRi6XHl,2026-08-10 07:13:29,CITIN26081010696197,Razorpay
payment,pay_4LAk1Jmz3zp0iM,2323.50,INR,46.47,8.36,0.00,2268.67,upi,,,08/08/2026 14:26:58,2026-08-08 14:26:58,[],,,,order_aqQJPqVtZ3dDIc,rcpt-66115,[],,,,setl_lqpecjkIRi6XHl,2026-10-08 14:26:58,CITIN26081010696197,Razorpay
payment,pay_lnyXgG7SKcO7Aj,1754.00,INR,35.08,6.31,0.00,1712.61,upi,,,2026-08-08 21:39:27,2026-08-08 21:39:27,[],,,,order_eupdpoirkNFEL8,rcpt-98802,[],,,,setl_lqpecjkIRi6XHl,2026-08-10 21:39:27,CITIN26081010696197,Razorpay
payment,pay_MsCJrJuWppsEH5,2404.50,INR,48.09,8.66,0.00,2347.75,upi,,,2026-08-08 04:52:56,2026-08-08 04:52:56,[],,,,order_nTdZGIxYXueI2x,rcpt-39976,[],,,,setl_lqpecjkIRi6XHl,46244.20342592592,CITIN26081010696197,Razorpay
payment,pay_BG8FSHYbDWxKtq,7368.00,INR,147.36,26.52,0.00,7194.12,card,credit,AXIS,2026-08-08 11:05:25,2026-08-08 11:05:25,[],,,,order_4vBnnqaFseR90t,rcpt-99004,[],,,,setl_lqpecjkIRi6XHl,2026-08-10 11:05:25,CITIN26081010696197,Razorpay
payment,pay_DjTBIFeD2GGpBr,949.50,INR,18.99,3.42,0.00,927.09,upi,,,08/08/2026 18:18:54,2026-08-08 18:18:54,[],,,,order_JorQQWjIOCz5ZX,rcpt-17840,[],,,,setl_lqpecjkIRi6XHl,10/08/2026 18:18:54,CITIN26081010696197,Razorpay
payment,pay_gOzsm0SpQIIRTx,21967.50,INR,439.35,79.08,0.00,21449.07,card,credit,SBIN,2026-08-08 01:31:23,2026-08-08 01:31:23,[],,,,order_3lJJKQJc0WuLwT,rcpt-58677,[],,,,setl_lqpecjkIRi6XHl,10/08/2026 01:31:23,CITIN26081010696197,Razorpay
payment,pay_xQkZ0gGLCnpLaQ,9042.00,INR,180.84,32.55,0.00,8828.61,card,credit,ICICI,46242.36449074074,2026-08-08 08:44:52,[],,,,order_f6Tuj8R0UFUSae,rcpt-70685,[],,,,setl_lqpecjkIRi6XHl,10/08/2026 08:44:52,CITIN26081010696197,Razorpay
payment,pay_oHNxeyeBhkQjxH,1555.50,INR,31.11,5.60,0.00,1518.79,upi,,,08/08/2026 15:57:21,2026-08-08 15:57:21,[],,,,order_X6HWFgcgqH4h4L,rcpt-93186,[],,,,setl_lqpecjkIRi6XHl,46244.664826388886,CITIN26081010696197,Razorpay
payment,pay_F36i93wGWRt23t,2183.00,INR,43.66,7.86,0.00,2131.48,upi,,,2026-08-08 22:10:50,2026-08-08 22:10:50,[],,,,order_M8lcFzhdtjN1Nz,rcpt-37330,[],,,,setl_lqpecjkIRi6XHl,10/08/2026 22:10:50,CITIN26081010696197,Razorpay
payment,pay_hFENPcBtvJjTKn,812.50,INR,16.25,2.93,0.00,793.32,upi,,,08/08/2026 05:23:19,46242.22452546296,[],,,,order_xHt7D5PrHnm8qw,rcpt-93263,[],,,,setl_lqpecjkIRi6XHl,10/08/2026 05:23:19,CITIN26081010696197,Razorpay
payment,pay_2POTFPSWjakWrr,302.00,INR,6.04,1.09,0.00,294.87,upi,,,2026-08-08 12:36:48,2026-08-08 12:36:48,[],,,,order_FhHmExQXSxhCEo,rcpt-79021,[],,,,setl_lqpecjkIRi6XHl,2026-08-10 12:36:48,CITIN26081010696197,Razorpay
payment,pay_l0HzbiJDDQjuHG,20031.00,INR,400.62,72.11,0.00,19558.27,upi,,,2026-08-08 19:49:17,08/08/2026 19:49:17,[],,,,order_jVNnUgbcL5oGMb,rcpt-96239,[],,,,setl_lqpecjkIRi6XHl,10/08/2026 19:49:17,CITIN26081010696197,Razorpay
payment,pay_GMa8tuja5SfwJr,419.00,INR,8.38,1.51,0.00,409.11,upi,,,2026-08-08 02:02:46,2026-08-08 02:02:46,[],,,,order_6UPSJhlvzlGaFm,rcpt-38679,[],,,,setl_lqpecjkIRi6XHl,10/08/2026 02:02:46,CITIN26081010696197,Razorpay
payment,pay_UJ7fVLhmM7tqvX,996.50,INR,24.91,4.48,0.00,967.11,card,credit,HDFC,08/08/2026 09:15:15,08/08/2026 09:15:15,[],,,,order_0z3OkqKT3FAoLI,rcpt-22591,[],,,,setl_lqpecjkIRi6XHl,2026-08-10 09:15:15,CITIN26081010696197,Razorpay
payment,pay_HLiXIoSR1oSPyN,5740.00,INR,100.45,18.08,0.00,5621.47,netbanking,,AXIS,46242.68662037037,08/08/2026 16:28:44,[],,,,order_gbGHTR3QOmt51l,rcpt-75898,[],,,,setl_lqpecjkIRi6XHl,2026-08-10 16:28:44,CITIN26081010696197,Razorpay
payment,pay_HkLFFi7dfKZrEu,18080.00,INR,361.60,65.09,0.00,17653.31,upi,,,2026-08-08 23:41:13,2026-08-08 23:41:13,[],,,,order_aY1Bzqe365XL8R,rcpt-33529,[],,,,setl_lqpecjkIRi6XHl,2026-08-10 23:41:13,CITIN26081010696197,Razorpay
payment,pay_CrcXiW50zB1i1Y,438.50,INR,8.77,1.58,0.00,428.15,upi,,,46242.287986111114,2026-08-08 06:54:42,[],,,,order_1D1kDsYmBDyMwk,rcpt-74831,[],,,,setl_lqpecjkIRi6XHl,2026-10-08 06:54:42,CITIN26081010696197,Razorpay
payment,pay_MYv1rhrrHuUje7,490.50,INR,9.81,1.77,0.00,478.92,upi,,,2026-08-08 13:07:11,2026-08-08 13:07:11,[],,,,order_v4s8J5HAYlFACD,rcpt-42829,[],,,,setl_lqpecjkIRi6XHl,46244.54665509259,CITIN26081010696197,Razorpay
payment,pay_f4OJ7IrnVmk06p,638.50,INR,12.77,2.30,0.00,623.43,wallet,,,08/08/2026 20:20:40,2026-08-08 20:20:40,[],,,,order_91nhafV0Thm4Q1,rcpt-25892,[],,,,setl_lqpecjkIRi6XHl,2026-08-10 20:20:40,CITIN26081010696197,Razorpay
payment,pay_LWsiPHMRdhIWJ7,3523.00,INR,88.08,15.85,0.00,3419.07,card,credit,AXIS,2026-08-08 03:33:09,2026-08-08 03:33:09,[],,,,order_TpiJaKjR3QjRcG,rcpt-16848,[],,,,setl_lqpecjkIRi6XHl,10/08/2026 03:33:09,CITIN26081010696197,Razorpay
payment,pay_VEXC8gHj2ZZ6lY,21967.50,INR,439.35,79.08,0.00,21449.07,card,credit,SBIN,2026-08-08 10:46:38,2026-08-08 10:46:38,[],,,,order_3lJJKQJc0WuLwT,rcpt-58677,[],,,,setl_lqpecjkIRi6XHl,2026-08-10 10:46:38,CITIN26081010696197,Razorpay
refund,rfnd_cYqW8DxQxNMl6M,21967.50,INR,4.00,0.72,21972.22,0.00,,,,2026-08-10 17:59:07,,,"{""refund_reason"": ""duplicate_order""}",147397272009,,,,,,,,setl_lqpecjkIRi6XHl,46244.749386574076,CITIN26081010696197,Razorpay
payment,pay_5UYv46MqM5d1Co,1948.50,INR,38.97,7.01,0.00,1902.52,upi,,,09/08/2026 00:12:36,09/08/2026 00:12:36,[],,,,order_D60I8tUvC5ayOK,rcpt-93447,[],,,,setl_ntLL5DSYK3SNTQ,2026-08-11 00:12:36,CITIN26081150729676,Razorpay
payment,pay_xgry1inDHgTBYR,21020.50,INR,420.41,75.67,0.00,20524.42,card,credit,ICICI,2026-08-09 07:25:05,2026-08-09 07:25:05,[],,,,order_4jKgAbo4nGAJnY,rcpt-66430,[],,,,setl_ntLL5DSYK3SNTQ,2026-08-11 07:25:05,CITIN26081150729676,Razorpay
payment,pay_1ge2qhRY5Le4Rb,732.00,INR,14.64,2.64,0.00,714.72,upi,,,10/08/2026 14:38:34,10/08/2026 14:38:34,[],,,,order_fYfBs0V5hgUfE4,rcpt-73495,[],,,,setl_UY2FIELlArQ3Lc,46245.61011574074,CITIN26081118886419,Razorpay
payment,pay_i7md7dgsvDP3xC,3366.50,INR,67.33,12.12,0.00,3287.05,card,credit,HDFC,2026-08-10 21:51:03,46244.91045138889,[],,,,order_QzJikRkGZCxGH4,rcpt-72550,[],,,,setl_UY2FIELlArQ3Lc,2026-08-11 21:51:03,CITIN26081118886419,Razorpay
payment,pay_e02WOoOG71yhDR,23658.00,INR,414.02,74.52,0.00,23169.46,netbanking,,AXIS,2026-08-10 04:04:32,2026-08-10 04:04:32,[],,,,order_Ck83kwoeRhdYI8,rcpt-77015,[],,,,setl_UY2FIELlArQ3Lc,2026-08-11 04:04:32,CITIN26081118886419,Razorpay
payment,pay_ZgtTTEXx8kPz9Z,6764.50,INR,135.29,24.35,0.00,6604.86,upi,,,46244.47015046296,2026-08-10 11:17:01,[],,,,order_9RKjL6uZs6TsLP,rcpt-97866,[],,,,setl_UY2FIELlArQ3Lc,2026-08-11 11:17:01,CITIN26081118886419,Razorpay
payment,pay_fYl7onhMT5xwIB,3891.50,INR,68.10,12.26,0.00,3811.14,netbanking,,AXIS,2026-08-10 18:30:30,2026-08-10 18:30:30,[],,,,order_AmHokg2akrmAZm,rcpt-61341,[],,,,setl_UY2FIELlArQ3Lc,2026-08-11 18:30:30,CITIN26081118886419,Razorpay
payment,pay_tiV104jqq7Xy5f,6733.50,INR,134.67,24.24,0.00,6574.59,upi,,,2026-08-10 01:43:59,2026-08-10 01:43:59,[],,,,order_yCx4Zk5jZkmRGt,rcpt-67160,[],,,,setl_UY2FIELlArQ3Lc,2026-08-11 01:43:59,CITIN26081118886419,Razorpay
payment,pay_HmXjh0UVfTys31,817.00,INR,16.34,2.94,0.00,797.72,upi,,,2026-08-10 08:56:28,2026-08-10 08:56:28,[],,,,order_F1vU3FXmFfmcnc,rcpt-87695,[],,,,setl_UY2FIELlArQ3Lc,11/08/2026 08:56:28,CITIN26081118886419,Razorpay
payment,pay_yCHWk8ZYi87DQa,8942.50,INR,178.85,32.19,0.00,8731.46,upi,,,2026-08-10 15:09:57,2026-08-10 15:09:57,[],,,,order_8b3IPN9pGnusIv,rcpt-51032,[],,,,setl_UY2FIELlArQ3Lc,2026-08-11 15:09:57,CITIN26081118886419,Razorpay
payment,pay_KEG9TOTo8NTH5x,268.50,INR,6.71,1.21,0.00,260.58,card,credit,AXIS,10/08/2026 22:22:26,10/08/2026 22:22:26,[],,,,order_WFmPL0YRU8mjis,rcpt-30548,[],,,,setl_UY2FIELlArQ3Lc,11/08/2026 22:22:26,CITIN26081118886419,Razorpay
payment,pay_Tibe7Fp9NdbCfo,12782.00,INR,319.55,57.52,0.00,12404.93,card,credit,KKBK,2026-08-10 05:35:55,46244.23327546296,[],,,,order_VDBM2fGsgU1xN2,rcpt-19851,[],,,,setl_UY2FIELlArQ3Lc,2026-08-11 05:35:55,CITIN26081118886419,Razorpay
payment,pay_7ShcwKqoQlNi5A,499.50,INR,9.99,1.80,0.00,487.71,wallet,,,2026-08-10 12:48:24,10/08/2026 12:48:24,[],,,,order_GWV1HzWUP9uVuj,rcpt-14484,[],,,,setl_UY2FIELlArQ3Lc,2026-08-11 12:48:24,CITIN26081118886419,Razorpay
payment,pay_FxvbA5z3ZiHpGT,716.50,INR,14.33,2.58,0.00,699.59,upi,,,2026-08-10 19:01:53,2026-08-10 19:01:53,[],,,,order_t1kWnLJRK6DWBU,rcpt-80133,[],,,,setl_UY2FIELlArQ3Lc,2026-08-11 19:01:53,CITIN26081118886419,Razorpay
payment,pay_XFS7ZdiZ3i6pup,19240.00,INR,384.80,69.26,0.00,18785.94,upi,,,2026-08-10 02:14:22,2026-08-10 02:14:22,[],,,,order_rvNkv0UFIWqYal,rcpt-26594,[],,,,setl_UY2FIELlArQ3Lc,2026-08-11 02:14:22,CITIN26081118886419,Razorpay
payment,pay_qf4xO9FOvfzj9h,417.00,INR,8.34,1.50,0.00,407.16,upi,,,10/08/2026 09:27:51,2026-08-10 09:27:51,[],,,,order_08eZPEbeST2vXn,rcpt-73675,[],,,,setl_UY2FIELlArQ3Lc,2026-08-11 09:27:51,CITIN26081118886419,Razorpay
payment,pay_KHWW9zd9Mvj1ZF,15622.50,INR,312.45,56.24,0.00,15253.81,upi,,,46244.69467592592,46244.69467592592,[],,,,order_BCRE5jAkcZBnTg,rcpt-72939,[],,,,setl_UY2FIELlArQ3Lc,46245.69467592592,CITIN26081118886419,Razorpay
payment,pay_ApAFb345us5ikM,17338.00,INR,208.06,37.45,0.00,17092.49,card,debit,AXIS,46244.99570601852,2026-10-08 23:53:49,[],,,,order_EYnHbf89nAQ1mN,rcpt-56092,[],,,,setl_UY2FIELlArQ3Lc,2026-08-11 23:53:49,CITIN26081118886419,Razorpay
payment,pay_gHb5CUpMi6WpTg,8920.50,INR,178.41,32.11,0.00,8709.98,upi,,,2026-08-10 06:06:18,2026-08-10 06:06:18,[],,,,order_Z6x25wgMhY5i3t,rcpt-23245,[],,,,setl_UY2FIELlArQ3Lc,46245.254375,CITIN26081118886419,Razorpay
payment,pay_nzOj8xE86moVgP,11383.50,INR,227.67,40.98,0.00,11114.85,card,credit,KKBK,2026-10-08 13:19:47,10/08/2026 13:19:47,[],,,,order_zusiaRhpdnFSIw,rcpt-37098,[],,,,setl_UY2FIELlArQ3Lc,46245.55540509259,CITIN26081118886419,Razorpay
payment,pay_1WtB9tVtIVlBRI,802.00,INR,16.04,2.89,0.00,783.07,upi,,,2026-08-10 20:32:16,2026-08-10 20:32:16,[],,,,order_459fSz3NFKR4lK,rcpt-50490,[],,,,setl_UY2FIELlArQ3Lc,11/08/2026 20:32:16,CITIN26081118886419,Razorpay
payment,pay_XIcWV0bqLD30pl,804.00,INR,16.08,2.89,0.00,785.03,card,credit,AXIS,2026-08-10 03:45:45,46244.15677083333,[],,,,order_jnUxmN8Oenc6Hv,rcpt-99175,[],,,,setl_UY2FIELlArQ3Lc,46245.15677083333,CITIN26081118886419,Razorpay
payment,pay_krhv82kAbeeZXY,338.50,INR,6.77,1.22,0.00,330.51,upi,,,2026-08-10 10:58:14,46244.45710648148,[],,,,order_d6IfqzYzd1D9Yh,rcpt-49016,[],,,,setl_UY2FIELlArQ3Lc,2026-08-11 10:58:14,CITIN26081118886419,Razorpay
payment,pay_tPiVXeC1eIGgxl,1635.50,INR,32.71,5.89,0.00,1596.90,upi,,,2026-10-08 17:11:43,46244.716469907406,[],,,,order_xoTPAABL3LNwmJ,rcpt-62358,[],,,,setl_UY2FIELlArQ3Lc,2026-08-11 17:11:43,CITIN26081118886419,Razorpay
payment,pay_plaGgB5nqwxSnx,20759.50,INR,415.19,74.73,0.00,20269.58,upi,,,10/08/2026 00:24:12,2026-10-08 00:24:12,[],,,,order_oTr2yZCse2OLWZ,rcpt-71541,[],,,,setl_UY2FIELlArQ3Lc,11/08/2026 00:24:12,CITIN26081118886419,Razorpay
payment,pay_kwYaZhJivWkZoW,718.50,INR,14.37,2.59,0.00,701.54,upi,,,2026-08-10 07:37:41,2026-08-10 07:37:41,[],,,,order_SKCvotDI5LQtVa,rcpt-37835,[],,,,setl_UY2FIELlArQ3Lc,2026-08-11 07:37:41,CITIN26081118886419,Razorpay
payment,pay_9nUQNEkOkjqsH7,4009.50,INR,80.19,14.43,0.00,3914.88,upi,,,2026-08-10 14:50:10,2026-08-10 14:50:10,[],,,,order_PFd57GJDsFKHyq,rcpt-37806,[],,,,setl_UY2FIELlArQ3Lc,2026-08-11 14:50:10,CITIN26081118886419,Razorpay
payment,pay_DucEjcPTedSUbQ,2014.00,INR,40.28,7.25,0.00,1966.47,upi,,,10/08/2026 21:03:39,46244.877534722225,[],,,,order_Sr7uil0CYDbyQq,rcpt-38419,[],,,,setl_UY2FIELlArQ3Lc,11/08/2026 21:03:39,CITIN26081118886419,Razorpay
payment,pay_bgmqJbyQSfiFjr,2114.00,INR,52.85,9.51,0.00,2051.64,card,credit,AXIS,10/08/2026 04:16:08,46244.17787037037,[],,,,order_2Dw5NDjmi7UlNY,rcpt-23396,[],,,,setl_UY2FIELlArQ3Lc,2026-08-11 04:16:08,CITIN26081118886419,Razorpay
payment,pay_yFxLV1jFKUyQVa,14364.00,INR,287.28,51.71,0.00,14025.01,upi,,,2026-08-10 11:29:37,2026-08-10 11:29:37,[],,,,order_xmyuVwwBkaLit0,rcpt-96962,[],,,,setl_UY2FIELlArQ3Lc,46245.478900462964,CITIN26081118886419,Razorpay
payment,pay_hkD2q1RTtotubw,822.50,INR,16.45,2.96,0.00,803.09,card,credit,,2026-08-10 18:42:06,2026-08-10 18:42:06,[],,,,order_b9keSRCDcVaMTO,rcpt-92738,[],,,,setl_UY2FIELlArQ3Lc,11/08/2026 18:42:06,CITIN26081118886419,Razorpay
payment,pay_vWxMAGs9CWimf3,600.50,INR,12.01,2.16,0.00,586.33,upi,,,2026-08-10 01:55:35,10/08/2026 01:55:35,[],,,,order_BJDbUIpEoMkpbq,rcpt-41503,[],,,,setl_UY2FIELlArQ3Lc,2026-08-11 01:55:35,CITIN26081118886419,Razorpay
payment,pay_Jh22XQT4lpHKbS,1471.50,INR,29.43,5.30,0.00,1436.77,card,credit,ICICI,10/08/2026 08:08:04,46244.33893518519,[],,,,order_fsrW2ufOc5poF4,rcpt-42456,[],,,,setl_UY2FIELlArQ3Lc,11/08/2026 08:08:04,CITIN26081118886419,Razorpay
payment,pay_scdmP8Kudoyo34,3408.00,INR,40.90,7.36,0.00,3359.74,card,debit,AXIS,2026-08-10 15:21:33,46244.639965277776,[],,,,order_5QFfxQSKlkCCFC,rcpt-23357,[],,,,setl_UY2FIELlArQ3Lc,2026-08-11 15:21:33,CITIN26081118886419,Razorpay
payment,pay_7lWkzb2w79dvWV,4739.00,INR,56.87,10.24,0.00,4671.89,card,debit,AXIS,10/08/2026 22:34:02,2026-08-10 22:34:02,[],,,,order_0smSOqfI32qrRZ,rcpt-82763,[],,,,setl_UY2FIELlArQ3Lc,11/08/2026 22:34:02,CITIN26081118886419,Razorpay
payment,pay_qHCCQzmbGLnqlW,2898.50,INR,57.97,10.43,0.00,2830.10,card,credit,ICICI,2026-08-10 05:47:31,2026-08-10 05:47:31,[],,,,order_U5AZdnYRscBO4O,rcpt-34441,[],,,,setl_UY2FIELlArQ3Lc,2026-08-11 05:47:31,CITIN26081118886419,Razorpay
payment,pay_opYYJlvDrLth8V,1763.50,INR,35.27,6.35,0.00,1721.88,upi,,,2026-08-10 12:00:00,2026-08-10 12:00:00,[],,,,order_5DJLPn7W5rIIha,rcpt-16434,[],,,,setl_UY2FIELlArQ3Lc,2026-08-11 12:00:00,CITIN26081118886419,Razorpay
payment,pay_Wy1avL3P0i53Jb,552.50,INR,6.63,1.19,0.00,544.68,card,debit,,10/08/2026 19:13:29,2026-08-10 19:13:29,[],,,,order_RuEEB0HaJqFpiK,rcpt-14481,[],,,,setl_UY2FIELlArQ3Lc,2026-08-11 19:13:29,CITIN26081118886419,Razorpay
payment,pay_N3jiFAjQHU0d3i,17546.00,INR,350.92,63.17,0.00,17131.91,wallet,,,10/08/2026 02:26:58,2026-08-10 02:26:58,[],,,,order_b0c9ZCYon4cMy5,rcpt-74799,[],,,,setl_UY2FIELlArQ3Lc,2026-08-11 02:26:58,CITIN26081118886419,Razorpay
payment,pay_pvf4zFcdGtD9iJ,22627.00,INR,452.54,81.46,0.00,22093.00,upi,,,11/08/2026 09:39:27,2026-08-11 09:39:27,[],,,,order_XUZlD9KcdoQjj3,rcpt-75233,[],,,,setl_6CGdsOk2sZpa5R,2026-08-13 09:39:27,CITIN26081364634197,Razorpay
payment,pay_I8aF1xuRpIq2Hx,707.50,INR,14.15,2.55,0.00,690.80,upi,,,2026-08-11 16:52:56,11/08/2026 16:52:56,[],,,,order_fNSLtT2cezRCsM,rcpt-30968,[],,,,setl_6CGdsOk2sZpa5R,13/08/2026 16:52:56,CITIN26081364634197,Razorpay
payment,pay_h1sD9RGWvEEDt3,4510.50,INR,90.21,16.24,0.00,4404.05,upi,,,2026-08-11 23:05:25,2026-08-11 23:05:25,[],,,,order_s7UGVX6DaYK8aH,rcpt-36449,[],,,,setl_6CGdsOk2sZpa5R,2026-08-13 23:05:25,CITIN26081364634197,Razorpay
payment,pay_b7RClz1FENe6yU,880.00,INR,17.60,3.17,0.00,859.23,upi,,,2026-08-11 06:18:54,46245.263125,[],,,,order_9bo2o0ffp7DINj,rcpt-25133,[],,,,setl_6CGdsOk2sZpa5R,13/08/2026 06:18:54,CITIN26081364634197,Razorpay
payment,pay_G6jFOoTcvkkMEn,18063.50,INR,316.11,56.90,0.00,17690.49,netbanking,,ICICI,2026-08-11 13:31:23,11/08/2026 13:31:23,[],,,,order_Kk7mwRAiuDkpLf,rcpt-54958,[],,,,setl_6CGdsOk2sZpa5R,2026-08-13 13:31:23,CITIN26081364634197,Razorpay
payment,pay_4YVfjeH4WPVrNP,546.50,INR,9.56,1.72,0.00,535.22,netbanking,,HDFC,11/08/2026 20:44:52,2026-08-11 20:44:52,[],,,,order_0GsplWNf2QYJ1n,rcpt-62611,[],,,,setl_6CGdsOk2sZpa5R,2026-08-13 20:44:52,CITIN26081364634197,Razorpay
payment,pay_if6weyYExfSbUi,19275.00,INR,385.50,69.39,0.00,18820.11,upi,,,2026-08-11 03:57:21,11/08/2026 03:57:21,[],,,,order_JAnI4cy7Mxo2d3,rcpt-94162,[],,,,setl_6CGdsOk2sZpa5R,2026-08-13 03:57:21,CITIN26081364634197,Razorpay
payment,pay_3mC56FqBg98TqD,3145.50,INR,62.91,11.32,0.00,3071.27,upi,,,2026-08-11 10:10:50,2026-08-11 10:10:50,[],,,,order_aiYMyFz6CkRqU4,rcpt-38704,[],,,,setl_6CGdsOk2sZpa5R,13/08/2026 10:10:50,CITIN26081364634197,Razorpay
payment,pay_MczE1o4ktwJTmE,2040.00,INR,40.80,7.34,0.00,1991.86,upi,,,2026-08-11 17:23:19,2026-11-08 17:23:19,[],,,,order_dQon2L7L0KAcNw,rcpt-51833,[],,,,setl_6CGdsOk2sZpa5R,13/08/2026 17:23:19,CITIN26081364634197,Razorpay
payment,pay_MDe3fa7mECXY1T,417.50,INR,8.35,1.50,0.00,407.65,upi,,,46245.025555555556,2026-08-11 00:36:48,[],,,,order_Y9Ger2lrSFR9PT,rcpt-45675,[],,,,setl_6CGdsOk2sZpa5R,2026-13-08 00:36:48,CITIN26081364634197,Razorpay
payment,pay_cewVHzO8d0Jmxi,1165.00,INR,23.30,4.19,0.00,1137.51,upi,,,46245.325891203705,2026-08-11 07:49:17,[],,,,order_tzbgxH0R34Fb8v,rcpt-62902,[],,,,setl_6CGdsOk2sZpa5R,2026-08-13 07:49:17,CITIN26081364634197,Razorpay
payment,pay_GTTM1mlKvXvsW6,4994.50,INR,59.93,10.79,0.00,4923.78,card,debit,ICICI,2026-08-11 14:02:46,46245.58525462963,[],,,,order_a2q271DEdoAJvi,rcpt-53567,[],,,,setl_6CGdsOk2sZpa5R,2026-08-13 14:02:46,CITIN26081364634197,Razorpay
payment,pay_0oqjLNF1QixNzU,19212.50,INR,384.25,69.17,0.00,18759.08,upi,,,46245.88559027778,2026-11-08 21:15:15,[],,,,order_KQt7GHFQB2V6ng,rcpt-19586,[],,,,setl_6CGdsOk2sZpa5R,46247.88559027778,CITIN26081364634197,Razorpay
payment,pay_fgUmC01bR1qtIU,4576.50,INR,91.53,16.48,0.00,4468.49,upi,,,2026-08-11 04:28:44,11/08/2026 04:28:44,[],,,,order_57KBaB26SPFUoD,rcpt-56759,[],,,,setl_6CGdsOk2sZpa5R,2026-08-13 04:28:44,CITIN26081364634197,Razorpay
payment,pay_MVOU1Wk29x6chH,705.00,INR,14.10,2.54,0.00,688.36,upi,,,46245.48695601852,2026-08-11 11:41:13,[],,,,order_tebm7rIMusKx6d,rcpt-63114,[],,,,setl_6CGdsOk2sZpa5R,2026-08-13 11:41:13,CITIN26081364634197,Razorpay
payment,pay_teYv4tRmqUB3sz,21618.50,INR,432.37,77.83,0.00,21108.30,upi,,,2026-08-11 18:54:42,2026-08-11 18:54:42,[],,,,order_TnbNuQchvWhpVd,rcpt-82336,[],,,,setl_6CGdsOk2sZpa5R,2026-08-13 18:54:42,CITIN26081364634197,Razorpay
payment,pay_nDf84Gn0GeaePU,4139.50,INR,82.79,14.90,0.00,4041.81,wallet,,,46245.04665509259,2026-08-11 01:07:11,[],,,,order_qeV66VPwDn66bn,rcpt-69434,[],,,,setl_6CGdsOk2sZpa5R,2026-08-13 01:07:11,CITIN26081364634197,Razorpay
payment,pay_2bkvMJEWfp6F9S,3056.00,INR,76.40,13.75,0.00,2965.85,card,credit,HDFC,11/08/2026 08:20:40,2026-08-11 08:20:40,[],,,,order_TnAaSLmSLgqLHL,rcpt-20728,[],,,,setl_6CGdsOk2sZpa5R,2026-08-13 08:20:40,CITIN26081364634197,Razorpay
payment,pay_By7Kwki7c9SgKL,745.00,INR,14.90,2.68,0.00,727.42,upi,,,2026-08-11 15:33:09,2026-08-11 15:33:09,[],,,,order_SwtXTGKu7IfEB2,rcpt-87024,[],,,,setl_6CGdsOk2sZpa5R,2026-08-13 15:33:09,CITIN26081364634197,Razorpay
payment,pay_Vgf82e0ahYBfLg,20016.50,INR,400.33,72.06,0.00,19544.11,upi,,,11/08/2026 22:46:38,2026-11-08 22:46:38,[],,,,order_W9n3BlOUdEdMdG,rcpt-61534,[],,,,setl_6CGdsOk2sZpa5R,2026-08-13 22:46:38,CITIN26081364634197,Razorpay
payment,pay_LV4RRDdmKjlzdw,275.00,INR,5.50,0.99,0.00,268.51,upi,,,2026-11-08 05:59:07,11/08/2026 05:59:07,[],,,,order_lwHO2rGPPYqAk1,rcpt-14269,[],,,,setl_6CGdsOk2sZpa5R,2026-08-13 05:59:07,CITIN26081364634197,Razorpay
payment,pay_MODx0FzKkOqx3Z,24932.50,INR,498.65,89.76,0.00,24344.09,upi,,,2026-08-11 12:12:36,2026-08-11 12:12:36,[],,,,order_WBsfHnmca9p6fn,rcpt-55310,[],,,,setl_6CGdsOk2sZpa5R,2026-08-13 12:12:36,CITIN26081364634197,Razorpay
payment,pay_BW6SVpJcs8apRv,2801.00,INR,56.02,10.08,0.00,2734.90,upi,,,11/08/2026 19:25:05,2026-08-11 19:25:05,[],,,,order_mLDihBke1VCHKo,rcpt-80029,[],,,,setl_6CGdsOk2sZpa5R,13/08/2026 19:25:05,CITIN26081364634197,Razorpay
refund,rfnd_1VrqQFZfatBNoS,4113.75,INR,4.00,0.72,4118.47,0.00,,,,2026-08-12 02:38:34,,,"{""refund_reason"": ""item_out_of_stock""}",983800607304,,,,,,,,setl_6CGdsOk2sZpa5R,46247.11011574074,CITIN26081364634197,Razorpay
refund,rfnd_ksQunOj8XKeAUt,1127.63,INR,4.00,0.72,1132.35,0.00,,,,2026-08-13 09:51:03,,,"{""refund_reason"": ""duplicate_order""}",120118841284,,,,,,,,setl_6CGdsOk2sZpa5R,2026-08-13 09:51:03,CITIN26081364634197,Razorpay
refund,rfnd_uNIDP23uK96IT5,1572.75,INR,4.00,0.72,1577.47,0.00,,,,46246.66981481481,,,"{""refund_reason"": ""customer_request""}",267987199193,,,,,,,,setl_6CGdsOk2sZpa5R,2026-08-13 16:04:32,CITIN26081364634197,Razorpay
payment,pay_7pc1dKd9ei0pD7,20746.50,INR,414.93,74.69,0.00,20256.88,upi,,,46246.97015046296,12/08/2026 23:17:01,[],,,,order_ol1JKnXjCaxOui,rcpt-70118,[],,,,setl_6guwf0tUIPvxJe,13/08/2026 23:17:01,CITIN26081321075092,Razorpay
payment,pay_wW19dLy5lDZOKf,11631.50,INR,407.10,73.28,0.00,11151.12,card,credit,ICICI,2026-08-12 06:30:30,2026-08-12 06:30:30,[],,,,order_aSNjriPQ5wgtBw,rcpt-45765,[],,,,setl_6guwf0tUIPvxJe,2026-08-13 06:30:30,CITIN26081321075092,Razorpay
payment,pay_qVLHQI7WzAJUQe,4357.00,INR,87.14,15.69,0.00,4254.17,upi,,,2026-08-12 13:43:59,12/08/2026 13:43:59,[],,,,order_xiIGaJ8hSbYtgn,rcpt-73561,[],,,,setl_6guwf0tUIPvxJe,13/08/2026 13:43:59,CITIN26081321075092,Razorpay
payment,pay_8eN2KY689cizcK,296.50,INR,5.93,1.07,0.00,289.50,upi,,,2026-08-12 20:56:28,12/08/2026 20:56:28,[],,,,order_fWHDnpT15tgDeL,rcpt-22021,[],,,,setl_6guwf0tUIPvxJe,2026-08-13 20:56:28,CITIN26081321075092,Razorpay
payment,pay_xzylt3MVt2R6rL,16250.50,INR,325.01,58.50,0.00,15866.99,card,credit,AXIS,2026-08-12 03:09:57,2026-08-12 03:09:57,[],,,,order_msTPd5EroHIi1u,rcpt-92305,[],,,,setl_6guwf0tUIPvxJe,13/08/2026 03:09:57,CITIN26081321075092,Razorpay
payment,pay_T3BGbM0lxtBZwm,930.00,INR,18.60,3.35,0.00,908.05,upi,,,2026-08-12 10:22:26,12/08/2026 10:22:26,[],,,,order_X0vXGtwSVPMVI3,rcpt-19414,[],,,,setl_6guwf0tUIPvxJe,2026-08-13 10:22:26,CITIN26081321075092,Razorpay
payment,pay_h1HvNzXx4BDbxr,829.00,INR,16.58,2.98,0.00,809.44,upi,,,2026-08-12 17:35:55,2026-08-12 17:35:55,[],,,,order_aEpJ7Zrs0gwcML,rcpt-11312,[],,,,setl_6guwf0tUIPvxJe,2026-08-13 17:35:55,CITIN26081321075092,Razorpay
payment,pay_MN7SUp5Ld07Xqf,3814.50,INR,66.75,12.02,0.00,3735.73,netbanking,,ICICI,46246.03361111111,12/08/2026 00:48:24,[],,,,order_0hM7DQea8PcpsP,rcpt-55080,[],,,,setl_6guwf0tUIPvxJe,13/08/2026 00:48:24,CITIN26081321075092,Razorpay
payment,pay_aKd61w4lr8T4gZ,3564.00,INR,71.28,12.83,0.00,3479.89,card,credit,ICICI,2026-12-08 07:01:53,2026-08-12 07:01:53,[],,,,order_LLvo29PlCUNSqx,rcpt-39678,[],,,,setl_6guwf0tUIPvxJe,13/08/2026 07:01:53,CITIN26081321075092,Razorpay
payment,pay_XAEQbFHBdLjxsS,11661.50,INR,233.23,41.98,0.00,11386.29,upi,,,2026-08-12 14:14:22,2026-08-12 14:14:22,[],,,,order_nuUn9ts0TrHeUs,rcpt-98822,[],,,,setl_6guwf0tUIPvxJe,13/08/2026 14:14:22,CITIN26081321075092,Razorpay
payment,pay_5iCN0hFK07L5tu,477.00,INR,9.54,1.72,0.00,465.74,card,credit,SBIN,12/08/2026 21:27:51,2026-08-12 21:27:51,[],,,,order_lSGAL3PSr70mSc,rcpt-21887,[],,,,setl_6guwf0tUIPvxJe,2026-08-13 21:27:51,CITIN26081321075092,Razorpay
payment,pay_fAmHHh0WZN3ApF,956.50,INR,19.13,3.44,0.00,933.93,upi,,,12/08/2026 04:40:20,2026-08-12 04:40:20,[],,,,order_NAv6ivJSZyc1Qy,rcpt-42704,[],,,,setl_6guwf0tUIPvxJe,13/08/2026 04:40:20,CITIN26081321075092,Razorpay
payment,pay_7K4Hz0UX614b2T,1178.00,INR,23.56,4.24,0.00,1150.20,wallet,,,12/08/2026 11:53:49,2026-08-12 11:53:49,[],,,,order_LHaMxkxKP8Oegc,rcpt-26491,[],,,,setl_6guwf0tUIPvxJe,13/08/2026 11:53:49,CITIN26081321075092,Razorpay
payment,pay_udVEK7c6qVwrOi,17830.50,INR,213.97,38.51,0.00,17578.02,card,debit,HDFC,12/08/2026 18:06:18,2026-08-12 18:06:18,[],,,,order_DagRW5QNJemagi,rcpt-54073,[],,,,setl_6guwf0tUIPvxJe,2026-08-13 18:06:18,CITIN26081321075092,Razorpay
payment,pay_VDb07nFUKGDslN,11316.00,INR,226.32,40.74,0.00,11048.94,upi,,,2026-08-12 01:19:47,46246.05540509259,[],,,,order_pC2ebgJeTYi7V4,rcpt-76617,[],,,,setl_6guwf0tUIPvxJe,2026-08-13 01:19:47,CITIN26081321075092,Razorpay
payment,pay_AUrgAdfl9M7MwY,24350.00,INR,487.00,87.66,0.00,23775.34,upi,,,12/08/2026 08:32:16,2026-08-12 08:32:16,[],,,,order_DFnE78lV2F6izl,rcpt-48148,[],,,,setl_6guwf0tUIPvxJe,2026-08-13 08:32:16,CITIN26081321075092,Razorpay
payment,pay_QWQi1jWpaUcdU4,8402.00,INR,147.04,26.47,0.00,8228.49,netbanking,,SBIN,12/08/2026 15:45:45,2026-12-08 15:45:45,[],,,,order_TOEA0c8IniUBac,rcpt-88776,[],,,,setl_6guwf0tUIPvxJe,46247.65677083333,CITIN26081321075092,Razorpay
payment,pay_GYjvG7G47s7lpn,4478.00,INR,89.56,16.12,0.00,4372.32,upi,,,12/08/2026 22:58:14,2026-08-12 22:58:14,[],,,,order_xb4E3p2Z9auWaS,rcpt-17780,[],,,,setl_6guwf0tUIPvxJe,2026-08-13 22:58:14,CITIN26081321075092,Razorpay
payment,pay_UniHeCi91xEvRd,23140.50,INR,462.81,83.31,0.00,22594.38,upi,,,2026-08-12 05:11:43,46246.216469907406,[],,,,order_QsrSd0OpW6j9RY,rcpt-14796,[],,,,setl_6guwf0tUIPvxJe,46247.216469907406,CITIN26081321075092,Razorpay
payment,pay_laal5ZwnS8BBAA,13789.50,INR,275.79,49.64,0.00,13464.07,upi,,,12/08/2026 12:24:12,12/08/2026 12:24:12,[],,,,order_pnG5s5SVDsTsiN,rcpt-39014,[],,,,setl_6guwf0tUIPvxJe,2026-08-13 12:24:12,CITIN26081321075092,Razorpay
payment,pay_3fgpdy2I5wsIh3,17483.50,INR,349.67,62.94,0.00,17070.89,wallet,,,46246.81783564815,2026-08-12 19:37:41,[],,,,order_WMj0wsZktdCDIK,rcpt-36325,[],,,,setl_6guwf0tUIPvxJe,2026-08-13 19:37:41,CITIN26081321075092,Razorpay
payment,pay_O3gwSYz5wrP4mA,288.50,INR,5.77,1.04,0.00,281.69,card,credit,ICICI,46246.11817129629,2026-08-12 02:50:10,[],,,,order_FFyy0d1M4znV49,rcpt-21355,[],,,,setl_6guwf0tUIPvxJe,2026-08-13 02:50:10,CITIN26081321075092,Razorpay
payment,pay_y25EZWx5Q1ssVe,11884.00,INR,237.68,42.78,0.00,11603.54,upi,,,12/08/2026 09:03:39,46246.377534722225,[],,,,order_BQnXgrJ06I6B3j,rcpt-48541,[],,,,setl_6guwf0tUIPvxJe,2026-08-13 09:03:39,CITIN26081321075092,Razorpay
payment,pay_bDnGog3FnYB1WN,808.50,INR,16.17,2.91,0.00,789.42,card,credit,HDFC,12/08/2026 16:16:08,2026-08-12 16:16:08,[],,,,order_vCXtPKZBEequ3m,rcpt-69229,[],,,,setl_6guwf0tUIPvxJe,2026-13-08 16:16:08,CITIN26081321075092,Razorpay
payment,pay_7rUn0cts9jMVuA,11470.00,INR,137.64,24.78,0.00,11307.58,card,debit,KKBK,12/08/2026 23:29:37,46246.978900462964,[],,,,order_GDOQEKcXv8g9Yl,rcpt-75692,[],,,,setl_6guwf0tUIPvxJe,13/08/2026 23:29:37,CITIN26081321075092,Razorpay
payment,pay_ottsh8hfwLq1WR,420.00,INR,8.40,1.51,0.00,410.09,card,credit,HDFC,46246.27923611111,2026-08-12 06:42:06,[],,,,order_D1QnbB7jbojCNE,rcpt-51913,[],,,,setl_6guwf0tUIPvxJe,2026-08-13 06:42:06,CITIN26081321075092,Razorpay
payment,pay_lkgZ0O95r3Zpqx,15349.00,INR,306.98,55.26,0.00,14986.76,upi,,,2026-08-12 13:55:35,2026-08-12 13:55:35,[],,,,order_xvn7blUC2RVEY4,rcpt-95116,[],,,,setl_6guwf0tUIPvxJe,13/08/2026 13:55:35,CITIN26081321075092,Razorpay
payment,pay_boGJEOJ4pEacH4,843.50,INR,14.76,2.66,0.00,826.08,netbanking,,ICICI,46246.83893518519,2026-08-12 20:08:04,[],,,,order_iTbrFa2GjM51xc,rcpt-20783,[],,,,setl_6guwf0tUIPvxJe,2026-13-08 20:08:04,CITIN26081321075092,Razorpay
payment,pay_dgkBvIgwS05rxN,3235.50,INR,64.71,11.65,0.00,3159.14,upi,,,2026-08-12 03:21:33,2026-08-12 03:21:33,[],,,,order_7vbUG1OZ0uy9tN,rcpt-11952,[],,,,setl_6guwf0tUIPvxJe,2026-13-08 03:21:33,CITIN26081321075092,Razorpay
payment,pay_4sRQmsJcy1Z5DZ,239.00,INR,5.98,1.08,0.00,231.94,card,credit,,2026-08-12 10:34:02,2026-08-12 10:34:02,[],,,,order_1rO2Zapw9HfHoi,rcpt-50602,[],,,,setl_6guwf0tUIPvxJe,46247.440300925926,CITIN26081321075092,Razorpay
payment,pay_noBEKRssG6Md7W,215.50,INR,4.31,0.78,0.00,210.41,upi,,,2026-08-13 17:47:31,2026-08-13 17:47:31,[],,,,order_PG1TjCLGnllvpB,rcpt-56202,[],,,,setl_VODZ18OGb9MKM4,2026-08-17 17:47:31,CITIN26081770500405,Razorpay
payment,pay_JzsqP0LH2fpRkz,4723.50,INR,82.66,14.88,0.00,4625.96,netbanking,,AXIS,46247.0,2026-08-13 00:00:00,[],,,,order_SCuttHa9BABRQG,rcpt-25336,[],,,,setl_VODZ18OGb9MKM4,17/08/2026 00:00:00,CITIN26081770500405,Razorpay
payment,pay_3yAfC6iojWGLkN,891.00,INR,17.82,3.21,0.00,869.97,upi,,,2026-13-08 07:13:29,2026-08-13 07:13:29,[],,,,order_7aMV7ny3FzOHf1,rcpt-31721,[],,,,setl_VODZ18OGb9MKM4,17/08/2026 07:13:29,CITIN26081770500405,Razorpay
payment,pay_OwNH02ZlGCZ4o2,2808.00,INR,56.16,10.11,0.00,2741.73,upi,,,13/08/2026 14:26:58,2026-08-13 14:26:58,[],,,,order_GOgpCKfylIRKAU,rcpt-69710,[],,,,setl_VODZ18OGb9MKM4,2026-08-17 14:26:58,CITIN26081770500405,Razorpay
payment,pay_mP17O9Bxbilmdv,2468.00,INR,29.62,5.33,0.00,2433.05,card,debit,KKBK,2026-08-13 21:39:27,2026-08-13 21:39:27,[],,,,order_NLJIrfEnW91Bxx,rcpt-90614,[],,,,setl_VODZ18OGb9MKM4,2026-08-17 21:39:27,CITIN26081770500405,Razorpay
payment,pay_WxkXl4RQLPfwUx,9906.00,INR,198.12,35.66,0.00,9672.22,wallet,,,46247.20342592592,2026-08-13 04:52:56,[],,,,order_UhgtWB0sC8pH7r,rcpt-23737,[],,,,setl_VODZ18OGb9MKM4,2026-08-17 04:52:56,CITIN26081770500405,Razorpay
payment,pay_NlI2f2Bt6Z6mR4,2890.00,INR,57.80,10.40,0.00,2821.80,upi,,,46247.46209490741,2026-08-13 11:05:25,[],,,,order_5fyqq6UEjwKpAj,rcpt-62687,[],,,,setl_VODZ18OGb9MKM4,17/08/2026 11:05:25,CITIN26081770500405,Razorpay
payment,pay_9z4B4jaUMva2C0,5095.00,INR,89.16,16.05,0.00,4989.79,netbanking,,AXIS,46247.763125,2026-13-08 18:18:54,[],,,,order_onuv8QJ9wWwcRe,rcpt-94318,[],,,,setl_VODZ18OGb9MKM4,2026-08-17 18:18:54,CITIN26081770500405,Razorpay
payment,pay_Lj7acQUkwYN8he,866.50,INR,17.33,3.12,0.00,846.05,wallet,,,2026-08-13 01:31:23,2026-08-13 01:31:23,[],,,,order_g6SGaM4F9TWIjs,rcpt-98884,[],,,,setl_VODZ18OGb9MKM4,2026-08-17 01:31:23,CITIN26081770500405,Razorpay
payment,pay_vWCg17t0orWTeN,4957.50,INR,59.49,10.71,0.00,4887.30,card,debit,,2026-08-13 08:44:52,13/08/2026 08:44:52,[],,,,order_r0vtCzS9V5gMx6,rcpt-85367,[],,,,setl_VODZ18OGb9MKM4,2026-08-17 08:44:52,CITIN26081770500405,Razorpay
payment,pay_No7TGZuR0YPhGY,7550.50,INR,151.01,27.18,0.00,7372.31,upi,,,2026-08-13 15:57:21,2026-08-13 15:57:21,[],,,,order_tW4PZVk3U96IW0,rcpt-42886,[],,,,setl_VODZ18OGb9MKM4,46251.664826388886,CITIN26081770500405,Razorpay
payment,pay_Ixl9Ta12BFGRRJ,1297.00,INR,22.70,4.09,0.00,1270.21,netbanking,,,2026-08-13 22:10:50,2026-08-13 22:10:50,[],,,,order_eR5JWSfGQhpmKM,rcpt-96455,[],,,,setl_VODZ18OGb9MKM4,2026-17-08 22:10:50,CITIN26081770500405,Razorpay
payment,pay_JNs7PtGU4eaoJ4,9487.00,INR,113.84,20.49,0.00,9352.67,card,debit,AXIS,13/08/2026 05:23:19,2026-08-13 05:23:19,[],,,,order_fWoCRaJdgsKXRu,rcpt-56070,[],,,,setl_VODZ18OGb9MKM4,2026-08-17 05:23:19,CITIN26081770500405,Razorpay
payment,pay_Ixp1D6MCLTO7dI,4441.50,INR,88.83,15.99,0.00,4336.68,card,credit,KKBK,2026-08-13 12:36:48,2026-08-13 12:36:48,[],,,,order_10CFDriauRBEZo,rcpt-55488,[],,,,setl_VODZ18OGb9MKM4,2026-08-17 12:36:48,CITIN26081770500405,Razorpay
payment,pay_rBvT7WouL4aymQ,15394.50,INR,269.40,48.49,0.00,15076.61,netbanking,,,2026-08-13 19:49:17,2026-08-13 19:49:17,[],,,,order_xL2zvTKFeefjfT,rcpt-65539,[],,,,setl_VODZ18OGb9MKM4,17/08/2026 19:49:17,CITIN26081770500405,Razorpay
payment,pay_0wbXo42qUmCdPQ,3480.00,INR,69.60,12.53,0.00,3397.87,upi,,,2026-08-13 02:02:46,13/08/2026 02:02:46,[],,,,order_Unpu1PXmEyMACS,rcpt-17302,[],,,,setl_VODZ18OGb9MKM4,2026-08-17 02:02:46,CITIN26081770500405,Razorpay
payment,pay_ikn7gIZ6f3AqtK,874.50,INR,17.49,3.15,0.00,853.86,upi,,,2026-08-13 09:15:15,46247.38559027778,[],,,,order_brwLxTy7Dx5fbM,rcpt-33939,[],,,,setl_VODZ18OGb9MKM4,2026-08-17 09:15:15,CITIN26081770500405,Razorpay
payment,pay_0hBmOu5aEhhnxp,2141.50,INR,42.83,7.71,0.00,2090.96,upi,,,2026-08-13 16:28:44,2026-08-13 16:28:44,[],,,,order_HxwuayWXXOldJc,rcpt-31811,[],,,,setl_VODZ18OGb9MKM4,17/08/2026 16:28:44,CITIN26081770500405,Razorpay
payment,pay_QHQPSy9Hhlpzv1,10902.00,INR,218.04,39.25,0.00,10644.71,upi,,,2026-08-13 23:41:13,13/08/2026 23:41:13,[],,,,order_DT1sJrhBOHMJMC,rcpt-65493,[],,,,setl_VODZ18OGb9MKM4,2026-08-17 23:41:13,CITIN26081770500405,Razorpay
payment,pay_JfcrvaXBhFbEPu,1899.50,INR,22.79,4.10,0.00,1872.61,card,debit,AXIS,2026-08-13 06:54:42,2026-08-13 06:54:42,[],,,,order_3rd7vZUUqyvqFz,rcpt-93717,[],,,,setl_VODZ18OGb9MKM4,2026-08-17 06:54:42,CITIN26081770500405,Razorpay
payment,pay_4uW9gVzkiPhd4n,15936.00,INR,318.72,57.37,0.00,15559.91,upi,,,2026-08-13 13:07:11,2026-08-13 13:07:11,[],,,,order_fhwBw8ZCescW7M,rcpt-63696,[],,,,setl_VODZ18OGb9MKM4,2026-08-17 13:07:11,CITIN26081770500405,Razorpay
payment,pay_yCIrPrT2rp0VA4,3537.50,INR,70.75,12.74,0.00,3454.01,upi,,,2026-08-13 20:20:40,2026-08-13 20:20:40,[],,,,order_fD6y4OPdQPIdgt,rcpt-23860,[],,,,setl_VODZ18OGb9MKM4,17/08/2026 20:20:40,CITIN26081770500405,Razorpay
payment,pay_uawLUnU7nftobb,203.50,INR,4.07,0.73,0.00,198.70,card,credit,HDFC,46247.14802083333,2026-08-13 03:33:09,[],,,,order_2eHWP1HPoS9kqe,rcpt-17502,[],,,,setl_VODZ18OGb9MKM4,46251.14802083333,CITIN26081770500405,Razorpay
payment,pay_FVr7CpVWzps465,11001.00,INR,220.02,39.60,0.00,10741.38,card,credit,,2026-08-13 10:46:38,2026-08-13 10:46:38,[],,,,order_dTYpYmoS0TYRmS,rcpt-54063,[],,,,setl_VODZ18OGb9MKM4,2026-08-17 10:46:38,CITIN26081770500405,Razorpay
refund,rfnd_THJZq52vQFtvUI,3848.63,INR,4.00,0.72,3853.35,0.00,,,,2026-08-16 17:59:07,,,"{""refund_reason"": ""customer_request""}",755654875061,,,,,,,,setl_VODZ18OGb9MKM4,17/08/2026 17:59:07,CITIN26081770500405,Razorpay
refund,rfnd_6H4eUN13E0e9dj,963.50,INR,4.00,0.72,968.22,0.00,,,,2026-08-16 00:12:36,,,"{""refund_reason"": ""duplicate_order""}",285076871638,,,,,,,,setl_VODZ18OGb9MKM4,2026-08-17 00:12:36,CITIN26081770500405,Razorpay
payment,pay_r0Mvccerloj04s,443.00,INR,11.08,1.99,0.00,429.93,card,credit,SBIN,2026-08-14 07:25:05,2026-08-14 07:25:05,[],,,,order_XyzBZ8XQbtp460,rcpt-29012,[],,,,setl_0X4re7lK95Ytyf,17/08/2026 07:25:05,CITIN26081714793373,Razorpay
payment,pay_u2b5Ok9fWD2PLI,6293.00,INR,125.86,22.65,0.00,6144.49,upi,,,2026-14-08 14:38:34,2026-14-08 14:38:34,[],,,,order_gvpvhWEZGFLwOw,rcpt-19166,[],,,,setl_0X4re7lK95Ytyf,46251.61011574074,CITIN26081714793373,Razorpay
payment,pay_54a6ngN8NTRsOV,4690.00,INR,93.80,16.88,0.00,4579.32,upi,,,2026-08-14 21:51:03,2026-08-14 21:51:03,[],,,,order_FSi1wzAhbnavSn,rcpt-69511,[],,,,setl_0X4re7lK95Ytyf,46251.91045138889,CITIN26081714793373,Razorpay
payment,pay_QQXG7qDuUDX2qK,8010.50,INR,160.21,28.84,0.00,7821.45,upi,,,2026-08-14 04:04:32,2026-08-14 04:04:32,[],,,,order_yEh2GPwKl1TZAf,rcpt-74270,[],,,,setl_0X4re7lK95Ytyf,2026-08-17 04:04:32,CITIN26081714793373,Razorpay
payment,pay_JcwRFslHqRSixs,844.00,INR,16.88,3.04,0.00,824.08,wallet,,,2026-08-14 11:17:01,2026-08-14 11:17:01,[],,,,order_hpN8wJXZHOo2m0,rcpt-87236,[],,,,setl_0X4re7lK95Ytyf,2026-08-17 11:17:01,CITIN26081714793373,Razorpay
payment,pay_Q08O2bpBlANTCH,881.00,INR,17.62,3.17,0.00,860.21,upi,,,2026-08-14 18:30:30,46248.77118055556,[],,,,order_Z8kWKTT8ITJP4a,rcpt-53260,[],,,,setl_0X4re7lK95Ytyf,17/08/2026 18:30:30,CITIN26081714793373,Razorpay
payment,pay_iUdrg94NwismFf,780.00,INR,13.65,2.46,0.00,763.89,netbanking,,HDFC,2026-08-14 01:43:59,14/08/2026 01:43:59,[],,,,order_l6rIfYI8mFM7n4,rcpt-61521,[],,,,setl_0X4re7lK95Ytyf,2026-08-17 01:43:59,CITIN26081714793373,Razorpay
payment,pay_B4KS28FNMaWhtI,471.00,INR,9.42,1.70,0.00,459.88,card,credit,AXIS,46248.3725462963,14/08/2026 08:56:28,[],,,,order_Y0sVRW2Igyt92r,rcpt-97008,[],,,,setl_0X4re7lK95Ytyf,17/08/2026 08:56:28,CITIN26081714793373,Razorpay
payment,pay_DU3zGia7h3snQ6,241.50,INR,4.83,0.87,0.00,235.80,card,credit,KKBK,2026-14-08 15:09:57,2026-08-14 15:09:57,[],,,,order_cloSwO7yQoOHZS,rcpt-46432,[],,,,setl_0X4re7lK95Ytyf,2026-08-17 15:09:57,CITIN26081714793373,Razorpay
payment,pay_Yh31ZmbuEykKV3,948.50,INR,11.38,2.05,0.00,935.07,card,debit,AXIS,2026-14-08 22:22:26,2026-08-14 22:22:26,[],,,,order_2OBtZhD8TYu0if,rcpt-53300,[],,,,setl_0X4re7lK95Ytyf,2026-08-17 22:22:26,CITIN26081714793373,Razorpay
payment,pay_Hco01druxG3EYt,5432.00,INR,108.64,19.56,0.00,5303.80,card,credit,ICICI,2026-08-14 05:35:55,2026-08-14 05:35:55,[],,,,order_ToEx9Zg71W5lbV,rcpt-73708,[],,,,setl_0X4re7lK95Ytyf,17/08/2026 05:35:55,CITIN26081714793373,Razorpay
payment,pay_bdA0RyogG74Ybf,1588.00,INR,27.79,5.00,0.00,1555.21,netbanking,,SBIN,2026-08-14 12:48:24,14/08/2026 12:48:24,[],,,,order_KDzea2LqxfhgMA,rcpt-27352,[],,,,setl_0X4re7lK95Ytyf,2026-17-08 12:48:24,CITIN26081714793373,Razorpay
payment,pay_YJO8jzix4f5Cii,23991.50,INR,479.83,86.37,0.00,23425.30,card,credit,SBIN,2026-08-14 19:01:53,14/08/2026 19:01:53,[],,,,order_DUHxRdvWIgjKYo,rcpt-65320,[],,,,setl_0X4re7lK95Ytyf,17/08/2026 19:01:53,CITIN26081714793373,Razorpay
payment,pay_3scE1Zcb12fNna,558.00,INR,11.16,2.01,0.00,544.83,upi,,,2026-08-14 02:14:22,2026-08-14 02:14:22,[],,,,order_WNZL1V0W4WiOdG,rcpt-47338,[],,,,setl_0X4re7lK95Ytyf,2026-08-17 02:14:22,CITIN26081714793373,Razorpay
payment,pay_M6k1keuFkNX1RE,10109.00,INR,202.18,36.39,0.00,9870.43,upi,,,14/08/2026 09:27:51,46248.39434027778,[],,,,order_6opDX3cUAtTCIv,rcpt-34035,[],,,,setl_0X4re7lK95Ytyf,46251.39434027778,CITIN26081714793373,Razorpay
payment,pay_fcO9eYhYrJpWqB,10255.50,INR,205.11,36.92,0.00,10013.47,upi,,,46248.69467592592,2026-08-14 16:40:20,[],,,,order_dwTnZ1oq25RW6y,rcpt-66738,[],,,,setl_0X4re7lK95Ytyf,46251.69467592592,CITIN26081714793373,Razorpay
payment,pay_DooRoQHMvk1uXU,4622.50,INR,92.45,16.64,0.00,4513.41,upi,,,46248.99570601852,2026-08-14 23:53:49,[],,,,order_WDfgvqm5qb8dEk,rcpt-90744,[],,,,setl_0X4re7lK95Ytyf,2026-08-17 23:53:49,CITIN26081714793373,Razorpay
payment,pay_zCJCUJMa3mlKEg,21328.50,INR,426.57,76.78,0.00,20825.15,card,credit,HDFC,2026-08-14 06:06:18,2026-14-08 06:06:18,[],,,,order_AcC1GUZi5WV9dp,rcpt-87253,[],,,,setl_0X4re7lK95Ytyf,17/08/2026 06:06:18,CITIN26081714793373,Razorpay
payment,pay_MGgR7RnKU6XHUC,24804.50,INR,496.09,89.30,0.00,24219.11,upi,,,2026-08-14 13:19:47,2026-08-14 13:19:47,[],,,,order_i2MGkALr6L55WR,rcpt-27216,[],,,,setl_0X4re7lK95Ytyf,2026-08-17 13:19:47,CITIN26081714793373,Razorpay
payment,pay_QUufEGwmD1z206,833.50,INR,10.00,1.80,0.00,821.70,card,debit,KKBK,46248.85574074074,14/08/2026 20:32:16,[],,,,order_ebGGo6wXAFY8nq,rcpt-57022,[],,,,setl_0X4re7lK95Ytyf,2026-08-17 20:32:16,CITIN26081714793373,Razorpay
payment,pay_XnIrhJVWp0QJ0p,820.50,INR,16.41,2.95,0.00,801.14,card,credit,KKBK,2026-08-14 03:45:45,2026-08-14 03:45:45,[],,,,order_tNADGM9Kw54xME,rcpt-74254,[],,,,setl_0X4re7lK95Ytyf,17/08/2026 03:45:45,CITIN26081714793373,Razorpay
payment,pay_ullyMCEgyP7pxg,894.00,INR,22.35,4.02,0.00,867.63,card,credit,KKBK,2026-08-14 10:58:14,2026-08-14 10:58:14,[],,,,order_zEqDHMgl3Wy1Xg,rcpt-68349,[],,,,setl_0X4re7lK95Ytyf,17/08/2026 10:58:14,CITIN26081714793373,Razorpay
payment,pay_M29S399TwVvEa6,1582.50,INR,18.99,3.42,0.00,1560.09,card,debit,SBIN,2026-08-14 17:11:43,46248.716469907406,[],,,,order_O6b9BxqyTTPNNf,rcpt-99803,[],,,,setl_0X4re7lK95Ytyf,2026-08-17 17:11:43,CITIN26081714793373,Razorpay
payment,pay_cBxgay3vHh2q2n,22367.00,INR,447.34,80.52,0.00,21839.14,upi,,,14/08/2026 00:24:12,2026-08-14 00:24:12,[],,,,order_ze2xFKiWtZBEQP,rcpt-49576,[],,,,setl_0X4re7lK95Ytyf,2026-08-17 00:24:12,CITIN26081714793373,Razorpay
payment,pay_PKO6mX5p3d4S6Q,20829.50,INR,249.95,44.99,0.00,20534.56,card,debit,,2026-08-14 07:37:41,2026-08-14 07:37:41,[],,,,order_eySK32WRdXEgnU,rcpt-33465,[],,,,setl_0X4re7lK95Ytyf,2026-08-17 07:37:41,CITIN26081714793373,Razorpay
payment,pay_rwHhTNVNQYMx03,24892.00,INR,497.84,89.61,0.00,24304.55,upi,,,14/08/2026 14:50:10,14/08/2026 14:50:10,[],,,,order_d1S1Y9u097Cqfk,rcpt-68545,[],,,,setl_0X4re7lK95Ytyf,2026-08-17 14:50:10,CITIN26081714793373,Razorpay
payment,pay_J2YU9dbuEu1yKu,963.50,INR,19.27,3.47,0.00,940.76,upi,,,46248.877534722225,2026-08-14 21:03:39,[],,,,order_91arNDDcjAYctE,rcpt-22250,[],,,,setl_0X4re7lK95Ytyf,46251.877534722225,CITIN26081714793373,Razorpay
payment,pay_QICGKhPownyMfZ,1272.00,INR,25.44,4.58,0.00,1241.98,upi,,,2026-08-14 04:16:08,14/08/2026 04:16:08,[],,,,order_SWYZxB4GEd1K6X,rcpt-17044,[],,,,setl_0X4re7lK95Ytyf,17/08/2026 04:16:08,CITIN26081714793373,Razorpay
payment,pay_9pGR9aJC86uEOA,672.50,INR,13.45,2.42,0.00,656.63,upi,,,2026-08-14 11:29:37,2026-08-14 11:29:37,[],,,,order_yBNOEjZXka5UsB,rcpt-61614,[],,,,setl_0X4re7lK95Ytyf,46251.478900462964,CITIN26081714793373,Razorpay
payment,pay_qLsqgqvOGu2g0J,10624.50,INR,212.49,38.25,0.00,10373.76,card,credit,AXIS,14/08/2026 18:42:06,2026-14-08 18:42:06,[],,,,order_r6jhj1mTHGY18R,rcpt-11521,[],,,,setl_0X4re7lK95Ytyf,17/08/2026 18:42:06,CITIN26081714793373,Razorpay
payment,pay_5gpkEkS1tIeQkH,23347.50,INR,466.95,84.05,0.00,22796.50,upi,,,46248.0802662037,2026-08-14 01:55:35,[],,,,order_OWNIsq0RWpZc3D,rcpt-48982,[],,,,setl_0X4re7lK95Ytyf,2026-08-17 01:55:35,CITIN26081714793373,Razorpay
payment,pay_ULTnrQGoMfWHbI,2198.00,INR,43.96,7.91,0.00,2146.13,upi,,,14/08/2026 08:08:04,46248.33893518519,[],,,,order_ILYFar2ht5nxUT,rcpt-26209,[],,,,setl_0X4re7lK95Ytyf,2026-08-17 08:08:04,CITIN26081714793373,Razorpay
payment,pay_5kUJzAbID8cK0I,13285.00,INR,265.70,47.83,0.00,12971.47,card,credit,,14/08/2026 15:21:33,2026-14-08 15:21:33,[],,,,order_bZTP83rEfMcp5y,rcpt-40625,[],,,,setl_0X4re7lK95Ytyf,46251.639965277776,CITIN26081714793373,Razorpay
payment,pay_xxw3U9LseAp82m,952.50,INR,19.05,3.43,0.00,930.02,upi,,,46248.940300925926,14/08/2026 22:34:02,[],,,,order_UsEvOMgdAdh19S,rcpt-84589,[],,,,setl_0X4re7lK95Ytyf,2026-08-17 22:34:02,CITIN26081714793373,Razorpay
